Date,Adj Close,Close,High,Low,Open,Volume,Daily_Return,Rolling_Volatility,Hurst,Market_Regime,Regime
2015-05-29,262.55816650390625,288.4090881347656,289.9090881347656,286.18182373046875,288.2727355957031,22664703.0,0.008744123528771741,0.022072199268562673,0.5289174594136976,Normal_Market,1
2015-06-01,261.8961181640625,287.68182373046875,290.0,287.2727355957031,288.18182373046875,7621775.0,-0.002521530176186282,0.02205594899364145,0.5541337113767687,Normal_Market,1
2015-06-02,252.00619506835932,276.81817626953125,288.6363525390625,275.4545593261719,288.18182373046875,13982208.0,-0.03776277084606394,0.02348215086357344,0.5972692679303937,Weak_Bear,0
2015-06-03,244.76466369628903,268.8636474609375,276.5909118652344,264.3636474609375,276.5909118652344,22831293.0,-0.0287355291805661,0.021721579716759965,0.6364376206464972,Weak_Bear,0
2015-06-04,244.2174072265625,263.7272644042969,266.18182373046875,259.5,265.2727355957031,20759124.0,-0.002235847533962554,0.02111251273143434,0.6302856047257257,Weak_Bear,0
2015-06-05,239.1664123535156,258.2727355957031,265.81817626953125,257.2727355957031,264.7272644042969,23735127.0,-0.02068237039451104,0.019032726267460665,0.6171173753768269,Weak_Bear,0
2015-06-08,238.36666870117188,257.4090881347656,259.68182373046875,254.86363220214844,259.68182373046875,21145729.0,-0.0033438794539494276,0.018112368504574924,0.6005737328057547,Weak_Bear,0
2015-06-09,241.69190979003903,261.0,261.6363525390625,256.4090881347656,257.18182373046875,19411474.0,0.013950109329403881,0.015716985083419902,0.540287102079216,Normal_Market,1
2015-06-10,246.23785400390625,265.9090881347656,267.5909118652344,260.6363525390625,260.9090881347656,17487792.0,0.018808838979411213,0.014580229428231378,0.5847445746757559,Normal_Market,1
2015-06-11,242.87049865722656,262.2727355957031,270.18182373046875,260.4545593261719,269.0909118652344,21760535.0,-0.013675213992996649,0.014725111266894245,0.5654283557940049,Normal_Market,1
2015-06-12,249.14219665527344,269.0454406738281,270.0,261.0454406738281,263.18182373046875,20748570.0,0.025823218681237936,0.01604875106131364,0.6256373201165206,Normal_Market,1
2015-06-15,251.8781585693359,272.0,273.0454406738281,266.5454406738281,268.18182373046875,17020704.0,0.010981527620743003,0.01598206347563685,0.667859169043984,Weak_Bear,0
2015-06-16,254.2774353027344,274.5909118652344,275.4545593261719,267.18182373046875,270.0454406738281,15828124.0,0.009525544997733615,0.016177447664534963,0.6840377845217482,Weak_Bear,0
2015-06-17,253.6881866455078,273.9545593261719,276.6363525390625,272.7727355957031,276.5909118652344,16849471.0,-0.0023173454479947786,0.015931152907731793,0.6798747964894447,Weak_Bear,0
2015-06-18,255.37176513671875,275.7727355957031,277.9090881347656,274.8636474609375,276.8636474609375,15455462.0,0.0066364087089458845,0.015657243699605455,0.6580844260989934,Weak_Bear,0
2015-06-19,256.3819885253906,276.8636474609375,278.18182373046875,273.0909118652344,273.0909118652344,9060393.0,0.003955893041390102,0.015690976171193468,0.617575712826484,Weak_Bear,0
2015-06-22,265.2213439941406,286.4090881347656,287.18182373046875,278.2272644042969,278.5454406738281,17123638.0,0.03447728726807431,0.017482899798875455,0.6030263088805232,Normal_Market,1
2015-06-23,263.9164733886719,285.0,288.0,283.6363525390625,286.31817626953125,13093667.0,-0.004919930597658051,0.017412933983158185,0.556058023577384,Normal_Market,1
2015-06-24,267.4942626953125,288.8636474609375,291.2727355957031,284.2272644042969,285.18182373046875,14984900.0,0.013556521352009687,0.01749076725006845,0.6004285487660533,Normal_Market,1
2015-06-25,265.01092529296875,286.18182373046875,290.5909118652344,284.7272644042969,287.5909118652344,18385230.0,-0.009283703423472622,0.017648587311765936,0.6080598784505962,Weak_Bear,0
2015-06-26,262.4011535644531,283.3636474609375,286.4090881347656,280.5,286.3636474609375,11342004.0,-0.009847789202013235,0.017711466238811428,0.5331638984500684,Normal_Market,1
2015-06-29,261.980224609375,282.9090881347656,284.5454406738281,272.8636474609375,274.5454406738281,11605396.0,-0.0016041429291000497,0.01770545346589803,0.4976055087204149,Normal_Market,1
2015-06-30,259.2862854003906,280.0,285.0909118652344,276.4090881347656,281.8636474609375,15125139.0,-0.010282986866665844,0.015541197386100339,0.46031635768596235,Normal_Market,1
2015-07-01,262.822021484375,283.81817626953125,285.0,280.6363525390625,280.6363525390625,15481941.0,0.013636417670624068,0.014009490766070365,0.4670578826942434,Normal_Market,1
2015-07-02,263.4955139160156,284.5454406738281,286.7727355957031,282.81817626953125,285.7272644042969,9252723.0,0.0025625418594563687,0.013944179796477602,0.44378719361385094,Normal_Market,1
2015-07-03,264.8004150390625,285.9545593261719,286.81817626953125,282.6363525390625,283.4090881347656,5716323.0,0.004952270737568654,0.012687397012769741,0.4078741249290326,Normal_Market,1
2015-07-06,265.3055419921875,286.5,287.9545593261719,277.5,281.0,8562220.0,0.0019075761382416623,0.012555369120475788,0.3961654327677189,Normal_Market,1
2015-07-07,263.1588439941406,284.18182373046875,289.0909118652344,283.2272644042969,285.4545593261719,10617091.0,-0.008091417849500071,0.01273534104447175,0.4072260969093588,Normal_Market,1
2015-07-08,258.9075622558594,279.5909118652344,283.2727355957031,278.4545593261719,280.3636474609375,13252578.0,-0.016154812332189405,0.013040749509107887,0.44258824730325824,Normal_Market,1
2015-07-09,260.54913330078125,281.3636474609375,282.68182373046875,277.9090881347656,279.0909118652344,6959346.0,0.0063403750381754165,0.0124827522142502,0.4561285466219901,Normal_Market,1
2015-07-10,263.6218566894531,284.68182373046875,286.2727355957031,282.0454406738281,284.0909118652344,10664155.0,0.011793258913376237,0.011525197579589488,0.48348432521814344,Normal_Market,1
2015-07-13,266.3578186035156,287.6363525390625,288.3636474609375,284.3636474609375,285.9090881347656,8964077.0,0.010378357653726189,0.011503682049594191,0.4769751079734956,Normal_Market,1
2015-07-14,263.8743896484375,284.9545593261719,288.2727355957031,283.68182373046875,288.18182373046875,8304877.0,-0.009323657056881096,0.011699403970465353,0.4906897465608479,Normal_Market,1
2015-07-15,264.8845520019531,286.0454406738281,287.2727355957031,284.8636474609375,285.3636474609375,7378092.0,0.0038281939935946863,0.011662942852904265,0.4851686069392172,Normal_Market,1
2015-07-16,266.9471130371094,288.2727355957031,289.31817626953125,285.81817626953125,286.1363525390625,13466904.0,0.007786641461601906,0.011688644386892717,0.45551056751438446,Normal_Market,1
2015-07-17,267.24169921875,288.5909118652344,291.81817626953125,287.7727355957031,289.0909118652344,9339699.0,0.001103537619452366,0.011684563534695007,0.40801550523942764,Normal_Market,1
2015-07-20,265.8527526855469,287.0909118652344,290.7272644042969,283.7272644042969,289.9545593261719,9420104.0,-0.005197342096175617,0.008954686482718093,0.40165466746373507,Normal_Market,1
2015-07-21,262.1907043457031,283.1363525390625,288.6363525390625,282.18182373046875,288.6363525390625,10702263.0,-0.013774724176639497,0.009425438859606164,0.37533535238662014,Normal_Market,1
2015-07-22,266.69451904296875,288.0,288.81817626953125,281.6363525390625,282.5454406738281,11141670.0,0.01717762919362409,0.009735027720386353,0.42582957753041434,Normal_Market,1
2015-07-23,263.4113464355469,284.4545593261719,288.81817626953125,283.8636474609375,288.0454406738281,15214876.0,-0.012310611478644207,0.00990724524907879,0.46952357723599936,Normal_Market,1
2015-07-24,253.05674743652344,273.2727355957031,283.4545593261719,272.0909118652344,283.4545593261719,21177605.0,-0.039309616457835705,0.013088157002721748,0.4581608557413924,Normal_Market,1
2015-07-27,245.0592803955078,264.6363525390625,272.5909118652344,263.7272644042969,272.5909118652344,11212545.0,-0.03160345306746548,0.014693641866044245,0.44156581152104474,Normal_Market,1
2015-07-28,239.9240570068359,259.0909118652344,268.5,257.0,265.18182373046875,25395273.0,-0.0209550251693551,0.015149979656906589,0.44850369478215574,Normal_Market,1
2015-07-29,243.5019073486328,262.9545593261719,263.5454406738281,258.2272644042969,261.3636474609375,13165836.0,0.01491242848438068,0.01522958597177323,0.4365230419613204,Normal_Market,1
2015-07-30,244.97511291503903,264.5454406738281,266.9545593261719,261.3636474609375,263.6363525390625,13705803.0,0.006050078138800652,0.015324720673822912,0.3582521304325883,Normal_Market,1
2015-07-31,254.5720977783203,274.9090881347656,280.81817626953125,267.3636474609375,267.68182373046875,38967790.0,0.039175346218167206,0.017998472975961206,0.3163757264586448,Normal_Market,1
2015-08-03,263.4113464355469,284.4545593261719,285.4545593261719,276.5454406738281,276.7727355957031,28709585.0,0.03472198538004623,0.01976453829239872,0.31014662844016827,Normal_Market,1
2015-08-04,264.37945556640625,285.5,286.5909118652344,279.1363525390625,285.0,16797983.0,0.003675274979455967,0.01969140767847616,0.3254395239053989,Normal_Market,1
2015-08-05,262.1065673828125,283.0454406738281,290.7272644042969,280.9090881347656,286.1363525390625,13798462.0,-0.00859706809942673,0.019427424224068048,0.35303530783198267,Normal_Market,1
2015-08-06,261.8539733886719,282.7727355957031,284.4090881347656,279.5,284.31817626953125,12210084.0,-0.0009637072304705674,0.01938627441326264,0.40514523102399436,Normal_Market,1
2015-08-07,261.0963134765625,281.9545593261719,284.1363525390625,280.4090881347656,281.7272644042969,6215341.0,-0.0028934443969073076,0.019210487886469695,0.39160181561264085,Normal_Market,1
2015-08-10,260.6333312988281,281.4545593261719,285.4545593261719,279.2272644042969,281.81817626953125,7698226.0,-0.001773223725642259,0.01904624462713333,0.35383608348301737,Normal_Market,1
2015-08-11,254.44577026367188,274.7727355957031,281.7272644042969,273.4090881347656,281.7272644042969,10431195.0,-0.023740482479049918,0.01964470774600828,0.32118093806265585,Normal_Market,1
2015-08-12,245.52230834960932,265.1363525390625,272.8636474609375,263.7272644042969,272.7272644042969,10292540.0,-0.0350701915964865,0.020957144159329193,0.33512623672681785,Normal_Market,1
2015-08-13,245.73275756835932,265.3636474609375,271.5454406738281,264.4090881347656,268.4090881347656,13754705.0,0.0008571490719708752,0.020816153290720667,0.31051245768311225,Normal_Market,1
2015-08-14,254.74044799804688,275.0909118652344,276.18182373046875,265.5,267.5,9669851.0,0.03665644954633995,0.022700979420049054,0.2750031415808093,Normal_Market,1
2015-08-17,254.9929962158203,275.3636474609375,277.0,269.8636474609375,274.5,8331141.0,0.0009913942593653413,0.022699407283773065,0.2699819541703296,Normal_Market,1
2015-08-18,253.4776763916016,273.7272644042969,276.5454406738281,270.6363525390625,275.4545593261719,5936462.0,-0.005942593901426929,0.022549716699894407,0.2500494013265755,Normal_Market,1
2015-08-19,256.33990478515625,276.81817626953125,277.6363525390625,273.18182373046875,273.68182373046875,8754270.0,0.011291836166009261,0.02233120634279554,0.32300793739326017,Normal_Market,1
2015-08-20,251.0784454345703,271.1363525390625,278.8636474609375,268.9545593261719,272.9545593261719,15936951.0,-0.020525323027624887,0.022609647041496102,0.34949202532542234,Normal_Market,1
2015-08-21,249.6051788330078,269.5454406738281,270.81817626953125,262.3636474609375,267.0454406738281,13769807.0,-0.005867754195357344,0.020888090817166843,0.3374238243114028,Normal_Market,1
2015-08-24,227.25440979003903,245.4090881347656,258.9545593261719,243.18182373046875,256.7272644042969,33312582.0,-0.0895444924158485,0.028177901771950797,0.40845700241326316,Normal_Market,1
2015-08-25,238.6613311767578,257.7272644042969,258.5454406738281,242.86363220214844,251.4090881347656,26553623.0,0.050194499623825495,0.03025653855480231,0.40471162615606754,High_Volatility,2
2015-08-26,234.0732879638672,252.7727203369141,256.5909118652344,250.6363677978516,254.5,16189880.0,-0.019224074508712996,0.030344461781896637,0.4164804745825221,Normal_Market,1
2015-08-27,237.7774353027344,256.7727355957031,258.6363525390625,254.72726440429688,257.0454406738281,27884874.0,0.015824733232435273,0.030550926249771508,0.39932989124646934,Normal_Market,1
2015-08-28,238.8296661376953,257.9090881347656,263.0,256.0454406738281,259.1363525390625,14365759.0,0.004425276240452414,0.029097115557966135,0.3744893985446862,Normal_Market,1
2015-08-31,233.9470062255859,252.6363677978516,258.5,251.22726440429688,257.18182373046875,15079961.0,-0.020444109775267005,0.027947496301266528,0.3804493744704654,Normal_Market,1
2015-09-01,228.09622192382807,246.31817626953125,253.1363677978516,243.9090881347656,250.0,17342438.0,-0.025009015486678887,0.028185049793528677,0.36006233500795914,Normal_Market,1
2015-09-02,222.9610137939453,240.7727203369141,251.5909118652344,239.18182373046875,250.9090881347656,18825908.0,-0.022513341459893366,0.028398362074349287,0.4330996519318058,Normal_Market,1
2015-09-03,224.64468383789065,242.5909118652344,245.2727203369141,237.9090881347656,244.22726440429688,16509187.0,0.007551410066251929,0.028567421323055814,0.4456674323989313,Normal_Market,1
2015-09-04,216.9839630126953,234.31817626953125,241.0,231.5,240.81817626953125,21605844.0,-0.03410150062007933,0.02916373351224817,0.47740469921563033,Normal_Market,1
2015-09-07,209.7020568847656,226.4545440673828,237.5,225.18182373046875,236.4090881347656,21698736.0,-0.033559651260972045,0.029623253733553477,0.47236538717693854,Normal_Market,1
2015-09-08,219.55154418945312,237.0909118652344,238.4545440673828,226.5454559326172,228.9090881347656,18300349.0,0.04696895896495645,0.03206463416957956,0.48036514472790964,High_Volatility,2
2015-09-09,222.70846557617188,240.5,244.5454559326172,238.7727203369141,243.5909118652344,24478703.0,0.014378953235667513,0.03167840236604282,0.47712644792085085,Normal_Market,1
2015-09-10,225.1077117919922,243.0909118652344,245.4545440673828,232.9545440673828,236.36363220214844,13718266.0,0.010773035544981102,0.03184184943941695,0.4568023855966457,Normal_Market,1
2015-09-11,225.23399353027344,243.22726440429688,245.36363220214844,240.36363220214844,243.0454559326172,14872838.0,0.0005609836165805238,0.03041404347131306,0.4705489251669244,Normal_Market,1
2015-09-14,229.31687927246097,247.6363677978516,248.4545440673828,239.18182373046875,242.0454559326172,13300446.0,0.01812730697615028,0.03085036704877236,0.476428484894208,Normal_Market,1
2015-09-15,226.03375244140625,244.0909118652344,248.18182373046875,242.5454559326172,248.18182373046875,14825729.0,-0.014316987225148403,0.030922983392909283,0.5352965774481568,Normal_Market,1
2015-09-16,229.6957244873047,248.0454559326172,249.0454559326172,244.5909118652344,247.72726440429688,13377086.0,0.016200996560669534,0.0310802861849493,0.555197883346247,High_Volatility,2
2015-09-18,233.9049224853516,252.5909118652344,259.4090881347656,249.81817626953125,252.9545440673828,21286324.0,0.018325103819159416,0.03127269323739096,0.5707544151036952,High_Volatility,2
2015-09-21,235.12559509277344,253.9090881347656,254.86363220214844,246.36363220214844,247.18182373046875,11510079.0,0.005218670023920957,0.03131857362396842,0.5339595246178647,Normal_Market,1
2015-09-22,227.75949096679688,245.9545440673828,254.86363220214844,244.6363677978516,252.72726440429688,14741229.0,-0.031328380574943915,0.024838461743344715,0.5079746432269193,Normal_Market,1
2015-09-23,230.1166229248047,248.5,250.0,240.1363677978516,242.68182373046875,12489166.0,0.010349215077721796,0.022079232271911473,0.5111873695065794,Normal_Market,1
2015-09-24,225.8653564453125,243.9090881347656,248.72726440429688,242.72726440429688,246.72726440429688,10557228.0,-0.01847439974330478,0.022048333459502058,0.5240990434004195,Normal_Market,1
2015-09-28,225.69699096679688,243.72726440429688,247.9090881347656,242.22726440429688,247.2727203369141,8561999.0,-0.0007454240932092127,0.021669063340232497,0.5050356551509009,Normal_Market,1
2015-09-29,226.45465087890625,244.5454559326172,247.86363220214844,233.0454559326172,239.72726440429688,29415623.0,0.003356978348997286,0.021652714075108402,0.48605060528595584,Normal_Market,1
2015-09-30,227.59112548828125,245.7727203369141,247.5454559326172,241.5454559326172,246.6363677978516,13700514.0,0.005018552743183413,0.021283453777318943,0.48909956811578587,Normal_Market,1
2015-10-01,224.85516357421875,242.81817626953125,248.5909118652344,241.86363220214844,248.5909118652344,7677876.0,-0.012021391028286699,0.020707876861689702,0.49056553655881313,Normal_Market,1
2015-10-05,236.51463317871097,255.4090881347656,256.3636474609375,247.6363677978516,247.6363677978516,13756761.0,0.051853243746585065,0.02308904935646007,0.4914561949050045,High_Volatility,2
2015-10-06,238.0299224853516,257.0454406738281,258.9545593261719,254.5454559326172,258.18182373046875,10497246.0,0.006406746535194907,0.023079129640948836,0.48656515633646896,Normal_Market,1
2015-10-07,238.24038696289065,257.2727355957031,258.0,252.0,255.36363220214844,7765703.0,0.0008841933625047815,0.02136964074601577,0.44298734196039163,Normal_Market,1
2015-10-08,234.4100341796875,253.1363677978516,256.7272644042969,251.9545440673828,256.7272644042969,6649535.0,-0.016077680329657063,0.020029251533792557,0.42560351591042006,Normal_Market,1
2015-10-09,240.85008239746097,260.0909118652344,261.7272644042969,255.0454559326172,255.9090881347656,11102562.0,0.027473432356726057,0.018320311983887387,0.4561892161861352,Normal_Market,1
2015-10-12,242.1128845214844,261.4545593261719,265.0,259.31817626953125,261.5454406738281,7892259.0,0.00524310438864406,0.01818222951949695,0.46525023991610925,Normal_Market,1
2015-10-13,241.986572265625,261.31817626953125,263.3636474609375,258.6363525390625,259.9090881347656,6102034.0,-0.0005217081119373024,0.018147321780351836,0.4617748965152569,Normal_Market,1
2015-10-14,238.15621948242188,257.18182373046875,259.2727355957031,256.31817626953125,257.68182373046875,5325426.0,-0.01582878234664442,0.018662911414744115,0.4650710932138977,Normal_Market,1
2015-10-15,241.060546875,260.31817626953125,260.9090881347656,257.8636474609375,258.18182373046875,6759388.0,0.012195051629934506,0.018455104049239612,0.4739161964165467,Normal_Market,1
2015-10-16,243.67022705078125,263.1363525390625,266.0909118652344,256.8636474609375,260.4545593261719,8890588.0,0.010825828654302594,0.01809049555406217,0.48109174205085886,Normal_Market,1
2015-10-19,241.776123046875,261.0909118652344,263.5454406738281,259.6363525390625,263.0909118652344,5806930.0,-0.007773227065247967,0.01802792166829207,0.5012232078991969,Normal_Market,1
2015-10-20,240.93429565429688,260.18182373046875,263.18182373046875,258.4545593261719,260.4545593261719,8710318.0,-0.0034818466851456176,0.01769066688171819,0.5022500807170358,Normal_Market,1
2015-10-21,237.9878387451172,257.0,261.68182373046875,253.4545440673828,259.5909118652344,5616168.0,-0.012229296377994192,0.01793286547828473,0.4687174747070722,Normal_Market,1
2015-10-23,240.97637939453125,260.2272644042969,262.7272644042969,258.7727355957031,259.9545593261719,8208290.0,0.012557535146217047,0.016421611591321973,0.45702061096329144,Normal_Market,1
2015-10-26,240.2187042236328,259.4090881347656,263.4090881347656,257.9545593261719,261.5909118652344,6085533.0,-0.003144188541641113,0.01637877001153347,0.46896779703223923,Normal_Market,1
2015-10-27,238.8296661376953,257.9090881347656,259.9090881347656,256.4545593261719,258.18182373046875,6090339.0,-0.0057823893873159005,0.015766931397345595,0.49662117953529905,Normal_Market,1
2015-10-28,228.3067169189453,246.5454559326172,255.18182373046875,244.6363677978516,254.5454559326172,15503186.0,-0.044060477866610936,0.018949264930097617,0.46857017890144165,Normal_Market,1
2015-10-29,228.5171356201172,246.7727203369141,249.36363220214844,245.7727203369141,247.5454559326172,9035266.0,0.0009216491919796788,0.018939417097316058,0.5077351656143051,Normal_Market,1
2015-10-30,233.18934631347656,251.81817626953125,254.22726440429688,245.9090881347656,247.5,27623495.0,0.0204457783031482,0.01943552514627626,0.5071401892786189,Normal_Market,1
2015-11-02,235.33604431152344,254.1363677978516,255.72726440429688,250.6363677978516,251.81817626953125,11398428.0,0.009205815068245249,0.01924299367427717,0.5073181609005641,Normal_Market,1
2015-11-03,235.2518615722656,254.0454559326172,257.0,252.9090881347656,254.9090881347656,9079788.0,-0.00035771290158337354,0.01533323824873951,0.5191364105558676,Normal_Market,1
2015-11-04,230.1166229248047,248.5,255.4090881347656,247.72726440429688,255.4090881347656,7389933.0,-0.02182868442842667,0.015983364645973237,0.5506665762164897,Normal_Market,1
2015-11-05,227.3386077880859,245.5,248.6363677978516,244.31817626953125,247.2727203369141,11422504.0,-0.01207220539485565,0.016140594173444826,0.49475174426624147,Normal_Market,1
2015-11-06,224.85516357421875,242.81817626953125,245.36363220214844,240.68182373046875,245.36363220214844,12121540.0,-0.010923987958007086,0.01594760535063281,0.4825903396202803,Normal_Market,1
2015-11-09,221.52989196777344,239.22726440429688,240.9090881347656,232.72726440429688,235.72726440429688,13448248.0,-0.014788504535933056,0.014584428233836627,0.5242341670095159,Normal_Market,1
2015-11-10,221.23524475097656,238.9090881347656,242.18182373046875,236.7727203369141,237.72726440429688,8652695.0,-0.0013300562473967936,0.014436830820114472,0.5499788711005421,Normal_Market,1
2015-11-13,220.351318359375,237.9545440673828,239.0909118652344,235.4545440673828,236.68182373046875,10160904.0,-0.003995413988383767,0.014408602584028556,0.5578769237051088,Normal_Market,1
2015-11-16,224.98143005371097,242.9545440673828,243.9545440673828,236.0,237.2727203369141,8992376.0,0.021012407499122032,0.015225585602508295,0.6089968388010072,Normal_Market,1
2015-11-17,225.48654174804688,243.5,247.5909118652344,240.9545440673828,247.0,17959700.0,0.0022451261609250928,0.014870655383106042,0.6079755940698659,Weak_Bear,0
2015-11-18,219.2569122314453,236.7727203369141,243.86363220214844,235.9090881347656,242.72726440429688,9500657.0,-0.027627500374556302,0.01543323085106114,0.6130517704175098,Weak_Bear,0
2015-11-19,224.2658843994141,242.18182373046875,243.6363677978516,238.72726440429688,239.0909118652344,9618626.0,0.022845218957938007,0.016631463782118407,0.6644098947728465,Weak_Bear,0
2015-11-20,223.04519653320312,240.86363220214844,245.68182373046875,239.5454559326172,240.5454559326172,9819811.0,-0.005443038603396899,0.016636390743305102,0.6560265996731491,Weak_Bear,0
2015-11-23,223.88705444335932,241.7727203369141,243.4090881347656,233.9090881347656,241.81817626953125,12735592.0,0.003774382606042126,0.016590250885898754,0.6052892549035156,Normal_Market,1
2015-11-24,221.6982421875,239.4090881347656,241.2727203369141,236.0454559326172,239.4090881347656,11775700.0,-0.009776412760001962,0.016241804663755063,0.5902001894399647,Normal_Market,1
2015-11-26,222.24545288085932,240.0,243.36363220214844,239.31817626953125,239.31817626953125,13255344.0,0.002468268074478086,0.016306345241797342,0.6178101661169758,Weak_Bear,0
2015-11-27,227.3386077880859,245.5,246.36363220214844,240.36363220214844,241.5909118652344,11608418.0,0.02291680140676222,0.017347896770805043,0.6105188867816911,Normal_Market,1
2015-11-30,230.2850341796875,248.68182373046875,252.2727203369141,243.81817626953125,243.81817626953125,16528998.0,0.012960519202035892,0.014593651558884969,0.5646816652817142,Normal_Market,1
2015-12-01,230.5796661376953,249.0,251.5909118652344,248.4545440673828,250.0454559326172,6603705.0,0.0012794229510282307,0.014594372779458246,0.5756038919129981,Normal_Market,1
2015-12-02,227.6332092285156,245.81817626953125,250.36363220214844,244.1363677978516,249.5909118652344,7161062.0,-0.012778476777827286,0.014092861813165007,0.5764642676853292,Normal_Market,1
2015-12-03,223.76075744628903,241.6363677978516,245.5,241.0,244.22726440429688,8549273.0,-0.017011805067243535,0.014300557078826789,0.570949961454033,Normal_Market,1
2015-12-04,220.09878540039065,237.68182373046875,240.0,237.0909118652344,239.1363677978516,9085607.0,-0.016365568689037824,0.01462329673359661,0.6218145792757757,Weak_Bear,0
2015-12-07,221.4457092285156,239.1363677978516,240.5,237.81817626953125,240.2727203369141,5522740.0,0.0061196331714175045,0.014076811740411057,0.6186144817277694,Weak_Bear,0
2015-12-08,220.09878540039065,237.68182373046875,238.6363677978516,236.0454559326172,237.9545440673828,11624224.0,-0.006082411047012015,0.013910043926181816,0.5712056918876887,Normal_Market,1
2015-12-09,218.4150848388672,235.86363220214844,238.1363677978516,234.9090881347656,237.0909118652344,8129762.0,-0.007649749445280074,0.013812528875642239,0.5414636612605007,Normal_Market,1
2015-12-10,217.99415588378903,235.4090881347656,238.0909118652344,232.72726440429688,237.1363677978516,11053207.0,-0.0019271972693126749,0.01344911339361568,0.5452560374663521,Normal_Market,1
2015-12-11,209.8704376220703,226.6363677978516,237.36363220214844,224.68182373046875,236.86363220214844,18851171.0,-0.03726576168422335,0.015740442166226245,0.5349184896069156,Normal_Market,1
2015-12-14,209.6178741455078,226.36363220214844,229.0454559326172,222.72726440429688,224.81817626953125,13279719.0,-0.001203425691698956,0.015739003091846247,0.5071482923106041,Normal_Market,1
2015-12-15,207.4290771484375,224.0,225.36363220214844,220.9545440673828,225.36363220214844,13675557.0,-0.010441843311276733,0.014823900849424466,0.5334790918486365,Normal_Market,1
2015-12-16,212.18548583984372,229.1363677978516,230.4545440673828,221.5,224.7727203369141,18885293.0,0.022930289025981265,0.015957038375535325,0.5528255510680347,Normal_Market,1
2015-12-17,213.11151123046875,230.1363677978516,232.0909118652344,227.36363220214844,230.86363220214844,17692297.0,0.004364225889248452,0.014918995385018376,0.5841799628838191,Normal_Market,1
2015-12-18,210.5438995361328,227.36363220214844,230.0,227.1363677978516,229.18182373046875,14450734.0,-0.012048207436149205,0.013954070625005487,0.6144020472109273,Weak_Bear,0
2015-12-21,217.36279296875,234.72726440429688,235.9090881347656,227.2727203369141,227.36363220214844,14307700.0,0.032387038748880714,0.016024306016891407,0.6235581360174972,Normal_Market,1
2015-12-22,218.4992828369141,235.9545440673828,239.5454559326172,233.1363677978516,233.18182373046875,21342967.0,0.005228539128715903,0.01605118573724918,0.5953432687074035,Normal_Market,1
2015-12-23,220.43551635742188,238.0454559326172,239.0454559326172,235.5454559326172,236.0,11533960.0,0.008861509728400163,0.0160616575634443,0.5748177012492482,Normal_Market,1
2015-12-24,217.15231323242188,234.5,239.6363677978516,233.9090881347656,239.0909118652344,6097366.0,-0.014894165782597835,0.016378056765714813,0.5973328717929484,Weak_Bear,0
2015-12-28,222.2875518798828,240.0454559326172,240.9090881347656,236.36363220214844,236.4090881347656,12041784.0,0.02364809552806646,0.016435052392270538,0.5767209780996826,Normal_Market,1
2015-12-29,222.87684631347656,240.68182373046875,242.2727203369141,237.72726440429688,240.0,9054719.0,0.00265104558761875,0.016133231243261482,0.5223531837045275,Normal_Market,1
2015-12-30,220.8564453125,238.5,240.4090881347656,237.9545440673828,239.31817626953125,10025565.0,-0.009065100455230124,0.016204760979022938,0.546882328368628,Normal_Market,1
2015-12-31,220.01458740234372,237.5909118652344,239.86363220214844,236.5,238.2727203369141,8546444.0,-0.00381178782880931,0.016014574644209092,0.5630051808781049,Normal_Market,1
2016-01-01,221.40362548828125,239.0909118652344,239.6363677978516,234.5454559326172,237.5454559326172,5998096.0,0.006313390863476487,0.015677292867693874,0.5771219935974654,Normal_Market,1
2016-01-04,215.1319122314453,232.31817626953125,237.5909118652344,231.5,237.2727203369141,9435792.0,-0.028327057621592044,0.016523251960562712,0.5981437449580981,Weak_Bear,0
2016-01-05,216.1000061035156,233.36363220214844,234.0909118652344,228.81817626953125,232.9545440673828,8966977.0,0.004500001241232843,0.01649040301452038,0.5952282230372915,Normal_Market,1
2016-01-06,210.5438995361328,227.36363220214844,233.4090881347656,226.5454559326172,232.18182373046875,17416181.0,-0.025710811709654946,0.017364008454119638,0.5429592817822999,Normal_Market,1
2016-01-07,207.72369384765625,224.31817626953125,225.18182373046875,221.0,224.0,18240712.0,-0.013394858244242691,0.017508043970164755,0.4810435621666182,Normal_Market,1
2016-01-08,206.29263305664065,222.7727203369141,225.2727203369141,221.31817626953125,222.2727203369141,14404391.0,-0.006889251603936608,0.01753671810309293,0.4771223534585681,Normal_Market,1
2016-01-11,201.5783233642578,217.68182373046875,221.72726440429688,216.4090881347656,219.9090881347656,14208668.0,-0.022852535364597637,0.016289322614110792,0.46996977561648945,Normal_Market,1
2016-01-12,199.3053436279297,215.22726440429688,219.86363220214844,214.18182373046875,219.0909118652344,11895899.0,-0.011275913493043577,0.01642221737727351,0.4738861030180639,Normal_Market,1
2016-01-13,201.62039184570312,217.72726440429688,220.81817626953125,210.0909118652344,216.18182373046875,18215710.0,0.011615585290554176,0.01659288593584,0.5064507208607919,Normal_Market,1
2016-01-14,198.4635009765625,214.31817626953125,218.0,210.72726440429688,212.9090881347656,14600781.0,-0.015657597132122114,0.015855637373764747,0.5311851309584705,Normal_Market,1
2016-01-15,188.9507293701172,204.0454559326172,214.81817626953125,201.5909118652344,214.18182373046875,22333902.0,-0.04793209612667626,0.018612035850516732,0.6279226461650655,Weak_Bear,0
2016-01-18,187.81423950195312,202.81817626953125,207.9090881347656,198.0,203.81817626953125,30239009.0,-0.006014741895692288,0.01855479831452224,0.6323703894544925,Weak_Bear,0
2016-01-19,192.57064819335932,207.9545440673828,210.22726440429688,204.22726440429688,204.22726440429688,16222439.0,0.025325069622086582,0.017849009358796415,0.6499901408038146,Weak_Bear,0
2016-01-20,188.9086456298828,204.0,207.18182373046875,200.0909118652344,204.4545440673828,14353478.0,-0.01901641084886163,0.017877845562634023,0.6107350075529202,Weak_Bear,0
2016-01-21,190.5081329345703,205.72726440429688,212.2727203369141,203.81817626953125,207.72726440429688,15665863.0,0.008466988365483763,0.017859519478438685,0.6037043422115428,Normal_Market,1
2016-01-22,195.93798828125,211.5909118652344,213.5454559326172,208.9090881347656,211.4545440673828,15148522.0,0.02850196085090273,0.019431761443380952,0.5900909692760835,Normal_Market,1
2016-01-25,198.71603393554688,214.5909118652344,216.81817626953125,212.9090881347656,214.5,17137268.0,0.014178188102601519,0.018803549933099045,0.5473150610457488,Normal_Market,1
2016-01-27,199.76837158203125,215.72726440429688,217.5454559326172,213.36363220214844,216.36363220214844,12155561.0,0.005295685635642755,0.01887246625953172,0.519719160256579,Normal_Market,1
2016-01-28,196.31683349609372,212.0,217.7727203369141,210.22726440429688,216.86363220214844,24258166.0,-0.01727770046180821,0.019047518020715692,0.5370167087222433,Normal_Market,1
2016-01-29,193.7492218017578,209.22726440429688,213.0,199.0909118652344,199.0909118652344,47755494.0,-0.013078917628258302,0.01911182255910699,0.5425483397532582,Normal_Market,1
2016-02-01,182.84738159179688,197.4545440673828,206.68182373046875,196.2727203369141,206.36363220214844,40395715.0,-0.05626778837396096,0.021883861038527474,0.5849226813638791,Weak_Bear,0
2016-02-02,177.1228790283203,191.2727203369141,199.72726440429688,190.6363677978516,198.18182373046875,31821419.0,-0.03130754465085206,0.022029978394195474,0.636985286494899,Weak_Bear,0
2016-02-03,171.77723693847656,185.5,189.81817626953125,184.1363677978516,188.18182373046875,23592288.0,-0.03018041553507622,0.022238904988123528,0.695921582995783,Weak_Bear,0
2016-02-04,171.69302368164062,185.4090881347656,187.6363677978516,182.2727203369141,187.6363677978516,30869158.0,-0.000490246893807611,0.022085731829615707,0.6747035294706216,Weak_Bear,0
2016-02-05,176.2810516357422,190.36363220214844,191.81817626953125,185.0909118652344,186.81817626953125,36189377.0,0.02672227360040469,0.023527511616339255,0.6604528361753496,High_Volatility,2
2016-02-08,175.56549072265625,189.5909118652344,195.9090881347656,187.4090881347656,191.81817626953125,19366081.0,-0.004059204925578319,0.02354245908074806,0.6242105044748929,Weak_Bear,0
2016-02-09,176.2810516357422,190.36363220214844,192.2727203369141,182.5,185.4545440673828,20906682.0,0.00407574922691567,0.023403809455667057,0.5900311711190882,Normal_Market,1
2016-02-10,174.4711151123047,188.4090881347656,190.4545440673828,183.6363677978516,184.6363677978516,22742128.0,-0.010267334501597225,0.023393877468377927,0.5778076437548273,Normal_Market,1
2016-02-11,167.73638916015625,181.1363677978516,188.1363677978516,180.0,185.22726440429688,31817116.0,-0.03860080763405094,0.024047774953382464,0.6334589004474435,Weak_Bear,0
2016-02-12,162.9379119873047,175.9545440673828,180.36363220214844,173.18182373046875,178.72726440429688,41775526.0,-0.028607252110750547,0.024411470194501513,0.6718006357198425,Weak_Bear,0
2016-02-15,171.31419372558594,185.0,188.4545440673828,176.27272033691406,176.27272033691406,34130349.0,0.0514078131732405,0.026224840228189335,0.7538274067487379,High_Volatility,2
2016-02-16,165.50550842285156,178.72726440429688,188.18182373046875,177.72726440429688,188.18182373046875,20895952.0,-0.033906620207073024,0.02703538384514867,0.7660823241636708,Weak_Bear,0
2016-02-17,160.58078002929688,173.40908813476562,179.22726440429688,171.68182373046875,178.63636779785156,28792115.0,-0.02975567665683032,0.026481112347422935,0.8300910255543604,Weak_Bear,0
2016-02-18,165.1266632080078,178.31817626953125,180.9090881347656,175.63636779785156,175.90908813476562,32260277.0,0.028309011687958963,0.027602233239523714,0.8193044700662764,High_Volatility,2
2016-02-19,167.35755920410156,180.72726440429688,183.1363677978516,177.5,178.0,17617480.0,0.013510210602896588,0.027767185924050294,0.8185677845927032,Weak_Bear,0
2016-02-22,167.0629119873047,180.4090881347656,183.0,178.59091186523438,179.5454559326172,17567788.0,-0.0017605850503444875,0.02658221491798226,0.7687922287753266,Weak_Bear,0
2016-02-23,161.63304138183594,174.5454559326172,181.2727203369141,172.9545440673828,181.2727203369141,20001984.0,-0.03250195115646837,0.026618404066008478,0.7062774042237223,Weak_Bear,0
2016-02-24,157.4238739013672,170.0,173.81817626953125,168.9545440673828,171.81817626953125,20654961.0,-0.026041503918280973,0.026596858290986816,0.6933412592765644,Weak_Bear,0
2016-02-25,154.05650329589844,166.36363220214844,171.81817626953125,165.0454559326172,170.63636779785156,38340699.0,-0.02139046970460501,0.026659673953831963,0.725101121903565,Weak_Bear,0
2016-02-26,155.5718231201172,168.0,169.0454559326172,164.31817626953125,167.5454559326172,24687792.0,0.009836130197686366,0.027086715412676324,0.716104903205223,Weak_Bear,0
2016-02-29,159.991455078125,172.77272033691406,178.09091186523438,165.18182373046875,168.0,43510436.0,0.0284089488017083,0.02616911376756307,0.7956294506056273,High_Volatility,2
2016-03-01,172.5348358154297,186.31817626953125,187.68182373046875,177.5,177.5,27223692.0,0.07840031663678326,0.03159378696324569,0.7732632423247641,High_Volatility,2
2016-03-02,185.2045440673828,200.0,201.2727203369141,191.9090881347656,192.4545440673828,40766551.0,0.07343275456271692,0.03485679500325116,0.7648313166038996,High_Volatility,2
2016-03-03,183.5208740234375,198.18182373046875,200.2727203369141,194.72726440429688,198.72726440429688,22903720.0,-0.009090867896485055,0.034972333370709,0.7584860581509792,High_Volatility,2
2016-03-04,185.62548828125,200.4545440673828,204.0,199.1363677978516,201.5909118652344,24493722.0,0.011467982969303625,0.03461303825575769,0.7569831452152168,High_Volatility,2
2016-03-08,182.55274963378903,197.1363677978516,199.9545440673828,194.81817626953125,199.9545440673828,18883002.0,-0.0165534306517503,0.03486173182481848,0.7328483072238471,High_Volatility,2
2016-03-09,182.13185119628903,196.68182373046875,198.0909118652344,190.9545440673828,193.4545440673828,17300650.0,-0.002305626392066662,0.034875929858565025,0.697036312445166,High_Volatility,2
2016-03-10,181.41629028320312,195.9090881347656,198.9545440673828,195.0909118652344,198.18182373046875,13551255.0,-0.0039288071163057214,0.03478535979455108,0.666804214337691,High_Volatility,2
2016-03-11,180.02723693847656,194.4090881347656,198.68182373046875,193.2727203369141,193.9545440673828,14879621.0,-0.007656717831448057,0.03352563020652567,0.6795373054812999,High_Volatility,2
2016-03-14,186.59359741210932,201.5,202.5454559326172,198.7727203369141,199.0909118652344,16726756.0,0.03647426125790498,0.03334561057472565,0.6943195067813127,High_Volatility,2
2016-03-15,186.34103393554688,201.22726440429688,204.4090881347656,200.4545440673828,202.5454559326172,13475557.0,-0.0013535484607472004,0.03172143202459141,0.7686446651043924,High_Volatility,2
2016-03-16,190.59231567382807,205.81817626953125,206.72726440429688,198.68182373046875,199.9090881347656,17144832.0,0.022814522644280633,0.030606019441681138,0.7973459781277065,High_Volatility,2
2016-03-17,191.72879028320312,207.0454559326172,214.7727203369141,204.5,209.0909118652344,32391146.0,0.005962856400359762,0.029332308225574446,0.805053016000475,Weak_Bear,0
2016-03-18,193.79129028320312,209.2727203369141,210.4090881347656,205.5909118652344,207.4545440673828,18370981.0,0.01075738284768546,0.028994317993984255,0.7862966636191242,Weak_Bear,0
2016-03-21,197.7058563232422,213.5,214.18182373046875,210.4090881347656,210.5,14818419.0,0.0201999069943668,0.029094494545857084,0.7728336402749371,High_Volatility,2
2016-03-22,196.6535491943359,212.36363220214844,213.2727203369141,209.6363677978516,213.2727203369141,12269251.0,-0.005322589570567859,0.029173072243194854,0.7365538790214079,Weak_Bear,0
2016-03-23,197.15866088867188,212.9090881347656,213.6363677978516,209.81817626953125,210.4090881347656,16987529.0,0.0025685358662752567,0.02758448770859406,0.6876309175413389,Weak_Bear,0
2016-03-28,189.7925720214844,204.9545440673828,212.72726440429688,203.5454559326172,212.72726440429688,20214214.0,-0.037361223869068705,0.028471985876234347,0.6717910537552645,Weak_Bear,0
2016-03-29,188.0668029785156,203.0909118652344,206.31817626953125,202.18182373046875,203.0,20447782.0,-0.009092921944139354,0.02789052648303952,0.6954062252158838,Weak_Bear,0
2016-03-30,199.93673706054688,215.9090881347656,217.2727203369141,206.18182373046875,207.72726440429688,23016348.0,0.06311552009201371,0.030277874668677457,0.6710556472292225,High_Volatility,2
2016-03-31,199.22116088867188,215.1363677978516,219.4090881347656,212.4545440673828,216.5454559326172,30614104.0,-0.0035790129537739412,0.030268542612556317,0.7239847935737682,Weak_Bear,0
2016-04-01,200.6102294921875,216.6363677978516,217.68182373046875,211.5454559326172,214.5454559326172,15677352.0,0.006972495277707269,0.02584340804534841,0.6937812298008201,Weak_Bear,0
2016-04-04,200.98904418945312,217.0454559326172,219.1363677978516,213.31817626953125,218.4090881347656,16716587.0,0.0018883119680612737,0.020738976218695134,0.7206296120410879,Weak_Bear,0
2016-04-05,189.9188537597656,205.0909118652344,215.9090881347656,204.5454559326172,214.9090881347656,26547328.0,-0.05507857641858682,0.02450848236583554,0.715252107040105,Weak_Bear,0
2016-04-06,187.35122680664065,202.31817626953125,207.2727203369141,200.0909118652344,206.6363677978516,19185947.0,-0.013519600093905404,0.02463696205414189,0.696001416866792,Weak_Bear,0
2016-04-07,185.4571075439453,200.2727203369141,203.86363220214844,199.22726440429688,202.5454559326172,17724531.0,-0.010109991244680816,0.024440122068707024,0.6913230974393787,Weak_Bear,0
2016-04-08,186.25685119628903,201.1363677978516,203.4545440673828,199.5909118652344,200.5,9986871.0,0.004312283648413073,0.02443678157695166,0.6828765169331176,Weak_Bear,0
2016-04-11,189.16119384765625,204.2727203369141,204.72726440429688,199.18182373046875,202.0,19813955.0,0.015593212452123195,0.024601927668858443,0.6870136653536718,Weak_Bear,0
2016-04-12,192.57064819335932,207.9545440673828,209.9090881347656,203.4545440673828,203.9090881347656,20594261.0,0.018024068659922454,0.02472044363994048,0.7077128490887807,Weak_Bear,0
2016-04-13,202.5885162353516,218.7727203369141,222.0,211.86363220214844,211.9090881347656,26283492.0,0.05202178076449826,0.02601700225651426,0.7006177051314828,High_Volatility,2
2016-04-18,199.64207458496097,215.5909118652344,221.7727203369141,213.2727203369141,221.36363220214844,17531597.0,-0.014543971717368653,0.026336834351393872,0.7565815550804429,Weak_Bear,0
2016-04-20,200.3997344970703,216.4090881347656,217.81817626953125,212.81817626953125,217.36363220214844,18650423.0,0.0037950913587951884,0.02595399978487625,0.7390510704584435,Weak_Bear,0
2016-04-21,213.02731323242188,230.0454559326172,234.36363220214844,223.86363220214844,223.86363220214844,36699098.0,0.06301195341921062,0.029242987864302045,0.7388826144348305,High_Volatility,2
2016-04-22,212.1433868408203,229.0909118652344,233.6363677978516,227.4545440673828,232.9545440673828,25884500.0,-0.004149357085666994,0.02929675645510568,0.7552110063614369,Weak_Bear,0
2016-04-25,212.9431304931641,229.9545440673828,232.1363677978516,228.31817626953125,230.0909118652344,18121694.0,0.0037698259854022087,0.029075778618849017,0.7091317367545616,Weak_Bear,0
2016-04-26,213.86915588378903,230.9545440673828,231.5454559326172,224.0909118652344,228.0454559326172,30185498.0,0.004348698117099703,0.028990843978467046,0.6803099044139062,Weak_Bear,0
2016-04-27,205.9137725830078,222.36363220214844,228.18182373046875,221.1363677978516,228.0909118652344,36932788.0,-0.03719743161610445,0.030463690451255323,0.6506787919909099,High_Volatility,2
2016-04-28,202.12551879882807,218.2727203369141,225.4545440673828,217.2727203369141,223.0909118652344,41386507.0,-0.01839728220535919,0.029431703080666827,0.6505380695396474,Weak_Bear,0
2016-04-29,199.4737091064453,215.4090881347656,222.18182373046875,210.2727203369141,218.86363220214844,71191415.0,-0.01311961848331511,0.02953639530256104,0.6535539279556888,Weak_Bear,0
2016-05-02,190.886962890625,206.1363677978516,209.5454559326172,204.9090881347656,206.6363677978516,36440547.0,-0.04304700731883504,0.027715183659682334,0.6411153368457598,Weak_Bear,0
2016-05-03,186.13058471679688,201.0,209.0909118652344,200.0,205.22726440429688,29305611.0,-0.024917249988169465,0.02818786857759632,0.6876710920443458,Weak_Bear,0
2016-05-04,180.5323638916016,194.9545440673828,200.72726440429688,194.0454559326172,198.5909118652344,36781786.0,-0.030076845423943288,0.028709402952378272,0.6400829952997864,Weak_Bear,0
2016-05-05,180.70071411132807,195.1363677978516,199.9090881347656,194.31817626953125,194.81817626953125,27512684.0,0.0009325209956678737,0.02869835510139932,0.6488366817943859,Weak_Bear,0
2016-05-06,184.0259704589844,198.72726440429688,200.22726440429688,193.81817626953125,194.5454559326172,22266141.0,0.018402009997634305,0.026562729981113815,0.6605709975814053,High_Volatility,2
2016-05-09,189.6663055419922,204.81817626953125,205.4545440673828,199.18182373046875,199.6363677978516,19006901.0,0.030649669005630376,0.027313873076868455,0.6452380281889747,High_Volatility,2
2016-05-10,189.8346710205078,205.0,206.81817626953125,202.36363220214844,204.9090881347656,22357177.0,0.0008876931410379818,0.027189593679052902,0.6365117015785497,Weak_Bear,0
2016-05-11,188.52980041503903,203.5909118652344,205.9545440673828,198.81817626953125,200.0,32481385.0,-0.006873721214644801,0.027244019764524004,0.6209048239834479,Weak_Bear,0
2016-05-12,195.1382598876953,210.72726440429688,211.72726440429688,207.5,207.72726440429688,23932051.0,0.03505259888944923,0.028127439241259197,0.6276737259854713,High_Volatility,2
2016-05-13,190.67648315429688,205.9090881347656,209.5,203.0909118652344,209.5,23963285.0,-0.022864694683483622,0.028380829849921026,0.6573982536427905,Weak_Bear,0
2016-05-16,188.3614501953125,203.4090881347656,207.0,197.9090881347656,207.0,21535308.0,-0.012141156165079048,0.02567448102562646,0.6478875012939742,Weak_Bear,0
2016-05-17,190.21348571777344,205.4090881347656,206.81817626953125,202.0454559326172,204.86363220214844,18859442.0,0.009832349031824394,0.025692398877653268,0.6874653827968339,Weak_Bear,0
2016-05-18,190.6344146728516,205.86363220214844,206.7727203369141,201.6363677978516,202.72726440429688,17541869.0,0.002212929085914972,0.02567570611355512,0.6331457147518972,Weak_Bear,0
2016-05-19,189.8767547607422,205.0454559326172,207.72726440429688,203.81817626953125,205.86363220214844,16422069.0,-0.003974413084907202,0.020588579871047792,0.6193658256884942,Weak_Bear,0
2016-05-20,185.28872680664065,200.0909118652344,205.72726440429688,199.6363677978516,205.0,14666521.0,-0.024163189221781067,0.021000029610718694,0.6059350797226174,Weak_Bear,0
2016-05-23,186.13058471679688,201.0,203.5454559326172,200.31817626953125,201.9090881347656,14239474.0,0.004543492335800536,0.021020711643207183,0.5881851216635215,Normal_Market,1
2016-05-24,189.0348968505859,204.1363677978516,204.72726440429688,201.4545440673828,202.36363220214844,10907585.0,0.01560362655179981,0.021472109036243806,0.5879331788883138,Normal_Market,1
2016-05-25,197.8321075439453,213.6363677978516,214.18182373046875,206.0,206.31817626953125,20767970.0,0.046537495668393714,0.02315287109219127,0.5822414463405924,High_Volatility,2
2016-05-26,203.00942993164065,219.22726440429688,220.9090881347656,211.81817626953125,214.4545440673828,33650773.0,0.02617028374196173,0.02360619587843473,0.5941760502839432,Normal_Market,1
2016-05-27,204.693115234375,221.0454559326172,225.6363677978516,216.4545440673828,217.2727203369141,26582685.0,0.008293631006703883,0.02344183606201186,0.6086069679625343,Weak_Bear,0
2016-05-30,205.82960510253903,222.2727203369141,224.18182373046875,217.0909118652344,221.1363677978516,15860236.0,0.005552164599492038,0.020963141163880705,0.5947823664945514,Normal_Market,1
2016-05-31,205.95587158203125,222.4090881347656,226.36363220214844,219.36363220214844,225.86363220214844,18249239.0,0.0006134514975593142,0.019858914332147558,0.5980325731260048,Normal_Market,1
2016-06-01,202.0834197998047,218.22726440429688,223.1363677978516,217.36363220214844,221.72726440429688,11862710.0,-0.01880233737684034,0.018941894797060266,0.5313751590349248,Normal_Market,1
2016-06-02,203.1778106689453,219.4090881347656,220.36363220214844,216.0,217.36363220214844,15349530.0,0.005415540128056007,0.018907468007934847,0.5063693391094427,Normal_Market,1
2016-06-03,205.19822692871097,221.5909118652344,224.0,220.0,220.81817626953125,16566716.0,0.009944079292485863,0.018710150617690643,0.49041816513206893,Normal_Market,1
2016-06-06,204.98777770996097,221.36363220214844,223.6363677978516,220.0,221.2727203369141,11592082.0,-0.0010255898498728877,0.017798760879834452,0.47821094212021287,Normal_Market,1
2016-06-07,213.9112701416016,231.0,231.68182373046875,222.4545440673828,223.18182373046875,25311345.0,0.0435318267817244,0.019838562167537377,0.48136616234045365,Normal_Market,1
2016-06-08,216.89974975585932,234.22726440429688,237.4545440673828,229.81817626953125,232.0,25139392.0,0.013970650598631229,0.019663843203461956,0.527494896501301,Normal_Market,1
2016-06-09,214.29006958007807,231.4090881347656,235.68182373046875,230.18182373046875,233.6363677978516,13787240.0,-0.012031734378295411,0.01896164953267521,0.5612446298857321,Normal_Market,1
2016-06-10,212.6484832763672,229.6363677978516,234.22726440429688,228.6363677978516,230.0,13236448.0,-0.007660580384932114,0.018075658110286122,0.5776755505233858,Normal_Market,1
2016-06-13,205.19822692871097,221.5909118652344,225.81817626953125,220.4090881347656,225.81817626953125,14297870.0,-0.035035548962620844,0.019893291379364117,0.5801627923720133,Weak_Bear,0
2016-06-14,206.20843505859372,222.68182373046875,224.9545440673828,222.0909118652344,224.5454559326172,11988708.0,0.004923084107513853,0.01985397501113751,0.621208102781284,Weak_Bear,0
2016-06-15,208.73394775390625,225.4090881347656,226.5454559326172,219.6363677978516,223.18182373046875,15761615.0,0.012247378215129334,0.019926948816938725,0.5507395070685916,Normal_Market,1
2016-06-16,205.3832092285156,217.31817626953125,221.5454559326172,216.4090881347656,221.5454559326172,17042021.0,-0.016052676440255542,0.020382533150817957,0.5002990336302188,Normal_Market,1
2016-06-17,204.86770629882807,216.7727203369141,220.18182373046875,213.7727203369141,219.5,15150943.0,-0.00250995654232844,0.01934955577737107,0.509033055754635,Normal_Market,1
2016-06-20,204.5670166015625,216.4545440673828,217.68182373046875,212.4090881347656,212.4090881347656,17780316.0,-0.0014677261863174085,0.019407078095752314,0.5118310580161579,Normal_Market,1
2016-06-21,204.3522186279297,216.22726440429688,219.0909118652344,214.7727203369141,218.4090881347656,12191664.0,-0.0010500127400849824,0.019281008185831533,0.5106169898145235,Normal_Market,1
2016-06-22,205.3402404785156,217.2727203369141,220.31817626953125,214.36363220214844,215.5454559326172,13478056.0,0.004834896617319506,0.016502330476792358,0.5645303780425024,Normal_Market,1
2016-06-23,206.97265625,219.0,219.5,214.5909118652344,217.31817626953125,7979235.0,0.007949809387971296,0.015574196030052029,0.5935098980104108,Normal_Market,1
2016-06-24,198.42401123046875,209.9545440673828,211.72726440429688,201.0,208.18182373046875,33755632.0,-0.04130325799754653,0.01810796232867228,0.5861809383556764,Weak_Bear,0
2016-06-27,199.9275360107422,211.5454559326172,213.0909118652344,208.4545440673828,208.4545440673828,13172968.0,0.007577332858809571,0.018154474205805144,0.6121525872310911,Weak_Bear,0
2016-06-28,200.31411743164065,211.9545440673828,212.9090881347656,209.0909118652344,209.6363677978516,11302737.0,0.0019336076891263154,0.01816418173143629,0.6291474098421822,Weak_Bear,0
2016-06-29,203.3212127685547,215.1363677978516,216.6363677978516,212.9545440673828,214.4545440673828,7959976.0,0.015011899188484445,0.018015625532768215,0.5776081722760454,Normal_Market,1
2016-06-30,206.6719512939453,218.68182373046875,220.72726440429688,217.5454559326172,217.72726440429688,16851065.0,0.016480024291439133,0.018342719508302092,0.5544175184242675,Normal_Market,1
2016-07-01,206.50010681152344,218.5,220.5909118652344,217.7727203369141,219.72726440429688,9108853.0,-0.0008314842984061821,0.01822446622474021,0.577745482909406,Normal_Market,1
2016-07-04,213.2016143798828,225.5909118652344,226.31817626953125,219.9090881347656,221.0,10389222.0,0.03245280436816422,0.019567437034302464,0.5721396935337227,Normal_Market,1
2016-07-05,210.5811462402344,222.81817626953125,228.2727203369141,222.31817626953125,228.0,10375132.0,-0.012291033289172248,0.017190756278508624,0.5866697960785036,Normal_Market,1
2016-07-07,210.36636352539065,222.5909118652344,224.5909118652344,221.81817626953125,222.72726440429688,8365966.0,-0.0010199522544089845,0.016843362795149468,0.6212800355091813,Weak_Bear,0
2016-07-08,207.8747711181641,219.9545440673828,222.2727203369141,217.7727203369141,222.2727203369141,7658211.0,-0.011844062736416694,0.01683717456636195,0.654445247236171,Weak_Bear,0
2016-07-11,214.6622009277344,227.1363677978516,227.9090881347656,224.18182373046875,224.18182373046875,9682385.0,0.032651532329106336,0.018387622027310268,0.6651044268562973,Weak_Bear,0
2016-07-12,224.84327697753903,237.9090881347656,238.36363220214844,227.9545440673828,228.72726440429688,28558549.0,0.047428359561225486,0.019196437822200655,0.692225076899425,High_Volatility,2
2016-07-13,224.3707427978516,237.4090881347656,243.36363220214844,235.5454559326172,240.22726440429688,28248930.0,-0.00210161578340029,0.019257388644314748,0.7095647838091965,Weak_Bear,0
2016-07-14,230.7715301513672,244.18182373046875,245.0909118652344,236.0454559326172,237.2727203369141,14269365.0,0.028527727250439394,0.019938392806167958,0.7029933376269327,Weak_Bear,0
2016-07-15,228.3228759765625,241.5909118652344,245.31817626953125,239.4545440673828,245.0,11510449.0,-0.010610729032296873,0.019668125521250374,0.67982401808113,Weak_Bear,0
2016-07-18,226.30389404296875,239.4545440673828,246.5909118652344,238.68182373046875,241.6363677978516,14310274.0,-0.00884266162537739,0.019853808195843092,0.6919178156453397,Weak_Bear,0
2016-07-19,231.2440490722656,244.68182373046875,245.9090881347656,239.31817626953125,240.9090881347656,14880049.0,0.021829739387333902,0.02012520037892335,0.664136226559402,Weak_Bear,0
2016-07-20,229.8264617919922,243.18182373046875,243.81817626953125,241.31817626953125,242.72726440429688,7892214.0,-0.006130264912591943,0.020255013948039483,0.6705048727866485,Weak_Bear,0
2016-07-21,225.01510620117188,238.0909118652344,244.5454559326172,237.5454559326172,242.6363677978516,12060367.0,-0.020934732899359987,0.021139079065425326,0.6822930569411911,Weak_Bear,0
2016-07-22,226.34683227539065,239.5,240.36363220214844,235.31817626953125,238.5,8537587.0,0.005918385199561449,0.021128008550511265,0.6829790146499425,Weak_Bear,0
2016-07-25,230.81446838378903,244.22726440429688,246.31817626953125,237.0454559326172,238.0909118652344,11311554.0,0.019738010306955545,0.01836129064263389,0.692184312216727,Weak_Bear,0
2016-07-26,224.80035400390625,237.86363220214844,245.0,236.4545440673828,244.0454559326172,11896758.0,-0.026056054553230013,0.019856949022550585,0.6537265117011413,Weak_Bear,0
2016-07-27,232.4898376464844,246.0,248.9090881347656,238.9090881347656,238.9090881347656,26003949.0,0.034205834224106946,0.020792714729418453,0.5534408728684107,Normal_Market,1
2016-07-28,233.69265747070312,247.2727203369141,249.0909118652344,245.86363220214844,246.2727203369141,9781546.0,0.005173644733873051,0.02072637559316684,0.44421965822577264,Normal_Market,1
2016-07-29,225.8742523193359,239.0,246.68182373046875,238.22726440429688,245.5,21115025.0,-0.03345592983531098,0.02248144856010559,0.445768996014974,Normal_Market,1
2016-08-01,214.36148071289065,226.81817626953125,237.5454559326172,225.6363677978516,232.6363677978516,42583051.0,-0.05096982718583065,0.02569535043406776,0.44566417529427393,Normal_Market,1
2016-08-02,210.75299072265625,223.0,226.7727203369141,222.72726440429688,226.7727203369141,20758831.0,-0.016833667962330878,0.024993398752212233,0.42697562043899073,Normal_Market,1
2016-08-03,208.003662109375,220.0909118652344,224.7727203369141,218.68182373046875,222.4545440673828,17910406.0,-0.013045264998869044,0.025013035511348345,0.43274366519729224,Normal_Market,1
2016-08-04,206.50010681152344,218.5,222.7727203369141,215.1363677978516,222.5909118652344,29931529.0,-0.00722850397249708,0.025060678812018053,0.4405596656853523,Normal_Market,1
2016-08-05,211.3114318847656,223.5909118652344,226.0454559326172,221.9090881347656,221.9090881347656,16307350.0,0.0232993829762691,0.025461789647134286,0.45936772231514117,Normal_Market,1
2016-08-08,210.7100372314453,222.9545440673828,225.18182373046875,222.31817626953125,223.72726440429688,11906856.0,-0.002846010970425139,0.024362200813316134,0.4964279889275469,Normal_Market,1
2016-08-09,210.79592895507807,223.0454559326172,225.9090881347656,222.2727203369141,223.0909118652344,12642014.0,0.0004076299580280107,0.02158968040927507,0.4641887155113565,Normal_Market,1
2016-08-10,205.6409454345703,217.5909118652344,224.1363677978516,216.5,223.6363677978516,12527824.0,-0.024454853307941837,0.022113097773445438,0.47547590330293976,Normal_Market,1
2016-08-11,208.5191802978516,220.6363677978516,221.22726440429688,215.9545440673828,218.18182373046875,9477854.0,0.013996409407663668,0.02120414368530065,0.4457002174549746,Normal_Market,1
2016-08-12,211.3114318847656,223.5909118652344,225.0909118652344,219.2727203369141,221.36363220214844,11727486.0,0.0133908620920411,0.021537057906107222,0.45597477934604375,Normal_Market,1
2016-08-16,213.54525756835932,225.9545440673828,226.7727203369141,221.68182373046875,223.6363677978516,13111524.0,0.010571248624219765,0.02172698156889229,0.45923394945697327,Normal_Market,1
2016-08-17,212.7290954589844,225.0909118652344,228.72726440429688,222.9090881347656,225.5454559326172,12875115.0,-0.0038219631691593925,0.02094768001192453,0.43252278237947067,Normal_Market,1
2016-08-18,217.28260803222656,229.9090881347656,230.72726440429688,225.22726440429688,225.31817626953125,20725328.0,0.021405217576925706,0.02168886735280186,0.41913187155503834,Normal_Market,1
2016-08-19,218.1417999267578,230.81817626953125,232.4545440673828,228.68182373046875,230.0,14519513.0,0.003954259856839615,0.021290485558901565,0.4489222032022513,Normal_Market,1
2016-08-22,216.7241668701172,229.31817626953125,231.7727203369141,226.0909118652344,231.1363677978516,9076842.0,-0.00649867681075611,0.021248918396852102,0.4612560152469092,Normal_Market,1
2016-08-23,214.96290588378903,227.4545440673828,229.0909118652344,226.1363677978516,227.68182373046875,10995821.0,-0.008126740140538491,0.02065707990546186,0.5123123750581137,Normal_Market,1
2016-08-24,213.45933532714844,225.86363220214844,228.81817626953125,225.31817626953125,227.4545440673828,9228359.0,-0.0069945582027693964,0.019982896907788997,0.492466940854181,Normal_Market,1
2016-08-25,212.1705780029297,224.5,227.4545440673828,223.72726440429688,225.4090881347656,14901359.0,-0.006037484011854555,0.01803475046640055,0.49419741530320216,Normal_Market,1
2016-08-26,210.75299072265625,223.0,226.18182373046875,221.0909118652344,225.6363677978516,11490424.0,-0.006681356546306194,0.01789763142120462,0.4778535192761312,Normal_Market,1
2016-08-29,215.2206573486328,227.72726440429688,229.68182373046875,222.36363220214844,222.72726440429688,9206563.0,0.0211985918238089,0.017491779305260306,0.5084896423615393,Normal_Market,1
2016-08-30,220.1608123779297,232.9545440673828,233.5454559326172,229.0909118652344,229.0909118652344,15251016.0,0.02295390735330005,0.014149567284628952,0.48955806080634295,Normal_Market,1
2016-08-31,221.6643524169922,234.5454559326172,237.1363677978516,233.6363677978516,233.72726440429688,16906022.0,0.006829280937070248,0.013517179702938606,0.4669671689151403,Normal_Market,1
2016-09-01,224.1988983154297,237.22726440429688,240.0,235.22726440429688,235.22726440429688,18098850.0,0.01143416102228989,0.013127332766218098,0.46117114120053754,Normal_Market,1
2016-09-02,224.49961853027344,237.5454559326172,240.2727203369141,236.5909118652344,238.6363677978516,8034006.0,0.0013413099578243326,0.012884736362261073,0.4692624129798061,Normal_Market,1
2016-09-06,234.29409790039065,247.9090881347656,249.0,238.81817626953125,238.81817626953125,23274042.0,0.04362804460087055,0.015080047985515115,0.4738236289861528,Normal_Market,1
2016-09-07,238.97653198242188,252.86363220214844,257.9545593261719,247.4090881347656,249.0909118652344,35379184.0,0.019985283982791424,0.015294970804304643,0.5244138724340696,Normal_Market,1
2016-09-08,237.43003845214844,251.22726440429688,255.18182373046875,250.5,253.2727203369141,13116475.0,-0.006471319662414321,0.015513175156092615,0.49139692885994873,Normal_Market,1
2016-09-09,235.4969482421875,249.18182373046875,250.9090881347656,245.5454559326172,249.5909118652344,16649877.0,-0.008141725548136747,0.014196154256296346,0.4905240844379857,Normal_Market,1
2016-09-12,230.42784118652344,243.81817626953125,244.9545440673828,238.81817626953125,242.72726440429688,20617372.0,-0.021525149661179244,0.015429505835835815,0.5011189687556847,Normal_Market,1
2016-09-14,233.22010803222656,246.7727203369141,248.9090881347656,242.1363677978516,242.4545440673828,16807794.0,0.012117749449567894,0.015396176536256878,0.5343866220957619,Normal_Market,1
2016-09-15,232.4898376464844,246.0,248.86363220214844,243.81817626953125,247.0,12135372.0,-0.0031312496675511836,0.015442641008650337,0.5782854133806891,Normal_Market,1
2016-09-16,229.69757080078125,243.0454559326172,250.5454559326172,242.0909118652344,247.0454559326172,32955498.0,-0.012010274831663725,0.01577622325450605,0.5736094207036778,Normal_Market,1
2016-09-19,233.34901428222656,246.9090881347656,247.6363677978516,243.4545440673828,243.6363677978516,15144399.0,0.015896744004368468,0.01550134864171038,0.6124113887157949,Normal_Market,1
2016-09-20,233.77859497070312,247.36363220214844,249.2727203369141,244.86363220214844,247.18182373046875,11030397.0,0.0018409363750599983,0.01550662599083114,0.6322309715181017,Weak_Bear,0
2016-09-21,231.888427734375,245.36363220214844,248.18182373046875,242.68182373046875,248.0,12736748.0,-0.008085287862068857,0.01556485257270209,0.6275765473353511,Weak_Bear,0
2016-09-22,236.69973754882807,250.4545440673828,252.6363677978516,247.5454559326172,250.9090881347656,14886284.0,0.02074838257976519,0.015767396095577358,0.6527354865720156,Weak_Bear,0
2016-09-23,233.0482940673828,246.5909118652344,250.7727203369141,245.36363220214844,250.72726440429688,17977571.0,-0.015426478792322285,0.01620995578167664,0.6357675216175124,Weak_Bear,0
2016-09-26,225.5735626220703,238.68182373046875,244.2727203369141,238.0,244.0909118652344,15868805.0,-0.03207374452246059,0.01804439669769688,0.613222067992399,Weak_Bear,0
2016-09-27,223.38267517089844,236.36363220214844,240.2727203369141,235.4545440673828,239.5909118652344,17356843.0,-0.009712518726507469,0.018144401777761245,0.6423159887270882,Weak_Bear,0
2016-09-28,224.02706909179688,237.0454559326172,238.5909118652344,235.5,236.72726440429688,17881785.0,0.002884708585414897,0.017636355138269454,0.6449815676583337,Weak_Bear,0
2016-09-29,215.09178161621097,227.5909118652344,239.5454559326172,221.18182373046875,239.0909118652344,48140661.0,-0.039884856378336164,0.019258614692826866,0.5933700131078361,Weak_Bear,0
2016-09-30,216.6382293701172,229.22726440429688,230.2727203369141,224.5,225.5,15104920.0,0.007189711026084344,0.019266481658857824,0.5718478005359299,Normal_Market,1
2016-10-03,220.0749053955078,232.86363220214844,233.5454559326172,227.36363220214844,228.18182373046875,18062317.0,0.01586366374661985,0.019441240801304188,0.5645571988986394,Normal_Market,1
2016-10-04,221.8361968994141,234.72726440429688,236.31817626953125,231.72726440429688,233.5,16201324.0,0.008003145568737047,0.019535766670393872,0.5722643709709482,Normal_Market,1
2016-10-05,219.47349548339844,232.22726440429688,236.9090881347656,231.4545440673828,236.31817626953125,16039581.0,-0.010650657778301875,0.016652681866250196,0.5401021477020135,Normal_Market,1
2016-10-06,215.86502075195312,228.4090881347656,233.68182373046875,226.5454559326172,233.6363677978516,13854468.0,-0.016441505720303562,0.015969577796455425,0.542508669602985,Normal_Market,1
2016-10-07,215.3065490722656,227.81817626953125,230.81817626953125,225.6363677978516,228.0909118652344,10506728.0,-0.0025871337456254695,0.01597372685284586,0.53359710596128,Normal_Market,1
2016-10-10,214.87698364257807,227.36363220214844,230.18182373046875,226.5,229.0,6611211.0,-0.0019951340613579838,0.015964290186628295,0.5530023526085099,Normal_Market,1
2016-10-13,207.1874237060547,219.22726440429688,225.81817626953125,217.36363220214844,225.2727203369141,20736801.0,-0.03578587062313776,0.01704876955579472,0.5782140216054773,Weak_Bear,0
2016-10-14,207.70294189453125,219.7727203369141,220.9090881347656,217.9090881347656,219.2727203369141,10761830.0,0.0024881731683095154,0.016666780088603627,0.6197931300502585,Weak_Bear,0
2016-10-17,222.3087310791016,235.22726440429688,236.2727203369141,223.22726440429688,223.6363677978516,69082439.0,0.07032056961420885,0.02381100372410358,0.5979314970672631,High_Volatility,2
2016-10-18,232.27505493164065,245.7727203369141,246.72726440429688,235.9090881347656,235.9545440673828,41861705.0,0.04483100508091531,0.025854240756214224,0.5219258012961644,High_Volatility,2
2016-10-19,227.72146606445312,240.9545440673828,247.0,239.31817626953125,246.68182373046875,19968759.0,-0.019604295728302246,0.025986692719099612,0.39133417327894915,Normal_Market,1
2016-10-20,238.5039825439453,252.36363220214844,253.5454559326172,242.86363220214844,242.86363220214844,36280178.0,0.0473495830930597,0.02814264859998389,0.3813071526430052,Normal_Market,1
2016-10-21,238.3321533203125,252.18182373046875,254.5909118652344,249.18182373046875,251.1363677978516,26362877.0,-0.0007204459305041322,0.028060458240167317,0.35454230585023344,Normal_Market,1
2016-10-24,244.4751739501953,258.68182373046875,260.4090881347656,253.7727203369141,253.7727203369141,22219428.0,0.025775039348663764,0.028261467183790235,0.3848512858926751,Normal_Market,1
2016-10-25,248.5132751464844,262.9545593261719,265.0909118652344,258.7272644042969,262.9090881347656,25090671.0,0.016517428461311656,0.028127639964544822,0.3947322471490431,Normal_Market,1
2016-10-26,239.1913146972656,253.0909118652344,258.5909118652344,251.81817626953125,258.5909118652344,30017739.0,-0.03751091543791385,0.028514082290270238,0.3926151216411972,Normal_Market,1
2016-10-27,244.2604217529297,258.4545593261719,259.0909118652344,250.0,252.18182373046875,19868027.0,0.021192688631189727,0.02860810709004174,0.4209345280391629,Normal_Market,1
2016-10-28,237.859619140625,251.68182373046875,256.81817626953125,250.5,256.3636474609375,18314125.0,-0.02620482911791222,0.029441257598960352,0.4787883523896664,High_Volatility,2
2016-11-01,236.57086181640625,250.31817626953125,254.31817626953125,249.5454559326172,254.0454559326172,11675305.0,-0.005418142553473171,0.02773298192274898,0.4851354963348565,Normal_Market,1
2016-11-02,233.6067657470703,247.18182373046875,248.4090881347656,244.31817626953125,245.4545440673828,15140657.0,-0.012529421614214997,0.028005114013934646,0.44887271362905873,Normal_Market,1
2016-11-03,231.7595367431641,245.22726440429688,251.2727203369141,244.0,247.2727203369141,12484687.0,-0.007907429384584885,0.027985998159267306,0.4300980640420099,Normal_Market,1
2016-11-04,231.802490234375,245.2727203369141,247.72726440429688,241.22726440429688,247.18182373046875,16361493.0,0.0001853364561152926,0.027966384148834275,0.4202425762323996,Normal_Market,1
2016-11-07,239.44903564453125,253.36363220214844,255.6363677978516,247.72726440429688,250.72726440429688,18741014.0,0.032987330733267095,0.02857666278289853,0.41161633134877046,Normal_Market,1
2016-11-08,243.31532287597656,257.4545593261719,261.31817626953125,252.9545440673828,259.81817626953125,35153751.0,0.016146597630006365,0.02823191518965652,0.45412200904638633,Normal_Market,1
2016-11-09,241.811767578125,255.86363220214844,258.8636474609375,222.72726440429688,231.72726440429688,51055067.0,-0.006179451750426557,0.028303282007372633,0.44376336111588427,Normal_Market,1
2016-11-10,251.3914794921875,266.0,271.2727355957031,260.6363525390625,262.2727355957031,29137485.0,0.03961640084768603,0.029185088175073086,0.4767226103399806,High_Volatility,2
2016-11-11,237.47299194335932,251.2727203369141,267.5,249.5454559326172,261.1363525390625,33036653.0,-0.05536578875681719,0.03101216714237849,0.49061480624971765,High_Volatility,2
2016-11-15,231.7595367431641,245.22726440429688,255.2727203369141,241.9545440673828,251.81817626953125,37961485.0,-0.0240593894633625,0.03178734731234019,0.5485393202326339,High_Volatility,2
2016-11-16,228.7095184326172,242.0,252.9090881347656,240.18182373046875,251.4545440673828,26473183.0,-0.013160271000743906,0.028167707368242884,0.5365059039980089,Normal_Market,1
2016-11-17,229.9553070068359,243.31817626953125,246.0454559326172,240.0,243.5909118652344,14654093.0,0.005447034223832414,0.026316716103064484,0.4775941923466833,Normal_Market,1
2016-11-18,227.3348693847656,240.5454559326172,244.5454559326172,238.4545440673828,244.0454559326172,9983933.0,-0.011395421380696491,0.026060461669717316,0.44059384857105227,Normal_Market,1
2016-11-21,224.4137115478516,237.4545440673828,242.72726440429688,231.68182373046875,242.0,21625818.0,-0.012849581081949779,0.02370257353491482,0.416635070272798,Normal_Market,1
2016-11-22,225.70245361328125,238.81817626953125,242.36363220214844,235.72726440429688,240.9090881347656,23906788.0,0.005742706435096112,0.02377595668695206,0.4065855509768472,Normal_Market,1
2016-11-23,227.63555908203125,240.86363220214844,241.68182373046875,236.81817626953125,240.0909118652344,17154845.0,0.008564840292175857,0.022999475988413832,0.4065430354159839,Normal_Market,1
2016-11-24,222.78126525878903,235.72726440429688,239.81817626953125,234.5454559326172,239.81817626953125,22563160.0,-0.021324848555374087,0.022838589924283177,0.3728134902599221,Normal_Market,1
2016-11-25,223.4686279296875,236.4545440673828,238.5454559326172,233.68182373046875,238.5454559326172,16611698.0,0.00308537017284638,0.021585525549071685,0.3484303010123721,Normal_Market,1
2016-11-28,219.34461975097656,232.0909118652344,233.31817626953125,230.4545440673828,233.31817626953125,32939718.0,-0.018454528570375106,0.0210439894229532,0.3453373003073226,Normal_Market,1
2016-11-29,219.47349548339844,232.22726440429688,235.81817626953125,231.18182373046875,232.2727203369141,32329662.0,0.0005875490931492866,0.020478562960199183,0.3953362653612989,Normal_Market,1
2016-11-30,228.1510467529297,241.4090881347656,242.2727203369141,232.68182373046875,234.0454559326172,20731093.0,0.03953803738541928,0.02264582827383336,0.3987844211023587,Normal_Market,1
2016-12-01,222.6524200439453,235.5909118652344,243.6363677978516,234.31817626953125,242.0454559326172,15792045.0,-0.024100817363064575,0.02308423709550659,0.3876669765708513,Normal_Market,1
2016-12-02,222.95309448242188,235.9090881347656,240.5454559326172,232.5909118652344,234.5454559326172,12275345.0,0.0013504207069350294,0.023055404234935416,0.395738167387717,Normal_Market,1
2016-12-05,224.1129913330078,237.1363677978516,237.6363677978516,234.36363220214844,236.0,8305074.0,0.005202425439658542,0.023104033217913992,0.38748577213897234,Normal_Market,1
2016-12-06,224.2418365478516,237.2727203369141,238.7727203369141,235.9545440673828,238.4090881347656,8335181.0,0.0005749118517288654,0.021653977543654147,0.400732834647713,Normal_Market,1
2016-12-07,222.26577758789065,235.18182373046875,240.36363220214844,228.18182373046875,238.9090881347656,13635680.0,-0.008812177916404429,0.021203850277767233,0.42198783722022526,Normal_Market,1
2016-12-08,225.7454071044922,238.86363220214844,239.4545440673828,234.9090881347656,236.86363220214844,11336250.0,0.01565526440626064,0.02165918835033086,0.39896673321170756,Normal_Market,1
2016-12-09,230.64263916015625,244.0454559326172,245.2727203369141,239.0909118652344,239.9545440673828,17533272.0,0.02169360660966735,0.020109426390970304,0.3932441688932665,Normal_Market,1
2016-12-12,227.5496368408203,240.7727203369141,243.9090881347656,239.86363220214844,243.18182373046875,7515935.0,-0.013410366489902126,0.016309859662455534,0.4051775622640468,Normal_Market,1
2016-12-13,227.1629943847656,240.36363220214844,241.22726440429688,238.6363677978516,239.4545440673828,10265621.0,-0.0016991565507318285,0.01546298431279253,0.4389556247860265,Normal_Market,1
2016-12-14,223.8552398681641,236.86363220214844,240.6363677978516,236.36363220214844,240.4545440673828,14369017.0,-0.014561150356201424,0.015524549954548269,0.443188424226594,Normal_Market,1
2016-12-15,223.64044189453125,236.6363677978516,237.9090881347656,234.31817626953125,235.18182373046875,24089601.0,-0.00095953962819606,0.015451351390308128,0.4252650813720544,Normal_Market,1
2016-12-16,219.60238647460932,232.36363220214844,236.36363220214844,231.68182373046875,236.36363220214844,24984316.0,-0.01805601610207097,0.015749777062197774,0.39905419308925527,Normal_Market,1
2016-12-19,220.89112854003903,233.72726440429688,235.4090881347656,231.5909118652344,232.18182373046875,7417692.0,0.005868524864955038,0.015602290171250652,0.37342107500759514,Normal_Market,1
2016-12-20,216.16571044921875,228.72726440429688,233.36363220214844,227.5,233.36363220214844,11590031.0,-0.021392520931250325,0.016183763551262536,0.3304726245383124,Normal_Market,1
2016-12-21,217.5832977294922,230.22726440429688,232.1363677978516,228.36363220214844,230.0,7685724.0,0.00655787301939581,0.016120694950403035,0.32201347003370234,Normal_Market,1
2016-12-22,217.3255920410156,229.9545440673828,231.6363677978516,227.86363220214844,229.72726440429688,8951470.0,-0.001184400140846198,0.015474842832706033,0.2925797923816608,Normal_Market,1
2016-12-23,216.3805084228516,228.9545440673828,231.5909118652344,227.4090881347656,229.9545440673828,6932571.0,-0.004348699153598257,0.015457639561262806,0.2847395979687847,Normal_Market,1
2016-12-26,213.2016143798828,225.5909118652344,229.5,224.6363677978516,229.31817626953125,6767153.0,-0.014691221802458188,0.015262026206156465,0.3294307984219866,Normal_Market,1
2016-12-27,217.84109497070312,230.5,231.22726440429688,224.2727203369141,226.36363220214844,9094498.0,0.021761001220908627,0.016111270196007017,0.47958766164051503,Normal_Market,1
2016-12-28,216.29458618164065,228.86363220214844,231.6363677978516,228.22726440429688,230.9090881347656,9176829.0,-0.007099251815964602,0.013152735790976072,0.5371608132877186,Normal_Market,1
2016-12-29,215.7361297607422,228.2727203369141,230.0,227.31817626953125,229.18182373046875,6379633.0,-0.0025819250992693554,0.01214107073912547,0.5488978761029585,Normal_Market,1
2016-12-30,219.34461975097656,232.0909118652344,234.0909118652344,228.5,229.0909118652344,11565801.0,0.016726405513236564,0.012800423233554858,0.5336271744524245,Normal_Market,1
2017-01-02,216.46641540527344,229.0454559326172,233.0,225.5454559326172,233.0,10404350.0,-0.013121836993178926,0.013006990573067772,0.5176831615864314,Normal_Market,1
2017-01-03,218.5713653564453,231.2727203369141,232.18182373046875,226.6363677978516,229.18182373046875,10236706.0,0.009724141027747546,0.013248164748954239,0.4788712131345535,Normal_Market,1
2017-01-04,215.7361297607422,228.2727203369141,232.5,227.6363677978516,231.1363677978516,6901181.0,-0.012971669875783798,0.013405721324371804,0.44946879697681935,Normal_Market,1
2017-01-05,221.02000427246097,233.86363220214844,235.0,229.2727203369141,230.18182373046875,13830668.0,0.02449230232126043,0.01412399767543948,0.4009930672469414,Normal_Market,1
2017-01-06,221.79324340820312,234.68182373046875,237.6363677978516,233.81817626953125,234.7727203369141,9055143.0,0.0034985029445069316,0.013139534739668125,0.38451783610274465,Normal_Market,1
2017-01-09,222.26577758789065,235.18182373046875,236.22726440429688,232.72726440429688,234.4545440673828,7875294.0,0.002130516567711016,0.01287822390640536,0.39767544235192787,Normal_Market,1
2017-01-10,223.55453491210932,236.5454559326172,238.0909118652344,234.81817626953125,236.36363220214844,14784040.0,0.0057982715027240506,0.012968528855468045,0.447763186694076,Normal_Market,1
2017-01-11,227.4207305908203,240.6363677978516,243.72726440429688,237.81817626953125,238.6363677978516,19565679.0,0.017294194815734798,0.013134329779459514,0.4514890755543576,Normal_Market,1
2017-01-12,230.55670166015625,243.9545440673828,245.0,241.31817626953125,242.36363220214844,11711279.0,0.013789292916212892,0.013436635721287404,0.4402337485579464,Normal_Market,1
2017-01-13,230.2989959716797,243.68182373046875,245.4545440673828,240.72726440429688,245.4545440673828,7810375.0,-0.0011177540562513633,0.012642190564366372,0.41334240344890094,Normal_Market,1
2017-01-16,231.3729248046875,244.81817626953125,246.22726440429688,240.72726440429688,243.0909118652344,8863676.0,0.004663193725516157,0.012627934397832925,0.3911557693178765,Normal_Market,1
2017-01-17,230.5996856689453,244.0,246.81817626953125,241.36363220214844,245.0,6968061.0,-0.003341960328309468,0.011426095614823136,0.34907922141126485,Normal_Market,1
2017-01-18,230.64263916015625,244.0454559326172,247.36363220214844,242.5,243.0909118652344,10085606.0,0.0001862686459712659,0.011419269513962313,0.35594910954730935,Normal_Market,1
2017-01-19,231.71661376953125,245.18182373046875,246.0909118652344,242.0,244.36363220214844,8605687.0,0.004656444330006337,0.011381781228199685,0.3699818706570563,Normal_Market,1
2017-01-20,226.34683227539065,239.5,243.5909118652344,238.68182373046875,242.72726440429688,12207059.0,-0.023173916650972015,0.012742299322285372,0.404891200843526,Normal_Market,1
2017-01-23,221.2777557373047,234.1363677978516,238.0,231.9545440673828,238.0,43793368.0,-0.02239517331489993,0.013384237559968135,0.43321537214942385,Normal_Market,1
2017-01-24,220.93409729003903,233.7727203369141,235.0454559326172,232.4090881347656,235.0454559326172,26520047.0,-0.0015530636874030446,0.01255732852629764,0.49097611466423563,Normal_Market,1
2017-01-25,223.33973693847656,236.31817626953125,237.0909118652344,232.36363220214844,235.4545440673828,41078083.0,0.010888494252109249,0.012607347954018761,0.5088412489524906,Normal_Market,1
2017-01-27,233.69265747070312,247.2727203369141,249.0909118652344,237.0,239.1363677978516,89433645.0,0.046355031460785234,0.01602294036762457,0.5118779230805593,Normal_Market,1
2017-01-30,232.6616668701172,246.18182373046875,250.5454559326172,245.18182373046875,248.18182373046875,17037472.0,-0.004411737243884883,0.01584423466714004,0.4865623491327953,Normal_Market,1
2017-01-31,231.07223510742188,244.5,249.0909118652344,242.22726440429688,244.36363220214844,20535165.0,-0.006831515410669731,0.01556590110108468,0.47482622059792745,Normal_Market,1
2017-02-01,241.4251708984375,255.4545440673828,257.7272644042969,238.9090881347656,241.68182373046875,44647342.0,0.04480389340676383,0.018089731708174923,0.4217216376942971,Normal_Market,1
2017-02-02,245.5491180419922,259.81817626953125,261.3636474609375,255.0454559326172,256.3636474609375,28910922.0,0.017081678468768846,0.017751296098423533,0.42251744768716376,Normal_Market,1
2017-02-03,241.8976898193359,255.9545440673828,259.0454406738281,253.4545440673828,259.0454406738281,20058936.0,-0.014870459530756053,0.01784971856306612,0.3937459417414184,Normal_Market,1
2017-02-06,249.4153594970703,263.9090881347656,265.68182373046875,257.7727355957031,257.7727355957031,22521926.0,0.03107788951332724,0.018794555820872055,0.4009711020942919,Normal_Market,1
2017-02-07,247.52523803710932,261.9090881347656,266.0909118652344,259.3636474609375,261.81817626953125,12829302.0,-0.007578207949070603,0.019025125636254286,0.3827942533103857,Normal_Market,1
2017-02-08,245.5491180419922,259.81817626953125,262.2727355957031,257.0,261.81817626953125,16662978.0,-0.007983509119263488,0.019264355234522038,0.41606165041370496,Normal_Market,1
2017-02-09,244.86180114746097,259.0909118652344,262.5,253.2727203369141,260.5454406738281,16631183.0,-0.0027991014588522045,0.019105991355889012,0.42669361793978716,Normal_Market,1
2017-02-10,241.9406280517578,256.0,260.1363525390625,254.6363677978516,259.6363525390625,16771421.0,-0.01192988486572455,0.019268227399899078,0.41622964677728513,Normal_Market,1
2017-02-13,241.9835968017578,256.0454406738281,258.2727355957031,254.1363677978516,256.81817626953125,13144434.0,0.00017760039041814224,0.019257295263859418,0.41842097145488644,Normal_Market,1
2017-02-14,244.5610809326172,258.7727355957031,259.9090881347656,255.72726440429688,257.2727355957031,12889195.0,0.010651482848116123,0.019336615991583685,0.45436319822276017,Normal_Market,1
2017-02-15,241.21034240722656,255.22726440429688,260.3636474609375,253.2727203369141,259.2727355957031,14420745.0,-0.013701029258673558,0.019650234710256752,0.43878539719666937,Normal_Market,1
2017-02-16,239.5349884033203,253.4545440673828,255.86363220214844,248.0454559326172,255.72726440429688,20257845.0,-0.006945614301553493,0.019757562028696263,0.44449930800425336,Normal_Market,1
2017-02-17,243.1434783935547,257.2727355957031,260.0909118652344,250.7727203369141,254.2727203369141,28496342.0,0.015064563278574195,0.019965090917780783,0.42696051485673636,Normal_Market,1
2017-02-20,242.58502197265625,256.68182373046875,260.1363525390625,255.5454559326172,257.31817626953125,9947581.0,-0.0022968184242001533,0.019072624589118806,0.4659024892906504,Normal_Market,1
2017-02-21,244.68997192382807,258.9090881347656,259.81817626953125,255.6363677978516,257.2727355957031,11288626.0,0.00867716371791949,0.018079924001681937,0.47240702306995785,Normal_Market,1
2017-02-22,245.849853515625,260.1363525390625,261.7272644042969,255.5909118652344,261.7272644042969,30787289.0,0.0047402089373651535,0.01801095303987315,0.4970057466546152,Normal_Market,1
2017-02-23,244.4322204589844,258.6363525390625,262.5,256.4090881347656,258.81817626953125,25499159.0,-0.005766255445625035,0.018133715488417808,0.5216673213046896,Normal_Market,1
2017-02-27,239.57794189453125,253.5,259.5909118652344,251.9090881347656,259.0909118652344,15037984.0,-0.019859405422648413,0.016048278127735204,0.5251839712003721,Normal_Market,1
2017-02-28,237.43003845214844,251.22726440429688,254.6363677978516,250.6363677978516,253.5909118652344,18179839.0,-0.008965363945435234,0.016166415424222313,0.48526019798429354,Normal_Market,1
2017-03-01,239.7927398681641,253.72726440429688,255.4090881347656,252.0454559326172,252.36363220214844,19983162.0,0.009951147847250263,0.01616657299163929,0.4728967158754551,Normal_Market,1
2017-03-02,239.40609741210932,253.31817626953125,258.6363525390625,251.81817626953125,256.4090881347656,20040929.0,-0.0016124026785270251,0.012642398244257974,0.4412510228710665,Normal_Market,1
2017-03-03,237.08636474609372,250.86363220214844,253.5454559326172,250.0454559326172,253.2727203369141,9256168.0,-0.009689530430056048,0.012106125698542154,0.4143590006040687,Normal_Market,1
2017-03-06,237.7737274169922,251.5909118652344,253.9545440673828,250.4545440673828,250.86363220214844,12565060.0,0.002899207938991344,0.011733672642808982,0.3688734998532514,Normal_Market,1
2017-03-07,237.1293182373047,250.9090881347656,253.86363220214844,250.0,251.81817626953125,9116307.0,-0.002710178229899163,0.009022336517284171,0.39410770973783066,Normal_Market,1
2017-03-08,235.7546539306641,249.4545440673828,251.4090881347656,247.36363220214844,251.0909118652344,12969749.0,-0.005797108163845488,0.008978087236587167,0.39681005418718907,Normal_Market,1
2017-03-09,234.98141479492188,248.6363677978516,250.86363220214844,247.81817626953125,249.0909118652344,11647809.0,-0.0032798467510619655,0.008885108246342758,0.40996252311384235,Normal_Market,1
2017-03-10,232.4468688964844,245.9545440673828,251.36363220214844,244.9090881347656,250.1363677978516,15749231.0,-0.010786154729085617,0.009092441404527375,0.4505580170959719,Normal_Market,1
2017-03-14,246.794921875,261.1363525390625,262.0,255.5454559326172,255.5454559326172,43486006.0,0.06172616153803823,0.016771328992950897,0.4906192948251805,Normal_Market,1
2017-03-15,244.99066162109372,259.2272644042969,260.9090881347656,258.2727355957031,259.9090881347656,13414846.0,-0.007310767337506796,0.01687682351461267,0.49914415134798795,Normal_Market,1
2017-03-16,244.4322204589844,258.6363525390625,261.31817626953125,256.7727355957031,260.5,10712223.0,-0.002279438564776859,0.01672451767537984,0.5170022044916912,Normal_Market,1
2017-03-17,241.08148193359372,255.0909118652344,260.6363525390625,254.22726440429688,260.0909118652344,25016303.0,-0.013708252206271365,0.01672483151999992,0.5043229477865554,Normal_Market,1
2017-03-20,236.3131256103516,250.0454559326172,254.2727203369141,249.0909118652344,254.2727203369141,12153226.0,-0.01977902361059647,0.01724749521693191,0.5210724920976998,Normal_Market,1
2017-03-21,233.73562622070312,247.31817626953125,251.6363677978516,246.4545440673828,250.9090881347656,16304076.0,-0.010907135957815672,0.016986590527212492,0.4796269711284854,Normal_Market,1
2017-03-22,227.67852783203125,240.9090881347656,244.31817626953125,240.4545440673828,243.5454559326172,24534011.0,-0.025914313905029185,0.017820633563147562,0.48065996007005374,Normal_Market,1
2017-03-23,229.3538818359375,242.68182373046875,243.86363220214844,240.72726440429688,242.2727203369141,13209523.0,0.007358418994795279,0.017777468597715243,0.485799645906012,Normal_Market,1
2017-03-24,236.0553741455078,249.7727203369141,251.68182373046875,245.1363677978516,245.1363677978516,19227304.0,0.02921900538995037,0.019135334222705372,0.4978929694600227,Normal_Market,1
2017-03-27,234.6807098388672,248.31817626953125,254.5454559326172,247.4545440673828,254.5454559326172,12341637.0,-0.0058234823571238215,0.01913595325589294,0.47178761334806313,Normal_Market,1
2017-03-28,237.9884796142578,251.81817626953125,252.31817626953125,250.0909118652344,251.81817626953125,13884032.0,0.014094766364315836,0.018960726137173825,0.5114917123749577,Normal_Market,1
2017-03-29,242.4561462402344,256.5454406738281,257.0909118652344,251.5,253.5909118652344,18910842.0,0.018772617200706554,0.01929470936057345,0.47568751321207836,Normal_Market,1
2017-03-30,241.7258453369141,255.7727203369141,257.5,254.31817626953125,255.68182373046875,16543030.0,-0.003012094824755285,0.019203531046051082,0.4900640258866315,Normal_Market,1
2017-03-31,237.859619140625,251.68182373046875,257.18182373046875,250.6363677978516,254.86363220214844,19741901.0,-0.015994260733271592,0.01955571444714269,0.45231109166590133,Normal_Market,1
2017-04-03,246.32237243652344,260.6363525390625,261.2727355957031,251.68182373046875,253.4545440673828,20449617.0,0.03557877258222275,0.02096214534000225,0.412584617604929,Normal_Market,1
2017-04-05,244.7329559326172,258.9545593261719,260.4545593261719,257.18182373046875,260.4545593261719,10569529.0,-0.006452586860805076,0.021047913785996353,0.40502084888914475,Normal_Market,1
2017-04-06,241.29627990722656,255.31817626953125,257.9090881347656,253.86363220214844,256.2727355957031,17014957.0,-0.014042555128279677,0.021322211372856566,0.38823983039606696,Normal_Market,1
2017-04-07,238.28921508789065,252.1363677978516,257.2727355957031,250.68182373046875,254.6363677978516,18994042.0,-0.012462126728568168,0.021486853408270355,0.43417361720346037,Normal_Market,1
2017-04-10,238.54693603515625,252.4090881347656,253.6363677978516,251.0,253.0909118652344,10395338.0,0.0010815468386622396,0.021465924883813693,0.4962143718441063,Normal_Market,1
2017-04-11,243.7019500732422,257.8636474609375,258.4090881347656,251.5909118652344,253.0,13734771.0,0.02161006183423053,0.021752670061103263,0.5025456071012911,Normal_Market,1
2017-04-12,241.25331115722656,255.2727203369141,259.9545593261719,252.86363220214844,258.0,18252914.0,-0.010047678794854575,0.01685093284606989,0.5805405901079679,Normal_Market,1
2017-04-13,242.97164916992188,257.0909118652344,259.81817626953125,254.0,254.81817626953125,15178825.0,0.007122546855224066,0.016875528084887962,0.5833390730987145,Normal_Market,1
2017-04-17,242.62796020507807,256.7272644042969,259.7272644042969,255.0,257.2727355957031,8250861.0,-0.0014145229125207548,0.0168712402744178,0.5926670834318656,Normal_Market,1
2017-04-18,243.4871368408203,257.6363525390625,265.0909118652344,256.8636474609375,257.6363525390625,19072022.0,0.003541127885739348,0.01658475011852705,0.5411437616397774,Normal_Market,1
2017-04-19,241.03854370117188,255.0454559326172,259.0909118652344,253.5,257.6363525390625,15189575.0,-0.010056355220313784,0.016090267037793017,0.5251232802963256,Normal_Market,1
2017-04-20,234.33702087402344,247.9545440673828,251.1363677978516,247.0909118652344,249.9545440673828,31912290.0,-0.02780270210832614,0.017162358425588168,0.4723857861130879,Normal_Market,1
2017-04-21,231.2440490722656,244.68182373046875,248.9090881347656,242.72726440429688,247.86363220214844,18165879.0,-0.013198818480416596,0.01635807652919847,0.47788740345534725,Normal_Market,1
2017-04-24,230.81446838378903,244.22726440429688,246.68182373046875,241.0909118652344,245.2727203369141,24418208.0,-0.001857694025857115,0.016296366419906543,0.48538474320346425,Normal_Market,1
2017-04-25,234.1222381591797,247.72726440429688,248.4545440673828,245.4545440673828,247.2727203369141,13685114.0,0.014330859753083791,0.015216999374644035,0.510006989346973,Normal_Market,1
2017-04-26,237.90255737304688,251.72726440429688,252.68182373046875,248.18182373046875,249.0909118652344,15205419.0,0.016146775477590358,0.015585939785221487,0.491628212228584,Normal_Market,1
2017-04-27,235.5398712158203,249.22726440429688,251.86363220214844,248.5,251.7727203369141,14909618.0,-0.009931318869858652,0.015432206379712219,0.5234182091865727,Normal_Market,1
2017-04-28,239.2772674560547,253.18182373046875,254.0,248.0909118652344,248.6363677978516,9367499.0,0.015867361313150585,0.015254847314305823,0.49234467374155977,Normal_Market,1
2017-05-02,236.78565979003903,250.5454559326172,255.31817626953125,250.0,254.72726440429688,16780204.0,-0.010413056336299298,0.015406732830153688,0.5372571812959606,Normal_Market,1
2017-05-03,234.33702087402344,247.9545440673828,251.86363220214844,246.5909118652344,250.81817626953125,24205196.0,-0.010341162206304322,0.015165585970444232,0.5074747683763627,Normal_Market,1
2017-05-04,255.85910034179688,270.7272644042969,272.5,258.0454406738281,265.0909118652344,122120948.0,0.09184242160073985,0.02455122986039375,0.5077194715915596,High_Volatility,2
2017-05-05,256.5035095214844,271.4090881347656,274.31817626953125,267.68182373046875,272.7272644042969,48189321.0,0.0025186095738891634,0.024467092520741755,0.48355973444201483,Normal_Market,1
2017-05-08,260.2838439941406,275.4090881347656,280.1363525390625,272.7272644042969,272.7272644042969,30347849.0,0.014737944442587025,0.024280870863316966,0.5404539562513286,Normal_Market,1
2017-05-09,258.2648010253906,273.2727355957031,277.5909118652344,271.2727355957031,276.6363525390625,15194182.0,-0.007757081414532352,0.024134681579681124,0.5604313488065186,Normal_Market,1
2017-05-10,256.5893859863281,271.5,275.1363525390625,270.31817626953125,273.7272644042969,15054831.0,-0.00648719853580737,0.02424686541204177,0.6045426433964352,Weak_Bear,0
2017-05-11,257.92108154296875,272.9090881347656,275.0,272.31817626953125,274.2727355957031,10261128.0,0.005189986918288092,0.023891761866674445,0.5941215696590909,Normal_Market,1
2017-05-12,254.78514099121097,269.5909118652344,273.2272644042969,266.6363525390625,272.7272644042969,16605029.0,-0.012158527457304169,0.023957468601213856,0.6298338911930547,Weak_Bear,0
2017-05-15,259.2958068847656,274.3636474609375,275.9090881347656,271.0909118652344,272.2727355957031,17095696.0,0.017703802804223345,0.024169338813312062,0.6008910787896886,Normal_Market,1
2017-05-16,260.0260925292969,275.1363525390625,278.0909118652344,273.68182373046875,275.31817626953125,19569431.0,0.0028164190285413504,0.02414234838371099,0.6107927732110474,Weak_Bear,0
2017-05-17,266.12615966796875,281.5909118652344,282.0,276.81817626953125,277.81817626953125,23363685.0,0.023459442394168972,0.024541482544617296,0.6200446299566398,High_Volatility,2
2017-05-18,264.5796203613281,279.9545593261719,284.4090881347656,277.0,277.0,27753950.0,-0.00581130133381158,0.024424944682237135,0.59100893165888,Weak_Bear,0
2017-05-19,263.80633544921875,279.1363525390625,284.0,276.0909118652344,279.9090881347656,16728969.0,-0.0029226926512833096,0.0232759543119138,0.555140687532782,Normal_Market,1
2017-05-22,261.0570373535156,276.2272644042969,283.2272644042969,274.7272644042969,281.4090881347656,14850717.0,-0.010421653032030243,0.023162224407274078,0.5606233707835393,Normal_Market,1
2017-05-23,262.9472045898437,278.2272644042969,281.5909118652344,275.2727355957031,275.5909118652344,29771017.0,0.007240437781297793,0.023082251137837722,0.5502010693153658,Normal_Market,1
2017-05-24,263.5057067871094,278.81817626953125,281.5,275.7272644042969,278.9090881347656,20506719.0,0.002124008879032857,0.023033431921416953,0.5217533218004055,Normal_Market,1
2017-05-25,272.9564819335937,288.81817626953125,290.7727355957031,278.18182373046875,278.5,41775676.0,0.035865542578627174,0.023889088128441864,0.5660711447094301,High_Volatility,2
2017-05-26,276.2642517089844,292.31817626953125,293.6363525390625,286.8636474609375,288.18182373046875,21336089.0,0.012118304544221914,0.023565604315402597,0.6202952957587019,Weak_Bear,0
2017-05-29,270.5508117675781,286.2727355957031,291.2727355957031,285.2727355957031,290.2272644042969,11266657.0,-0.02068106860030794,0.02434860504199473,0.6175074934920382,Weak_Bear,0
2017-05-30,276.1354064941406,292.18182373046875,295.0,285.8636474609375,286.2272644042969,15573191.0,0.020641574460918743,0.02420768211918065,0.6361281741403795,Weak_Bear,0
2017-05-31,280.4742126464844,296.7727355957031,297.6363525390625,289.68182373046875,293.6363525390625,128437479.0,0.015712603491996546,0.023868291133612926,0.6313474911150415,Weak_Bear,0
2017-06-01,275.0184326171875,291.0,296.0454406738281,287.9545593261719,295.9090881347656,19883562.0,-0.019451984472360184,0.014894942099037361,0.5674168073897877,Normal_Market,1
2017-06-02,273.3431091308594,289.2272644042969,293.5909118652344,286.9545593261719,292.7272644042969,13469524.0,-0.006091677093731707,0.015055122441897249,0.550762098981498,Normal_Market,1
2017-06-05,274.7177734375,290.68182373046875,292.4090881347656,289.2272644042969,289.5454406738281,9831353.0,0.005029079792834734,0.01482132085717827,0.5597588049725204,Normal_Market,1
2017-06-06,274.0303649902344,289.9545593261719,291.8636474609375,288.81817626953125,291.4090881347656,10757211.0,-0.0025022350707935015,0.01467001691355537,0.5653378078711726,Normal_Market,1
2017-06-07,278.9706115722656,295.18182373046875,296.31817626953125,291.5909118652344,291.8636474609375,15076040.0,0.018028099120355856,0.014852608749740778,0.549317180173153,Normal_Market,1
2017-06-08,275.1043701171875,291.0909118652344,297.2727355957031,290.4545593261719,296.2727355957031,20130322.0,-0.01385895608604848,0.01539309347062909,0.5424252767227722,Normal_Market,1
2017-06-09,276.7797546386719,292.8636474609375,293.7272644042969,287.3636474609375,289.9545593261719,10190305.0,0.006089996028673328,0.014960712287133488,0.5949889481800941,Normal_Market,1
2017-06-12,271.2810974121094,287.0454406738281,291.5454406738281,286.2272644042969,290.9090881347656,10376913.0,-0.019866544190491275,0.015530939117605697,0.6021044216807436,Weak_Bear,0
2017-06-13,270.5079040527344,286.2272644042969,289.7272644042969,285.3636474609375,286.4090881347656,9305516.0,-0.00285015567524205,0.015574106517547483,0.6098538238626591,Weak_Bear,0
2017-06-14,274.1163330078125,290.0454406738281,293.0909118652344,286.7272644042969,290.0909118652344,22264301.0,0.013339458481681499,0.014997071744680809,0.5888794227973683,Normal_Market,1
2017-06-15,272.1402893066406,287.9545593261719,290.3636474609375,287.0,290.0,11206355.0,-0.007208777672928934,0.01503655715793434,0.5641251541235537,Normal_Market,1
2017-06-16,271.92547607421875,287.7272644042969,290.2272644042969,286.9545593261719,289.5,23228635.0,-0.0007893474096363207,0.01501095248908704,0.5218870393043286,Normal_Market,1
2017-06-19,275.4481201171875,291.4545593261719,292.4545593261719,288.2272644042969,289.0909118652344,10719809.0,0.012954446541107778,0.014933599408850435,0.539276387299199,Normal_Market,1
2017-06-20,278.5610656738281,292.45001220703125,295.3999938964844,288.0,290.75,16849368.0,0.011301386102458233,0.015024595245602275,0.5530582336896573,Normal_Market,1
2017-06-21,277.275146484375,291.1000061035156,292.6499938964844,289.54998779296875,292.0,7142413.0,-0.0046162918939964825,0.015120454723333579,0.526749849855306,Normal_Market,1
2017-06-22,275.84637451171875,289.6000061035156,293.3500061035156,288.25,291.5,9180870.0,-0.005152903138892606,0.013014349797987882,0.47609926311768996,Normal_Market,1
2017-06-23,277.9895324707031,291.8500061035156,293.54998779296875,284.6000061035156,289.54998779296875,14937649.0,0.0077693896205017765,0.012847156003021411,0.5020530066900024,Normal_Market,1
2017-06-27,274.22711181640625,287.8999938964844,293.1000061035156,283.45001220703125,293.0,18053262.0,-0.013534396856088038,0.01231876376365169,0.5104960140034837,Normal_Market,1
2017-06-28,276.5607604980469,290.3500061035156,293.29998779296875,288.75,288.75,17157094.0,0.0085099123357395,0.01156309938320744,0.5673291699647839,Normal_Market,1
2017-06-29,279.32305908203125,293.25,296.8999938964844,290.1000061035156,291.5,34774280.0,0.00998803510306323,0.011223203681548851,0.5642221937130729,Normal_Market,1
2017-06-30,276.3702697753906,290.1499938964844,292.0,287.5,292.0,12435467.0,-0.010571233597199914,0.010576192197770779,0.56080694219937,Normal_Market,1
2017-07-03,276.27496337890625,290.04998779296875,292.25,288.75,291.3999938964844,6106230.0,-0.00034485039422593733,0.010470989454198627,0.5244549749024283,Normal_Market,1
2017-07-04,275.7511291503906,289.5,292.79998779296875,288.6000061035156,292.3999938964844,8335899.0,-0.0018960611635199243,0.010430745281546467,0.512901340602152,Normal_Market,1
2017-07-05,278.9420166015625,292.8500061035156,293.75,288.5,290.0,6958589.0,0.011571620616761313,0.010707120406453887,0.5289122308473748,Normal_Market,1
2017-07-06,279.7993469238281,293.75,295.1000061035156,292.3500061035156,294.0,9967582.0,0.003073507292701061,0.009946347663654294,0.5661130949367033,Normal_Market,1
2017-07-07,275.9416198730469,289.70001220703125,293.5,289.20001220703125,293.5,8477468.0,-0.013787476965882561,0.009941043234444353,0.5453216286610665,Normal_Market,1
2017-07-10,277.6085205078125,291.45001220703125,293.25,290.0,291.0,1114874.0,0.0060407728110478676,0.009939513977317859,0.6033910648849111,Normal_Market,1
2017-07-11,275.8939514160156,289.6499938964844,292.95001220703125,288.70001220703125,292.54998779296875,10893055.0,-0.006176212058118802,0.008902390602465159,0.6141286365519442,Weak_Bear,0
2017-07-12,278.4657592773437,292.3500061035156,294.6000061035156,288.6000061035156,289.70001220703125,8091465.0,0.00932172614922644,0.009048739980935397,0.5969366527862254,Normal_Market,1
2017-07-13,283.752197265625,297.8999938964844,299.5,295.04998779296875,295.6000061035156,13747313.0,0.018984158059505596,0.009513871026508686,0.6180889024778641,Normal_Market,1
2017-07-14,284.0855407714844,298.25,299.3999938964844,294.5,299.3999938964844,6196683.0,0.0011747697782489297,0.009279154328553573,0.6212346452232246,Weak_Bear,0
2017-07-17,289.08624267578125,303.5,304.54998779296875,298.79998779296875,300.0,12506474.0,0.01760280333422326,0.00986134745228919,0.6126086060903144,Normal_Market,1
2017-07-18,289.4672241210937,303.8999938964844,306.0,301.5,301.75,11772154.0,0.0013178816182537467,0.009589524498954767,0.6038741121831012,Normal_Market,1
2017-07-19,287.8955993652344,302.25,304.8999938964844,301.3999938964844,303.0,10780451.0,-0.005429370322084792,0.009513424912246621,0.6399683423991758,Weak_Bear,0
2017-07-20,286.3239440917969,300.6000061035156,303.8500061035156,299.75,302.0,8458004.0,-0.005459115307433482,0.009544655960806048,0.6357821350848195,Weak_Bear,0
2017-07-21,287.7051086425781,302.04998779296875,303.8999938964844,296.20001220703125,299.5,9705981.0,0.004823782918897068,0.009430416730299415,0.6288998781216883,Weak_Bear,0
2017-07-24,288.6576232910156,303.04998779296875,306.6000061035156,301.6000061035156,302.20001220703125,15604131.0,0.0033107324820595974,0.009342852987427586,0.6518180955495732,Weak_Bear,0
2017-07-25,289.7053527832031,304.1499938964844,306.79998779296875,301.79998779296875,306.79998779296875,18129742.0,0.0036296616047837293,0.008607327941717719,0.6993507919106848,Weak_Bear,0
2017-07-26,295.6109619140625,310.3500061035156,311.0,304.54998779296875,306.79998779296875,26050717.0,0.02038488096310309,0.00939648309391169,0.7111697945625811,Weak_Bear,0
2017-07-27,292.61053466796875,307.20001220703125,314.45001220703125,305.3500061035156,314.45001220703125,28535869.0,-0.010149918753574516,0.009724140293855989,0.7190701428395627,Weak_Bear,0
2017-07-28,282.08526611328125,296.1499938964844,304.0,293.8500061035156,304.0,30571846.0,-0.03597023110131947,0.012704987733025091,0.7469676295600324,Weak_Bear,0
2017-07-31,288.2289428710937,302.6000061035156,306.45001220703125,296.25,298.8500061035156,21526493.0,0.02177950249746563,0.013510125660236424,0.7256857323337984,Weak_Bear,0
2017-08-01,288.2289428710937,302.6000061035156,305.20001220703125,301.3999938964844,303.8999938964844,10722862.0,0.0,0.013486447371963193,0.7070507205758391,Weak_Bear,0
2017-08-02,287.5146179199219,301.8500061035156,304.45001220703125,299.70001220703125,302.20001220703125,8348096.0,-0.002478324848491309,0.013343363155598836,0.7676484782508447,Weak_Bear,0
2017-08-03,281.65673828125,295.70001220703125,301.5,294.54998779296875,301.3500061035156,14389817.0,-0.020374197600983912,0.014209060653905248,0.7450564078046251,Weak_Bear,0
2017-08-04,282.1805725097656,296.25,297.5,293.8999938964844,295.0,10099985.0,0.0018598320484437547,0.013810372364342502,0.7521347547025118,Weak_Bear,0
2017-08-07,285.8952941894531,300.1499938964844,303.0,296.70001220703125,297.25,11870705.0,0.013164342416092323,0.014031616325276726,0.7388328352605003,Weak_Bear,0
2017-08-08,281.4661865234375,295.5,301.54998779296875,293.8500061035156,299.79998779296875,10288608.0,-0.015492062150140207,0.014450518457820525,0.7719467191641439,Weak_Bear,0
2017-08-09,276.7989196777344,290.6000061035156,294.3999938964844,289.8500061035156,294.3999938964844,12959158.0,-0.01658198060431848,0.014830693560030889,0.7563299185786285,Weak_Bear,0
2017-08-10,275.0367126464844,288.75,293.3999938964844,261.54998779296875,289.0,17225844.0,-0.006366379729016547,0.014174005230320098,0.7458441773843869,Weak_Bear,0
2017-08-11,273.3222351074219,286.95001220703125,289.6499938964844,280.29998779296875,283.95001220703125,17211539.0,-0.006233631585272015,0.014198235311563915,0.7439786413279466,Weak_Bear,0
2017-08-14,277.94189453125,291.79998779296875,292.8500061035156,287.54998779296875,287.54998779296875,8428420.0,0.016901879285498023,0.014148513765249787,0.7295716343094562,Weak_Bear,0
2017-08-16,280.9422912597656,294.95001220703125,295.79998779296875,287.29998779296875,291.70001220703125,8605873.0,0.010795050287671915,0.014416991313806747,0.7208203926332865,Weak_Bear,0
2017-08-17,279.227783203125,293.1499938964844,297.8500061035156,291.29998779296875,297.8500061035156,8168684.0,-0.006102705466495051,0.014427692275065353,0.7262525380676751,Weak_Bear,0
2017-08-18,279.227783203125,293.1499938964844,294.3500061035156,290.79998779296875,292.0,6700778.0,0.0,0.014399024765402392,0.729619230446927,Weak_Bear,0
2017-08-21,279.5611572265625,293.5,299.75,292.25,295.25,10623264.0,0.0011939142287820115,0.014342464021000872,0.7308557665996263,Weak_Bear,0
2017-08-22,279.98980712890625,293.95001220703125,297.3500061035156,292.1499938964844,297.0,7549155.0,0.0015332956359039862,0.01431763775638278,0.7345288635874092,Weak_Bear,0
2017-08-23,284.4189758300781,298.6000061035156,299.20001220703125,295.29998779296875,296.0,9142592.0,0.01581903550914876,0.014795602127193105,0.7586711240143598,Weak_Bear,0
2017-08-24,283.5617370605469,297.70001220703125,300.1499938964844,296.6499938964844,300.0,12766567.0,-0.003013999916951393,0.01393078918057268,0.7584893273848745,Weak_Bear,0
2017-08-28,286.60968017578125,300.8999938964844,302.25,298.1000061035156,299.70001220703125,8827300.0,0.010748781365320648,0.014069285345779229,0.7403475775920068,Weak_Bear,0
2017-08-29,285.2762756347656,299.5,302.79998779296875,298.1000061035156,300.0,12737088.0,-0.0046523360278614145,0.01146764516827813,0.7896602806918526,Weak_Bear,0
2017-08-30,286.0381774902344,300.29998779296875,302.29998779296875,299.3999938964844,301.79998779296875,8552010.0,0.0026707508494123733,0.010354367903329127,0.7721871718642898,Weak_Bear,0
2017-08-31,283.8950500488281,298.04998779296875,300.8999938964844,297.0,300.8999938964844,14865124.0,-0.007492452441875241,0.010476600985658032,0.7635587269903992,Weak_Bear,0
2017-09-01,284.1331481933594,298.29998779296875,299.70001220703125,297.1499938964844,299.70001220703125,7472688.0,0.0008386836772613648,0.010473306272685688,0.7528112839401638,Weak_Bear,0
2017-09-04,282.9901733398437,297.1000061035156,300.0,294.5,299.8999938964844,6244661.0,-0.004022673386696374,0.009429661700223248,0.7509263012417351,Weak_Bear,0
2017-09-05,283.4664611816406,297.6000061035156,299.0,296.70001220703125,296.70001220703125,7683590.0,0.0016830543484100957,0.009428184030740465,0.7301829982744907,Weak_Bear,0
2017-09-06,281.32330322265625,295.3500061035156,296.0,294.29998779296875,294.8999938964844,4854030.0,-0.007560534498686544,0.009068395247782177,0.7373242970062422,Weak_Bear,0
2017-09-07,278.7514953613281,292.6499938964844,298.5,292.1000061035156,295.54998779296875,15630577.0,-0.009141823062175036,0.008626063233660605,0.7429867390453642,Weak_Bear,0
2017-09-08,278.1324157714844,292.0,294.79998779296875,290.04998779296875,294.79998779296875,8077662.0,-0.0022209014127126947,0.007767444747250005,0.707479179632857,Weak_Bear,0
2017-09-11,276.9893798828125,290.79998779296875,293.70001220703125,289.04998779296875,293.0,7639794.0,-0.004109682380967095,0.0076819042201712595,0.6851466609207597,Weak_Bear,0
2017-09-12,277.37042236328125,291.20001220703125,293.3999938964844,290.5,292.6499938964844,8497603.0,0.0013756573650223203,0.007523828449882268,0.6959642658921805,Weak_Bear,0
2017-09-13,278.1324157714844,292.0,293.25,291.20001220703125,292.1000061035156,8297426.0,0.0027472049893089157,0.006525188964593961,0.723513348525194,Weak_Bear,0
2017-09-14,279.7516784667969,293.70001220703125,295.6000061035156,291.70001220703125,291.70001220703125,12267908.0,0.005821912885705771,0.006179975812955168,0.7363851827929608,Weak_Bear,0
2017-09-15,277.7513732910156,291.6000061035156,295.54998779296875,290.95001220703125,294.45001220703125,22632513.0,-0.007150288379837777,0.006236867008121704,0.7327838170286026,Weak_Bear,0
2017-09-18,279.0848999023437,293.0,294.3999938964844,292.1499938964844,293.8999938964844,11181986.0,0.004801152179834123,0.006338430493173754,0.7510423155099926,Weak_Bear,0
2017-09-19,280.65655517578125,294.6499938964844,295.5,289.6000061035156,291.8999938964844,7558625.0,0.005631459365904368,0.00645918308499265,0.7736380353364747,Weak_Bear,0
2017-09-20,276.751220703125,290.54998779296875,292.8500061035156,289.6000061035156,292.0,14617079.0,-0.013914994681703652,0.0071770686227099045,0.7891387680136199,Weak_Bear,0
2017-09-21,271.417236328125,284.95001220703125,290.3999938964844,283.6499938964844,289.45001220703125,14496834.0,-0.01927357126537066,0.007252041158974799,0.7960052378397455,Weak_Bear,0
2017-09-22,263.9400634765625,277.1000061035156,283.95001220703125,275.75,283.6000061035156,23451953.0,-0.02754862938226632,0.009192561130582689,0.7238754623266054,Weak_Bear,0
2017-09-25,266.2260131835937,279.5,280.70001220703125,275.54998779296875,278.95001220703125,13358067.0,0.00866086670178512,0.009032225211554971,0.5639556023320256,Normal_Market,1
2017-09-26,269.3217468261719,282.75,284.0,276.75,279.5,11325047.0,0.011628216212077325,0.009649037504963563,0.5564168701503176,Normal_Market,1
2017-09-27,263.2732849121094,276.3999938964844,284.75,275.3999938964844,284.75,17853590.0,-0.022458126702877612,0.010494272786809004,0.5733191371948833,Normal_Market,1
2017-09-28,262.8446960449219,275.95001220703125,277.79998779296875,269.1499938964844,275.95001220703125,32223724.0,-0.001627923878909976,0.010475976349760135,0.6142444656886733,Weak_Bear,0
2017-09-29,263.4637756347656,276.6000061035156,281.6499938964844,275.75,277.45001220703125,9980756.0,0.0023553056202356704,0.010516670475358935,0.631515504124338,Weak_Bear,0
2017-10-03,265.17828369140625,278.3999938964844,280.70001220703125,275.1499938964844,279.5,6752832.0,0.006507566562081735,0.01076127148442031,0.6198781765930703,Weak_Bear,0
2017-10-04,262.98748779296875,276.1000061035156,279.3999938964844,275.1000061035156,279.25,7417758.0,-0.008261596190836551,0.010754019636749441,0.6275303066722124,Weak_Bear,0
2017-10-05,258.8917236328125,271.79998779296875,277.3999938964844,271.1000061035156,276.0,10975305.0,-0.015573988688695861,0.011051116410665179,0.5737435331083602,Normal_Market,1
2017-10-06,259.03466796875,271.95001220703125,274.45001220703125,270.54998779296875,272.1499938964844,25447787.0,0.0005521394578849037,0.01103034057076947,0.5502142523784059,Normal_Market,1
2017-10-09,258.8440856933594,271.75,276.29998779296875,271.25,273.3500061035156,20478222.0,-0.0007357404199410666,0.011045123431571666,0.5042259307886449,Normal_Market,1
2017-10-10,256.9867248535156,269.79998779296875,273.0,269.1499938964844,271.8500061035156,18594444.0,-0.007175596980972143,0.011074847971400065,0.4966468037180524,Normal_Market,1
2017-10-11,254.89122009277344,267.6000061035156,272.0,266.20001220703125,271.1000061035156,12687990.0,-0.008154136218268215,0.0110507754594103,0.5171312118691156,Normal_Market,1
2017-10-12,254.8435516357422,267.54998779296875,267.95001220703125,264.04998779296875,267.6000061035156,11831125.0,-0.00018701490390249376,0.010973477446813243,0.5564736177151928,Normal_Market,1
2017-10-13,258.4154968261719,271.29998779296875,274.6499938964844,267.6000061035156,267.6000061035156,14402254.0,0.014016227475652121,0.011511287502456568,0.5540851389985492,Normal_Market,1
2017-10-16,261.2253723144531,274.25,276.0,270.3500061035156,274.6000061035156,12848154.0,0.010873479039731793,0.011940574248864258,0.5649298055453716,Normal_Market,1
2017-10-17,260.8919677734375,273.8999938964844,276.54998779296875,273.20001220703125,274.75,9183764.0,-0.0012763099467010264,0.011808349536506954,0.5855972902656278,Normal_Market,1
2017-10-18,250.65249633789065,263.1499938964844,268.3999938964844,262.25,268.3999938964844,30669948.0,-0.039247936695540386,0.014069843301245073,0.6311919449915825,Weak_Bear,0
2017-10-19,245.6042327880859,257.8500061035156,261.0,256.6000061035156,259.6000061035156,3822821.0,-0.020140487821032727,0.014331267233167843,0.6618154792515905,Weak_Bear,0
2017-10-23,250.0810546875,262.54998779296875,264.45001220703125,256.5,258.3500061035156,22939775.0,0.01822778804987779,0.014924020607439333,0.628593909400755,Weak_Bear,0
2017-10-24,253.89105224609372,266.54998779296875,268.1499938964844,255.0,263.25,15126641.0,0.015235050745266099,0.014425619119780015,0.5836516438332661,Normal_Market,1
2017-10-25,291.1817626953125,305.70001220703125,310.79998779296875,284.3500061035156,293.20001220703125,123615362.0,0.1468768202712134,0.036277343534351136,0.4042896870317277,High_Volatility,2
2017-10-26,285.0380859375,299.25,314.6499938964844,295.0,299.79998779296875,43256025.0,-0.021099112461384295,0.03670166794926428,0.410852571344483,High_Volatility,2
2017-10-27,286.847900390625,301.1499938964844,305.45001220703125,285.5,291.8999938964844,36889009.0,0.006349377653068533,0.03619375032647351,0.41773342886361664,High_Volatility,2
2017-10-30,286.2763366699219,300.54998779296875,308.45001220703125,295.25,298.6000061035156,38047961.0,-0.0019925672104441627,0.03619729054314141,0.4363492652148306,High_Volatility,2
2017-10-31,285.84771728515625,300.1000061035156,303.25,298.29998779296875,300.25,19050731.0,-0.0014972225429160657,0.036221549380959055,0.44531066863350427,High_Volatility,2
2017-11-01,298.5160522460937,313.3999938964844,318.95001220703125,302.3999938964844,303.0,38829935.0,0.04431847517011911,0.037293673995881016,0.44568122003327304,High_Volatility,2
2017-11-02,301.6116943359375,316.6499938964844,320.3999938964844,311.3999938964844,313.45001220703125,27736221.0,0.010370102601021225,0.03713644578703405,0.48095959331951754,High_Volatility,2
2017-11-03,300.8973693847656,315.8999938964844,318.6499938964844,314.04998779296875,317.79998779296875,14258432.0,-0.0023683595980740213,0.03682090142453161,0.4946022657701477,High_Volatility,2
2017-11-06,301.0878601074219,316.1000061035156,320.25,311.6499938964844,314.79998779296875,16349376.0,0.0006330754005783312,0.03682002718845709,0.48503402620964864,High_Volatility,2
2017-11-07,297.6112365722656,312.45001220703125,317.95001220703125,309.3500061035156,317.1000061035156,12752869.0,-0.01154687383913744,0.037036090563504494,0.4697979808659151,High_Volatility,2
2017-11-08,290.99127197265625,305.5,314.0,303.8999938964844,312.0,11942186.0,-0.02224366484227791,0.037503028257508335,0.4163777775694572,High_Volatility,2
2017-11-09,296.51580810546875,311.29998779296875,314.79998779296875,306.79998779296875,306.79998779296875,12716330.0,0.018985229678406323,0.037422185732733905,0.42209164076852085,High_Volatility,2
2017-11-10,303.3739013671875,318.5,324.20001220703125,311.04998779296875,312.5,21000915.0,0.023128929636288875,0.037509761507857176,0.4428985830941511,High_Volatility,2
2017-11-13,299.3257141113281,314.25,321.79998779296875,313.0,317.0,13679015.0,-0.013343887650242081,0.03782933918321282,0.46935535498229974,High_Volatility,2
2017-11-14,299.1828308105469,314.1000061035156,317.1000061035156,309.79998779296875,313.29998779296875,12362405.0,-0.0004773505717858839,0.03786927671885987,0.4801038616203388,High_Volatility,2
2017-11-15,300.5163269042969,315.5,319.6000061035156,312.6499938964844,312.95001220703125,14408468.0,0.004457127737368172,0.03782145582906911,0.4679930318334475,High_Volatility,2
2017-11-16,303.802490234375,318.95001220703125,320.0,316.0,316.1499938964844,8983382.0,0.010935057552212912,0.03616926151669246,0.4945226025029061,High_Volatility,2
2017-11-17,309.6604309082031,325.1000061035156,332.3500061035156,323.79998779296875,324.0,20440466.0,0.01928206931190357,0.03549436024360732,0.5334994559165751,High_Volatility,2
2017-11-20,303.4214782714844,318.54998779296875,323.8999938964844,317.20001220703125,323.3500061035156,13606336.0,-0.020147723163791098,0.036182601541251226,0.5178041491781099,High_Volatility,2
2017-11-21,304.7073669433594,319.8999938964844,322.20001220703125,317.54998779296875,318.75,13102056.0,0.004237961924120848,0.036187100976672035,0.46431057837271467,High_Volatility,2
2017-11-22,303.7548217773437,318.8999938964844,322.1000061035156,318.04998779296875,319.3999938964844,9342622.0,-0.0031260982482013144,0.01640838439279475,0.4377293646909934,Normal_Market,1
2017-11-23,304.2787170410156,319.45001220703125,320.5,315.20001220703125,319.75,9998609.0,0.0017247306910437299,0.015466171802484989,0.4320246722671019,Normal_Market,1
2017-11-24,302.1356201171875,317.20001220703125,321.04998779296875,315.95001220703125,319.8999938964844,7867381.0,-0.0070432034966785295,0.015620178960288124,0.4476347562348614,Normal_Market,1
2017-11-27,301.9450988769531,317.0,318.6000061035156,313.5,315.04998779296875,9334428.0,-0.0006305818564540377,0.01560153625338058,0.5062310136665772,Normal_Market,1
2017-11-28,298.3255920410156,313.20001220703125,315.3500061035156,311.75,313.1000061035156,13929413.0,-0.011987301166337172,0.015925942648453675,0.5253006584245705,Normal_Market,1
2017-11-29,299.8971862792969,314.8500061035156,316.29998779296875,312.29998779296875,312.6000061035156,12384876.0,0.005268050345694775,0.012529540801487169,0.5334697423841648,Normal_Market,1
2017-11-30,292.9438781738281,307.54998779296875,315.79998779296875,306.25,314.95001220703125,23832543.0,-0.023185639691174265,0.013331852233517474,0.5534321581508178,Normal_Market,1
2017-12-01,290.75311279296875,305.25,309.95001220703125,304.3999938964844,309.70001220703125,6602231.0,-0.007478447389023146,0.013400733275277465,0.5383071806087605,Normal_Market,1
2017-12-04,289.8006286621094,304.25,307.5,302.29998779296875,307.25,8763567.0,-0.003275920665852361,0.013394525851383138,0.5132730656919355,Normal_Market,1
2017-12-05,290.75311279296875,305.25,307.6000061035156,303.70001220703125,304.79998779296875,8219441.0,0.003286687593662574,0.013237541846548012,0.4838438021878567,Normal_Market,1
2017-12-06,285.2762756347656,299.5,305.0,298.1499938964844,303.79998779296875,6751957.0,-0.018836727509441764,0.012970106611283522,0.47673667269374154,Normal_Market,1
2017-12-07,291.27703857421875,305.79998779296875,306.75,300.20001220703125,301.5,7414305.0,0.021034917558780064,0.013142547153718135,0.5291848263224384,Normal_Market,1
2017-12-08,295.991943359375,310.75,311.8999938964844,307.0,307.25,10732806.0,0.016187011541436203,0.012555637505103372,0.5483586362167137,Normal_Market,1
2017-12-11,296.65869140625,311.45001220703125,312.25,308.25,311.0,6829121.0,0.002252588497199337,0.012239166753985875,0.5801891402567142,Normal_Market,1
2017-12-12,292.99151611328125,307.6000061035156,312.3500061035156,306.29998779296875,312.04998779296875,11995276.0,-0.012361597348067743,0.01252938869993186,0.6095183109859366,Weak_Bear,0
2017-12-13,288.5623779296875,302.95001220703125,308.3999938964844,300.20001220703125,308.0,14805881.0,-0.015116950286988118,0.012843670420005237,0.62875145653109,Weak_Bear,0
2017-12-14,289.8958435058594,304.3500061035156,306.0,301.3500061035156,303.8500061035156,11140346.0,0.004621065246755096,0.012585309556809785,0.6198783813305903,Weak_Bear,0
2017-12-15,288.7528686523437,303.1499938964844,310.70001220703125,302.54998779296875,310.3999938964844,23227021.0,-0.003942708662853178,0.011518841938098537,0.6176398706313921,Weak_Bear,0
2017-12-18,294.22979736328125,308.8999938964844,312.29998779296875,287.0,298.0,16300443.0,0.018967530042209635,0.011846261318377882,0.5797800524211232,Normal_Market,1
2017-12-19,298.80181884765625,313.70001220703125,314.79998779296875,308.5,309.20001220703125,13135113.0,0.01553894787457577,0.012389909598145621,0.527046054575142,Normal_Market,1
2017-12-20,300.80206298828125,315.79998779296875,317.8500061035156,311.5,314.1000061035156,14003657.0,0.006694216749881354,0.012491436660462304,0.4937948448444605,Normal_Market,1
2017-12-21,300.4686889648437,315.45001220703125,316.54998779296875,312.1000061035156,315.3999938964844,9705688.0,-0.0011082837003366652,0.01248196472689194,0.5383487632569419,Normal_Market,1
2017-12-22,301.5640869140625,316.6000061035156,319.20001220703125,313.79998779296875,315.0,7628532.0,0.00364563094075665,0.01241824390997022,0.5629126523005831,Normal_Market,1
2017-12-26,303.0404663085937,318.1499938964844,319.0,313.20001220703125,316.25,7632721.0,0.004895740104994495,0.012465368314595323,0.5881080495298334,Normal_Market,1
2017-12-27,297.9445495605469,312.79998779296875,317.8999938964844,312.1000061035156,315.95001220703125,6354635.0,-0.016815961281083536,0.012758279346670025,0.47849824306752464,Normal_Market,1
2017-12-28,300.3258361816406,315.29998779296875,319.20001220703125,310.5,312.79998779296875,22689602.0,0.00799238188651552,0.012831665729989594,0.4769411925776562,Normal_Market,1
2017-12-29,299.0875549316406,314.0,315.75,312.5,313.8999938964844,9637881.0,-0.004123125954608398,0.011661746588722184,0.48014787372195705,Normal_Market,1
2018-01-01,295.5633239746094,310.29998779296875,314.0,309.1000061035156,314.0,7739502.0,-0.011783275161137197,0.011866399520726396,0.5155518411712143,Normal_Market,1
2018-01-02,294.9917907714844,309.70001220703125,311.70001220703125,307.5,310.95001220703125,7046560.0,-0.0019337081321162408,0.011845390154121798,0.48252386956859267,Normal_Market,1
2018-01-03,300.04010009765625,315.0,316.3500061035156,312.5,312.5,8898342.0,0.017113389199642448,0.012380072594374578,0.47280387897547177,Normal_Market,1
2018-01-04,299.7543640136719,314.70001220703125,315.6499938964844,311.5,314.95001220703125,6385367.0,-0.0009523263186866915,0.011432346538486135,0.4659693665882669,Normal_Market,1
2018-01-05,298.039794921875,312.8999938964844,315.1499938964844,311.6000061035156,314.45001220703125,6366054.0,-0.005719913694796741,0.01069594172484478,0.5112522229478785,Normal_Market,1
2018-01-08,299.2304382324219,314.1499938964844,318.20001220703125,312.6000061035156,313.5,7329648.0,0.003994913870005057,0.01012940129008687,0.5278033733434506,Normal_Market,1
2018-01-09,297.75408935546875,312.6000061035156,315.79998779296875,310.75,314.79998779296875,9190909.0,-0.004933819185220734,0.010194680949880342,0.5423929494653005,Normal_Market,1
2018-01-10,297.1825561523437,312.0,312.95001220703125,310.54998779296875,312.54998779296875,6736971.0,-0.001919480616915159,0.009774412328247403,0.5481491806309142,Normal_Market,1
2018-01-11,294.8013000488281,309.5,312.5,308.54998779296875,312.5,8366713.0,-0.00801277213018814,0.009284012894576275,0.5558740160278882,Normal_Market,1
2018-01-12,302.61187744140625,317.70001220703125,318.79998779296875,309.6000061035156,309.6000061035156,11699345.0,0.026494379065779006,0.010871841234840841,0.5589001068275229,Normal_Market,1
2018-01-15,313.66094970703125,329.29998779296875,330.70001220703125,320.25,320.79998779296875,30242005.0,0.036512354898443844,0.013185208479744316,0.5490995997331451,Normal_Market,1
2018-01-16,318.23297119140625,334.1000061035156,340.75,326.54998779296875,329.75,26707100.0,0.014576317162354524,0.012961499114961793,0.5353886364841676,Normal_Market,1
2018-01-17,326.94842529296875,343.25,344.20001220703125,334.04998779296875,334.04998779296875,43305353.0,0.027387024257522485,0.013762288487843001,0.5363337601899448,Normal_Market,1
2018-01-18,329.7107238769531,346.1499938964844,353.20001220703125,343.0,350.0,31504669.0,0.008448728821706775,0.013781917046665627,0.5386570339690472,Normal_Market,1
2018-01-19,336.8069152832031,353.6000061035156,355.0,340.79998779296875,347.45001220703125,18812611.0,0.02152247680272068,0.014203562817722873,0.5649436160062922,Normal_Market,1
2018-01-22,334.8066711425781,351.5,352.8999938964844,344.79998779296875,352.3999938964844,15269782.0,-0.005938845225143652,0.014440479657761782,0.5741107010670972,Normal_Market,1
2018-01-23,345.0936889648437,362.2999877929687,364.4500122070313,350.45001220703125,350.45001220703125,22485663.0,0.030725247460451133,0.015513771953082301,0.6021094742776764,Normal_Market,1
2018-01-24,335.99725341796875,352.75,359.20001220703125,351.79998779296875,357.75,12815095.0,-0.02635932165019006,0.016394681701897076,0.6445895578472903,Weak_Bear,0
2018-01-25,343.6649475097656,360.7999877929687,364.7999877929687,350.70001220703125,352.5,30183655.0,0.02282070467480435,0.016812144509759343,0.6668521075415763,Weak_Bear,0
2018-01-29,340.66455078125,357.6499938964844,365.7000122070313,355.6000061035156,360.0,17855095.0,-0.008730587015803759,0.017001583552828985,0.6903259141673631,Weak_Bear,0
2018-01-30,336.4735107421875,353.25,356.79998779296875,350.5,356.79998779296875,13358981.0,-0.012302542279351125,0.017031609839910943,0.7011674427392273,Weak_Bear,0
2018-01-31,336.187744140625,352.95001220703125,353.95001220703125,343.6000061035156,348.8500061035156,22638319.0,-0.0008492989564978792,0.01700458469954544,0.691468384245492,Weak_Bear,0
2018-02-01,329.75836181640625,346.20001220703125,355.8999938964844,343.79998779296875,347.54998779296875,29472295.0,-0.019124380457871126,0.017750190808047777,0.6828109958209692,Weak_Bear,0
2018-02-02,319.1855163574219,335.1000061035156,343.70001220703125,333.70001220703125,342.54998779296875,16957983.0,-0.03206240290843887,0.019559316466315813,0.6441519589090786,Weak_Bear,0
2018-02-05,314.0419921875,329.70001220703125,334.25,327.04998779296875,327.6000061035156,17339547.0,-0.016114528718659593,0.019946616495368073,0.6463655823650367,Weak_Bear,0
2018-02-06,314.9944763183594,330.70001220703125,337.95001220703125,313.0,315.25,18491736.0,0.0030329833415738694,0.019944760273833576,0.6207992288745383,Weak_Bear,0
2018-02-07,316.756591796875,332.54998779296875,336.3999938964844,329.8999938964844,335.3500061035156,11819190.0,0.005594115487709939,0.019869840277081652,0.6075298174602048,Weak_Bear,0
2018-02-08,317.9949035644531,333.8500061035156,338.3999938964844,329.5,332.54998779296875,10294899.0,0.00390934805982579,0.019832197146711753,0.5944270564289471,Normal_Market,1
2018-02-09,311.2320251464844,326.75,328.6499938964844,322.6499938964844,325.0,9493398.0,-0.021267254104272215,0.020451637857443195,0.599122471430381,Weak_Bear,0
2018-02-12,310.7558288574219,326.25,329.20001220703125,323.25,328.8500061035156,8356351.0,-0.0015300362770778175,0.01969711675105975,0.6181664640503798,Weak_Bear,0
2018-02-14,303.802490234375,318.95001220703125,327.0,316.54998779296875,327.0,15189066.0,-0.022375569425721498,0.018558319177173578,0.6073316034065342,Weak_Bear,0
2018-02-15,313.0417785644531,328.6499938964844,331.79998779296875,322.1499938964844,322.1499938964844,23779772.0,0.030412154696132676,0.01958658890625285,0.6216089978934292,Normal_Market,1
2018-02-16,305.8027648925781,321.04998779296875,334.0,318.79998779296875,330.3500061035156,17585994.0,-0.023124752565206075,0.019031169509899675,0.633821361328333,Weak_Bear,0
2018-02-19,304.56451416015625,319.75,329.6000061035156,315.20001220703125,329.5,19044107.0,-0.0040491809577223314,0.018833898385249737,0.5970720318016205,Weak_Bear,0
2018-02-20,302.1832275390625,317.25,324.20001220703125,316.29998779296875,320.5,16030558.0,-0.007818660777537456,0.017876812541473677,0.6111498519349444,Weak_Bear,0
2018-02-21,304.0406188964844,319.20001220703125,320.70001220703125,315.70001220703125,319.0,9974873.0,0.006146573297757918,0.01805593252666024,0.6043434639823585,Normal_Market,1
2018-02-22,303.2309875488281,318.3500061035156,319.29998779296875,313.95001220703125,317.0,25530698.0,-0.002662905208504096,0.01604417301169151,0.6019133473625075,Weak_Bear,0
2018-02-23,307.4219970703125,322.75,324.04998779296875,318.3500061035156,319.04998779296875,7949765.0,0.013821178222458208,0.01591835493674049,0.6254721140135864,Weak_Bear,0
2018-02-26,311.5177917480469,327.04998779296875,327.79998779296875,323.1499938964844,325.0,7133735.0,0.013323037117599634,0.015191330212815293,0.6524464907748173,Weak_Bear,0
2018-02-27,306.8505249023437,322.1499938964844,327.04998779296875,319.6499938964844,327.0,9623651.0,-0.014982344409651072,0.015340301677322268,0.6710863460006888,Weak_Bear,0
2018-02-28,298.3731994628906,313.25,317.0,311.1000061035156,315.1499938964844,17481687.0,-0.0276268891576803,0.016083625378723276,0.6573257745516086,Weak_Bear,0
2018-03-01,290.4674072265625,304.95001220703125,314.0,304.25,312.6499938964844,18986889.0,-0.026496321554883462,0.016674054210158763,0.6859140972168287,Weak_Bear,0
2018-03-05,288.9433898925781,303.3500061035156,306.5,299.29998779296875,304.45001220703125,14456193.0,-0.005246775700365025,0.016436574898905838,0.675733475853502,Weak_Bear,0
2018-03-06,281.0375671386719,295.04998779296875,307.70001220703125,294.20001220703125,307.3999938964844,18951451.0,-0.027361147651951634,0.016080865224060898,0.6286909958860843,Weak_Bear,0
2018-03-07,273.0841369628906,286.70001220703125,293.79998779296875,285.3500061035156,293.29998779296875,31472773.0,-0.028300238493940588,0.01669459457298856,0.5967583289272584,Weak_Bear,0
2018-03-08,282.8472595214844,296.95001220703125,298.0,289.25,290.25,21413552.0,0.03575133534732,0.019136430139491737,0.5789837704182467,Normal_Market,1
2018-03-09,278.7991638183594,292.70001220703125,299.5,290.70001220703125,299.0,12489587.0,-0.01431194953054693,0.019063313596690747,0.5606639832340335,Normal_Market,1
2018-03-12,286.37158203125,300.6499938964844,301.8999938964844,293.75,295.6000061035156,12163952.0,0.02716083545295045,0.02037544454500549,0.5663341574383906,Normal_Market,1
2018-03-13,289.8958435058594,304.3500061035156,307.0,299.6000061035156,300.1000061035156,15966647.0,0.012306603363404944,0.020350042248428374,0.581432211273656,Normal_Market,1
2018-03-14,291.51513671875,306.04998779296875,307.45001220703125,297.79998779296875,303.1499938964844,12964285.0,0.005585775888704347,0.020445485137464723,0.5931565705324323,Normal_Market,1
2018-03-15,287.1336364746094,301.45001220703125,305.75,300.3999938964844,305.75,13282019.0,-0.015030095155463052,0.02014270319497873,0.5565542769787389,Normal_Market,1
2018-03-16,283.94268798828125,298.1000061035156,301.8500061035156,297.3999938964844,301.25,28835112.0,-0.011113112784368218,0.01864234396048758,0.5502578140138973,Normal_Market,1
2018-03-19,280.561279296875,294.54998779296875,300.0,291.25,298.1000061035156,13601784.0,-0.011908771855909883,0.018222947242402473,0.4952413813869863,Normal_Market,1
2018-03-20,278.1324157714844,292.0,297.20001220703125,290.25,293.0,10880002.0,-0.008657158719398761,0.018250838631238508,0.46593290516084196,Normal_Market,1
2018-03-21,275.46539306640625,289.20001220703125,295.04998779296875,287.3500061035156,295.0,13618228.0,-0.009589039442527203,0.01827272021941684,0.4822604578863036,Normal_Market,1
2018-03-22,269.7979736328125,283.25,289.6499938964844,280.8999938964844,289.5,24593489.0,-0.020573979803798825,0.018432577397195376,0.5254355581015387,Normal_Market,1
2018-03-23,262.4635925292969,275.54998779296875,277.8500061035156,273.54998779296875,277.1000061035156,31922568.0,-0.02718471530663724,0.019019453873224634,0.5584794513884739,Normal_Market,1
2018-03-26,268.27392578125,281.6499938964844,283.1499938964844,275.95001220703125,276.1000061035156,24618534.0,0.022137673251975132,0.019581728823526094,0.6328006868708886,Weak_Bear,0
2018-03-27,270.41705322265625,283.8999938964844,287.29998779296875,281.3999938964844,284.5,22377328.0,0.007988578968922022,0.01933071160877535,0.6872909481299816,Weak_Bear,0
2018-03-28,265.130615234375,278.3500061035156,283.29998779296875,277.1000061035156,283.0,27172599.0,-0.01954920344438671,0.019458102689367728,0.6893332644386391,Weak_Bear,0
2018-04-02,249.41427612304688,261.8500061035156,273.8500061035156,258.79998779296875,273.0,73359584.0,-0.0592777227836736,0.022295564108179147,0.7409758009524507,Weak_Bear,0
2018-04-03,257.22479248046875,270.04998779296875,271.5,261.3999938964844,261.3999938964844,40773239.0,0.03131543421984628,0.02357547373559127,0.7380917495241852,High_Volatility,2
2018-04-04,255.89132690429688,268.6499938964844,273.29998779296875,265.5,267.25,33486876.0,-0.005184047631307309,0.02357555438424502,0.7230148915275777,Weak_Bear,0
2018-04-05,265.4164123535156,278.6499938964844,280.0,267.70001220703125,267.79998779296875,26759108.0,0.03722316642947865,0.02485384358686627,0.68978551787779,High_Volatility,2
2018-04-06,267.3214416503906,280.6499938964844,282.95001220703125,277.0,278.3999938964844,31577015.0,0.0071775112924727935,0.024176892743372595,0.6722462471813194,Weak_Bear,0
2018-04-09,267.5119323730469,280.8500061035156,283.45001220703125,274.3500061035156,277.75,31712527.0,0.0007125905108105179,0.022608520507536926,0.6602279314683298,Weak_Bear,0
2018-04-10,275.0843811035156,288.79998779296875,294.45001220703125,279.04998779296875,279.45001220703125,44741783.0,0.02830695686467144,0.023433865801795975,0.6053027199004639,High_Volatility,2
2018-04-11,271.0362243652344,284.54998779296875,287.8999938964844,282.3500061035156,287.75,16811454.0,-0.014716054477690976,0.022700338259266383,0.6288122195361087,Weak_Bear,0
2018-04-12,273.1317443847656,286.75,289.8999938964844,283.54998779296875,285.29998779296875,22954325.0,0.007731512732067181,0.022565915161452413,0.6596699065404238,Weak_Bear,0
2018-04-13,274.5604858398437,288.25,291.1000061035156,285.79998779296875,288.0,17497198.0,0.005230960825503228,0.022559171692455214,0.6650964451695497,Weak_Bear,0
2018-04-16,273.9413146972656,287.6000061035156,288.95001220703125,284.1000061035156,285.0,16874313.0,-0.002255135660486962,0.022373199166549125,0.689152152434245,Weak_Bear,0
2018-04-17,277.8943176269531,291.75,293.25,286.79998779296875,287.6000061035156,15406113.0,0.014430108631317662,0.02256044241449575,0.7166703797445656,Weak_Bear,0
2018-04-18,276.27496337890625,290.04998779296875,294.8999938964844,289.0,293.70001220703125,20755245.0,-0.005827230516532889,0.022443973150536853,0.7477054256116266,Weak_Bear,0
2018-04-19,275.84637451171875,289.6000061035156,291.0,287.29998779296875,291.0,17282341.0,-0.0015513127282535955,0.022364617065934945,0.7181318892543495,Weak_Bear,0
2018-04-20,268.7501525878906,282.1499938964844,290.1499938964844,279.70001220703125,289.25,19745690.0,-0.025725268045988625,0.02300411097011436,0.7127951023111482,Weak_Bear,0
2018-04-23,266.1307983398437,279.3999938964844,282.79998779296875,275.25,280.0,11620499.0,-0.00974642887761823,0.022643283087327687,0.6912241875385999,Weak_Bear,0
2018-04-24,270.6075439453125,284.1000061035156,286.6000061035156,279.3500061035156,279.3500061035156,15412234.0,0.01682159912868153,0.02203745360003722,0.6267654577100444,Weak_Bear,0
2018-04-25,265.6545715332031,278.8999938964844,285.6499938964844,276.8500061035156,284.04998779296875,7961352.0,-0.018303157184377472,0.021924538300021886,0.6486079550793814,Weak_Bear,0
2018-04-26,265.60693359375,278.8500061035156,280.3999938964844,275.3500061035156,279.79998779296875,14112673.0,-0.00017932286720379054,0.021838710525698402,0.6670076506614335,Weak_Bear,0
2018-04-27,274.22711181640625,287.8999938964844,291.70001220703125,276.0,277.3999938964844,16488361.0,0.03245464305476653,0.022556446314616597,0.6681082957475963,High_Volatility,2
2018-04-30,270.702880859375,284.20001220703125,291.0,282.29998779296875,288.95001220703125,9737559.0,-0.012851504483592846,0.01781665372389346,0.6722390314488571,Weak_Bear,0
2018-05-02,263.7495422363281,276.8999938964844,283.75,275.54998779296875,283.6499938964844,14211445.0,-0.025686237992638916,0.017818945512135843,0.6940050577316738,Weak_Bear,0
2018-05-03,268.5120544433594,281.8999938964844,283.6499938964844,277.29998779296875,277.29998779296875,14724116.0,0.018056949660082866,0.018122000914465572,0.7071109087979108,Weak_Bear,0
2018-05-04,269.4169616699219,282.8500061035156,285.6000061035156,278.3500061035156,280.45001220703125,11861951.0,0.00337008045481757,0.016192760276497582,0.6840964190731541,Weak_Bear,0
2018-05-07,276.0368957519531,289.79998779296875,293.0,282.8500061035156,284.0,19673100.0,0.024571333746023383,0.016996371641334405,0.6511097703243779,Weak_Bear,0
2018-05-08,294.6108093261719,309.29998779296875,314.5,300.0,302.0,87176185.0,0.06728779326264145,0.022433763254269413,0.6054827222249722,High_Volatility,2
2018-05-09,292.22955322265625,306.79998779296875,309.79998779296875,304.25,305.0,20140490.0,-0.008082718040665182,0.021919832602528704,0.5571802392391209,Normal_Market,1
2018-05-10,292.2771301269531,306.8500061035156,312.8999938964844,305.70001220703125,308.45001220703125,16239386.0,0.00016280661477319214,0.021526897794141846,0.6135029648886543,Weak_Bear,0
2018-05-11,296.18243408203125,310.95001220703125,311.8500061035156,307.54998779296875,307.95001220703125,16671145.0,0.013361647397392318,0.021614957719013027,0.664859788225077,Weak_Bear,0
2018-05-14,295.3727722167969,310.1000061035156,311.0,305.1499938964844,310.0,10425585.0,-0.002733659299356428,0.02166975672885045,0.6969247972427534,Weak_Bear,0
2018-05-15,293.61065673828125,308.25,317.5,305.04998779296875,310.70001220703125,16400700.0,-0.005965734300053427,0.02174080527086509,0.701004171216979,Weak_Bear,0
2018-05-16,283.1330871582031,297.25,304.8999938964844,295.29998779296875,303.8999938964844,25515791.0,-0.0356852496311727,0.023272295746500377,0.7191551501945334,Weak_Bear,0
2018-05-17,281.9424743652344,296.0,299.95001220703125,294.04998779296875,299.0,10668400.0,-0.004205134782793829,0.023249377920755328,0.7505673375364211,Weak_Bear,0
2018-05-18,272.5126037597656,286.1000061035156,295.29998779296875,284.6000061035156,294.1499938964844,17469524.0,-0.03344608018603501,0.024512540735503727,0.7109956202965035,Weak_Bear,0
2018-05-21,275.56060791015625,289.29998779296875,293.0,287.75,289.5,23155638.0,0.01118481900777546,0.023880955049617035,0.6709754470710995,Weak_Bear,0
2018-05-22,276.5131225585937,290.29998779296875,293.8500061035156,286.8500061035156,289.5,11284988.0,0.00345664300736348,0.023735184050003008,0.6382815983217353,Weak_Bear,0
2018-05-23,278.17999267578125,292.04998779296875,298.3999938964844,288.79998779296875,288.8500061035156,15887229.0,0.0060281772588726135,0.0235063441672091,0.5814125776983369,Normal_Market,1
2018-05-24,283.5617370605469,297.70001220703125,299.0,291.20001220703125,293.70001220703125,11489424.0,0.019346266900790443,0.023332086808180268,0.6039082787376254,Normal_Market,1
2018-05-25,281.6090393066406,295.6499938964844,300.95001220703125,294.6000061035156,298.3999938964844,13541580.0,-0.006886323148349582,0.023436057610652296,0.623848118017123,Weak_Bear,0
2018-05-28,285.0380859375,299.25,302.29998779296875,293.3500061035156,293.75,19063427.0,0.012176621316212444,0.02252411874463396,0.655759594257232,Weak_Bear,0
2018-05-29,276.13214111328125,289.8999938964844,298.75,288.29998779296875,298.75,12969969.0,-0.03124475381921965,0.023523200694342824,0.6623519309686794,Weak_Bear,0
2018-05-30,271.3695678710937,284.8999938964844,288.1499938964844,282.75,285.8999938964844,25142319.0,-0.017247442557705495,0.02308617209620083,0.7040848065676917,Weak_Bear,0
2018-05-31,272.226806640625,285.79998779296875,288.95001220703125,279.29998779296875,285.0,23698686.0,0.0031589347923437483,0.022767937690820944,0.7290274960653613,Weak_Bear,0
2018-06-01,275.56060791015625,289.29998779296875,299.95001220703125,286.8500061035156,295.0,29675949.0,0.012246410670101016,0.022904103651139374,0.7083662366570463,Weak_Bear,0
2018-06-04,273.1317443847656,286.75,293.29998779296875,285.54998779296875,293.29998779296875,17188567.0,-0.008814262473185286,0.022333984447678184,0.6893094898499337,Weak_Bear,0
2018-06-05,270.6075439453125,284.1000061035156,288.0,283.1000061035156,288.0,12376050.0,-0.009241695596895694,0.015723084226220485,0.6701429364721863,Weak_Bear,0
2018-06-06,270.41705322265625,283.8999938964844,286.8999938964844,281.1000061035156,285.70001220703125,16873633.0,-0.0007039372217012563,0.015711810638249765,0.6409013597632977,Weak_Bear,0
2018-06-07,277.0845947265625,290.8999938964844,293.04998779296875,287.1499938964844,287.5,20297969.0,0.024656512688259857,0.01693969013866421,0.6548979010104479,Weak_Bear,0
2018-06-08,274.5604858398437,288.25,290.8999938964844,285.5,290.1000061035156,11340014.0,-0.00910952443678692,0.016571536764777104,0.670744607946287,Weak_Bear,0
2018-06-11,272.7983703613281,286.3999938964844,290.3500061035156,283.20001220703125,285.3999938964844,16876061.0,-0.006417950030666253,0.016581272116770348,0.7210447012457549,Weak_Bear,0
2018-06-12,273.7508239746094,287.3999938964844,289.1499938964844,285.25,288.54998779296875,14257648.0,0.0034914197325288665,0.016652027825341698,0.7233104543461938,Weak_Bear,0
2018-06-13,276.9418029785156,290.75,292.8999938964844,286.3999938964844,289.0,10927770.0,0.011656509220963063,0.015108885452505497,0.7922454619040099,Weak_Bear,0
2018-06-14,271.2267150878906,284.75,290.8500061035156,284.1000061035156,290.8500061035156,11400592.0,-0.020636421909437597,0.015726690020268618,0.8280837056495253,Weak_Bear,0
2018-06-15,269.0836181640625,282.5,288.5,280.0,287.20001220703125,47186222.0,-0.007901496440472888,0.013960957626925275,0.8114076929557589,Weak_Bear,0
2018-06-18,279.0848999023437,293.0,294.20001220703125,283.3999938964844,284.0,27792317.0,0.037167932431261264,0.016147222308060417,0.7715264528917768,Weak_Bear,0
2018-06-19,278.89434814453125,292.79998779296875,295.5,288.3500061035156,295.5,27176748.0,-0.0006827734423435761,0.01613735180491089,0.7554086119471037,Weak_Bear,0
2018-06-20,279.275390625,293.20001220703125,294.6000061035156,291.0,292.6000061035156,20364143.0,0.0013662610339857384,0.01608768276828428,0.7035753805997625,Weak_Bear,0
2018-06-21,283.7998352050781,297.95001220703125,300.3500061035156,294.54998779296875,294.79998779296875,30192796.0,0.01620065616935573,0.015906226295537902,0.7040183512335395,Weak_Bear,0
2018-06-22,286.37158203125,300.6499938964844,302.70001220703125,295.6499938964844,298.20001220703125,17490606.0,0.009061833402099984,0.015934028704043698,0.6955573238220157,Weak_Bear,0
2018-06-25,275.9416198730469,289.70001220703125,300.5,288.79998779296875,299.79998779296875,15461874.0,-0.03642107950873763,0.017736869723521807,0.7071687666999488,Weak_Bear,0
2018-06-26,274.4176330566406,288.1000061035156,289.1000061035156,284.70001220703125,287.54998779296875,11614686.0,-0.005522859571192584,0.016342037428893945,0.701557715637961,Weak_Bear,0
2018-06-27,265.7973937988281,279.04998779296875,287.8999938964844,274.0,287.8999938964844,25318055.0,-0.03141284749742468,0.01739360150293308,0.7036849128340791,Weak_Bear,0
2018-06-28,258.5107116699219,271.3999938964844,278.3999938964844,269.79998779296875,278.0,34197884.0,-0.027414422785579484,0.01833668487512053,0.6766578755139606,Weak_Bear,0
2018-06-29,262.3207702636719,275.3999938964844,276.0,269.6000061035156,272.0,20930477.0,0.014738494080720477,0.018449723908839286,0.6712744776277291,Weak_Bear,0
2018-07-02,264.2257995605469,277.3999938964844,279.8999938964844,271.0,274.0,69733139.0,0.007262212957670711,0.018500973749388278,0.6244671941460448,Weak_Bear,0
2018-07-03,259.939453125,272.8999938964844,276.79998779296875,272.20001220703125,275.8999938964844,14020388.0,-0.016222285797510394,0.018719403795848272,0.5873983977738402,Weak_Bear,0
2018-07-04,260.2729187011719,273.25,274.8500061035156,271.0,274.20001220703125,8233522.0,0.0012828586509778805,0.018731030300418495,0.5290909929835171,Normal_Market,1
2018-07-05,258.6535949707031,271.54998779296875,275.5,270.75,273.0,7505990.0,-0.006221637420249393,0.01768382950648936,0.5084167372814795,Normal_Market,1
2018-07-06,257.22479248046875,270.04998779296875,271.95001220703125,267.04998779296875,271.1000061035156,26025797.0,-0.005524000122233752,0.01763981221474344,0.5320989154237464,Normal_Market,1
2018-07-09,258.3202514648437,271.20001220703125,274.70001220703125,270.0,273.8999938964844,18374471.0,0.004258761271847877,0.0176958205168532,0.5582484577066258,Normal_Market,1
2018-07-10,260.4157409667969,273.3999938964844,275.95001220703125,271.8999938964844,272.0,14450561.0,0.008111983052317306,0.017808970775016544,0.6001181571684656,Normal_Market,1
2018-07-11,255.986572265625,268.75,274.8999938964844,267.5,274.54998779296875,12717543.0,-0.01700806827086765,0.017776457580455818,0.600581986303471,Weak_Bear,0
2018-07-12,259.3679504394531,272.29998779296875,273.70001220703125,269.04998779296875,270.3999938964844,15837704.0,0.01320920134169934,0.01769772936962763,0.6064104267849104,Normal_Market,1
2018-07-13,255.03404235839844,267.75,273.29998779296875,266.04998779296875,273.0,19159840.0,-0.016709497351972913,0.01795780642391395,0.5849766794061391,Weak_Bear,0
2018-07-16,246.9377593994141,259.25,266.6000061035156,256.5,265.29998779296875,29794402.0,-0.03174589119207338,0.016492728971927658,0.5616624699835513,Normal_Market,1
2018-07-17,253.7958068847656,266.45001220703125,267.5,260.0,260.25,15128995.0,0.02777237269031363,0.01811989401286181,0.5454738770482817,Normal_Market,1
2018-07-18,250.2239532470703,262.70001220703125,267.3500061035156,261.0,266.0,22908592.0,-0.014073729907275623,0.018183503281314746,0.4980614279766428,Normal_Market,1
2018-07-19,248.79519653320312,261.20001220703125,264.3500061035156,259.3999938964844,263.95001220703125,15145144.0,-0.005709911842278537,0.017464571810250785,0.4948240076053241,Normal_Market,1
2018-07-20,253.1766662597656,265.79998779296875,267.70001220703125,261.79998779296875,261.79998779296875,13794388.0,0.017610748871422555,0.01796085556695821,0.4647794838876402,Normal_Market,1
2018-07-23,262.4635925292969,275.54998779296875,276.29998779296875,265.3500061035156,265.3500061035156,16917863.0,0.03668160422020361,0.018857398181332186,0.4271738157012441,Normal_Market,1
2018-07-24,261.3205871582031,274.3500061035156,277.8999938964844,273.3500061035156,273.6499938964844,12012225.0,-0.004354910180413563,0.01884880265967811,0.4669919786534319,Normal_Market,1
2018-07-25,261.6063842773437,274.6499938964844,276.6000061035156,272.25,273.0,17947377.0,0.001093664767282787,0.01756142463305326,0.4768861002121145,Normal_Market,1
2018-07-26,272.0839233398437,285.6499938964844,286.5,273.25,275.0,36630780.0,0.04005077739766527,0.018598326251560292,0.45625995175089046,Normal_Market,1
2018-07-27,279.275390625,293.20001220703125,295.1499938964844,282.20001220703125,284.8999938964844,30926969.0,0.026431062875309497,0.0191707993469196,0.437198817414068,Normal_Market,1
2018-07-30,292.7533874511719,307.3500061035156,308.45001220703125,294.25,300.0,56119080.0,0.0482605960948046,0.021647636724076182,0.4040088350906991,Normal_Market,1
2018-07-31,289.8006286621094,304.25,308.5,302.20001220703125,304.29998779296875,20824059.0,-0.010086164381462481,0.021367330621454846,0.3756477742019682,Normal_Market,1
2018-08-01,285.085693359375,299.29998779296875,305.6499938964844,296.79998779296875,302.6000061035156,15581508.0,-0.016269582728309806,0.02191042077109261,0.34837020247307027,Normal_Market,1
2018-08-02,284.3713073730469,298.54998779296875,300.75,294.1000061035156,295.0,14089168.0,-0.002505864036563832,0.021827741594386867,0.370900541211526,Normal_Market,1
2018-08-03,290.5150451660156,305.0,306.75,297.54998779296875,300.0,14478297.0,0.02160463321606909,0.021983357216016478,0.3833522568128638,Normal_Market,1
2018-08-06,300.1353759765625,315.1000061035156,318.0,306.79998779296875,306.95001220703125,25849864.0,0.033114742147172915,0.022772938730786237,0.4123113966828327,Normal_Market,1
2018-08-07,298.2779541015625,313.1499938964844,318.1499938964844,310.3999938964844,313.95001220703125,20751115.0,-0.006188613617959637,0.022985281136892476,0.4535695309646785,Normal_Market,1
2018-08-08,303.5643920898437,318.70001220703125,320.0,308.25,313.0,17916047.0,0.017723193804934034,0.022375195247062177,0.49476114375030167,Normal_Market,1
2018-08-09,317.1852722167969,333.0,345.8500061035156,320.25,320.25,76423347.0,0.04486982163218234,0.02377980016975562,0.5714119323648742,High_Volatility,2
2018-08-10,312.9942321777344,328.6000061035156,340.29998779296875,325.3500061035156,334.04998779296875,36321097.0,-0.013213223961413667,0.02358221676110365,0.5611483473490361,Normal_Market,1
2018-08-13,309.46990966796875,324.8999938964844,327.45001220703125,322.0,324.0,15332907.0,-0.011260023819749887,0.0220429190963332,0.5300523274190213,Normal_Market,1
2018-08-14,316.6613464355469,332.45001220703125,333.5,324.70001220703125,324.70001220703125,15314006.0,0.023237919238396465,0.02189037197213068,0.5097231377721789,Normal_Market,1
2018-08-16,318.4234924316406,334.29998779296875,339.20001220703125,328.75,329.54998779296875,37463597.0,0.005564765058726273,0.021116675648904387,0.518913496979876,Normal_Market,1
2018-08-17,323.8527526855469,340.0,342.20001220703125,335.8500061035156,336.79998779296875,24090696.0,0.01705043874886769,0.02070238042157351,0.5452161674730596,Normal_Market,1
2018-08-20,322.3764343261719,338.45001220703125,342.45001220703125,336.70001220703125,340.0,13032778.0,-0.004558609884068088,0.021059474738215206,0.5505957468925836,Normal_Market,1
2018-08-21,322.7574462890625,338.8500061035156,341.8500061035156,334.04998779296875,338.29998779296875,16009673.0,0.0011818852816800618,0.020387161164267007,0.5638579722849387,Normal_Market,1
2018-08-23,321.1857604980469,337.20001220703125,338.70001220703125,334.75,336.54998779296875,18867868.0,-0.004869557028307936,0.020407328448369958,0.5921734822230255,Weak_Bear,0
2018-08-24,315.8757019042969,330.1499938964844,335.5,327.29998779296875,334.3999938964844,17805968.0,-0.016532671266359822,0.021202836379311973,0.6013234315804248,Weak_Bear,0
2018-08-27,325.20416259765625,339.8999938964844,342.29998779296875,330.95001220703125,331.0,28083933.0,0.02953206162145916,0.020529617902441274,0.5656501234341247,Normal_Market,1
2018-08-28,324.2474060058594,338.8999938964844,343.5,336.29998779296875,342.0,16427306.0,-0.0029420182821601193,0.020277725496806336,0.5422897063580532,Normal_Market,1
2018-08-29,325.9217529296875,340.6499938964844,342.6499938964844,335.79998779296875,336.3500061035156,18868248.0,0.0051637943521369856,0.01788811249080696,0.5226911863124608,Normal_Market,1
2018-08-30,329.4618225097656,344.3500061035156,345.45001220703125,337.70001220703125,339.20001220703125,22349447.0,0.010861716188798942,0.01753536766999924,0.507316082096403,Normal_Market,1
2018-08-31,327.7874755859375,342.6000061035156,346.79998779296875,338.5,343.0,19809916.0,-0.005082066599016888,0.016936374713621274,0.5092829883510289,Normal_Market,1
2018-09-03,319.7027282714844,334.1499938964844,344.0,332.54998779296875,343.6000061035156,12859450.0,-0.02466460104981505,0.018272511433014706,0.5063576742629107,Normal_Market,1
2018-09-04,314.29705810546875,328.5,336.45001220703125,327.25,334.79998779296875,15470215.0,-0.016908426760203432,0.01857165856775324,0.5237360181306552,Normal_Market,1
2018-09-05,315.3973693847656,329.6499938964844,331.3500061035156,324.6000061035156,327.0,14548867.0,0.0035008640740368246,0.017271998358446138,0.5673142395197323,Normal_Market,1
2018-09-06,314.4405517578125,328.6499938964844,331.25,325.5,330.0,11322771.0,-0.0030336893069830007,0.01720154589636931,0.6083247745320295,Weak_Bear,0
2018-09-07,320.6117248535156,335.1000061035156,336.3999938964844,322.45001220703125,327.45001220703125,16435004.0,0.019625881780210852,0.017293549176941897,0.6129992607416206,Normal_Market,1
2018-09-10,318.5068054199219,332.8999938964844,335.75,330.3999938964844,331.79998779296875,16673909.0,-0.006565322695405107,0.014282250203072824,0.5887328487456984,Normal_Market,1
2018-09-11,312.4313659667969,326.54998779296875,336.70001220703125,325.1000061035156,333.70001220703125,13005562.0,-0.019074755546008126,0.014630140185057655,0.5870951549426754,Weak_Bear,0
2018-09-12,308.93914794921875,322.8999938964844,327.04998779296875,318.5,327.0,15263406.0,-0.0111775525698955,0.014626807333932876,0.554844845457954,Normal_Market,1
2018-09-14,314.153564453125,328.3500061035156,332.0,324.1499938964844,327.20001220703125,10736693.0,0.016878458228813953,0.0141569824056162,0.5397887218505941,Normal_Market,1
2018-09-17,311.6181640625,325.70001220703125,327.5,321.3500061035156,327.29998779296875,7227361.0,-0.008070576550798014,0.014187848327700158,0.5317879610850265,Normal_Market,1
2018-09-18,305.06427001953125,318.8500061035156,328.04998779296875,317.70001220703125,324.25,14825218.0,-0.021031810076559743,0.014195530261467547,0.5345555283538133,Normal_Market,1
2018-09-19,307.07354736328125,320.95001220703125,324.70001220703125,317.0,320.0,15942065.0,0.006586406672998368,0.014344482123708528,0.599760828166703,Normal_Market,1
2018-09-21,303.38995361328125,317.1000061035156,333.70001220703125,308.3500061035156,323.45001220703125,34169460.0,-0.011995802900085506,0.0144766637091166,0.6069143165865091,Weak_Bear,0
2018-09-24,295.4009704589844,308.75,316.79998779296875,305.54998779296875,316.79998779296875,24382310.0,-0.026332391890867002,0.015390025177844885,0.6233774689858544,Weak_Bear,0
2018-09-25,297.6493835449219,311.1000061035156,313.5,300.04998779296875,307.0,30472132.0,0.007611393701395075,0.015307140817106895,0.6449298235581529,Weak_Bear,0
2018-09-26,299.5628662109375,313.1000061035156,315.29998779296875,305.1000061035156,315.0,23224979.0,0.0064286464941623045,0.01349930989456048,0.6334863281985371,Weak_Bear,0
2018-09-27,293.3917541503906,306.6499938964844,316.0,305.29998779296875,315.6499938964844,24888615.0,-0.020600390624522458,0.013994109601092044,0.585773866921717,Weak_Bear,0
2018-09-28,292.3393249511719,305.54998779296875,311.6000061035156,301.79998779296875,309.1000061035156,26289107.0,-0.003587112399482395,0.013798525053861012,0.5790744530279812,Normal_Market,1
2018-10-01,300.4239501953125,314.0,315.04998779296875,300.54998779296875,306.29998779296875,21104376.0,0.02765493573432498,0.015268427280996694,0.6017758199875544,Normal_Market,1
2018-10-03,290.5693359375,303.70001220703125,314.5,302.45001220703125,311.1000061035156,19105555.0,-0.03280235897106665,0.016530809933825486,0.6195297842103344,Weak_Bear,0
2018-10-04,302.8159484863281,316.5,321.25,294.79998779296875,299.0,56268976.0,0.04214695438978566,0.019087533183297183,0.6262335772472173,High_Volatility,2
2018-10-05,294.0137023925781,307.29998779296875,321.8500061035156,299.3500061035156,314.6499938964844,36131946.0,-0.029067973921946266,0.019751480148485587,0.6305725229108707,Weak_Bear,0
2018-10-08,297.4101867675781,310.8500061035156,314.04998779296875,298.6000061035156,307.29998779296875,20488368.0,0.01155212953464635,0.019974853066351696,0.6311438746674325,Weak_Bear,0
2018-10-09,293.009033203125,306.25,311.8999938964844,303.0,311.45001220703125,14852835.0,-0.014798260988594047,0.02015627219720751,0.6795868750286326,Weak_Bear,0
2018-10-10,306.0210876464844,319.8500061035156,322.95001220703125,304.5,307.1000061035156,23972064.0,0.044408373015377034,0.022290605003980713,0.6753642283064824,High_Volatility,2
2018-10-11,298.22344970703125,311.70001220703125,315.45001220703125,304.0,310.0,21691068.0,-0.025480720951037705,0.022883788846877088,0.6455400829125995,Weak_Bear,0
2018-10-12,305.59051513671875,319.3999938964844,324.25,313.6000061035156,313.8500061035156,25930022.0,0.024703172862243994,0.023357884514893828,0.6132197053806416,Normal_Market,1
2018-10-15,299.8020935058594,313.3500061035156,317.8999938964844,309.54998779296875,316.8999938964844,23756416.0,-0.018941758150673227,0.02360183272434022,0.5822825095936055,Weak_Bear,0
2018-10-16,306.7864685058594,320.6499938964844,322.95001220703125,313.75,313.75,18042549.0,0.02329661850698006,0.023902820555111445,0.6006540261077715,Normal_Market,1
2018-10-17,301.1893920898437,314.79998779296875,328.1499938964844,311.6499938964844,325.1000061035156,20203287.0,-0.018244208889900193,0.024169853952495008,0.6341429764621552,Weak_Bear,0
2018-10-19,301.811279296875,315.45001220703125,321.5,310.20001220703125,312.8500061035156,18322589.0,0.00206477128133975,0.02373152507936426,0.6504780775112031,Weak_Bear,0
2018-10-22,312.9576110839844,327.1000061035156,329.8500061035156,316.1000061035156,320.20001220703125,33593953.0,0.036931461982059766,0.025122238376851805,0.671184459621618,High_Volatility,2
2018-10-23,308.8913269042969,322.8500061035156,328.6000061035156,318.3500061035156,323.0,21509920.0,-0.012993082883024365,0.02515088102406633,0.6940704851397506,High_Volatility,2
2018-10-24,308.0780944824219,322.0,330.0,316.25,328.75,33104174.0,-0.0026327460535237046,0.02433046738173749,0.6923397571952058,High_Volatility,2
2018-10-25,306.11676025390625,319.95001220703125,322.04998779296875,311.79998779296875,318.5,26920180.0,-0.006366354062955049,0.02437307967625033,0.7077809013319482,High_Volatility,2
2018-10-26,302.00262451171875,315.6499938964844,323.3999938964844,313.0,319.79998779296875,22952163.0,-0.013439759844495525,0.024573580490106245,0.7069922223207782,High_Volatility,2
2018-10-29,334.29345703125,349.3999938964844,352.95001220703125,328.29998779296875,329.0,80069836.0,0.1069223572865945,0.033632878410707376,0.6684452720409867,High_Volatility,2
2018-10-30,330.7534484863281,345.70001220703125,353.8500061035156,342.8999938964844,347.45001220703125,34460428.0,-0.010589523876295748,0.033785718901872895,0.6596181211734432,High_Volatility,2
2018-10-31,339.6513061523437,355.0,356.54998779296875,342.29998779296875,345.5,31233009.0,0.026901783508943122,0.0337615633213275,0.6810648069315743,High_Volatility,2
2018-11-01,338.40753173828125,353.70001220703125,358.45001220703125,351.1000061035156,357.0,22157128.0,-0.0036619155926477243,0.03257602052479343,0.6881962316936765,High_Volatility,2
2018-11-02,339.1251220703125,354.45001220703125,357.79998779296875,351.70001220703125,354.0,26714413.0,0.002120491610648312,0.03159117617775536,0.7090512405798013,High_Volatility,2
2018-11-05,334.5326538085937,349.6499938964844,351.8500061035156,348.0,351.0,22873951.0,-0.013542105738679644,0.030862987402427013,0.74308724864991,High_Volatility,2
2018-11-06,337.8334655761719,353.1000061035156,358.29998779296875,347.6499938964844,348.70001220703125,21349153.0,0.009866934453181209,0.03085194674760657,0.7363617181659576,High_Volatility,2
2018-11-07,340.51239013671875,355.8999938964844,357.0,354.54998779296875,356.75,2074764.0,0.007929719324810014,0.03042919188782823,0.7293917310426165,High_Volatility,2
2018-11-09,341.4213562011719,356.8500061035156,358.1000061035156,352.3999938964844,356.8999938964844,15130936.0,0.0026694067258115073,0.029204723313314456,0.7294240732333732,High_Volatility,2
2018-11-12,337.11590576171875,352.3500061035156,358.20001220703125,351.5,356.0,10642857.0,-0.012610372377866885,0.028613235949828442,0.7162426145305858,High_Volatility,2
2018-11-13,345.2962646484375,360.8999938964844,361.9500122070313,347.79998779296875,347.79998779296875,17684864.0,0.024265716173299756,0.02859876754488776,0.6875056078665999,High_Volatility,2
2018-11-14,350.7497863769531,366.6000061035156,369.8999938964844,361.2999877929687,365.0,31774158.0,0.015793746665832442,0.028021463666257254,0.6804950336999477,High_Volatility,2
2018-11-15,354.00274658203125,370.0,374.8999938964844,362.1000061035156,366.1000061035156,21967798.0,0.009274304166167369,0.027799298273538817,0.6969471693398455,High_Volatility,2
2018-11-16,351.6587219238281,367.5499877929687,375.2999877929687,365.5499877929687,370.1000061035156,29972926.0,-0.00662148720832012,0.02734992409057171,0.7116545325668587,High_Volatility,2
2018-11-19,346.7313537597656,362.3999938964844,370.7000122070313,360.75,368.2999877929687,16002154.0,-0.014011790002267599,0.027770098089319836,0.7121474039379808,High_Volatility,2
2018-11-20,342.4259338378906,357.8999938964844,365.4500122070313,354.6000061035156,362.0,19591217.0,-0.012417163533638864,0.027185897774600457,0.7619409314692094,High_Volatility,2
2018-11-21,341.3255920410156,356.75,360.2999877929687,353.04998779296875,356.3500061035156,29323882.0,-0.0032133716758612207,0.026934996461766194,0.7585654303136755,High_Volatility,2
2018-11-22,336.8288269042969,352.04998779296875,358.5,351.0,357.6499938964844,12547369.0,-0.013174415401521977,0.027200888433407178,0.7977665498598793,High_Volatility,2
2018-11-26,340.94293212890625,356.3500061035156,357.8500061035156,350.70001220703125,354.75,20673027.0,0.012214231372121631,0.02711643608146475,0.8228919205280811,High_Volatility,2
2018-11-27,339.31646728515625,354.6499938964844,356.1000061035156,351.6000061035156,355.75,17933339.0,-0.004770489986679172,0.026861905355302994,0.8235213538455006,High_Volatility,2
2018-11-28,343.4783630371094,359.0,361.5499877929687,353.25,356.95001220703125,18163000.0,0.012265528358385014,0.012870383818854698,0.7734083373587054,Weak_Bear,0
2018-11-29,346.5400085449219,362.2000122070313,366.3999938964844,360.20001220703125,363.0,38692771.0,0.008913648827078235,0.012648345326845938,0.7617971276153938,Weak_Bear,0
2018-11-30,339.7948303222656,355.1499938964844,365.0,353.79998779296875,365.0,21893877.0,-0.01946435636963939,0.012162812113394143,0.7788571456408281,Weak_Bear,0
2018-12-03,340.1297302246094,355.5,358.8999938964844,352.1000061035156,358.8999938964844,23427270.0,0.0009855944601220301,0.012131687561447538,0.7966998530195003,Weak_Bear,0
2018-12-04,342.4737854003906,357.95001220703125,359.1000061035156,353.29998779296875,353.29998779296875,18651442.0,0.0068916503542142404,0.012215500167432048,0.7921681284193898,Weak_Bear,0
2018-12-05,336.2069702148437,351.3999938964844,356.3500061035156,350.45001220703125,355.29998779296875,12068267.0,-0.018298671176307124,0.01254637850784328,0.8197655537705072,Weak_Bear,0
2018-12-06,332.6190795898437,347.6499938964844,349.95001220703125,343.3500061035156,348.20001220703125,17784829.0,-0.010671672341317828,0.012564744599429674,0.7782215921267653,Weak_Bear,0
2018-12-07,336.9723815917969,352.20001220703125,353.0,345.29998779296875,349.6000061035156,14979672.0,0.013087950358473988,0.012801962018738303,0.7633516963032253,Weak_Bear,0
2018-12-10,331.37530517578125,346.3500061035156,349.45001220703125,344.25,346.5,14107881.0,-0.016609896602137075,0.013272348727704854,0.7717281469377699,Weak_Bear,0
2018-12-11,327.978759765625,342.79998779296875,345.0,336.0,337.3999938964844,36885929.0,-0.010249844683974052,0.013177649960961114,0.7571222202675553,Weak_Bear,0
2018-12-12,334.8196716308594,349.95001220703125,351.70001220703125,339.3999938964844,342.79998779296875,24740214.0,0.02085778929746218,0.012847699524117937,0.7343874675966859,Weak_Bear,0
2018-12-13,334.43701171875,349.54998779296875,354.20001220703125,347.6000061035156,352.8999938964844,19129928.0,-0.0011428836013293031,0.012191970821275423,0.7103742017233552,Weak_Bear,0
2018-12-14,336.68536376953125,351.8999938964844,354.04998779296875,349.1499938964844,349.20001220703125,12104234.0,0.006722796736002623,0.01207720797212738,0.6982696294145454,Weak_Bear,0
2018-12-17,342.9521484375,358.45001220703125,360.5,352.29998779296875,352.29998779296875,18378122.0,0.018613178184539336,0.012906540776240306,0.7344101959693834,Weak_Bear,0
2018-12-18,346.587890625,362.25,362.8999938964844,354.6000061035156,356.75,15405953.0,0.010601310427896582,0.012790902852977576,0.7189835151293943,Weak_Bear,0
2018-12-19,350.65411376953125,366.5,369.25,361.0,363.0,19442031.0,0.011732155838447333,0.012690816285659712,0.6943635219990378,Weak_Bear,0
2018-12-20,346.4921875,362.1499938964844,365.5,361.1499938964844,363.0499877929687,12109613.0,-0.011869035913454895,0.012995489395095238,0.6675801494850531,Weak_Bear,0
2018-12-21,338.88592529296875,354.20001220703125,363.5,352.0,361.0,13555416.0,-0.021952189634957486,0.013626318456100395,0.6526048182640012,Weak_Bear,0
2018-12-24,337.49859619140625,352.75,357.1000061035156,351.5,353.3999938964844,9025217.0,-0.004093793804989532,0.013367166241839886,0.5972739084006099,Normal_Market,1
2018-12-26,340.4645690917969,355.8500061035156,356.8999938964844,348.1499938964844,350.6499938964844,8695108.0,0.008788104406539654,0.013478406991121985,0.5539206526114847,Normal_Market,1
2018-12-27,340.27325439453125,355.6499938964844,360.75,354.8999938964844,359.5,10122458.0,-0.0005619224866069139,0.013178687911884281,0.5027913389954192,Normal_Market,1
2018-12-28,345.1527404785156,360.75,362.7999877929687,358.29998779296875,358.29998779296875,13004606.0,0.014339904829331118,0.013433608924760605,0.48118174278445236,Normal_Market,1
2018-12-31,344.5787048339844,360.1499938964844,363.5,359.5,362.7999877929687,7314108.0,-0.0016631351202236466,0.012651022638857217,0.4883266898097999,Normal_Market,1
2019-01-01,348.0229797363281,363.75,364.7999877929687,356.3999938964844,361.5,7759872.0,0.009995611609264099,0.012818220486484299,0.5007854507047313,Normal_Market,1
2019-01-02,348.8362731933594,364.6000061035156,367.8999938964844,360.2999877929687,361.5,18243156.0,0.0023368958499447867,0.012752553464411662,0.4065545359610427,Normal_Market,1
2019-01-03,347.54461669921875,363.25,367.2999877929687,362.0499877929687,365.0,12884409.0,-0.0037027585529348928,0.011984649140779026,0.442118568919279,Normal_Market,1
2019-01-04,349.41033935546875,365.2000122070313,368.7999877929687,358.04998779296875,361.8500061035156,22896026.0,0.005368296807384265,0.011643029637707124,0.4357238148506367,Normal_Market,1
2019-01-07,351.80224609375,367.7000122070313,371.0,366.5499877929687,367.5,12719847.0,0.0068455522601118535,0.011426762278949273,0.42178021827287254,Normal_Market,1
2019-01-08,363.7139892578125,380.1499938964844,381.7999877929687,366.6000061035156,367.7999877929687,21501136.0,0.03385920157226119,0.01256600673998318,0.5022368678549026,Normal_Market,1
2019-01-09,365.72314453125,382.25,383.5499877929687,375.6000061035156,381.6499938964844,21730142.0,0.005523997791609059,0.012060428294339808,0.5138144773370522,Normal_Market,1
2019-01-10,363.0920104980469,379.5,382.1499938964844,376.0499877929687,380.9500122070313,14497154.0,-0.007194332851357954,0.011812668345786988,0.5162533888495319,Normal_Market,1
2019-01-11,362.1830749511719,378.5499877929687,381.2000122070313,375.25,380.6000061035156,12537973.0,-0.0025033201519036874,0.011848476283035017,0.525416009251386,Normal_Market,1
2019-01-14,357.2079467773437,373.3500061035156,378.7000122070313,372.7000122070313,378.7000122070313,14844029.0,-0.013736501007118873,0.012473149370494152,0.5644609282110947,Normal_Market,1
2019-01-15,356.6339111328125,372.75,375.3999938964844,370.6000061035156,373.5499877929687,12960779.0,-0.001607006926105714,0.011952736940626329,0.5986671190976819,Normal_Market,1
2019-01-16,359.0736389160156,375.2999877929687,379.75,372.0499877929687,372.0499877929687,15106484.0,0.006840986532810511,0.011839778528266695,0.6016187863926088,Normal_Market,1
2019-01-17,358.4039001464844,374.6000061035156,377.9500122070313,372.7999877929687,376.0,13171721.0,-0.0018651850120579017,0.011630231844764664,0.6277620529525637,Weak_Bear,0
2019-01-18,355.9162902832031,372.0,376.3999938964844,370.3500061035156,374.6000061035156,12212121.0,-0.006940800204084052,0.01138942567243073,0.6137675828163504,Weak_Bear,0
2019-01-21,355.6293029785156,371.7000122070313,376.1499938964844,370.6000061035156,373.0,8908581.0,-0.0008063337153214611,0.010004427988234673,0.5614920036569505,Normal_Market,1
2019-01-22,353.0938720703125,369.0499877929687,372.5,366.1000061035156,370.5499877929687,14756076.0,-0.007129420683189003,0.010131332729062515,0.5392994538365699,Normal_Market,1
2019-01-23,351.5152282714844,367.3999938964844,373.7000122070313,366.4500122070313,368.7999877929687,9726450.0,-0.004470889821938773,0.010118879198688167,0.537161559068647,Normal_Market,1
2019-01-24,349.0276184082031,364.7999877929687,368.5,361.75,366.6000061035156,17521254.0,-0.007076819617498953,0.010297007317648803,0.5129218491752133,Normal_Market,1
2019-01-25,341.7561950683594,357.20001220703125,364.6499938964844,354.54998779296875,362.3500061035156,22978238.0,-0.02083337522974904,0.01093998943824678,0.49397680677387257,Normal_Market,1
2019-01-28,328.6963806152344,343.54998779296875,354.8999938964844,336.6499938964844,353.20001220703125,34362360.0,-0.03821383384290289,0.013827321204443537,0.5297969563312753,Normal_Market,1
2019-01-29,331.85369873046875,346.8500061035156,350.1000061035156,341.3500061035156,342.95001220703125,20738442.0,0.009605576153058681,0.013809381642293254,0.5695859408902813,Normal_Market,1
2019-01-30,350.0800476074219,365.8999938964844,368.6000061035156,351.0,351.0,39400056.0,0.05492284385161117,0.01882941869237558,0.5658257468111639,High_Volatility,2
2019-01-31,348.6927490234375,364.4500122070313,376.6499938964844,354.1000061035156,372.7000122070313,85917249.0,-0.003962803917177515,0.018832449926455188,0.5851275070925842,Normal_Market,1
2019-02-01,339.31646728515625,354.6499938964844,364.8999938964844,348.75,364.5,25605469.0,-0.026889809910131013,0.019737954231825096,0.5509157017039571,Normal_Market,1
2019-02-04,339.2207336425781,354.54998779296875,356.8999938964844,346.0,351.0,17039321.0,-0.00028213674197452576,0.019647629879153715,0.5125993005424636,Normal_Market,1
2019-02-05,337.4029235839844,352.6499938964844,356.1000061035156,348.8500061035156,354.6000061035156,12197271.0,-0.005358782286312369,0.01778741182350296,0.5041371386031137,Normal_Market,1
2019-02-06,343.7654113769531,359.29998779296875,361.8999938964844,353.20001220703125,353.6000061035156,15396216.0,0.018857239662847913,0.018387081385725295,0.5219146557575934,Normal_Market,1
2019-02-07,343.1435241699219,358.6499938964844,361.7999877929687,356.5,359.1000061035156,10247434.0,-0.0018090453153511987,0.018360794171822913,0.5257052497063377,Normal_Market,1
2019-02-08,339.7470092773437,355.1000061035156,358.3999938964844,350.75,356.8999938964844,9308651.0,-0.009898233984728333,0.018431731499980435,0.5279777962595522,Normal_Market,1
2019-02-11,334.91534423828125,350.04998779296875,354.70001220703125,349.04998779296875,354.6000061035156,9419635.0,-0.014221361504666685,0.01844686368342561,0.564802733381739,Normal_Market,1
2019-02-12,329.4139709472656,344.29998779296875,352.0,343.25,349.0,14924394.0,-0.016426160776621734,0.01868168484721842,0.5720610467214773,Normal_Market,1
2019-02-14,329.0791015625,343.95001220703125,346.8500061035156,336.1499938964844,339.8500061035156,15172596.0,-0.0010165609667455167,0.018528163827070974,0.6011939175866494,Weak_Bear,0
2019-02-15,327.3569030761719,342.1499938964844,347.75,340.6000061035156,344.04998779296875,20316848.0,-0.0052333875902509375,0.018521219042212635,0.5962513097047609,Weak_Bear,0
2019-02-18,324.1038818359375,338.75,343.0,337.54998779296875,342.20001220703125,10601490.0,-0.009937231228869026,0.018555289152772665,0.5570084108493767,Normal_Market,1
2019-02-19,328.4093322753906,343.25,350.3999938964844,339.1000061035156,339.1000061035156,14384763.0,0.013284168073101288,0.01896622632466854,0.5225474242131293,Normal_Market,1
2019-02-20,330.2750244140625,345.20001220703125,347.6000061035156,342.3500061035156,345.0,9474758.0,0.005680996108561764,0.01906409039864092,0.5010521178778442,Normal_Market,1
2019-02-21,336.1112365722656,351.29998779296875,354.95001220703125,346.25,346.79998779296875,18631331.0,0.017670764444138953,0.019619025743805522,0.538635291895923,Normal_Market,1
2019-02-22,336.8288269042969,352.04998779296875,354.1000061035156,351.29998779296875,351.3999938964844,10997730.0,0.0021349787033286827,0.0196030966974536,0.5351738132388296,Normal_Market,1
2019-02-25,340.22540283203125,355.6000061035156,357.45001220703125,353.04998779296875,353.04998779296875,10344411.0,0.010083982297333094,0.01922158445058273,0.5353730296385478,Normal_Market,1
2019-02-26,333.1453552246094,348.20001220703125,352.70001220703125,346.6000061035156,350.0,18096382.0,-0.020809873538212176,0.017739758237825892,0.5601533820333682,Normal_Market,1
2019-02-27,330.60992431640625,345.54998779296875,354.70001220703125,343.29998779296875,351.0,17325417.0,-0.007610584594504477,0.017708668250814432,0.5416347391455971,Normal_Market,1
2019-02-28,335.0110778808594,350.1499938964844,351.75,345.0,348.45001220703125,18347113.0,0.013312224590817268,0.012626308852638046,0.5651109302819702,Normal_Market,1
2019-03-01,338.9337463378906,354.25,355.0,350.6499938964844,352.04998779296875,14190221.0,0.011709070881608996,0.01298717236325841,0.5521205853049249,Normal_Market,1
2019-03-05,347.54461669921875,363.25,364.1499938964844,352.79998779296875,355.0,17638277.0,0.025405762791008035,0.01283551291850315,0.5256061417337925,Normal_Market,1
2019-03-06,355.8684997558594,371.9500122070313,372.8500061035156,365.25,365.25,31436190.0,0.02395054521544937,0.013788945142370553,0.4765272496671563,Normal_Market,1
2019-03-07,354.7682189941406,370.7999877929687,374.0,368.5,371.5,15355303.0,-0.0030918183612025363,0.013730236801080624,0.4734448367145179,Normal_Market,1
2019-03-08,354.57684326171875,370.6000061035156,373.3999938964844,367.6499938964844,369.7999877929687,16143455.0,-0.0005394387720649707,0.013196259710975055,0.48671805107497507,Normal_Market,1
2019-03-11,359.5998840332031,375.8500061035156,378.3999938964844,370.0,371.7999877929687,11449587.0,0.014166296719430038,0.013457913506928697,0.4884690981817065,Normal_Market,1
2019-03-12,371.4159240722656,388.2000122070313,389.0,377.3500061035156,378.0,37108265.0,0.03285885386428955,0.014732088495502357,0.47798660066844845,Normal_Market,1
2019-03-13,374.9559020996094,391.8999938964844,393.25,384.2999877929687,387.8999938964844,19574619.0,0.009531034610823497,0.01408061437579205,0.5061857066066395,Normal_Market,1
2019-03-14,371.12884521484375,387.8999938964844,393.0,386.7999877929687,392.0,13182462.0,-0.010206685275083172,0.013626276937755998,0.5057043312866486,Normal_Market,1
2019-03-15,378.20892333984375,395.2999877929687,398.25,388.1000061035156,388.8500061035156,31466545.0,0.019077143197806068,0.013815944180231117,0.5303659153342828,Normal_Market,1
2019-03-18,380.8400268554687,398.0499877929687,399.8999938964844,393.5,396.25,21220626.0,0.006956746267090974,0.013510016962034646,0.5462750768954023,Normal_Market,1
2019-03-19,381.1748962402344,398.3999938964844,400.9500122070313,393.8999938964844,398.3999938964844,11670392.0,0.0008792914640056715,0.01297344335020115,0.5522520112012258,Normal_Market,1
2019-03-20,375.9126892089844,392.8999938964844,398.1499938964844,392.2000122070313,397.6000061035156,14181408.0,-0.013805229785996964,0.01380462416206182,0.5324299912741917,Normal_Market,1
2019-03-22,374.8601989746094,391.7999877929687,396.2999877929687,390.0,394.4500122070313,17409249.0,-0.002799826301659869,0.013972231765517075,0.5209414933277793,Normal_Market,1
2019-03-25,366.9190979003906,383.5,387.9500122070313,382.5,387.9500122070313,12345034.0,-0.021184167046650493,0.014992990936142809,0.45401763551642127,Normal_Market,1
2019-03-26,377.0608520507813,394.1000061035156,395.5,383.3999938964844,384.9500122070313,14063632.0,0.02764030056877531,0.01584183865443917,0.4644814931731752,Normal_Market,1
2019-03-27,376.1997375488281,393.2000122070313,398.4500122070313,390.1499938964844,395.3999938964844,17950017.0,-0.002283754723593545,0.01590609046525331,0.4446001392566573,Normal_Market,1
2019-03-28,383.2319030761719,400.5499877929687,401.8999938964844,392.75,392.75,23117485.0,0.01869263804691257,0.014934806294987567,0.43325102497680035,Normal_Market,1
2019-04-01,381.0314025878906,398.25,409.5499877929687,395.75,401.4500122070313,16106604.0,-0.0057419553816319135,0.01484328173617077,0.44948939281105765,Normal_Market,1
2019-04-02,379.9789123535156,397.1499938964844,400.0,393.4500122070313,400.0,13010810.0,-0.0027622138942530183,0.014931336623896313,0.4745751057586948,Normal_Market,1
2019-04-03,375.1472778320313,392.1000061035156,402.7999877929687,390.6499938964844,399.0,12317200.0,-0.012715533321462802,0.015465489958204983,0.4841254586669432,Normal_Market,1
2019-04-04,371.942138671875,388.75,395.7000122070313,387.2999877929687,394.3999938964844,14521564.0,-0.008543682307062817,0.01498688716259595,0.44969116436135426,Normal_Market,1
2019-04-05,373.6642761230469,390.5499877929687,392.5,385.6000061035156,389.25,10853927.0,0.004630121925203845,0.01420168474005353,0.4239569030630274,Normal_Market,1
2019-04-08,370.3634338378906,387.1000061035156,391.4500122070313,385.0,391.4500122070313,6305407.0,-0.00883371115752385,0.014378420516193008,0.39737124703329324,Normal_Market,1
2019-04-09,379.9789123535156,397.1499938964844,398.3500061035156,387.1499938964844,387.3999938964844,13206348.0,0.02596227823029018,0.015299418058142653,0.4113824199785011,Normal_Market,1
2019-04-10,377.1565246582031,394.2000122070313,398.7999877929687,392.7000122070313,395.5499877929687,14000018.0,-0.0074277482343195755,0.015274643903332805,0.41223337284729006,Normal_Market,1
2019-04-11,373.1858825683594,390.0499877929687,394.5,387.5499877929687,394.5,8704774.0,-0.010527836137641078,0.013739291092250208,0.37506555743394426,Normal_Market,1
2019-04-12,377.5392456054687,394.6000061035156,395.5499877929687,388.25,390.6000061035156,7035256.0,0.011665401185994462,0.013822582937594832,0.3794084241476773,Normal_Market,1
2019-04-15,375.7691650390625,392.75,396.9500122070313,391.7999877929687,394.2000122070313,9770752.0,-0.004688467720931788,0.013653050143630796,0.4090893758394975,Normal_Market,1
2019-04-16,389.4030456542969,407.0,408.3999938964844,397.5,397.5,24487788.0,0.03628259549667168,0.01531250532344157,0.4522561434651608,Normal_Market,1
2019-04-18,386.91546630859375,404.3999938964844,411.0,402.6000061035156,411.0,18660434.0,-0.00638818667050578,0.015356103812478039,0.4662204920229826,Normal_Market,1
2019-04-22,377.4435119628906,394.5,404.6000061035156,393.7000122070313,404.25,10493872.0,-0.02448068162296857,0.01637157086233788,0.45795303774777707,Normal_Market,1
2019-04-23,379.3570556640625,396.5,399.9500122070313,393.6000061035156,396.1000061035156,10203957.0,0.0050697485597792635,0.01609779328355829,0.44843186029080234,Normal_Market,1
2019-04-24,383.7581481933594,401.1000061035156,402.6499938964844,393.4500122070313,397.1000061035156,11397163.0,0.011601451623439063,0.016260007926341878,0.434959010056328,Normal_Market,1
2019-04-25,378.30462646484375,395.3999938964844,402.3999938964844,394.2999877929687,400.8999938964844,16524091.0,-0.014210829800460179,0.015821386744689293,0.45065303024559944,Normal_Market,1
2019-04-26,389.5944213867187,407.2000122070313,408.0,394.25,400.0,14286163.0,0.02984313204777611,0.01601830674906966,0.4868700276912047,Normal_Market,1
2019-04-30,389.8814697265625,407.5,409.7999877929687,403.2999877929687,407.75,19375553.0,0.0007367876029180653,0.015992420879763984,0.47653876702633147,Normal_Market,1
2019-05-02,378.4480590820313,395.5499877929687,405.0,394.3999938964844,403.7000122070313,16572948.0,-0.029325350221311774,0.016917634220475132,0.4716797938139207,Normal_Market,1
2019-05-03,384.4278259277344,401.7999877929687,405.2000122070313,394.7000122070313,397.1499938964844,24431248.0,0.01580075971378392,0.01724840158560313,0.4740119785418028,Normal_Market,1
2019-05-06,383.949462890625,401.2999877929687,404.8999938964844,394.6499938964844,396.5,20751521.0,-0.001244350707327091,0.017236236449179505,0.4851736869412147,Normal_Market,1
2019-05-07,369.7893676757813,386.5,407.3500061035156,384.2999877929687,398.0,41519416.0,-0.03688010163691113,0.018981765996156055,0.4844480987088145,Normal_Market,1
2019-05-08,365.6753234863281,382.2000122070313,390.0,380.1000061035156,386.2999877929687,22509400.0,-0.011125371763149872,0.01904766640157766,0.4719809906092545,Normal_Market,1
2019-05-09,364.909912109375,381.3999938964844,385.7000122070313,377.5499877929687,380.9500122070313,19739885.0,-0.0020931447319325613,0.019008360871022423,0.4404148089063706,Normal_Market,1
2019-05-10,368.4499206542969,385.1000061035156,389.2000122070313,382.25,383.5,18361701.0,0.009701047922920925,0.019058766504564235,0.41436664423974784,Normal_Market,1
2019-05-13,360.0304260253906,376.2999877929687,385.75,375.25,385.0,13828080.0,-0.02285112346870599,0.01866893336840796,0.4382063820785468,Normal_Market,1
2019-05-14,363.953125,380.3999938964844,386.75,376.5,378.1000061035156,21481226.0,0.01089546519141349,0.018864356220897716,0.4549436685065432,Normal_Market,1
2019-05-15,360.7479553222656,377.0499877929687,384.5,375.7999877929687,382.3500061035156,16183425.0,-0.008806545287210699,0.018825420072864404,0.43288133382539257,Normal_Market,1
2019-05-16,365.9622802734375,382.5,385.0,377.5499877929687,379.0,13430281.0,0.014454205143072274,0.01893825312368852,0.4449590775088785,Normal_Market,1
2019-05-17,372.85107421875,389.7000122070313,392.0,380.75,381.2000122070313,19096980.0,0.01882378134753493,0.019445406595561793,0.4625761052882995,Normal_Market,1
2019-05-20,390.0728149414063,407.7000122070313,414.0,402.0,405.25,33350816.0,0.046189328430236376,0.02052037580760864,0.4772533155954567,Normal_Market,1
2019-05-21,382.8492126464844,400.1499938964844,410.7999877929687,397.6000061035156,408.6000061035156,18286421.0,-0.01851859965172653,0.02090370074600874,0.5122851624787699,Normal_Market,1
2019-05-22,387.8244018554687,405.3500061035156,408.3999938964844,401.5499877929687,403.0,15370847.0,0.012995166359603516,0.020294851525566322,0.498485000247403,Normal_Market,1
2019-05-23,393.0865783691406,410.8500061035156,427.9500122070313,407.3999938964844,414.0,43279956.0,0.01356845131068618,0.02046066185073604,0.48767450965418424,Normal_Market,1
2019-05-24,413.0829772949219,431.75,433.5499877929687,412.6499938964844,415.5,37708344.0,0.05087021543381964,0.023141321025806356,0.551209979727163,High_Volatility,2
2019-05-27,416.6708679199219,435.5,438.7999877929687,429.6499938964844,432.25,23397222.0,0.008685641438181069,0.022759263726303644,0.5893587895856289,Normal_Market,1
2019-05-28,415.5227355957031,434.2999877929687,439.2000122070313,428.1000061035156,435.0499877929687,23389724.0,-0.00275548979449991,0.022049150258884466,0.6067337995758493,Weak_Bear,0
2019-05-29,404.9983520507813,423.2999877929687,430.4500122070313,422.1000061035156,428.6000061035156,22132254.0,-0.02532805703118457,0.02296942652895733,0.5742497396076868,Weak_Bear,0
2019-05-30,407.77294921875,426.2000122070313,428.0,419.6000061035156,420.8500061035156,18281037.0,0.0068508850811837,0.02175226409127443,0.5943497433915834,Normal_Market,1
2019-05-31,405.3810424804687,423.7000122070313,430.2000122070313,414.2999877929687,427.0,24644955.0,-0.005865780804891418,0.021670983491759367,0.6060483788656026,Weak_Bear,0
2019-06-03,404.6156005859375,422.8999938964844,426.3999938964844,419.6000061035156,426.0,17125380.0,-0.0018882034785039359,0.02167790718614486,0.6013484545185817,Weak_Bear,0
2019-06-04,400.9798889160156,419.1000061035156,422.75,417.5,417.7000122070313,14514451.0,-0.008985594387999063,0.019803794027592112,0.5997708412292615,Weak_Bear,0
2019-06-06,393.7563171386719,411.5499877929687,417.8500061035156,410.3500061035156,417.3999938964844,17762399.0,-0.01801479819068108,0.02014217138926948,0.603185906122054,Weak_Bear,0
2019-06-07,398.5880126953125,416.6000061035156,418.9500122070313,407.8999938964844,413.5,14107696.0,0.012270775975738779,0.020173426194219225,0.5885992564513672,Normal_Market,1
2019-06-10,398.109619140625,416.1000061035156,422.75,413.0,418.8999938964844,13074522.0,-0.001200220627440629,0.020176031022160697,0.5618926139279181,Normal_Market,1
2019-06-11,403.1326293945313,421.3500061035156,423.7000122070313,413.0499877929687,418.4500122070313,10939138.0,0.012617153699398642,0.019221447139653892,0.6061815688508598,Normal_Market,1
2019-06-12,399.9274597167969,418.0,422.0,414.7999877929687,422.0,11136959.0,-0.007950658031696145,0.01942162545168006,0.6251978344304624,Weak_Bear,0
2019-06-13,401.458251953125,419.6000061035156,422.2999877929687,415.2999877929687,416.7000122070313,12164077.0,0.003827674742344911,0.019155974418957392,0.6198935586699227,Weak_Bear,0
2019-06-14,399.6883239746094,417.75,422.0,416.1000061035156,420.2999877929687,8601256.0,-0.004408747285439496,0.01915794326369589,0.6295349512200762,Weak_Bear,0
2019-06-17,396.2917785644531,414.2000122070313,419.7000122070313,413.1499938964844,418.9500122070313,9539802.0,-0.00849798507091748,0.019063375238748407,0.6155660939727347,Weak_Bear,0
2019-06-18,403.8980407714844,422.1499938964844,426.0499877929687,415.1000061035156,415.4500122070313,17761348.0,0.01919359072899396,0.01666599477907937,0.6349880437942467,Weak_Bear,0
2019-06-19,401.6496276855469,419.7999877929687,426.0,417.3500061035156,423.75,17010384.0,-0.005566783838918399,0.016073009097796572,0.6467282202484271,Weak_Bear,0
2019-06-20,414.6616516113281,433.3999938964844,434.6499938964844,419.0,419.75,24315929.0,0.03239645459342588,0.01727869131367476,0.6390566856531014,Normal_Market,1
2019-06-21,412.174072265625,430.7999877929687,435.2000122070313,428.8500061035156,434.2000122070313,13909654.0,-0.005999058114095401,0.017231961149845626,0.6138462081162116,Weak_Bear,0
2019-06-24,410.8824768066406,429.4500122070313,433.7999877929687,428.2000122070313,431.4500122070313,8545999.0,-0.00313361646423993,0.012956331502558396,0.5828951546913451,Normal_Market,1
2019-06-25,414.9007873535156,433.6499938964844,434.7999877929687,424.6000061035156,427.8999938964844,12964387.0,0.009779707760002587,0.01299801005975453,0.6149557710680912,Normal_Market,1
2019-06-26,419.6846923828125,438.6499938964844,440.0,432.5,432.5,12261068.0,0.011530238493427492,0.0132366414042058,0.6364124189649988,Weak_Bear,0
2019-06-27,421.8852233886719,440.9500122070313,443.8999938964844,437.6000061035156,438.0,18787957.0,0.005243295849952423,0.011771220236313499,0.635215258102968,Weak_Bear,0
2019-06-28,418.20166015625,437.1000061035156,440.5,433.6000061035156,439.5,13459208.0,-0.008731197558508264,0.011955143790848832,0.6336297487056504,Weak_Bear,0
2019-07-01,420.01953125,439.0,442.0,437.7000122070313,439.5,6871979.0,0.004346876798793087,0.011849216207883673,0.6839907765683069,Weak_Bear,0
2019-07-02,417.8668212890625,436.75,440.0,433.6000061035156,439.0,7787303.0,-0.005125261567077377,0.011924709788497988,0.6741797849684636,Weak_Bear,0
2019-07-03,417.1013793945313,435.9500122070313,440.0,434.2000122070313,437.8999938964844,10415896.0,-0.0018317843282458224,0.011693003024747585,0.7133202144014165,Weak_Bear,0
2019-07-04,417.340576171875,436.2000122070313,441.3999938964844,434.1000061035156,438.0,11810688.0,0.0005734739542000433,0.01071295492997845,0.7159201877291126,Weak_Bear,0
2019-07-05,417.4841003417969,436.3500061035156,439.8999938964844,433.2000122070313,436.4500122070313,12154330.0,0.0003439017869730776,0.010497571909173468,0.7100402543492799,Weak_Bear,0
2019-07-08,407.4859008789063,425.8999938964844,435.3500061035156,422.0,434.0,12184946.0,-0.023948695183133917,0.012025958633622727,0.6946012469682475,Weak_Bear,0
2019-07-09,409.9735107421875,428.5,429.7999877929687,424.6499938964844,426.0,11679067.0,0.006104775301220666,0.011787289544874312,0.7004421318990849,Weak_Bear,0
2019-07-10,412.2696838378906,430.8999938964844,432.7000122070313,427.2000122070313,430.0,16494282.0,0.005600784039794027,0.011639874117155818,0.6857432041123285,Weak_Bear,0
2019-07-11,408.1078186035156,426.5499877929687,432.8999938964844,424.7999877929687,432.6499938964844,16535185.0,-0.010095006733532919,0.01191183479355104,0.6816310811045632,Weak_Bear,0
2019-07-12,408.5861511230469,427.0499877929687,433.0,424.0,427.2999877929687,8824728.0,0.0011720738925513619,0.011846393837420643,0.685332116377625,Weak_Bear,0
2019-07-15,404.0415649414063,422.2999877929687,428.3999938964844,421.6000061035156,428.3999938964844,7825336.0,-0.01112271223375838,0.011972971019773999,0.7214973728248091,Weak_Bear,0
2019-07-16,406.24212646484375,424.6000061035156,430.5499877929687,421.5499877929687,421.5499877929687,12149205.0,0.0054463741218222506,0.011248410102623022,0.7039014264129767,Weak_Bear,0
2019-07-17,406.33782958984375,424.7000122070313,427.0499877929687,422.5,424.6000061035156,10961022.0,0.00023558148888391806,0.011162292331113885,0.6970770030223197,Weak_Bear,0
2019-07-18,400.5493774414063,418.6499938964844,425.5,417.5,425.0,10651654.0,-0.014245417795040849,0.008800730636357576,0.6663939910354933,Weak_Bear,0
2019-07-19,392.5603637695313,410.2999877929687,420.3500061035156,408.5,419.8999938964844,12260757.0,-0.019945140653835236,0.009669496856078937,0.6051498036773604,Weak_Bear,0
2019-07-22,394.67041015625,411.5,412.9500122070313,404.25,409.75,17937246.0,0.005375087709969417,0.00982105532732121,0.5761783550281986,Normal_Market,1
2019-07-23,395.1020202636719,411.9500122070313,416.0,409.75,412.7999877929687,14207080.0,0.001093596318130441,0.009459776042998705,0.5755621259903302,Normal_Market,1
2019-07-24,391.7931213378906,408.5,411.8500061035156,401.7000122070313,411.8500061035156,16505930.0,-0.008374796270525398,0.00895055866499674,0.5916392464436556,Normal_Market,1
2019-07-25,392.272705078125,409.0,413.8500061035156,405.2999877929687,409.2000122070313,16852479.0,0.0012240739158377867,0.00879010161985326,0.5925929852970707,Normal_Market,1
2019-07-26,398.74658203125,415.75,419.3999938964844,408.5499877929687,410.25,17493739.0,0.01650351112712678,0.00977049951289739,0.6508908055542467,Weak_Bear,0
2019-07-29,411.7903747558594,429.3500061035156,435.3500061035156,425.2999877929687,433.0,46754670.0,0.032711986290047124,0.012475484553334392,0.6824238395131043,Weak_Bear,0
2019-07-30,407.9540100097656,425.3500061035156,438.7000122070313,422.75,433.0,23617273.0,-0.00931630504566372,0.012584644898279868,0.6567912030866472,Weak_Bear,0
2019-07-31,407.2346496582031,424.6000061035156,430.2000122070313,421.2000122070313,423.8999938964844,22329888.0,-0.0017633368809030214,0.01258445180211417,0.6175001202787866,Weak_Bear,0
2019-08-01,399.9934387207031,417.0499877929687,426.3500061035156,410.6499938964844,423.25,18269866.0,-0.017781421457082836,0.013112553335726234,0.5557104706292106,Normal_Market,1
2019-08-02,393.8072509765625,410.6000061035156,417.8500061035156,405.5,413.8999938964844,30939803.0,-0.015465723047672686,0.013433935400060344,0.509698477342612,Normal_Market,1
2019-08-05,386.1823425292969,402.6499938964844,406.6499938964844,395.75,403.6499938964844,25033370.0,-0.0193620316242461,0.013089156691656261,0.4853433470854376,Normal_Market,1
2019-08-06,393.4715270996094,410.25,411.5,400.8999938964844,401.0,30665326.0,0.018874981498563814,0.01382683777233457,0.44944257898164686,Normal_Market,1
2019-08-07,391.69720458984375,408.3999938964844,415.0,406.2999877929687,409.2999877929687,20977349.0,-0.0045094050968431665,0.013720204873153596,0.4747053514358467,Normal_Market,1
2019-08-08,397.4518127441406,414.3999938964844,416.6000061035156,404.1499938964844,411.0,19046657.0,0.014691471082421081,0.014108889643784098,0.48197010401880785,Normal_Market,1
2019-08-09,402.9666748046875,420.1499938964844,422.3999938964844,414.5,416.5,17664017.0,0.01387554889351339,0.014503065709107579,0.48383282119590043,Normal_Market,1
2019-08-13,393.4715270996094,410.25,421.7000122070313,409.1499938964844,417.0,18389104.0,-0.023563109057790688,0.015227156572978625,0.5138421158833532,Normal_Market,1
2019-08-14,400.2331848144531,417.2999877929687,422.2000122070313,411.25,411.8999938964844,13307755.0,0.01718461756225631,0.01571579136438578,0.49978722149688765,Normal_Market,1
2019-08-16,401.8157043457031,418.9500122070313,420.0,412.1000061035156,417.7999877929687,15154141.0,0.00395399379984851,0.015748503737120178,0.5087410295157001,Normal_Market,1
2019-08-19,406.0837097167969,423.3999938964844,427.8999938964844,420.1000061035156,420.1000061035156,12304262.0,0.01062179831433796,0.015582110142659542,0.48803908527381495,Normal_Market,1
2019-08-20,399.84954833984375,416.8999938964844,423.2000122070313,412.5,420.7999877929687,16181488.0,-0.015351912001840273,0.01529137352900776,0.45645074668796826,Normal_Market,1
2019-08-21,395.1978759765625,412.0499877929687,418.7000122070313,410.5499877929687,416.0,12868183.0,-0.011633556627973607,0.015508496224276904,0.45465376758551923,Normal_Market,1
2019-08-22,382.7775573730469,399.1000061035156,412.5,398.0,411.0,18182520.0,-0.031428100601057385,0.017037351297280817,0.4594734633407204,Normal_Market,1
2019-08-23,379.2288513183594,395.3999938964844,403.5,385.7999877929687,389.0,26883695.0,-0.009270935524647306,0.01705770051623104,0.46568652980319475,Normal_Market,1
2019-08-26,394.8143005371094,411.6499938964844,414.0,392.8500061035156,407.0,26701988.0,0.041097741283576905,0.01954105961048243,0.4913889765867754,Normal_Market,1
2019-08-27,401.4800415039063,418.6000061035156,420.5,411.25,412.7999877929687,28793372.0,0.016883230819473294,0.01955760079289568,0.5298928596545571,Normal_Market,1
2019-08-28,396.0611267089844,412.9500122070313,418.25,409.7000122070313,418.0,12154347.0,-0.013497345408810868,0.0182398075181065,0.5402753049138167,Normal_Market,1
2019-08-29,387.86077880859375,404.3999938964844,410.7999877929687,399.3500061035156,409.8999938964844,30331105.0,-0.02070475324990939,0.018660124323296567,0.5279474743182213,Normal_Market,1
2019-08-30,392.8960876464844,409.6499938964844,412.8500061035156,402.6499938964844,406.5,18314194.0,0.01298225835919209,0.018973507151302398,0.538938323550134,Normal_Market,1
2019-09-03,376.11175537109375,392.1499938964844,406.3999938964844,391.0499877929687,405.0499877929687,20194305.0,-0.0427195200031939,0.02082099452604675,0.5138066393616786,Normal_Market,1
2019-09-04,381.2429809570313,397.5,399.6499938964844,389.8999938964844,391.0,18614965.0,0.013642821615279743,0.020911147432225777,0.4728046321514457,Normal_Market,1
2019-09-05,373.0906372070313,389.0,394.0,388.0,389.5499877929687,25022673.0,-0.021383590406137354,0.02100714625320385,0.4490709703441854,Normal_Market,1
2019-09-06,375.3445129394531,391.3500061035156,394.5,389.2000122070313,391.0,17564286.0,0.006041094328430141,0.02054247307558111,0.4099500630723573,Normal_Market,1
2019-09-09,379.27685546875,395.4500122070313,400.3999938964844,389.1000061035156,393.0,18651819.0,0.010476621860011637,0.020724556872348653,0.4069636628125281,Normal_Market,1
2019-09-11,378.4616394042969,394.6000061035156,399.0,393.3500061035156,394.8999938964844,17463978.0,-0.002149395758530015,0.02037531034430854,0.42838792589791,Normal_Market,1
2019-09-12,386.2303161621094,402.7000122070313,407.2000122070313,399.6499938964844,399.6499938964844,19577114.0,0.020526985958313926,0.020703952827740756,0.454677093308285,Normal_Market,1
2019-09-13,396.4927368164063,413.3999938964844,414.8999938964844,400.6499938964844,406.7999877929687,17775449.0,0.02657072794355586,0.020978059635348517,0.49225804074324586,Normal_Market,1
2019-09-16,395.2937927246094,412.1499938964844,415.6499938964844,406.75,408.5,17629622.0,-0.0030238740346764104,0.020620437981704237,0.5023008743371029,Normal_Market,1
2019-09-17,384.26416015625,400.6499938964844,411.8999938964844,398.2999877929687,405.8500061035156,20793363.0,-0.027902367230045133,0.021477483100205568,0.5160626090330586,Normal_Market,1
2019-09-18,383.0173034667969,399.3500061035156,405.4500122070313,396.5,405.4500122070313,18477377.0,-0.003244790482011428,0.02127103415525143,0.5168858104037101,Normal_Market,1
2019-09-19,370.7887878417969,386.6000061035156,395.7000122070313,384.3500061035156,395.7000122070313,22647508.0,-0.03192679681653099,0.022096597105992915,0.48771476798845054,Normal_Market,1
2019-09-20,400.4250183105469,417.5,424.0,386.6499938964844,389.0,75217723.0,0.0799275259676806,0.02879860532393016,0.45332636304269464,High_Volatility,2
2019-09-23,428.0471496582031,446.2999877929687,450.0,428.4500122070313,435.7999877929687,57490445.0,0.06898203180260354,0.031468185028902425,0.45747928424961004,High_Volatility,2
2019-09-24,422.8679809570313,440.8999938964844,448.6499938964844,433.3500061035156,441.5,26639931.0,-0.01209952853396501,0.031546997532166936,0.42681743750095147,High_Volatility,2
2019-09-25,416.4420471191406,434.2000122070313,440.9500122070313,429.6000061035156,439.1000061035156,19987241.0,-0.015196075672004206,0.030744668901609908,0.4421286694586157,High_Volatility,2
2019-09-26,433.4660949707031,451.9500122070313,458.6499938964844,438.5499877929687,439.0,40909369.0,0.040879752583417917,0.03176190592354225,0.4838397433809488,High_Volatility,2
2019-09-27,430.8285827636719,449.2000122070313,451.8500061035156,443.2999877929687,449.5,19432963.0,-0.006084702443012291,0.03158594717371144,0.509104329005791,High_Volatility,2
2019-09-30,415.9625244140625,433.7000122070313,445.1499938964844,431.0,443.2999877929687,27524660.0,-0.03450573834782933,0.032312108255355444,0.5194418755598571,High_Volatility,2
2019-10-01,407.2346496582031,424.6000061035156,443.2000122070313,416.7000122070313,436.9500122070313,30623906.0,-0.02098235837027318,0.03270476417287432,0.5168434949682413,High_Volatility,2
2019-10-03,409.82421875,427.2999877929687,434.6000061035156,422.2999877929687,424.0,23275379.0,0.006358911487444274,0.030943542355715222,0.48421867335061225,High_Volatility,2
2019-10-04,396.9722595214844,413.8999938964844,429.2999877929687,412.0499877929687,428.5,17952697.0,-0.03135968700853076,0.03188441461674421,0.4571530599314256,High_Volatility,2
2019-10-07,399.0823059082031,416.1000061035156,423.5,411.5,415.1000061035156,21933703.0,0.00531534971552472,0.03138706988438824,0.43889787983043865,High_Volatility,2
2019-10-09,418.83978271484375,436.7000122070313,438.3999938964844,417.1000061035156,420.25,34533981.0,0.04950727334723082,0.03301104907789817,0.42040912210993103,High_Volatility,2
2019-10-10,406.3714294433594,423.7000122070313,431.5,420.5,430.0,19074005.0,-0.02976878937016625,0.033937652227192125,0.4092894906562939,High_Volatility,2
2019-10-11,411.0230712890625,428.5499877929687,433.25,422.1000061035156,427.9500122070313,18004922.0,0.011446773834653756,0.03394434747957397,0.3808858797983616,High_Volatility,2
2019-10-14,411.3108520507813,428.8500061035156,436.3999938964844,426.0,430.0,17211042.0,0.0007001571975417953,0.03374584354385028,0.3602278249994402,High_Volatility,2
2019-10-15,414.1881408691406,431.8500061035156,435.4500122070313,428.2000122070313,430.0,14971985.0,0.006995411874044288,0.03332826515611934,0.3980695024797937,High_Volatility,2
2019-10-16,417.49700927734375,435.2999877929687,439.5,431.1499938964844,434.5,17833051.0,0.007988805283656086,0.03331967676061746,0.40371334964436056,High_Volatility,2
2019-10-17,422.5802917480469,440.6000061035156,443.3500061035156,433.7000122070313,436.0,12452421.0,0.012175614094821707,0.0325435544790852,0.39447049062321704,High_Volatility,2
2019-10-18,419.894775390625,437.7999877929687,443.7000122070313,435.25,437.7000122070313,15988455.0,-0.006355044023262368,0.032593704322248146,0.39308734948642854,High_Volatility,2
2019-10-22,432.6987915039063,451.1499938964844,458.7000122070313,437.5499877929687,440.5,34966169.0,0.03049339230613146,0.031841445440557864,0.3711024911902925,High_Volatility,2
2019-10-23,436.4872131347656,455.1000061035156,459.0,448.2000122070313,452.0,25196183.0,0.008755332127672766,0.02701739626176804,0.37872264909877706,Normal_Market,1
2019-10-24,436.1515808105469,454.75,459.0,451.0,457.3999938964844,23542540.0,-0.000768939648445377,0.02238193706614276,0.3507363913391988,Normal_Market,1
2019-10-25,449.9146728515625,469.1000061035156,470.6499938964844,454.3999938964844,457.7000122070313,34397573.0,0.03155575411520517,0.023135273604772986,0.4112653258559324,Normal_Market,1
2019-10-27,450.3462829589844,469.5499877929687,473.5,465.0,471.0,8206762.0,0.0009593154735014764,0.022731894089195893,0.41025782229258523,Normal_Market,1
2019-10-29,457.8751831054687,477.3999938964844,482.0,466.8500061035156,470.2000122070313,33686172.0,0.016718024398949094,0.02127325103981635,0.4415472082589717,Normal_Market,1
2019-10-30,451.8808288574219,471.1499938964844,479.0,470.0,479.0,22396012.0,-0.013091677534019297,0.02148662885488395,0.4721426739872342,Normal_Market,1
2019-10-31,444.1120910644531,463.0499877929687,476.75,461.2999877929687,475.0,21198377.0,-0.01719200571666646,0.02022438581863089,0.5149172535890202,Normal_Market,1
2019-11-01,443.3448181152344,462.25,466.9500122070313,460.5,466.6499938964844,13522994.0,-0.001727656068493344,0.019442155898102182,0.49945803362194663,Normal_Market,1
2019-11-04,451.2574157714844,470.5,472.2999877929687,463.0,463.0,16254715.0,0.01784750228927523,0.019670360060935234,0.49298344749610434,Normal_Market,1
2019-11-05,449.1953430175781,468.3500061035156,474.0,466.8999938964844,472.1000061035156,14952189.0,-0.004569615217028367,0.01789542925457689,0.49498266324279966,Normal_Market,1
2019-11-06,461.040283203125,480.7000122070313,483.8999938964844,464.75,467.1499938964844,24922680.0,0.026369240842916142,0.018442298618272922,0.49337603636091937,Normal_Market,1
2019-11-07,458.9781799316406,478.5499877929687,483.0,475.6499938964844,483.0,18312032.0,-0.004472718212729099,0.015702339753368034,0.47542439050357355,Normal_Market,1
2019-11-08,469.4324340820313,489.4500122070313,496.0,480.2999877929687,480.75,52207121.0,0.022777235623592684,0.01392655810077646,0.5036203250531942,Normal_Market,1
2019-11-11,476.4817810058594,496.7999877929687,499.0,484.6000061035156,488.0,24766065.0,0.01501674450256707,0.01400475599572093,0.5120811909617943,Normal_Market,1
2019-11-13,465.88372802734375,485.75,497.5,483.2999877929687,496.7999877929687,24272664.0,-0.022242304744880315,0.015456187356245725,0.5292085558178802,Normal_Market,1
2019-11-14,478.2561645507813,498.6499938964844,499.8500061035156,483.75,489.75,35396276.0,0.02655691920347847,0.0161037697295529,0.5746575043258401,Normal_Market,1
2019-11-15,479.4070434570313,499.8500061035156,509.7000122070313,496.0,497.8500061035156,42074833.0,0.002406406841260589,0.01614026418372035,0.5802829942383101,Normal_Market,1
2019-11-18,477.9683837890625,498.3500061035156,504.4500122070313,496.6499938964844,498.75,22910109.0,-0.003000914750009853,0.01624355428678987,0.5863175779540291,Normal_Market,1
2019-11-19,473.3168029785156,493.5,502.0,489.8500061035156,497.9500122070313,27939336.0,-0.009731984307563946,0.01639885116858388,0.5719151808927285,Normal_Market,1
2019-11-20,474.7554016113281,495.0,498.0,492.5,495.2000122070313,22606112.0,0.0030393990320216613,0.015369097994798894,0.5721535919501756,Normal_Market,1
2019-11-21,477.87249755859375,498.25,503.7999877929687,491.25,498.1000061035156,25745594.0,0.006565688218999055,0.01534692371544272,0.557808167461159,Normal_Market,1
2019-11-22,476.4817810058594,496.7999877929687,501.75,492.1499938964844,501.1000061035156,18462401.0,-0.0029102251329369277,0.015394119197581765,0.5259798617462031,Normal_Market,1
2019-11-25,477.4408874511719,497.7999877929687,500.0,491.5499877929687,492.0,25692878.0,0.00201289216827516,0.014021996862206579,0.4977030120973061,Normal_Market,1
2019-11-26,489.8133239746094,510.7000122070313,517.5499877929688,501.0,501.7999877929687,286857658.0,0.02591406988514966,0.014906983691233042,0.5053771781126217,Normal_Market,1
2019-11-27,484.8260192871094,505.5,515.8499755859375,504.2999877929687,513.9000244140625,29866539.0,-0.010182051903019573,0.014942439725881995,0.49945157918880473,Normal_Market,1
2019-11-28,497.9178161621094,519.1500244140625,520.0,508.0,509.5499877929687,35706498.0,0.02700308224845327,0.015358087233397004,0.5563151976435415,Normal_Market,1
2019-11-29,491.6356201171875,512.5999755859375,516.5,510.2999877929687,516.0,13324549.0,-0.012616933640463568,0.015041361804328789,0.5779117323090586,Normal_Market,1
2019-12-02,490.005126953125,510.8999938964844,514.0,507.25,513.4500122070312,10130049.0,-0.003316466702868004,0.015084026070108591,0.5734156824088686,Normal_Market,1
2019-12-03,488.5185241699219,509.3500061035156,511.25,504.6499938964844,509.75,12795657.0,-0.0030338514873240463,0.014878209404176692,0.5993440045562273,Normal_Market,1
2019-12-04,507.6046142578125,529.25,531.3499755859375,509.2999877929687,510.0,30992538.0,0.03906932724879009,0.01663880633516351,0.6566585740369257,Weak_Bear,0
2019-12-05,506.501708984375,528.0999755859375,537.5,526.0499877929688,532.5499877929688,32354118.0,-0.002172764475457112,0.016036492144098972,0.6391251339627034,Weak_Bear,0
2019-12-06,503.336669921875,524.7999877929688,533.5,521.6500244140625,530.0499877929688,24868376.0,-0.006248822079685468,0.01609555187786283,0.6194600702249103,Weak_Bear,0
2019-12-09,504.9671325683594,526.5,529.2999877929688,522.2000122070312,524.0499877929688,12980877.0,0.003239308287904974,0.015526376047820737,0.6073774210989634,Normal_Market,1
2019-12-10,507.07720947265625,528.7000122070312,530.25,524.7000122070312,526.0499877929688,12021443.0,0.004178642070355343,0.015300615759419505,0.5744512695841816,Normal_Market,1
2019-12-11,511.7287292480469,533.5499877929688,535.2000122070312,527.2000122070312,530.5999755859375,13768156.0,0.0091731982595471,0.014114990832935919,0.5868781878527635,Normal_Market,1
2019-12-12,513.4552001953125,535.3499755859375,537.0999755859375,529.7999877929688,534.8499755859375,12385216.0,0.003373801095362783,0.013153139158878727,0.6031787505709435,Normal_Market,1
2019-12-13,515.0856323242188,537.0499877929688,542.7999877929688,535.7000122070312,537.9000244140625,17884861.0,0.003175412632467456,0.013150472841816842,0.60887533119388,Normal_Market,1
2019-12-16,517.1956787109375,539.25,541.4000244140625,536.7000122070312,539.5,13070575.0,0.004096496299455188,0.013056220694701134,0.6036068897139998,Normal_Market,1
2019-12-17,519.0180053710938,541.1500244140625,543.0,538.75,540.9500122070312,11516163.0,0.0035234761912517065,0.012650930206068665,0.5933301431961798,Normal_Market,1
2019-12-18,519.2577514648438,541.4000244140625,542.9000244140625,535.9500122070312,542.0499877929688,12906168.0,0.0004619224983892778,0.012681765236793086,0.6152267075525658,Weak_Bear,0
2019-12-19,518.1068725585938,540.2000122070312,541.2000122070312,533.7000122070312,537.2000122070312,12082790.0,-0.0022163923465818858,0.012760650761174951,0.5679920720568676,Normal_Market,1
2019-12-20,523.7655029296875,546.0999755859375,549.5,539.25,540.9500122070312,27691592.0,0.01092174350660402,0.01273402352314571,0.5904877525606472,Normal_Market,1
2019-12-23,519.1617431640625,541.2999877929688,548.8499755859375,537.5999755859375,547.0,11521942.0,-0.008789734604272015,0.0130835664227584,0.6057329228059376,Weak_Bear,0
2019-12-24,518.9700317382812,541.0999755859375,543.9500122070312,539.2999877929688,542.0,6715007.0,-0.00036927109577233885,0.01207723875482642,0.6023991809313921,Normal_Market,1
2019-12-26,516.7161254882812,538.75,542.4000244140625,537.6500244140625,541.0999755859375,7831074.0,-0.004343037385897919,0.01181036431732899,0.6100362736185304,Weak_Bear,0
2019-12-27,526.9305419921875,549.4000244140625,550.5,538.3499755859375,541.0,11247684.0,0.019767946073395493,0.01113624861011512,0.6451634655706846,Weak_Bear,0
2019-12-30,521.7034301757812,543.9500122070312,552.2000122070312,542.5999755859375,549.5999755859375,13180302.0,-0.009919925682508213,0.01095337050633735,0.7136593922725044,Weak_Bear,0
2019-12-31,516.8599853515625,538.9000244140625,543.7999877929688,538.0,543.7999877929688,12491978.0,-0.009283904502193518,0.011213495092737813,0.7161287448292792,Weak_Bear,0
2020-01-01,514.7978515625,536.75,542.5,535.7000122070312,539.9000244140625,7642793.0,-0.00398973386895074,0.011241358006429548,0.717617994621032,Weak_Bear,0
2020-01-02,518.490478515625,540.5999755859375,541.9000244140625,535.8499755859375,536.0,10264223.0,0.0071729649646308236,0.007420743595573407,0.7254744971337297,Weak_Bear,0
2020-01-03,516.8119506835938,538.8499755859375,540.7999877929688,536.25,538.0,9594690.0,-0.003237335884810566,0.0074491243965310785,0.6943936098826462,Weak_Bear,0
2020-01-06,504.1998291015625,525.7000122070312,537.25,523.7999877929688,537.25,12534334.0,-0.024403695706628037,0.009267568770499921,0.6569305353197781,Weak_Bear,0
2020-01-07,501.5143432617187,522.9000244140625,535.5999755859375,521.6500244140625,531.2999877929688,16101835.0,-0.005326233141786485,0.009313953021056753,0.6637902495696122,Weak_Bear,0
2020-01-08,504.4396362304687,525.9500122070312,527.3499755859375,515.0,516.0,16094310.0,0.005832919851752605,0.009363051415729379,0.643987789633828,Weak_Bear,0
2020-01-09,523.9573364257812,546.2999877929688,547.4000244140625,530.2999877929688,530.7000122070312,18934019.0,0.038691844957233545,0.01266561658212138,0.6693714282062783,Weak_Bear,0
2020-01-10,518.15478515625,540.25,546.5,538.5,544.9000244140625,12335407.0,-0.011074472797945378,0.01294743361007187,0.6890046133147284,Weak_Bear,0
2020-01-13,516.572265625,538.5999755859375,546.0499877929688,538.0,539.4000244140625,7901800.0,-0.0030541443919557265,0.012955488374390934,0.7160083714455823,Weak_Bear,0
2020-01-14,515.6131591796875,537.5999755859375,538.9500122070312,534.1500244140625,536.2000122070312,13939440.0,-0.0018566742915476775,0.012930174448253427,0.710163374803549,Weak_Bear,0
2020-01-15,513.6949462890625,535.5999755859375,536.9500122070312,530.6500244140625,535.0999755859375,12353176.0,-0.0037202558865579993,0.012925535875812183,0.7170289073569668,Weak_Bear,0
2020-01-16,515.1815185546875,537.1500244140625,540.0,533.2000122070312,533.9000244140625,11249232.0,0.0028938814297552184,0.012945858842742948,0.7365334819947689,Weak_Bear,0
2020-01-17,510.2901306152344,532.0499877929688,538.0,530.5999755859375,534.5,18312609.0,-0.00949449419920112,0.013103448099276096,0.7120676761140897,Weak_Bear,0
2020-01-20,512.9755859375,534.8499755859375,544.0,531.0,533.0,19159996.0,0.0052626048617241405,0.012899265387100262,0.6928270445603232,Weak_Bear,0
2020-01-21,509.3310852050781,531.0499877929688,540.25,530.2000122070312,532.9500122070312,13477994.0,-0.007104628041432637,0.012850858051684618,0.7262962533358209,Weak_Bear,0
2020-01-22,501.4664306640625,522.8499755859375,534.9500122070312,520.75,531.5,17527408.0,-0.015441143824647896,0.013255031518163046,0.690923676032824,Weak_Bear,0
2020-01-23,506.11810302734375,527.7000122070312,530.25,517.0499877929688,521.4000244140625,17061293.0,0.009276139096930702,0.013456690816072326,0.7394923256616653,Weak_Bear,0
2020-01-24,512.0165405273438,533.8499755859375,537.4000244140625,527.0,529.25,17851868.0,0.011654270939368772,0.012910428321134239,0.786355058698518,Weak_Bear,0
2020-01-27,515.2775268554688,537.25,545.0,531.5,538.5,38149166.0,0.006368908169971155,0.012855419481815528,0.7869392282176354,Weak_Bear,0
2020-01-28,506.5975646972656,528.2000122070312,540.5999755859375,524.4500122070312,538.0999755859375,24009224.0,-0.01684521778229575,0.013231729983806562,0.8117546798452024,Weak_Bear,0
2020-01-29,505.0630187988281,526.5999755859375,534.7999877929688,525.2999877929688,531.5499877929688,16400827.0,-0.0030291221383081934,0.013221739179297304,0.7816286013830047,Weak_Bear,0
2020-01-30,510.43402099609375,532.2000122070312,533.9500122070312,524.1500244140625,527.6500244140625,14319317.0,0.010634320861660607,0.013354569775351596,0.8186574735917375,Weak_Bear,0
2020-01-31,504.1519470214844,525.6500244140625,532.75,522.4000244140625,530.0,16292578.0,-0.01230731831383447,0.013597115787282538,0.7716454234077111,Weak_Bear,0
2020-02-03,494.4649658203125,515.5499877929688,519.1500244140625,502.0,504.0,22531888.0,-0.019214407994260996,0.013172966124013415,0.7431113735709074,Weak_Bear,0
2020-02-04,509.0912780761719,530.7999877929688,534.6500244140625,516.6500244140625,520.0,17781475.0,0.02958007799722373,0.014770209054880582,0.7699035269528687,Weak_Bear,0
2020-02-05,517.0518798828125,539.0999755859375,540.4000244140625,525.7000122070312,529.0499877929688,18782476.0,0.01563688507240446,0.01510313139434379,0.7268589963649889,Weak_Bear,0
2020-02-06,519.4495239257812,541.5999755859375,547.0,536.25,540.3499755859375,15296851.0,0.004637144039612018,0.01233716247234651,0.7504507689164234,Weak_Bear,0
2020-02-07,514.51025390625,536.4500122070312,541.75,535.1500244140625,540.9500122070312,8297149.0,-0.00950866213564372,0.01227037749706733,0.7968948579338925,Weak_Bear,0
2020-02-10,512.1124267578125,533.9500122070312,542.25,530.5,538.6500244140625,12536053.0,-0.004660406921403015,0.012294712351746315,0.8161475123442091,Weak_Bear,0
2020-02-11,517.6752319335938,539.75,544.7999877929688,537.5,537.7000122070312,11243552.0,0.010862468639941891,0.012539836483792853,0.8334033108942822,Weak_Bear,0
2020-02-12,526.8346557617188,549.2999877929688,550.7000122070312,542.7000122070312,545.7999877929688,14026335.0,0.017693378518252034,0.013083243054041679,0.818792844880469,Weak_Bear,0
2020-02-13,518.8741455078125,541.0,549.0,538.0,549.0,9227235.0,-0.015110073277917913,0.013580960802081408,0.7609635641600805,Weak_Bear,0
2020-02-14,523.4777221679688,545.7999877929688,548.6500244140625,536.5499877929688,541.25,14458649.0,0.008872241371076228,0.013494214103279611,0.7679470678789864,Weak_Bear,0
2020-02-17,519.4495239257812,541.5999755859375,545.3499755859375,537.75,543.0,7793293.0,-0.007695071006087573,0.013607710358374343,0.7932784315076864,Weak_Bear,0
2020-02-18,519.0658569335938,541.2000122070312,544.4000244140625,536.0,541.0,15918303.0,-0.0007386030297764634,0.013489110707804267,0.8474401177141099,Weak_Bear,0
2020-02-19,522.5186157226562,544.7999877929688,546.5,540.5,543.5,8704234.0,0.006651870360843581,0.012963354096921204,0.7947316741930649,Weak_Bear,0
2020-02-20,524.6287231445312,547.0,549.3499755859375,541.7999877929688,545.5,13588526.0,0.0040383392254008665,0.01286408373128158,0.8316234981546831,Weak_Bear,0
2020-02-24,508.18017578125,529.8499755859375,541.8499755859375,527.5499877929688,539.5,16940750.0,-0.031352738875392805,0.014618422250111656,0.8617361253497023,Weak_Bear,0
2020-02-25,509.235107421875,530.9500122070312,538.7999877929688,525.2999877929688,532.4500122070312,14942960.0,0.0020759008141220114,0.014547086616488908,0.885892169691349,Weak_Bear,0
2020-02-26,502.2816162109375,523.7000122070312,529.3499755859375,522.2000122070312,526.8499755859375,15743918.0,-0.01365477577958285,0.01437475743772926,0.877182521838933,Weak_Bear,0
2020-02-27,494.2731323242187,515.3499755859375,523.2999877929688,512.6500244140625,522.7999877929688,26315054.0,-0.015944210634528888,0.014786609338415054,0.8576337386548804,Weak_Bear,0
2020-02-28,476.9134216308594,497.25,506.8500061035156,492.2000122070313,501.6000061035156,32737933.0,-0.03512169599777515,0.01635262042656067,0.8181678552311614,Weak_Bear,0
2020-03-02,485.4014587402344,506.1000061035156,520.5499877929688,498.4500122070313,508.25,28642076.0,0.017797857481865798,0.016854171145910847,0.7778220559797294,Weak_Bear,0
2020-03-03,493.69769287109375,514.75,519.5,508.5,509.8500061035156,19661945.0,0.0170914899027923,0.016830188666748513,0.7780826019511419,Weak_Bear,0
2020-03-04,487.5594482421875,508.3500061035156,517.5,497.0499877929687,517.5,21883404.0,-0.01243320501096401,0.015522538810449765,0.7989402777988716,Weak_Bear,0
2020-03-05,483.8668823242187,504.5,511.1499938964844,500.0,509.75,16671516.0,-0.00757357063078512,0.014989651324887119,0.7396292961084515,Weak_Bear,0
2020-03-06,466.459228515625,486.3500061035156,496.7999877929687,477.2999877929687,485.0,31024353.0,-0.035976121624561985,0.016542116929292583,0.7591759626621023,Weak_Bear,0
2020-03-09,439.0288696289063,457.75,475.0,442.9500122070313,475.0,42027175.0,-0.05880548011453879,0.020428676180957613,0.7140712852929231,Weak_Bear,0
2020-03-11,446.6057739257813,465.6499938964844,471.75,449.6000061035156,450.0,31018779.0,0.017258328144295954,0.02117459290284311,0.7157068208956512,Weak_Bear,0
2020-03-12,408.24169921875,425.6499938964844,445.9500122070313,416.0,438.0,50757033.0,-0.08590143018036034,0.027177684933785227,0.7224529288148058,High_Volatility,2
2020-03-13,428.9103698730469,447.2000122070313,464.75,395.2000122070313,401.0,67104335.0,0.05062851417150771,0.02989763761278996,0.6783082759013239,High_Volatility,2
2020-03-16,386.422119140625,402.8999938964844,424.2000122070313,397.4500122070313,424.2000122070313,34833637.0,-0.09906090809834689,0.03596148135554207,0.7006452383224349,High_Volatility,2
2020-03-17,352.2301330566406,367.25,408.4500122070313,364.0,407.0,47232699.0,-0.08848351165824797,0.039151263673298804,0.7342884844341454,High_Volatility,2
2020-03-18,340.52911376953125,355.04998779296875,375.5,342.29998779296875,369.1000061035156,61202289.0,-0.033219813380440666,0.039184169043704406,0.7735438617862367,High_Volatility,2
2020-03-19,324.70391845703125,338.54998779296875,369.6000061035156,323.0,336.1000061035156,57985870.0,-0.04647237100323365,0.03932679032137131,0.8210845923674407,High_Volatility,2
2020-03-20,331.5615234375,345.70001220703125,359.79998779296875,323.0,328.0,88640642.0,0.02111956336423515,0.04001675291548826,0.7921510238768418,High_Volatility,2
2020-03-23,272.3849182128906,284.0,313.70001220703125,280.0,311.1499938964844,56867949.0,-0.1784785056211876,0.052654321054951624,0.8827481701795812,High_Volatility,2
2020-03-24,284.3736572265625,296.5,305.0,268.29998779296875,295.29998779296875,67895418.0,0.04401396043631789,0.05524762814276506,0.8868691543815074,High_Volatility,2
2020-03-25,303.9393920898437,316.8999938964844,334.1499938964844,281.6000061035156,284.0,66544138.0,0.06880290901098851,0.058987723682642594,0.8897499338623122,High_Volatility,2
2020-03-26,316.7433776855469,330.25,364.3999938964844,314.25,322.0,76173940.0,0.04212677240572482,0.06078021725885519,0.8657816759328414,High_Volatility,2
2020-03-27,325.95074462890625,339.8500061035156,359.54998779296875,326.0,355.79998779296875,72889985.0,0.029068853816732965,0.061799472554039676,0.8402561229667442,High_Volatility,2
2020-03-30,300.58251953125,313.3999938964844,333.8999938964844,311.1000061035156,330.1000061035156,36559880.0,-0.07782840050430895,0.06312112570978633,0.8072989879424995,High_Volatility,2
2020-03-31,310.5092163085937,323.75,334.8500061035156,316.0,324.70001220703125,46279768.0,0.03302486383048531,0.06370056472009396,0.7537337959305229,High_Volatility,2
2020-04-01,298.4245300292969,311.1499938964844,323.75,308.1000061035156,319.0,33141186.0,-0.03891892943778741,0.06321084833033495,0.7542949139706838,High_Volatility,2
2020-04-03,274.9265441894531,286.6499938964844,309.5,281.5,309.5,57326314.0,-0.07874012849257706,0.06436379446259384,0.7712393422237149,High_Volatility,2
2020-04-07,312.7631530761719,326.1000061035156,329.6000061035156,296.8500061035156,308.29998779296875,57661076.0,0.1376244298209539,0.07403418537864244,0.7253878753498992,High_Volatility,2
2020-04-08,305.9055480957031,318.95001220703125,352.75,315.1000061035156,322.8500061035156,73931321.0,-0.02192587238305088,0.07393031870308805,0.746274548198902,High_Volatility,2
2020-04-09,328.6841735839844,342.70001220703125,345.0,322.6499938964844,332.3999938964844,52431174.0,0.07446293677927973,0.07605398615709119,0.7221110534236025,High_Volatility,2
2020-04-13,317.1269836425781,330.6499938964844,345.79998779296875,329.25,341.04998779296875,30994190.0,-0.035161990963502254,0.07591224506480582,0.7455381717091687,High_Volatility,2
2020-04-15,313.96197509765625,327.3500061035156,351.8999938964844,325.0,342.70001220703125,49132329.0,-0.009980256200743387,0.07401068563985864,0.713307308349366,High_Volatility,2
2020-04-16,328.0128479003906,342.0,347.79998779296875,319.3500061035156,325.29998779296875,56494027.0,0.0447534221249688,0.07376709383778259,0.6887156536297101,High_Volatility,2
2020-04-17,360.1907043457031,375.5499877929687,385.5,349.04998779296875,362.0,69006835.0,0.09809937827521953,0.0745024938530544,0.6287292965849327,High_Volatility,2
2020-04-20,346.52349853515625,361.2999877929687,378.8999938964844,357.0,376.0,55810736.0,-0.03794436015602831,0.07219344434580334,0.6017463970699842,High_Volatility,2
2020-04-21,318.2779846191406,331.8500061035156,346.20001220703125,328.0,341.0,50118175.0,-0.08151110685254148,0.07420318004547369,0.596624995425366,High_Volatility,2
2020-04-22,322.2102966308594,335.95001220703125,338.0,323.04998779296875,326.0,49115085.0,0.012354960763070855,0.07345518533333628,0.6169164969796374,High_Volatility,2
2020-04-23,338.5149841308594,352.95001220703125,354.79998779296875,338.0,340.25,45953398.0,0.05060262713664754,0.07414643581353776,0.6022549401512329,High_Volatility,2
2020-04-24,321.1552734375,334.8500061035156,343.25,331.5,337.8999938964844,38513206.0,-0.051281956507569726,0.06218629779742403,0.6199595265657768,High_Volatility,2
2020-04-27,333.6715087890625,347.8999938964844,352.8999938964844,338.0,339.29998779296875,38980019.0,0.03897253567595027,0.06205158822381616,0.6297086916706982,High_Volatility,2
2020-04-28,345.1327819824219,359.8500061035156,362.8500061035156,350.25,353.75,32933194.0,0.03434897164266082,0.06079370512555636,0.6542736187509993,High_Volatility,2
2020-04-29,355.2992858886719,370.4500122070313,376.5,351.6499938964844,353.0,39341745.0,0.029456790073241423,0.06048578250830867,0.625096833018577,High_Volatility,2
2020-04-30,364.6025695800781,380.1499938964844,392.9500122070313,374.1499938964844,382.0,45734705.0,0.02618435797903995,0.06043499799200966,0.5968785860034207,High_Volatility,2
2020-05-04,324.2243347167969,338.04998779296875,359.0,336.0,359.0,38837299.0,-0.11074588670558705,0.06325851264825143,0.5531181103811119,High_Volatility,2
2020-05-05,317.31884765625,330.8500061035156,348.0,329.54998779296875,348.0,45069968.0,-0.021298484787018457,0.06318898181975735,0.5382894650979823,High_Volatility,2
2020-05-06,327.4373779296875,341.3999938964844,345.54998779296875,325.25,331.5,49952812.0,0.031887580420053796,0.0627003361247714,0.5511924391789024,High_Volatility,2
2020-05-07,322.9775085449219,336.75,342.8999938964844,333.70001220703125,337.0,27656346.0,-0.013620526199435101,0.059657447694593996,0.5727142496424769,High_Volatility,2
2020-05-08,323.88873291015625,337.70001220703125,352.5,333.70001220703125,344.0,42968091.0,0.002821324522997326,0.051510088222182594,0.6381251868300246,High_Volatility,2
2020-05-11,307.05645751953125,320.1499938964844,343.54998779296875,318.20001220703125,341.0,83665601.0,-0.051969314398145894,0.05270030259097194,0.6426705803916675,High_Volatility,2
2020-05-12,308.06353759765625,321.20001220703125,324.3999938964844,308.0,318.29998779296875,69072308.0,0.003279787978603066,0.0498410153709479,0.6446784606556636,High_Volatility,2
2020-05-13,324.2243347167969,338.04998779296875,348.3999938964844,332.29998779296875,343.5,72816461.0,0.05245929864068266,0.05062099777392185,0.6584208418628082,High_Volatility,2
2020-05-14,314.00994873046875,327.3999938964844,334.5,325.6499938964844,330.0,33999095.0,-0.031504069536452795,0.05112309207499041,0.6566759244911441,High_Volatility,2
2020-05-15,309.502197265625,322.70001220703125,330.54998779296875,318.79998779296875,329.29998779296875,31828868.0,-0.01435544154912427,0.050176620006832984,0.6972696577875911,High_Volatility,2
2020-05-18,286.2919006347656,298.5,320.5,293.25,320.0,74034133.0,-0.0749923484741516,0.04687838627555641,0.7234165972073486,High_Volatility,2
2020-05-19,288.01824951171875,300.29998779296875,311.5,297.1000061035156,307.04998779296875,61827491.0,0.006030030444890144,0.046545739669286774,0.7027602702288168,High_Volatility,2
2020-05-20,293.14947509765625,305.6499938964844,308.25,297.5,299.0,42238419.0,0.017815626595316658,0.04350529322351112,0.7393793290684562,High_Volatility,2
2020-05-21,291.9506225585937,304.3999938964844,312.79998779296875,302.0,306.0,43075357.0,-0.004089560585647245,0.043351407936782056,0.7375314949292053,High_Volatility,2
2020-05-22,279.1465759277344,291.04998779296875,307.70001220703125,285.54998779296875,301.0,80358245.0,-0.04385689099974288,0.0422203208453937,0.7127228698437257,High_Volatility,2
2020-05-26,280.7291259765625,292.70001220703125,297.8999938964844,290.0,296.04998779296875,46681705.0,0.0056692439932983785,0.041104644321078215,0.7727353952559777,High_Volatility,2
2020-05-27,305.80963134765625,318.8500061035156,321.95001220703125,294.8500061035156,296.1000061035156,80541990.0,0.08934058866833672,0.04532347995807724,0.8043163207058484,High_Volatility,2
2020-05-28,313.4824523925781,326.8500061035156,329.75,320.75,322.25,66136408.0,0.025090187680188336,0.04496393631386398,0.8524041064772453,High_Volatility,2
2020-05-29,318.3738708496094,331.95001220703125,334.29998779296875,320.0,322.8999938964844,60487477.0,0.015603484085628061,0.04452893220180833,0.8586035719643536,High_Volatility,2
2020-06-01,325.37530517578125,339.25,348.0,336.20001220703125,339.0,44024770.0,0.0219912341031252,0.044386437918298556,0.8921884382206621,High_Volatility,2
2020-06-02,334.1510925292969,348.3999938964844,350.0,332.5,337.0,47558213.0,0.026971276596343463,0.03716826383064704,0.8348347971589458,High_Volatility,2
2020-06-03,342.2554931640625,356.8500061035156,373.0,353.79998779296875,357.8999938964844,69689299.0,0.024253700843593906,0.0370503677517997,0.8011185702857058,High_Volatility,2
2020-06-04,333.6235656738281,347.8500061035156,363.0,345.5,357.0,57061575.0,-0.025220712779317145,0.03702440845012623,0.7987760037059448,High_Volatility,2
2020-06-05,342.5911560058594,357.20001220703125,360.0,347.0,350.0,37251097.0,0.026879367211123606,0.03725576323733068,0.789174772347929,High_Volatility,2
2020-06-08,345.0848693847656,359.79998779296875,373.75,353.1499938964844,366.5499877929687,46827341.0,0.00727897768284369,0.037264124382220556,0.7429275258548954,High_Volatility,2
2020-06-09,334.2949523925781,348.54998779296875,369.3500061035156,345.25,360.04998779296875,47621969.0,-0.03126742998446819,0.03589485221685456,0.7592158973881055,Weak_Bear,0
2020-06-10,338.56298828125,353.0,356.8500061035156,345.29998779296875,348.54998779296875,36292403.0,0.012767275898499797,0.035935415683113224,0.7712211167596874,High_Volatility,2
2020-06-11,327.29351806640625,341.25,354.20001220703125,340.1000061035156,352.45001220703125,36999490.0,-0.033286184860472745,0.03512415179578422,0.8140545332238169,Weak_Bear,0
2020-06-12,330.1228942871094,344.20001220703125,346.1499938964844,324.1000061035156,324.20001220703125,47509067.0,0.008644767050134616,0.03430302745239855,0.7903251476368417,High_Volatility,2
2020-06-15,317.5586242675781,331.1000061035156,342.25,325.5,341.20001220703125,43500660.0,-0.0380593719398451,0.03533063882414942,0.7797808390062909,Weak_Bear,0
2020-06-16,328.92401123046875,342.95001220703125,347.8999938964844,326.04998779296875,342.25,57511237.0,0.035789886006415195,0.03107217488554971,0.7448826096590151,High_Volatility,2
2020-06-17,327.96484375,341.95001220703125,351.0,336.1000061035156,338.6000061035156,37107002.0,-0.0029160761991214867,0.031157471896592674,0.7360960113875092,Weak_Bear,0
2020-06-18,337.6038513183594,352.0,354.70001220703125,337.20001220703125,340.0,39285919.0,0.02939036836432063,0.031475404199476614,0.7499511752480622,High_Volatility,2
2020-06-19,348.9212646484375,363.7999877929687,365.4500122070313,349.20001220703125,351.0,51367236.0,0.03352276132479859,0.0318646712826345,0.7498566992503404,High_Volatility,2
2020-06-22,352.51788330078125,367.5499877929687,375.25,365.1499938964844,367.0,40133602.0,0.010307823044168885,0.029295633435968218,0.7363250887730078,High_Volatility,2
2020-06-23,360.7661743164063,376.1499938964844,378.2999877929687,364.2000122070313,369.0,32493320.0,0.023398220080049992,0.029357771509949872,0.7543686897537139,High_Volatility,2
2020-06-24,333.86334228515625,348.1000061035156,380.0,345.0,380.0,57955780.0,-0.07457138153882248,0.029807338390502498,0.7616701023894081,Weak_Bear,0
2020-06-25,336.644775390625,351.0,355.6000061035156,338.5,345.8999938964844,69902888.0,0.00833105271884893,0.029441070857786036,0.7867078403976294,Weak_Bear,0
2020-06-26,334.8224792480469,349.1000061035156,358.5,346.1000061035156,355.6000061035156,34596104.0,-0.005413112799578235,0.02937976035916683,0.7683343171382275,Weak_Bear,0
2020-06-29,329.0678405761719,343.1000061035156,345.6000061035156,338.5,345.25,27384244.0,-0.017187133566416768,0.029348730090828876,0.7535317934429547,Weak_Bear,0
2020-06-30,337.0763244628906,351.45001220703125,354.45001220703125,346.29998779296875,347.0,47526095.0,0.02433687799055817,0.029231620582701314,0.7175960059312975,High_Volatility,2
2020-07-01,349.1610107421875,364.0499877929687,365.75,351.6000061035156,354.25,36922617.0,0.03585148348390543,0.02982928089340585,0.6804546584228148,High_Volatility,2
2020-07-02,348.0101318359375,362.8500061035156,370.8999938964844,361.3500061035156,366.0,50964311.0,-0.0032961266316753335,0.029194470281495483,0.695956636694913,Weak_Bear,0
2020-07-03,346.2357482910156,361.0,367.1499938964844,359.79998779296875,364.6499938964844,28779044.0,-0.005098654845366313,0.028661258057856756,0.6739738845987014,Weak_Bear,0
2020-07-06,347.0509948730469,361.8500061035156,367.8500061035156,360.5,367.8500061035156,33334074.0,0.0023545996797131874,0.028624940020734287,0.6694245327673416,Weak_Bear,0
2020-07-07,360.6702270507813,376.0499877929687,378.0,362.1000061035156,363.0,46030825.0,0.039242740631578954,0.02882453416091586,0.6606032712756587,High_Volatility,2
2020-07-08,353.8606262207031,368.9500122070313,379.0,367.5499877929687,377.8999938964844,46315597.0,-0.018880407417492195,0.029196068007688668,0.6772795239728521,Weak_Bear,0
2020-07-09,355.2033996582031,370.3500061035156,376.0,365.2999877929687,373.4500122070313,35144463.0,0.0037946392958183583,0.027946323795543793,0.7323119171829116,Weak_Bear,0
2020-07-10,345.6123352050781,360.3500061035156,368.2000122070313,359.0,364.8999938964844,27864858.0,-0.027001612209663683,0.02879048940126018,0.738274324737429,Weak_Bear,0
2020-07-13,339.1383972167969,353.6000061035156,367.0,352.5,364.1000061035156,32379935.0,-0.01873179087904886,0.027652420379247165,0.7570424290348617,Weak_Bear,0
2020-07-14,331.41766357421875,345.54998779296875,352.45001220703125,340.6000061035156,351.5,34031256.0,-0.022765731353157848,0.02716728280041593,0.7184924342263446,Weak_Bear,0
2020-07-15,331.65740966796875,345.79998779296875,356.79998779296875,343.75,349.5,30442553.0,0.0007233956427199484,0.02715373656555723,0.7043912485684016,Weak_Bear,0
2020-07-16,330.554443359375,344.6499938964844,348.6000061035156,341.0,347.95001220703125,35535437.0,-0.0033256193784362287,0.02632072271976011,0.7266444418446367,Weak_Bear,0
2020-07-17,339.3302001953125,353.79998779296875,356.0,345.45001220703125,346.0,27511781.0,0.026548597401235385,0.025885782152391987,0.7124898591487339,High_Volatility,2
2020-07-20,348.1539611816406,363.0,366.3500061035156,355.25,358.0,36312529.0,0.026003465006207316,0.026479955274224868,0.6874413805729822,High_Volatility,2
2020-07-21,363.3077697753906,378.7999877929687,379.8999938964844,370.0499877929687,371.0,45559912.0,0.043526170267653264,0.02777807960825268,0.64898652606589,High_Volatility,2
2020-07-22,365.5137023925781,381.1000061035156,389.5,375.2999877929687,386.8999938964844,45500191.0,0.006071801378074726,0.021392524082842874,0.6420964992996393,Weak_Bear,0
2020-07-23,376.2077026367187,392.25,395.6499938964844,378.8500061035156,382.5499877929687,37838027.0,0.029257453753825935,0.022077471459195416,0.6501062342816335,High_Volatility,2
2020-07-24,366.1850891113281,381.7999877929687,388.7000122070313,372.1499938964844,388.2999877929687,52980980.0,-0.02664117043629166,0.023130144059199463,0.6191209680459848,Weak_Bear,0
2020-07-27,343.8380126953125,358.5,385.7999877929687,356.6000061035156,385.0,73275058.0,-0.06102672413627863,0.027060711885577727,0.6518819725436916,Weak_Bear,0
2020-07-28,337.69976806640625,352.1000061035156,362.75,343.20001220703125,361.1000061035156,125939354.0,-0.01785214084036013,0.02691673830289675,0.6215898176449681,Weak_Bear,0
2020-07-29,336.69268798828125,351.04998779296875,357.6499938964844,348.20001220703125,353.20001220703125,50194622.0,-0.002982175806312548,0.025595911970407885,0.6065177535676063,Weak_Bear,0
2020-07-30,330.8422241210937,344.95001220703125,354.6000061035156,340.3999938964844,353.3999938964844,40820253.0,-0.01737627241667683,0.025840267708135994,0.5923947228773689,Weak_Bear,0
2020-07-31,332.6164855957031,346.79998779296875,353.0,342.04998779296875,346.45001220703125,37345191.0,0.0053628628550146384,0.025884519445233182,0.5693255720185995,Normal_Market,1
2020-08-03,329.2117004394531,343.25,349.3500061035156,340.5,346.79998779296875,32119883.0,-0.010236369223107444,0.025934169836086957,0.5249508158836269,Normal_Market,1
2020-08-04,336.644775390625,351.0,353.20001220703125,344.20001220703125,347.0,30811518.0,0.02257840453802129,0.024770325447269006,0.4942526789264073,Normal_Market,1
2020-08-05,337.795654296875,352.20001220703125,360.0,350.75,353.3999938964844,37057881.0,0.003418674491278084,0.024525546767426833,0.5312777759866831,Normal_Market,1
2020-08-06,344.07781982421875,358.75,363.75,348.6000061035156,353.45001220703125,48021824.0,0.01859753210981996,0.024930681755103986,0.5091273517649819,Normal_Market,1
2020-08-07,343.3105163574219,357.95001220703125,359.6499938964844,353.1499938964844,359.45001220703125,28510964.0,-0.0022300288556491576,0.02419056035981822,0.5443353707843785,Normal_Market,1
2020-08-10,348.68145751953125,363.5499877929687,364.9500122070313,357.3500061035156,359.5,22856010.0,0.015644557641565804,0.024014226073598648,0.4243861618754274,Normal_Market,1
2020-08-11,352.3260803222656,367.3500061035156,374.2999877929687,364.0499877929687,370.0,45446107.0,0.010452585659878944,0.023375850383742597,0.3377695727646526,Normal_Market,1
2020-08-12,351.84649658203125,366.8500061035156,368.75,363.75,365.75,25706005.0,-0.0013611928466825685,0.023392705961266802,0.3215480137963181,Normal_Market,1
2020-08-13,352.9974365234375,368.0499877929687,372.3500061035156,366.25,368.9500122070313,26257336.0,0.003271142252621262,0.02334198465987852,0.3172482207497703,Normal_Market,1
2020-08-14,346.619384765625,361.3999938964844,371.7999877929687,354.20001220703125,371.7999877929687,28893259.0,-0.0180682665025218,0.023159763977960792,0.3125408741920588,Normal_Market,1
2020-08-17,345.468505859375,360.20001220703125,366.3500061035156,354.3500061035156,366.0,24232497.0,-0.003320295854278843,0.022431666603589587,0.34464231551866936,Normal_Market,1
2020-08-18,354.4360656738281,369.5499877929687,370.0,361.6000061035156,361.8999938964844,26517363.0,0.025957676784880146,0.020924848056065,0.3286640626831956,Normal_Market,1
2020-08-19,359.1356811523437,374.4500122070313,375.8500061035156,370.3999938964844,374.0,35790233.0,0.013259416672456892,0.02111400129060855,0.34403970544491674,Normal_Market,1
2020-08-20,352.709716796875,367.75,369.6499938964844,362.6000061035156,367.0,68444775.0,-0.017892859698178554,0.020210126436718392,0.3667576703467707,Normal_Market,1
2020-08-21,355.9706420898437,371.1499938964844,373.0,367.0499877929687,370.0,34109928.0,0.009245351453831985,0.019586222658318723,0.4028880109857963,Normal_Market,1
2020-08-24,364.7944030761719,380.3500061035156,381.2000122070313,373.8500061035156,374.8500061035156,32907235.0,0.024787889626305626,0.014548463170749329,0.40590109338351144,Normal_Market,1
2020-08-25,370.5490112304687,386.3500061035156,389.7999877929687,381.3999938964844,382.5,53072303.0,0.015774935431493553,0.013934283358024185,0.34694787194465504,Normal_Market,1
2020-08-26,373.4263305664063,389.3500061035156,391.6499938964844,384.2000122070313,388.2000122070313,37163882.0,0.0077650169039258365,0.013827460491780246,0.33454281545863157,Normal_Market,1
2020-08-27,376.1597595214844,392.2000122070313,397.4500122070313,387.6000061035156,389.9500122070313,36910405.0,0.007319861325611576,0.012759017543569269,0.36396520300680546,Normal_Market,1
2020-08-28,392.9440307617187,409.7000122070313,411.8999938964844,392.8999938964844,393.8999938964844,83472297.0,0.044620060533816064,0.015332394847365184,0.4382251702086698,Normal_Market,1
2020-08-31,378.4616394042969,394.6000061035156,422.0,387.5,414.8500061035156,72744175.0,-0.03685611747135542,0.017970959729643427,0.4227166110329815,Normal_Market,1
2020-09-01,374.96087646484375,390.9500122070313,399.6499938964844,385.2999877929687,394.7000122070313,34872793.0,-0.009249980909461164,0.017941880428721704,0.4559530036477821,Normal_Market,1
2020-09-02,376.3515319824219,392.3999938964844,394.0,381.1000061035156,387.25,31295799.0,0.0037088016506929833,0.017940177935467913,0.4656671216351959,Normal_Market,1
2020-09-03,367.0962524414063,382.75,392.5499877929687,381.0499877929687,392.3999938964844,26135555.0,-0.024592113368753,0.018865216646199504,0.48472865655035696,Normal_Market,1
2020-09-04,357.3133544921875,372.5499877929687,379.9500122070313,368.3500061035156,375.0,33118984.0,-0.02664940838855412,0.020005345825897157,0.5070521976180257,Normal_Market,1
2020-09-07,358.12860107421875,373.3999938964844,376.8500061035156,369.0,374.1000061035156,22323904.0,0.0022816012102035987,0.01975393499545153,0.524313773682361,Normal_Market,1
2020-09-08,360.3345947265625,375.7000122070313,381.2999877929687,369.1499938964844,372.3999938964844,32052920.0,0.006159780720464081,0.01967496312325622,0.48894198729758026,Normal_Market,1
2020-09-09,352.5658569335937,367.6000061035156,372.3999938964844,361.8999938964844,370.7999877929687,25285238.0,-0.021559788892498877,0.020326795826998877,0.47576352578444797,Normal_Market,1
2020-09-10,355.5390930175781,370.7000122070313,375.0,365.4500122070313,371.7000122070313,24852274.0,0.00843313674739754,0.020399175826241716,0.4429111017004062,Normal_Market,1
2020-09-11,355.34722900390625,370.5,373.6499938964844,365.1000061035156,373.0,22678353.0,-0.0005396425243802128,0.019927985314706395,0.4319147297212155,Normal_Market,1
2020-09-14,348.82537841796875,363.7000122070313,373.8500061035156,359.3500061035156,373.5,27140598.0,-0.018353458402417422,0.020394746036491333,0.43709915773310226,Normal_Market,1
2020-09-15,356.3542785644531,371.5499877929687,372.25,363.7000122070313,364.0499877929687,24967618.0,0.02158357909802966,0.02013117314126147,0.45038974606736387,Normal_Market,1
2020-09-16,359.37548828125,374.7000122070313,376.7000122070313,365.0,371.3500061035156,22068622.0,0.008478107037096949,0.01999916111342137,0.4803732555324208,Normal_Market,1
2020-09-17,353.9085998535156,369.0,371.75,367.3999938964844,370.0,24084936.0,-0.015212190608436704,0.019879985469219378,0.5148001710174799,Normal_Market,1
2020-09-18,354.4360656738281,369.5499877929687,374.6499938964844,364.5499877929687,370.0,78166508.0,0.0014904012519922905,0.019772843779129447,0.5470860548512949,Normal_Market,1
2020-09-21,336.3570251464844,350.70001220703125,367.3999938964844,348.5,366.6499938964844,28932482.0,-0.05100790319679571,0.02191351217794759,0.617915447079827,Weak_Bear,0
2020-09-22,339.9056701660156,354.3999938964844,356.1499938964844,349.5,354.0,28593292.0,0.010550233098255646,0.021697699067908856,0.5826234652720964,Normal_Market,1
2020-09-23,337.4599914550781,351.8500061035156,357.1000061035156,342.45001220703125,356.6000061035156,22740143.0,-0.007195168911842464,0.021524988329556252,0.5606852072580352,Normal_Market,1
2020-09-24,321.9704895019531,335.70001220703125,346.95001220703125,333.75,344.95001220703125,25840472.0,-0.0459002617949954,0.023170713854582543,0.5325216935597523,Normal_Market,1
2020-09-25,334.3908996582031,348.6499938964844,350.5,336.6000061035156,339.04998779296875,23231600.0,0.03857623776471808,0.022484573481444125,0.5169020492066329,Normal_Market,1
2020-09-28,348.1539611816406,363.0,363.9500122070313,349.1000061035156,351.5,18495592.0,0.04115860072001176,0.02389978953741951,0.5222520464300544,High_Volatility,2
2020-09-29,342.4472961425781,357.04998779296875,363.75,354.25,363.75,17080848.0,-0.0163912110024369,0.024037001869018883,0.5329039506781998,Normal_Market,1
2020-09-30,340.24139404296875,354.75,357.5,349.3500061035156,356.95001220703125,19565058.0,-0.006441581301582122,0.02396719285352903,0.5789625165611181,Normal_Market,1
2020-10-01,354.10040283203125,369.2000122070313,371.2000122070313,358.25,358.25,23237122.0,0.04073287093137257,0.025522508979537138,0.6183898270333743,High_Volatility,2
2020-10-05,357.84088134765625,373.1000061035156,382.6499938964844,370.75,370.75,26530105.0,0.010563327479181872,0.024941659179415265,0.6335685882194597,Weak_Bear,0
2020-10-06,365.0341796875,380.6000061035156,381.7999877929687,375.1000061035156,377.1000061035156,18093629.0,0.020101946744467192,0.02532883344714276,0.6227951218484642,High_Volatility,2
2020-10-07,367.0003051757813,382.6499938964844,384.3500061035156,374.1000061035156,379.2999877929687,21845743.0,0.005386140799101158,0.02532154857543358,0.5877177485161745,Normal_Market,1
2020-10-08,371.6519470214844,387.5,389.7000122070313,382.6499938964844,385.0,21085500.0,0.012674762881941248,0.024853195791321534,0.5380091421995505,Normal_Market,1
2020-10-09,385.0794067382813,401.5,403.5,386.8999938964844,390.7000122070313,41641237.0,0.03612912517856581,0.02592422761129554,0.5008865718414989,High_Volatility,2
2020-10-12,387.5251159667969,404.0499877929687,410.0,400.7000122070313,403.4500122070313,25742564.0,0.006351181563385433,0.02590203451831844,0.511716506819006,Normal_Market,1
2020-10-13,380.0440979003906,396.25,401.0,393.5,401.0,19922778.0,-0.019304601839141733,0.02594735277069833,0.5008489479958037,Normal_Market,1
2020-10-14,390.1626281738281,406.7999877929687,409.25,389.0,394.3500061035156,23368177.0,0.026624621535602966,0.026144583280829175,0.38100687566169517,Normal_Market,1
2020-10-15,375.0088195800781,391.0,409.8999938964844,389.1499938964844,406.8999938964844,34234586.0,-0.03883972348832587,0.02788382928531624,0.3832010495507784,Normal_Market,1
2020-10-16,379.9002380371094,396.1000061035156,401.2999877929687,390.5,394.0,25339096.0,0.013043475784138892,0.0276539162253405,0.3726794913591225,Normal_Market,1
2020-10-19,400.0413818359375,417.1000061035156,418.75,401.1499938964844,402.0499877929687,41072871.0,0.05301692860971752,0.029737802792610256,0.42030305391526507,High_Volatility,2
2020-10-20,397.64361572265625,414.6000061035156,416.8999938964844,411.0,413.5,26158669.0,-0.005993795197579366,0.026705798316150987,0.4327940106458505,Normal_Market,1
2020-10-21,403.1104736328125,420.2999877929687,428.5,410.2999877929687,416.0,43124966.0,0.013748134495309428,0.026726758681664922,0.42185427210139864,Normal_Market,1
2020-10-22,396.0131530761719,412.8999938964844,419.6499938964844,407.6499938964844,416.3999938964844,33088074.0,-0.017606390855290588,0.027154751718619894,0.3830114801837893,Normal_Market,1
2020-10-23,399.89752197265625,416.9500122070313,420.5,411.75,417.0,22151463.0,0.009808686570916159,0.023963331971169535,0.3438853288350513,Normal_Market,1
2020-10-26,387.9087524414063,404.4500122070313,419.1499938964844,401.4500122070313,418.0499877929687,21712057.0,-0.029979604454937525,0.024727309871578902,0.3567386637977781,Normal_Market,1
2020-10-27,393.1838073730469,409.9500122070313,412.3999938964844,393.25,406.3500061035156,33571163.0,0.013598700463551383,0.023504595482769026,0.3778315934271966,Normal_Market,1
2020-10-28,379.852294921875,396.0499877929687,409.8999938964844,394.7999877929687,409.8999938964844,28145103.0,-0.03390656532943925,0.024693205695872397,0.3625811528223146,Normal_Market,1
2020-10-29,383.54486083984375,399.8999938964844,402.8999938964844,389.6499938964844,392.25,32615425.0,0.00972105728287942,0.024546369320464237,0.41500715006145844,Normal_Market,1
2020-10-30,376.5434265136719,392.6000061035156,402.7000122070313,388.0499877929687,399.3999938964844,27225165.0,-0.018254538232740036,0.023720435920723766,0.4510675312847354,Normal_Market,1
2020-11-02,400.3770751953125,417.4500122070313,422.7999877929687,407.0,417.0,72698777.0,0.06329588303349465,0.02723540735316342,0.4650509506438592,High_Volatility,2
2020-11-03,425.6973876953125,443.8500061035156,446.8999938964844,424.2000122070313,425.0,61813071.0,0.06324116456380069,0.029982342432637595,0.4787275499994711,High_Volatility,2
2020-11-04,419.1754455566406,437.0499877929687,442.0,425.2999877929687,437.2999877929687,43426662.0,-0.01532060643825206,0.030436439572594492,0.4462776639155172,Normal_Market,1
2020-11-05,420.566162109375,438.5,446.25,435.6000061035156,445.0,30129938.0,0.0033177433637305853,0.030418186070980742,0.39849039128450714,Normal_Market,1
2020-11-06,424.6902770996094,442.7999877929687,444.8999938964844,436.2000122070313,439.8500061035156,27831424.0,0.009806102729591037,0.029634206954424872,0.36617476503102814,Normal_Market,1
2020-11-09,443.7763977050781,462.7000122070313,464.6000061035156,449.0,450.0,40995422.0,0.0449412704614196,0.03093285109047041,0.42383572969104455,High_Volatility,2
2020-11-10,464.0614013671875,483.8500061035156,487.0499877929687,473.0,485.7999877929687,57535138.0,0.045709965124351326,0.03140812418296784,0.4810370895469016,High_Volatility,2
2020-11-11,466.6510009765625,486.5499877929687,490.5499877929687,472.1000061035156,484.75,45609279.0,0.005580295197458174,0.031191204960171675,0.5251262883171157,Normal_Market,1
2020-11-12,457.203857421875,476.7000122070313,483.5499877929687,471.3500061035156,481.6000061035156,31071572.0,-0.020244558642148913,0.029927674241582554,0.5723893247195747,Weak_Bear,0
2020-11-13,465.69189453125,485.5499877929687,487.1000061035156,467.5499877929687,472.7000122070313,34815091.0,0.018565103884377043,0.0299789994498675,0.594604015743495,High_Volatility,2
2020-11-14,466.9866638183594,486.8999938964844,489.8500061035156,484.6499938964844,489.8500061035156,3636073.0,0.0027803131261552316,0.0283001610136437,0.6458503550861914,Weak_Bear,0
2020-11-17,466.5071411132813,486.3999938964844,493.0,478.1499938964844,490.5,36127378.0,-0.0010268445380371416,0.028191182219548014,0.6260271752952121,Weak_Bear,0
2020-11-18,477.2970581054687,497.6499938964844,499.0,486.25,488.0,29156543.0,0.023129157179540893,0.02836256657675222,0.6359787099987236,High_Volatility,2
2020-11-19,459.1700439453125,478.75,493.3500061035156,475.7999877929687,490.0,31896908.0,-0.03797847452089398,0.029697422605467937,0.609156931004264,Weak_Bear,0
2020-11-20,460.5606994628906,480.2000122070313,483.4500122070313,468.1000061035156,479.5,30089190.0,0.003028628578705339,0.02971245150077795,0.5767499568915856,Normal_Market,1
2020-11-23,449.0994567871094,468.25,483.3500061035156,466.5,481.7999877929687,29513544.0,-0.024885411823343695,0.029394378430117756,0.5712938397524054,Weak_Bear,0
2020-11-24,458.64251708984375,478.2000122070313,480.0,471.2000122070313,474.0,23135994.0,0.02124932497359522,0.029523926769925712,0.5618182501811235,High_Volatility,2
2020-11-25,453.3674926757813,472.7000122070313,489.9500122070313,471.1000061035156,485.0,34168305.0,-0.01150138553994795,0.028241876145677844,0.5664114567869318,Normal_Market,1
2020-11-26,455.8611145019531,475.2999877929687,477.2000122070313,465.7999877929687,475.1000061035156,28707911.0,0.005500221931339588,0.028253999293380072,0.6089541377692159,Weak_Bear,0
2020-11-27,453.9908752441406,473.3500061035156,479.5499877929687,471.2999877929687,476.3999938964844,48390771.0,-0.0041026514399146174,0.027706180194302817,0.6267144418690072,Weak_Bear,0
2020-12-01,465.2602844238281,485.1000061035156,488.5,474.2999877929687,479.7000122070313,20120049.0,0.024822986086729504,0.024996177682107452,0.6455023680130041,High_Volatility,2
2020-12-02,460.8005065917969,480.4500122070313,487.0,472.2000122070313,486.3500061035156,21244707.0,-0.009585554540839869,0.02156895528012933,0.6094657612696054,Weak_Bear,0
2020-12-03,462.1432189941406,481.8500061035156,485.0,478.8500061035156,482.1000061035156,22701738.0,0.00291386919748593,0.021080725742248438,0.5936629020253739,Normal_Market,1
2020-12-04,481.5170593261719,502.0499877929687,504.0,483.0,483.7000122070313,39547014.0,0.041921723690328205,0.022619989870962972,0.5647571690065419,High_Volatility,2
2020-12-07,489.5735778808594,510.4500122070313,515.5999755859375,504.1499938964844,505.0,37778332.0,0.01673153297198171,0.022717502101286424,0.552810339371321,Normal_Market,1
2020-12-08,487.60736083984375,508.3999938964844,512.0,505.3999938964844,511.5,19339943.0,-0.004016182918870959,0.02103199103065235,0.5688134263386754,Normal_Market,1
2020-12-09,490.5805969238281,511.5,515.0,506.0499877929687,510.0,21272782.0,0.0060976029542771926,0.01872855630849834,0.5837868004738094,Normal_Market,1
2020-12-10,486.2167053222656,506.9500122070313,514.4000244140625,498.75,508.1000061035156,20419020.0,-0.008895361188204665,0.01890043874793448,0.5982491875438268,Weak_Bear,0
2020-12-11,494.36907958984375,515.4500122070312,516.9000244140625,506.1000061035156,509.25,25335765.0,0.016766956335189542,0.018389620897534615,0.6414875493939896,Weak_Bear,0
2020-12-14,504.2957763671875,525.7999877929688,527.7999877929688,518.0999755859375,518.0999755859375,26369591.0,0.02007952598002194,0.018455422381488965,0.7216004011397926,Weak_Bear,0
2020-12-15,496.8626708984375,518.0499877929688,524.25,513.0999755859375,524.0,26969145.0,-0.014739575100739755,0.018933533173166844,0.7847264081652418,Weak_Bear,0
2020-12-16,491.4917297363281,512.4500122070312,521.7000122070312,511.1000061035156,520.0499877929688,24263586.0,-0.010809709556963698,0.019175357971902156,0.7437751512619799,Weak_Bear,0
2020-12-17,489.5255737304687,510.3999938964844,516.5,509.1000061035156,514.0,23883288.0,-0.004000384720439176,0.018611856268410335,0.7408220187980058,Weak_Bear,0
2020-12-18,495.9995727539063,517.1500244140625,518.25,509.1499938964844,514.0,21735833.0,0.013225047619273456,0.016281471231804748,0.6932191527017699,Weak_Bear,0
2020-12-21,474.2759094238281,494.5,514.7000122070312,488.2000122070313,514.5999755859375,29157759.0,-0.043797746053415465,0.019479752523652357,0.6431836975960633,Weak_Bear,0
2020-12-22,479.8386535644531,500.2999877929687,501.7999877929687,489.1000061035156,497.2999877929687,32328041.0,0.011728919875738208,0.018553298263546975,0.6468453336375559,Weak_Bear,0
2020-12-23,483.0036926269531,503.6000061035156,505.5,496.5499877929687,499.0,19205951.0,0.006596048565468138,0.01809838854777881,0.6761697589359775,Weak_Bear,0
2020-12-24,492.5467224121094,513.5499877929688,515.9500122070312,505.1000061035156,506.75,17576807.0,0.019757674590961782,0.01815283749865252,0.6646630154932259,Weak_Bear,0
2020-12-28,498.8288879394531,520.0999755859375,521.2000122070312,513.5999755859375,515.9000244140625,14470472.0,0.0127544560576478,0.018250089195976753,0.7030328424585388,Weak_Bear,0
2020-12-29,507.1730346679687,528.7999877929688,530.7999877929688,517.8499755859375,522.5499877929688,19092649.0,0.016727472947654087,0.018317198497051476,0.7205420417279421,Weak_Bear,0
2020-12-30,507.1251220703125,528.75,533.0,524.5499877929688,531.6500244140625,21365141.0,-9.446992324335657e-05,0.017788841432129505,0.7493347539331768,Weak_Bear,0
2020-12-31,513.1674194335938,535.0499877929688,538.5,526.5,530.0999755859375,27817770.0,0.011914805834532194,0.017542804773185868,0.7281408231322781,Weak_Bear,0
2021-01-01,505.92626953125,527.5,537.0,526.0999755859375,535.5499877929688,13592625.0,-0.014110696876150408,0.018081856891293466,0.740565328398082,Weak_Bear,0
2021-01-04,509.9544372558594,531.7000122070312,535.0,524.2999877929688,532.2999877929688,16549750.0,0.007961965936936988,0.015859724738976864,0.6857722209654373,Weak_Bear,0
2021-01-05,515.2775268554688,537.25,539.9500122070312,523.0,526.6500244140625,23311516.0,0.010438363137408313,0.015633640694799656,0.6390299570818857,Weak_Bear,0
2021-01-06,524.3409423828125,546.7000122070312,550.5999755859375,535.8499755859375,538.75,28178838.0,0.01758938640824126,0.01589098989920739,0.6919755080169299,Weak_Bear,0
2021-01-07,518.9700317382812,541.0999755859375,554.4000244140625,539.75,552.1500244140625,21138034.0,-0.010243164724317966,0.01618186925845116,0.7264264334414214,Weak_Bear,0
2021-01-08,519.8811645507812,542.0499877929688,547.0999755859375,536.3499755859375,547.0,21937965.0,0.0017556559276614703,0.015945312643589518,0.738570801871514,Weak_Bear,0
2021-01-11,522.4227905273438,544.7000122070312,546.0,535.0,545.1500244140625,19394393.0,0.004888859512266919,0.01564251288746713,0.7974153064348883,Weak_Bear,0
2021-01-12,525.5878295898438,548.0,550.6500244140625,537.0999755859375,541.0,16388310.0,0.006058386272362215,0.01513719063089066,0.8549599863473026,Weak_Bear,0
2021-01-13,533.740234375,556.5,561.0,548.25,551.5,21920297.0,0.0155110227562123,0.014866496342732492,0.8828897769005344,Weak_Bear,0
2021-01-14,530.6710815429688,553.2999877929688,558.4500122070312,550.5999755859375,554.0499877929688,13330898.0,-0.005750274448815262,0.014648176843066145,0.8507389352698157,Weak_Bear,0
2021-01-15,520.7923583984375,543.0,551.0,541.5,550.0,15708956.0,-0.01861552944586331,0.015410176740843771,0.8822111885371969,Weak_Bear,0
2021-01-18,511.3451843261719,533.1500244140625,548.4000244140625,528.9000244140625,544.5,21580313.0,-0.01814000132666682,0.01592520699866219,0.8394167845444801,Weak_Bear,0
2021-01-19,524.1011962890625,546.4500122070312,547.75,533.9000244140625,539.0,20575358.0,0.024945990211484803,0.01269070530046143,0.8098693632058699,Weak_Bear,0
2021-01-20,528.465087890625,551.0,554.5999755859375,546.0,546.4500122070312,16097138.0,0.008326429385129064,0.012619541687162906,0.8252107377027441,Weak_Bear,0
2021-01-21,530.0956420898438,552.7000122070312,561.0,549.7000122070312,555.0,18189277.0,0.003085453015878814,0.01261932357711435,0.8189310788907296,Weak_Bear,0
2021-01-22,511.9685363769531,533.7999877929688,553.5,530.5999755859375,553.0999755859375,24515997.0,-0.03419591536619038,0.01481538763166867,0.8262680901125276,Weak_Bear,0
2021-01-25,516.0447998046875,538.0499877929688,542.2999877929688,531.2000122070312,536.5499877929688,23415249.0,0.007961941287605079,0.014671030962540858,0.8930503130114549,Weak_Bear,0
2021-01-27,500.98681640625,522.3499755859375,539.2000122070312,519.0999755859375,537.7999877929688,28049286.0,-0.029179604957043748,0.015763297327172528,0.8974317216994157,Weak_Bear,0
2021-01-28,506.6455078125,528.25,529.8499755859375,512.0,514.5999755859375,29836591.0,0.01129509045136512,0.01598271964226501,0.8950432546728659,Weak_Bear,0
2021-01-29,515.0377197265625,537.0,544.9500122070312,529.4500122070312,533.3499755859375,33172808.0,0.01656426788485077,0.016196383853263104,0.8513000865987156,Weak_Bear,0
2021-02-01,579.105712890625,603.7999877929688,609.4500122070312,551.0,552.0,69354326.0,0.12439475927719768,0.03180097854132999,0.9094819611610947,High_Volatility,2
2021-02-02,592.1014404296875,617.3499755859375,624.0,598.7000122070312,613.0,42362384.0,0.022441028036477073,0.031982744581853184,0.886608671563173,High_Volatility,2
2021-02-03,596.8970336914062,622.3499755859375,627.5,614.0,623.4000244140625,27155908.0,0.008099276465597827,0.031977468008346666,0.8818254858601564,High_Volatility,2
2021-02-04,602.6036987304688,628.2999877929688,631.6500244140625,609.0,618.7999877929688,29982222.0,0.009560551848901921,0.03189892905615136,0.8601801019972338,High_Volatility,2
2021-02-05,589.0324096679688,614.1500244140625,635.2999877929688,611.0,628.2999877929688,32015570.0,-0.022521084903878275,0.03237175736538785,0.8871357205194004,Weak_Bear,0
2021-02-08,603.8505249023438,629.5999755859375,633.9500122070312,622.3499755859375,622.3499755859375,18230551.0,0.02515670613562304,0.03260100710549114,0.8938457417673369,High_Volatility,2
2021-02-09,607.4471435546875,633.3499755859375,643.2000122070312,628.5999755859375,631.3499755859375,27155615.0,0.005956140640807517,0.032596529404982075,0.9588023708356886,High_Volatility,2
2021-02-10,606.2962646484375,632.1500244140625,638.2000122070312,626.4000244140625,633.3499755859375,23967387.0,-0.001894615718357362,0.032670501035298595,0.9678641829098821,Weak_Bear,0
2021-02-11,604.8576049804688,630.6500244140625,633.5999755859375,624.0999755859375,626.75,16072702.0,-0.0023728657949145804,0.032688759152609825,1.0090693173299081,Weak_Bear,0
2021-02-12,621.1143188476562,647.5999755859375,649.9000244140625,629.4000244140625,629.9000244140625,19049709.0,0.026876927285575558,0.03284554763418994,0.9966605685211437,High_Volatility,2
2021-02-15,646.3866577148438,673.9500122070312,676.7999877929688,652.0,655.0,27155194.0,0.040688707537889224,0.03295623473728123,1.035352472432148,High_Volatility,2
2021-02-16,631.4246215820312,658.3499755859375,679.4000244140625,649.5499877929688,673.4000244140625,24966739.0,-0.0231471920935179,0.033210114078713555,0.9983953275535751,Weak_Bear,0
2021-02-17,630.465576171875,657.3499755859375,664.9500122070312,649.3499755859375,654.7999877929688,21684753.0,-0.0015188596981748903,0.03315667572219109,0.9681799721207022,Weak_Bear,0
2021-02-18,618.2849731445312,644.6500244140625,652.4000244140625,637.5999755859375,650.0,27845347.0,-0.019320012840832956,0.0337906528243557,0.935439954834038,Weak_Bear,0
2021-02-19,598.5274658203125,624.0499877929688,635.5,619.0,635.5,24055811.0,-0.031955341278527616,0.034968429074229444,0.9396363036585881,Weak_Bear,0
2021-02-22,584.908203125,609.8499755859375,629.2999877929688,607.2999877929688,622.0,27092321.0,-0.022754616075381984,0.034353313674791525,0.9224854738852232,Weak_Bear,0
2021-02-23,591.0944213867188,616.2999877929688,623.0499877929688,609.0499877929688,614.75,23534585.0,0.01057639169474367,0.03436127268921365,0.8914994241530039,High_Volatility,2
2021-02-24,614.8801879882812,641.0999755859375,645.0,615.0999755859375,615.0999755859375,17762047.0,0.04024021499942543,0.03398143460583151,0.8732190573866276,High_Volatility,2
2021-02-25,602.31591796875,628.0,648.4000244140625,626.2999877929688,642.7000122070312,38571809.0,-0.020433688163930097,0.03469122599188933,0.8684135896746207,Weak_Bear,0
2021-02-26,573.3031616210938,597.75,615.0,590.9000244140625,615.0,57349273.0,-0.04816866943430431,0.036919312948626826,0.8236137649137459,Weak_Bear,0
2021-03-01,583.4696044921875,608.3499755859375,611.8499755859375,600.2000122070312,607.5499877929688,21527318.0,0.01773310100426917,0.02454658550270241,0.8132986344195868,Weak_Bear,0
2021-03-02,585.5316772460938,610.5,616.5,599.0,610.0,24051433.0,0.0035341562577213548,0.024022156478964107,0.8224050753838574,Weak_Bear,0
2021-03-03,606.248291015625,632.0999755859375,633.75,613.8499755859375,618.0,21036174.0,0.03538085909709765,0.02526560289638048,0.8323826880726324,High_Volatility,2
2021-03-04,595.3624267578125,620.75,630.9000244140625,615.7999877929688,618.75,25057198.0,-0.017956115372425696,0.025527389770690374,0.8474318768351649,Weak_Bear,0
2021-03-05,584.524658203125,609.4500122070312,614.7000122070312,601.5,613.2000122070312,26645968.0,-0.018203648849167586,0.025347161909513253,0.8631610781604591,Weak_Bear,0
2021-03-08,583.1818237304688,608.0499877929688,616.0,601.1500244140625,611.5999755859375,19632433.0,-0.002297310222607596,0.02464215575000584,0.8908903820200729,Weak_Bear,0
2021-03-09,599.5345458984375,625.0999755859375,628.3499755859375,612.2999877929688,614.8499755859375,23056249.0,0.028040520987716144,0.02547239511523319,0.8819860178549381,High_Volatility,2
2021-03-10,600.0140991210938,625.5999755859375,630.5,621.7999877929688,628.75,15838994.0,0.0007998758802758577,0.025470907852221204,0.8949649518255359,Weak_Bear,0
2021-03-12,587.7855834960938,612.8499755859375,638.0,608.3499755859375,631.4500122070312,21757862.0,-0.020380380465913173,0.025866483963017214,0.8923773589869607,Weak_Bear,0
2021-03-15,578.8179931640625,603.5,612.8499755859375,590.5999755859375,611.9000244140625,24347946.0,-0.015256567333095994,0.025173342579449542,0.8658850986893593,Weak_Bear,0
2021-03-16,570.6176147460938,594.9500122070312,607.0,593.6500244140625,606.8499755859375,17925629.0,-0.014167455944384288,0.02303506073323995,0.894069113285532,Weak_Bear,0
2021-03-17,565.390625,589.5,603.6500244140625,587.0,597.5499877929688,20214082.0,-0.00916023202056182,0.022695702304311286,0.8719941508363489,Weak_Bear,0
2021-03-18,554.9363403320312,578.5999755859375,601.4000244140625,575.5,594.75,22776537.0,-0.018490374982727653,0.022864973447503566,0.8794882777321943,Weak_Bear,0
2021-03-19,562.6570434570312,586.6500244140625,588.9000244140625,570.0,575.2000122070312,29162618.0,0.0139127726261008,0.02306130259367619,0.8466737854086213,Weak_Bear,0
2021-03-22,549.9970092773438,573.4500122070312,586.8499755859375,569.5,586.8499755859375,21755401.0,-0.022500445567876892,0.022559233207846776,0.8551886660642994,Weak_Bear,0
2021-03-23,562.4172973632812,586.4000244140625,589.25,574.2999877929688,576.0,29486417.0,0.02258246477059367,0.02284910162801014,0.8515502215790123,Weak_Bear,0
2021-03-24,544.2903442382812,567.5,580.5499877929688,565.0,580.0,24434219.0,-0.032230433185434726,0.023629158463649578,0.8477121154319318,Weak_Bear,0
2021-03-25,548.1746215820312,571.5499877929688,579.0,557.0999755859375,568.0999755859375,27170186.0,0.007136406855032362,0.021435700348625738,0.7755766667462987,Weak_Bear,0
2021-03-26,554.888427734375,578.5499877929688,584.5,574.2999877929688,584.5,20724410.0,0.01224756836237284,0.021483485340783096,0.758352964783224,Weak_Bear,0
2021-03-30,567.2608032226562,591.4500122070312,593.0999755859375,582.0,582.0,28011943.0,0.022297050848218314,0.01952548085894328,0.7519652893356996,Weak_Bear,0
2021-03-31,558.2931518554688,582.0999755859375,589.6500244140625,579.0,586.0,20119972.0,-0.01580869207997715,0.01933014667800762,0.7889709391933574,Weak_Bear,0
2021-04-01,570.0902099609375,594.4000244140625,596.0999755859375,580.2000122070312,587.5499877929688,15631940.0,0.021130579994151244,0.01998587258892732,0.7402214332566127,Weak_Bear,0
2021-04-05,547.8869018554688,571.25,592.0,563.5,592.0,23260127.0,-0.038947008241011716,0.01974537083602848,0.6886487832508436,Weak_Bear,0
2021-04-06,542.7557373046875,565.9000244140625,578.5,564.4000244140625,574.7000122070312,23284697.0,-0.009365371819264334,0.01953789568777916,0.6784510960367925,Weak_Bear,0
2021-04-07,554.0252075195312,577.6500244140625,580.0,559.4000244140625,566.5499877929688,23984399.0,0.020763428998111788,0.020029147508237206,0.7320042095044574,Weak_Bear,0
2021-04-08,553.114013671875,576.7000122070312,585.8499755859375,573.2999877929688,582.0,19262565.0,-0.0016446794031914624,0.020030000454073348,0.7385712184897738,Weak_Bear,0
2021-04-09,543.04345703125,566.2000122070312,579.0,565.0,573.9500122070312,23239564.0,-0.018207017706478146,0.018965755783884663,0.7411183819206711,Weak_Bear,0
2021-04-12,516.5242919921875,538.5499877929688,551.9500122070312,531.1500244140625,551.4000244140625,26601702.0,-0.0488343330459029,0.02130272470963148,0.7299578720212384,Weak_Bear,0
2021-04-13,537.6724243164062,560.5999755859375,563.7999877929688,537.8499755859375,541.0,25445897.0,0.040943151468544325,0.023601946605248014,0.7347908545778011,High_Volatility,2
2021-04-15,551.6753540039062,575.2000122070312,576.75,554.1500244140625,565.9500122070312,37614884.0,0.026043607695342086,0.024375865249880953,0.7190020842352876,High_Volatility,2
2021-04-16,543.7628173828125,566.9500122070312,577.75,564.0999755859375,574.5999755859375,24045008.0,-0.014342740823324318,0.024380457833607403,0.7468799638560671,Weak_Bear,0
2021-04-19,536.8572387695312,559.75,562.2999877929688,534.4000244140625,550.0,28526176.0,-0.012699615333241265,0.024446976451395794,0.696424382873319,Weak_Bear,0
2021-04-20,536.2338256835938,559.0999755859375,572.6500244140625,552.5999755859375,565.2000122070312,24425842.0,-0.0011612269350532722,0.02414824369265626,0.6938883593390882,Weak_Bear,0
2021-04-22,555.5119018554688,579.2000122070312,580.5999755859375,546.9000244140625,552.0,34942633.0,0.03595087674168851,0.02535790903454579,0.6825110294803167,High_Volatility,2
2021-04-23,546.64013671875,569.9500122070312,580.5,567.0499877929688,569.9000244140625,33749097.0,-0.015970432149313263,0.025098165362464148,0.6987640096577848,Weak_Bear,0
2021-04-26,566.925048828125,591.0999755859375,605.5,588.0,602.0,62584522.0,0.03710834742420621,0.025980884632859507,0.7065778789469788,High_Volatility,2
2021-04-27,574.2622680664062,598.75,601.9500122070312,591.0999755859375,593.25,24239685.0,0.012942132744792056,0.024906878819468778,0.7042059974746347,Weak_Bear,0
2021-04-28,595.9378662109375,621.3499755859375,622.7999877929688,598.0,598.0,33292864.0,0.0377451198692107,0.026088158038339783,0.6839220635715427,High_Volatility,2
2021-04-29,596.0338745117188,621.4500122070312,628.4500122070312,609.0,622.5499877929688,34537860.0,0.00016110454835116528,0.02603941892377439,0.6883763063516173,Weak_Bear,0
2021-04-30,575.940673828125,600.5,616.3499755859375,598.0999755859375,610.0999755859375,23653258.0,-0.03371150792403277,0.02695306408555345,0.6905932102299843,Weak_Bear,0
2021-05-03,572.343994140625,596.75,598.8499755859375,587.5,592.5499877929688,18010557.0,-0.0062448787712696685,0.026721038537362428,0.6876055540656132,Weak_Bear,0
2021-05-04,567.356689453125,591.5499877929688,608.0,589.0,596.6500244140625,15115127.0,-0.008713823746833271,0.026403393923486923,0.6711794727206227,Weak_Bear,0
2021-05-05,578.146484375,602.7999877929688,604.7999877929688,584.7000122070312,595.2999877929688,17253943.0,0.019017657009165134,0.025038843873713367,0.6623291070035408,Weak_Bear,0
2021-05-06,583.3257446289062,608.2000122070312,610.8499755859375,599.25,602.7999877929688,16949763.0,0.0089583875261392,0.024897839467956838,0.6504528210703918,Weak_Bear,0
2021-05-07,582.270751953125,607.0999755859375,614.7999877929688,603.7000122070312,612.0,10941083.0,-0.0018085824009917983,0.024603291858753235,0.6923177737067326,Weak_Bear,0
2021-05-10,588.1692504882812,613.25,617.0,611.0,611.0,12060808.0,0.010130164558962873,0.02463279032183284,0.6918766149955925,Weak_Bear,0
2021-05-11,584.908203125,609.8499755859375,612.9000244140625,603.25,606.4000244140625,13818480.0,-0.005544403010823928,0.024208212126555596,0.6658465376429537,Weak_Bear,0
2021-05-12,570.42578125,594.75,606.6500244140625,593.2000122070312,603.2000122070312,14785569.0,-0.024760162017944842,0.021934699325019437,0.6530984249692563,Weak_Bear,0
2021-05-14,572.8714599609375,597.2999877929688,601.9500122070312,591.0999755859375,592.0,12675754.0,0.0042874617370523005,0.020258495022733875,0.6507053621482268,Weak_Bear,0
2021-05-17,598.095947265625,623.5999755859375,624.5,601.2000122070312,603.25,20453101.0,0.044031670396719624,0.021668372213903556,0.6378899176635483,High_Volatility,2
2021-05-18,607.3033447265625,633.2000122070312,635.5,626.0,628.0,19242627.0,0.015394515717807256,0.021341862680165986,0.6382792095582719,Weak_Bear,0
2021-05-19,599.8702392578125,625.4500122070312,634.0,623.3499755859375,627.0999755859375,13911576.0,-0.012239526643965326,0.021321160651847214,0.5834134757142775,Weak_Bear,0
2021-05-20,593.3004150390625,618.5999755859375,632.9000244140625,616.6500244140625,628.0499877929688,13900762.0,-0.010952075613683498,0.021599473784972713,0.580098396334228,Normal_Market,1
2021-05-21,616.1749877929688,642.4500122070312,643.9500122070312,622.2999877929688,622.2999877929688,23975898.0,0.038554789739023265,0.021800930229671285,0.5617716050339508,Normal_Market,1
2021-05-24,620.87451171875,647.3499755859375,653.4500122070312,638.0,643.25,20323003.0,0.007626930691578604,0.021213007343641562,0.574033835786317,Normal_Market,1
2021-05-25,623.703857421875,650.2999877929688,652.0,642.5,650.0999755859375,14884778.0,0.004557033103666397,0.019960780874170043,0.540683356375793,Normal_Market,1
2021-05-26,625.81396484375,652.5,656.6500244140625,643.2999877929688,649.3499755859375,14487031.0,0.0033831880254793223,0.019874140412216225,0.517897759462431,Normal_Market,1
2021-05-27,625.57421875,652.25,656.5,648.0999755859375,651.0999755859375,23349546.0,-0.0003830948288440217,0.018281544157177303,0.5264994306350429,Normal_Market,1
2021-05-28,616.7504272460938,643.0499877929688,660.0,639.25,658.0499877929688,14191446.0,-0.014105107338882372,0.018655681276097496,0.5514928293293135,Normal_Market,1
2021-05-31,635.644775390625,662.75,665.0,643.75,643.75,21786138.0,0.030635322344076954,0.017720821487565905,0.5395158105347653,Normal_Market,1
2021-06-01,623.5121459960938,650.0999755859375,664.9000244140625,648.3499755859375,664.5499877929688,14123196.0,-0.019087122028298542,0.018373841627041018,0.5456750299100416,Normal_Market,1
2021-06-02,621.8336791992188,648.3499755859375,649.3499755859375,641.0999755859375,648.5,16025108.0,-0.0026919552532429503,0.018195258626944693,0.5451427595609362,Normal_Market,1
2021-06-03,623.656005859375,650.25,653.6500244140625,644.75,653.4500122070312,11805702.0,0.0029305692520595894,0.01788426838357668,0.5837444002628727,Normal_Market,1
2021-06-04,616.4148559570312,642.7000122070312,654.9000244140625,639.4000244140625,653.0,15111572.0,-0.011610807615595298,0.018169994925173284,0.5820214679569574,Normal_Market,1
2021-06-07,621.6898803710938,648.2000122070312,650.0,644.25,645.2000122070312,7556341.0,0.008557588064409316,0.018175936513693664,0.5967224750278438,Normal_Market,1
2021-06-08,616.1270751953125,642.4000244140625,648.0,637.4000244140625,648.0,11912935.0,-0.008947877955582495,0.01830626744136635,0.5641112255787474,Normal_Market,1
2021-06-09,610.0846557617188,636.0999755859375,645.5999755859375,628.7999877929688,644.4000244140625,15823094.0,-0.0098070993417686,0.018429036168127546,0.5276393961887017,Normal_Market,1
2021-06-10,614.2088623046875,640.4000244140625,642.4000244140625,631.0,635.4500122070312,10712418.0,0.006760056172564255,0.017309708319973076,0.5305063327022594,Normal_Market,1
2021-06-11,609.7011108398438,635.7000122070312,644.5499877929688,631.5,644.0,9015059.0,-0.007339118240543452,0.017488368251550316,0.5436794133384926,Normal_Market,1
2021-06-14,609.1735229492188,635.1500244140625,636.0999755859375,623.3499755859375,635.7000122070312,10170497.0,-0.0008653221738406103,0.014627343521909355,0.5490639008925704,Normal_Market,1
2021-06-15,618.9083862304688,645.2999877929688,646.2000122070312,636.0,636.3499755859375,11039987.0,0.015980443854684,0.014658206090672992,0.5364807059885633,Normal_Market,1
2021-06-16,613.9210205078125,640.0999755859375,649.2000122070312,637.5999755859375,644.9000244140625,8601339.0,-0.008058326294514084,0.014487546620655052,0.5285873237969324,Normal_Market,1
2021-06-17,607.1115112304688,633.0,637.5499877929688,626.7000122070312,633.0499877929688,9720060.0,-0.011091832743748031,0.014493777744930063,0.5441094973734055,Normal_Market,1
2021-06-18,604.6178588867188,630.4000244140625,636.5999755859375,620.7000122070312,632.5999755859375,13820690.0,-0.004107404154956584,0.011556192555711881,0.5408630176935059,Normal_Market,1
2021-06-21,605.4330444335938,631.25,633.0999755859375,616.25,622.8499755859375,13407446.0,0.0013482657432184464,0.01139702688493263,0.5702327158356946,Normal_Market,1
2021-06-22,605.0493774414062,630.8499755859375,644.0999755859375,629.5499877929688,635.0,15270093.0,-0.0006337067256486639,0.01131792262306874,0.5481943898672368,Normal_Market,1
2021-06-23,599.1509399414062,624.7000122070312,635.0,623.4500122070312,633.75,10950633.0,-0.009748687826013347,0.011402961712340762,0.49559944864294886,Normal_Market,1
2021-06-24,608.1185913085938,634.0499877929688,636.2999877929688,624.4500122070312,627.0,12815724.0,0.014967265791262063,0.012025176260688027,0.49093959805744436,Normal_Market,1
2021-06-25,622.4570922851562,649.0,650.0,636.0999755859375,636.0999755859375,14785922.0,0.023578461802504558,0.01284503680958833,0.45772774633761615,Normal_Market,1
2021-06-28,623.703857421875,650.2999877929688,653.0,646.1500244140625,651.0,12093491.0,0.002002973622071913,0.010736646919339253,0.5595878036236123,Normal_Market,1
2021-06-29,613.9210205078125,640.0999755859375,648.75,636.4500122070312,646.2999877929688,12225470.0,-0.015685067195993607,0.010456521178674091,0.5828054085005558,Normal_Market,1
2021-06-30,605.0973510742188,630.9000244140625,640.7999877929688,629.7999877929688,638.2999877929688,14276494.0,-0.014372645892292701,0.010889517273564592,0.5818185482667263,Normal_Market,1
2021-07-01,605.0493774414062,630.8499755859375,637.4000244140625,630.0499877929688,633.9500122070312,10517081.0,-7.928250343081089e-05,0.010848591457163449,0.6012945068024669,Normal_Market,1
2021-07-02,614.0650024414062,640.25,641.3499755859375,632.25,632.25,10999396.0,0.014900643379098577,0.0111579774932867,0.6069900198405629,Normal_Market,1
2021-07-05,621.3541259765625,647.8499755859375,648.5,641.2000122070312,642.75,7358568.0,0.011870280029273816,0.011317211123492233,0.6396947250427433,Weak_Bear,0
2021-07-06,623.703857421875,650.2999877929688,655.0,645.2000122070312,645.2000122070312,9209891.0,0.003781630067426489,0.011142107956159658,0.6116276470528627,Normal_Market,1
2021-07-07,627.2526245117188,654.0,654.75,645.9000244140625,650.9000244140625,7741559.0,0.0056898270671481566,0.010911615670408012,0.5494378006802305,Normal_Market,1
2021-07-08,615.6475830078125,641.9000244140625,654.0,638.0999755859375,650.5,10782941.0,-0.018501383733452115,0.011697730893042544,0.5549967643687413,Normal_Market,1
2021-07-09,612.4344482421875,638.5499877929688,641.1500244140625,633.7999877929688,639.5,7069698.0,-0.005219113749991289,0.011635431313416272,0.5644109254363062,Normal_Market,1
2021-07-12,619.8196411132812,646.25,650.25,642.4000244140625,646.0,6992783.0,0.01205874831549858,0.011923339810714743,0.58580256145583,Normal_Market,1
2021-07-13,637.7547607421875,664.9500122070312,666.3499755859375,653.0,655.1500244140625,19825411.0,0.028936029837151267,0.013079672947470545,0.5489770740498635,Normal_Market,1
2021-07-14,637.1793212890625,664.3499755859375,668.0,658.2000122070312,662.0,11648541.0,-0.0009022895453658641,0.012898708184454162,0.5471156975642641,Normal_Market,1
2021-07-15,640.152587890625,667.4500122070312,669.5999755859375,661.0999755859375,665.0999755859375,8244429.0,0.004666294875275145,0.012537011225060929,0.5844728889851112,Normal_Market,1
2021-07-16,633.2949829101562,660.2999877929688,667.75,657.7000122070312,667.4500122070312,9212875.0,-0.01071245373398444,0.012810546684077188,0.5778461370731419,Normal_Market,1
2021-07-19,629.074951171875,655.9000244140625,656.9000244140625,645.5499877929688,645.6500244140625,9121737.0,-0.006663611511477763,0.012969360629641793,0.5931362750954045,Normal_Market,1
2021-07-20,615.6475830078125,641.9000244140625,651.25,639.0999755859375,648.6500244140625,13169127.0,-0.02134462378298363,0.013978052455136843,0.5655917026577798,Normal_Market,1
2021-07-22,629.1228637695312,655.9500122070312,660.2999877929688,648.2999877929688,652.5,13123569.0,0.02188797801476583,0.014483240125979279,0.5255839214401595,Normal_Market,1
2021-07-23,648.9762573242188,676.6500244140625,677.8499755859375,650.75,655.9500122070312,19298083.0,0.03155725963563216,0.015659577018386297,0.5655564258995719,Normal_Market,1
2021-07-26,649.0722045898438,676.75,687.75,663.5999755859375,680.0,31054759.0,0.00014784403056689044,0.014927705976040572,0.6069865039074547,Weak_Bear,0
2021-07-27,649.7435302734375,677.4500122070312,685.5999755859375,673.2999877929688,680.1500244140625,12598869.0,0.0010342850592686137,0.014929953478621598,0.6288796481835378,Weak_Bear,0
2021-07-28,657.03271484375,685.0499877929688,687.0,670.0499877929688,677.9000244140625,18367497.0,0.011218556600701923,0.014442244501754398,0.6449871615911483,Weak_Bear,0
2021-07-29,661.313232421875,687.5,692.5,683.0999755859375,692.5,11043138.0,0.006514923049368848,0.013823949473843697,0.6528441591615045,Weak_Bear,0
2021-07-30,656.503662109375,682.5,687.6500244140625,678.0,687.0,14536250.0,-0.0072727568067650905,0.014042372032443764,0.6806644759017703,Weak_Bear,0
2021-08-02,655.4456176757812,681.4000244140625,688.0499877929688,677.7000122070312,684.0499877929688,9348206.0,-0.0016116352347437246,0.013863305370963483,0.6755493056778297,Weak_Bear,0
2021-08-03,664.102783203125,690.4000244140625,691.9000244140625,676.6500244140625,683.0,10162609.0,0.01320806073590397,0.013909693745306914,0.668494324649599,Weak_Bear,0
2021-08-04,687.4290771484375,714.6500244140625,717.4000244140625,693.2000122070312,694.0,28730606.0,0.035124523696172805,0.015613436575070557,0.6979854458088482,Weak_Bear,0
2021-08-05,675.6937866210938,702.4500122070312,716.5,699.0499877929688,715.5,17774554.0,-0.017071274575733097,0.016370951156758247,0.6693690387327353,Weak_Bear,0
2021-08-06,671.0765991210938,697.6500244140625,706.0,695.7000122070312,705.0499877929688,14701949.0,-0.006833254340089301,0.015727663365688604,0.6746378917317496,Weak_Bear,0
2021-08-09,676.0784301757812,702.8499755859375,706.2999877929688,694.3499755859375,697.4000244140625,8602980.0,0.007453442812993982,0.015572712530531415,0.7049186761588139,Weak_Bear,0
2021-08-10,674.2027587890625,700.9000244140625,708.2999877929688,697.2999877929688,704.0999755859375,10843554.0,-0.0027743399330623086,0.015575558303599385,0.7311733642471687,Weak_Bear,0
2021-08-11,667.1328125,693.5499877929688,707.1500244140625,690.0,706.25,9748084.0,-0.010486379945642499,0.014771199535428495,0.7257106743418117,Weak_Bear,0
2021-08-12,674.6356811523438,701.3499755859375,702.9500122070312,693.2999877929688,693.5,8840339.0,0.011246439257316165,0.014879511333406842,0.7369036064526312,Weak_Bear,0
2021-08-13,677.9542236328125,704.7999877929688,709.9000244140625,701.0,707.0499877929688,12787590.0,0.00491901417784546,0.01488113984327855,0.7619509413333315,Weak_Bear,0
2021-08-16,675.8862915039062,702.6500244140625,707.4000244140625,698.6500244140625,702.4000244140625,7920846.0,-0.003050253331006947,0.014606249168727664,0.7711571948751973,Weak_Bear,0
2021-08-17,674.4913940429688,701.2000122070312,702.9000244140625,691.5,699.7999877929688,8669653.0,-0.0020638049306100914,0.014475737979814144,0.7782429253343205,Weak_Bear,0
2021-08-18,662.0827026367188,688.2999877929688,700.8499755859375,683.5999755859375,700.8499755859375,11069373.0,-0.01839710857075738,0.014221286341090393,0.7848511013865505,Weak_Bear,0
2021-08-20,654.7722778320312,680.7000122070312,684.4000244140625,675.3499755859375,683.8499755859375,13121808.0,-0.011041558366611914,0.013912173233984991,0.7388765361430736,Weak_Bear,0
2021-08-23,656.696044921875,682.7000122070312,689.9500122070312,673.8499755859375,689.9500122070312,10917371.0,0.002938070463540887,0.012072004510246172,0.7438532302314002,Weak_Bear,0
2021-08-24,667.99853515625,694.4500122070312,697.25,680.4000244140625,683.25,9821388.0,0.017211144062424744,0.012624220775169363,0.7617096469476973,Weak_Bear,0
2021-08-25,664.7279663085938,691.0499877929688,700.4500122070312,687.1500244140625,699.9500122070312,9535359.0,-0.004896071885683417,0.012705448986617912,0.767271500691568,Weak_Bear,0
2021-08-26,672.1828002929688,698.7999877929688,701.5499877929688,690.0,692.0499877929688,10756731.0,0.011214864368914057,0.012705296036912195,0.7318158264822406,Weak_Bear,0
2021-08-27,673.0966186523438,699.75,700.4500122070312,689.0499877929688,696.0999755859375,9135827.0,0.0013594789378377214,0.012644294907458397,0.7453927099479334,Weak_Bear,0
2021-08-30,686.4672241210938,713.6500244140625,715.0,700.9000244140625,704.5,10797869.0,0.0198643182839342,0.013159993406042106,0.7568397469745558,Weak_Bear,0
2021-08-31,691.661376953125,719.0499877929688,719.9000244140625,709.3499755859375,714.0,19760246.0,0.007566497932485428,0.013175851936136485,0.7623509762235772,Weak_Bear,0
2021-09-01,692.4791259765625,719.9000244140625,734.7999877929688,717.2000122070312,727.5999755859375,13729351.0,0.0011822967866730316,0.012947069486367948,0.7284830312459107,Weak_Bear,0
2021-09-02,697.5291748046875,725.1500244140625,728.0499877929688,717.5,722.2999877929688,8627956.0,0.007292709106578865,0.010479555017012525,0.7256110949062025,Weak_Bear,0
2021-09-03,696.71142578125,724.2999877929688,731.7999877929688,721.0999755859375,724.75,8993813.0,-0.0011723509968833978,0.00962193451693453,0.7241425794052374,Weak_Bear,0
2021-09-06,693.6815795898438,721.1500244140625,728.0,720.0,725.4000244140625,5329995.0,-0.004348782120242589,0.009523175165915113,0.6921248242085241,Weak_Bear,0
2021-09-07,689.5934448242188,716.9000244140625,722.4500122070312,711.6500244140625,720.9000244140625,6242711.0,-0.005893388098963559,0.00956638992760827,0.7195331290344839,Weak_Bear,0
2021-09-08,693.4891357421875,720.9500122070312,722.75,715.0,716.5,7118011.0,0.0056492574678719265,0.009575345427983101,0.7368662371035979,Weak_Bear,0
2021-09-09,692.8157958984375,720.25,723.9000244140625,717.5999755859375,720.7999877929688,6243422.0,-0.0009709450502485284,0.00917899311139828,0.7378954732603946,Weak_Bear,0
2021-09-13,680.4552001953125,707.4000244140625,717.9000244140625,705.2000122070312,717.9000244140625,6967906.0,-0.017841099721313203,0.00990122017884323,0.7672710704645531,Weak_Bear,0
2021-09-14,680.5033569335938,707.4500122070312,714.0,706.5,713.25,5241865.0,7.077135756694553e-05,0.009845914812600227,0.7502963163469932,Weak_Bear,0
2021-09-15,687.1405029296875,714.3499755859375,716.0,706.2999877929688,707.0999755859375,5936741.0,0.00975328913291662,0.010035569282712242,0.7423385130700182,Weak_Bear,0
2021-09-16,699.5010986328125,727.2000122070312,729.4000244140625,712.8499755859375,720.0,13557169.0,0.01798845454521225,0.010705911802868194,0.6444098030362566,Weak_Bear,0
2021-09-17,692.7196044921875,720.1500244140625,734.4000244140625,714.0,732.9000244140625,17075003.0,-0.009694758384053315,0.00999158279134527,0.6263282010241934,Weak_Bear,0
2021-09-20,682.9561767578125,710.0,720.4000244140625,706.5,710.0,7943459.0,-0.014094343037299062,0.010226860971063099,0.6247289869509217,Weak_Bear,0
2021-09-21,684.7356567382812,711.8499755859375,714.5,694.4000244140625,711.1500244140625,10009615.0,0.0026055551454509107,0.010225797958782406,0.6290299583119939,Weak_Bear,0
2021-09-22,676.5595092773438,703.3499755859375,715.0,702.25,715.0,9740470.0,-0.01194058959903499,0.010040814316498971,0.6414198208203562,Weak_Bear,0
2021-09-23,689.6896362304688,717.0,720.0,707.1500244140625,711.0,10412491.0,0.01940720183971667,0.010773732349222487,0.6448275032285935,Weak_Bear,0
2021-09-24,695.4129028320312,722.9500122070312,724.5999755859375,716.5499877929688,722.5999755859375,11780868.0,0.008298321884091742,0.010660154348751566,0.6247368495851988,Weak_Bear,0
2021-09-27,702.1943969726562,730.0,731.75,722.2999877929688,724.5,7712240.0,0.009751751963484878,0.010807950802990187,0.6306765308441548,Weak_Bear,0
2021-09-28,689.8338012695312,717.1500244140625,735.4000244140625,706.5999755859375,734.0999755859375,13491800.0,-0.017602811637937865,0.010827324079661672,0.6492520107987729,Weak_Bear,0
2021-09-29,682.4752807617188,709.5,711.9500122070312,701.2999877929688,707.3499755859375,11453404.0,-0.01066709183323622,0.010950252923838074,0.6470618610786721,Weak_Bear,0
2021-09-30,674.1547241210938,700.8499755859375,713.9000244140625,698.7999877929688,709.5999755859375,18487517.0,-0.012191733349431133,0.011239493851229998,0.6401621782142422,Weak_Bear,0
2021-10-01,665.9784545898438,692.3499755859375,694.8499755859375,687.9000244140625,693.0,10935810.0,-0.012128179539065753,0.011298649666869985,0.6346361051915742,Weak_Bear,0
2021-10-04,673.5294799804688,700.2000122070312,703.3499755859375,694.0499877929688,697.0499877929688,8976533.0,0.011338242759332928,0.0117006754820499,0.639122195011771,Weak_Bear,0
2021-10-05,670.547607421875,697.0999755859375,699.0,691.8499755859375,693.0,7497208.0,-0.004427233918076201,0.011701649593160448,0.6404128728565452,Weak_Bear,0
2021-10-06,663.2371215820312,689.5,705.0,688.3499755859375,696.5999755859375,13200810.0,-0.010902262209168345,0.011850366935592735,0.572387164772811,Normal_Market,1
2021-10-07,675.4533081054688,702.2000122070312,704.9500122070312,693.4500122070312,697.5499877929688,10041549.0,0.018419033142020202,0.012597823763251267,0.6412160656763619,Weak_Bear,0
2021-10-08,676.607666015625,703.4000244140625,710.0,698.2999877929688,706.0,9383924.0,0.001709012149772482,0.012615093089702668,0.6349200172882843,Weak_Bear,0
2021-10-11,686.1305541992188,713.2999877929688,719.4000244140625,700.2999877929688,702.0,9337637.0,0.014074460964463631,0.012403765223529624,0.6704857463443951,Weak_Bear,0
2021-10-12,681.6094970703125,708.5999755859375,713.0,704.4000244140625,706.5,7376091.0,-0.006589208280022962,0.012504555372871496,0.6798883121008006,Weak_Bear,0
2021-10-13,682.9080810546875,709.9500122070312,715.9000244140625,707.9500122070312,713.8499755859375,6357766.0,0.001905172961874202,0.012309123878592473,0.6707677488482359,Weak_Bear,0
2021-10-14,699.5972290039062,727.2999877929688,729.7999877929688,709.0499877929688,710.25,8950350.0,0.024438351825393445,0.012882878204773513,0.6102027202981741,Normal_Market,1
2021-10-18,717.055908203125,745.4500122070312,748.9000244140625,732.0499877929688,739.0,15345601.0,0.024955329260061054,0.013795937287001087,0.6089200711719422,Normal_Market,1
2021-10-19,718.979736328125,747.4500122070312,755.0,738.75,755.0,11349799.0,0.0026829541504245213,0.01327780724023536,0.6061761755983355,Normal_Market,1
2021-10-20,717.4406127929688,745.8499755859375,757.4500122070312,741.9000244140625,746.75,12762996.0,-0.0021407050260090488,0.013321115703275474,0.6098071572192418,Weak_Bear,0
2021-10-21,726.72314453125,755.5,759.8499755859375,737.4000244140625,748.9000244140625,12166996.0,0.012938397370821697,0.013068799996122728,0.6188357291067753,Normal_Market,1
2021-10-22,730.3783569335938,759.2999877929688,765.8499755859375,753.3499755859375,758.5,13248928.0,0.005029717891675833,0.012542018857888314,0.6657856195298681,Weak_Bear,0
2021-10-25,809.6398315429688,841.7000122070312,867.0,798.4000244140625,800.0,96124084.0,0.10852111629121208,0.026758427435125128,0.7281785085210554,High_Volatility,2
2021-10-26,797.808349609375,829.4000244140625,841.7000122070312,822.3499755859375,828.7000122070312,16925115.0,-0.014613265643126705,0.02722296419140016,0.768056621783022,Weak_Bear,0
2021-10-27,803.1949462890625,835.0,849.0,824.2000122070312,828.75,22898400.0,0.0067517426739454045,0.02661479578188086,0.7818314185206646,Weak_Bear,0
2021-10-28,768.277587890625,798.7000122070312,831.9500122070312,796.25,830.0999755859375,18750423.0,-0.04347308030231434,0.028748332552810337,0.7734054661152504,Weak_Bear,0
2021-10-29,771.5000610351562,802.0499877929688,808.75,783.9000244140625,798.0,15701200.0,0.004194412534379355,0.028424824020464607,0.7379246820459555,Weak_Bear,0
2021-11-01,773.2796020507812,803.9000244140625,809.7000122070312,793.0,807.7000122070312,11406421.0,0.0023065986712136333,0.02809128925317232,0.718407517685451,Weak_Bear,0
2021-11-02,770.4419555664062,800.9500122070312,810.0,798.0,809.0,9452457.0,-0.003669625419899125,0.02819363544030045,0.7284520457031813,Weak_Bear,0
2021-11-03,756.0133056640625,785.9500122070312,806.0,780.4500122070312,806.0,11839149.0,-0.018727757228299224,0.028678682529442646,0.7404095889381341,Weak_Bear,0
2021-11-04,752.3098754882812,782.0999755859375,789.0,779.0,788.5,3149310.0,-0.004898630947412053,0.0285191276870403,0.7584646760256187,Weak_Bear,0
2021-11-08,750.4342041015625,780.1500244140625,793.0,773.1500244140625,793.0,13967995.0,-0.0024932164894171382,0.028449768020211895,0.7556219474368581,Weak_Bear,0
2021-11-09,756.59033203125,786.5499877929688,788.5999755859375,779.2000122070312,784.0,10084357.0,0.00820342129401963,0.028439539011925218,0.7453596574403288,Weak_Bear,0
2021-11-10,751.1556396484375,780.9000244140625,784.2999877929688,773.0999755859375,782.5499877929688,9507347.0,-0.0071831374955872995,0.028517825046591328,0.7603846765487725,Weak_Bear,0
2021-11-11,742.0655517578125,771.4500122070312,777.0,766.0999755859375,776.7000122070312,9221059.0,-0.012101470601857511,0.02866105536648438,0.7514607346681575,Weak_Bear,0
2021-11-12,747.0194091796875,776.5999755859375,779.9000244140625,771.2000122070312,772.7000122070312,15380106.0,0.00667576794279201,0.028657024302858918,0.7528775846992297,Weak_Bear,0
2021-11-15,743.8450927734375,773.2999877929688,784.5499877929688,771.5499877929688,777.0,10934583.0,-0.004249309144103486,0.028342231158564306,0.7019402798884717,Weak_Bear,0
2021-11-16,734.9474487304688,764.0499877929688,775.75,762.0,773.2999877929688,12785837.0,-0.01196168950956411,0.02806775975992039,0.6629304720323858,Weak_Bear,0
2021-11-17,732.3021850585938,761.2999877929688,771.9500122070312,756.2999877929688,760.9000244140625,11657214.0,-0.003599255533772383,0.028090023760840577,0.667415027665681,Weak_Bear,0
2021-11-18,733.84130859375,762.9000244140625,767.5,756.4000244140625,764.9000244140625,20644385.0,0.002101760129301189,0.02807888471788752,0.6657633293871201,Weak_Bear,0
2021-11-22,723.3564453125,752.0,770.4500122070312,740.25,768.2999877929688,20403786.0,-0.014287643879494882,0.02815439352239069,0.674390776110928,Weak_Bear,0
2021-11-23,723.2120971679688,751.8499755859375,757.9500122070312,731.2000122070312,740.9500122070312,24913042.0,-0.00019955327068232886,0.028130731710881453,0.6751838935370024,Weak_Bear,0
2021-11-24,731.2440795898438,760.2000122070312,772.25,746.7000122070312,750.25,23186419.0,0.011105984611329722,0.01231413088013406,0.6976948695474489,Weak_Bear,0
2021-11-25,722.4425659179688,751.0499877929688,754.9500122070312,745.2999877929688,754.9000244140625,17749726.0,-0.012036355462613502,0.012221448703718194,0.7227181594244468,Weak_Bear,0
2021-11-26,694.6915283203125,722.2000122070312,742.0499877929688,718.5999755859375,739.0,18987552.0,-0.03841279418855181,0.014002514324255977,0.6781824272821165,Weak_Bear,0
2021-11-29,691.0362548828125,718.4000244140625,727.75,710.5,726.75,15878074.0,-0.005261721625335003,0.011086755341290135,0.6939197516844783,Weak_Bear,0
2021-11-30,687.1405029296875,714.3499755859375,732.2999877929688,711.0999755859375,716.75,23965914.0,-0.005637550744404307,0.010862838423461772,0.6549337844899155,Weak_Bear,0
2021-12-01,699.9819946289062,727.7000122070312,732.75,715.0,716.4000244140625,15214913.0,0.01868830558592882,0.012052132507025035,0.6520227312211513,Weak_Bear,0
2021-12-02,694.8839111328125,722.4000244140625,727.0999755859375,715.2000122070312,724.5999755859375,21924640.0,-0.007283163760228528,0.012059843962437667,0.6834908498333523,Weak_Bear,0
2021-12-03,689.0162963867188,716.2999877929688,729.5,715.0999755859375,720.5,20130259.0,-0.008444021587042161,0.011659830533723995,0.6656450550984284,Weak_Bear,0
2021-12-06,682.5232543945312,709.5499877929688,726.7999877929688,707.5,719.0,20129080.0,-0.009423640668933086,0.011710463715151317,0.6331795026212099,Weak_Bear,0
2021-12-07,706.667236328125,734.6500244140625,740.9500122070312,712.0,717.0,30513303.0,0.035374592408594197,0.014764434969750214,0.630136364340663,Normal_Market,1
2021-12-08,724.7030639648438,753.4000244140625,758.7999877929688,744.0999755859375,747.9000244140625,33432411.0,0.025522377024911558,0.015912940484165274,0.651744690954546,Weak_Bear,0
2021-12-09,726.2421264648438,755.0,763.0,748.4000244140625,759.0499877929688,16007459.0,0.0021237146308996646,0.01589039948244919,0.6303900408861532,Weak_Bear,0
2021-12-10,729.1278686523438,758.0,759.7999877929688,751.0499877929688,756.5,7627774.0,0.00397352629700376,0.015735206943921325,0.6118103092724257,Weak_Bear,0
2021-12-13,725.2802734375,754.0,769.7000122070312,752.5,763.0,16855546.0,-0.005276982790351048,0.015664694513697234,0.6143639903105859,Weak_Bear,0
2021-12-14,729.7531127929688,758.6500244140625,764.3499755859375,746.2999877929688,751.0499877929688,17488089.0,0.0061670495107628565,0.01573654229021631,0.5749834671219733,Normal_Market,1
2021-12-15,723.596923828125,752.25,759.5,750.9000244140625,757.5999755859375,7358740.0,-0.008435988633583635,0.015624728084473481,0.5038360340287975,Normal_Market,1
2021-12-16,712.919677734375,741.1500244140625,757.9000244140625,738.9500122070312,757.9000244140625,14123215.0,-0.014755792544367097,0.015931255293670708,0.43541671782379465,Normal_Market,1
2021-12-17,700.5591430664062,728.2999877929688,742.0,726.0499877929688,742.0,13227787.0,-0.017337906434635064,0.01630652901115493,0.4406834617498204,Normal_Market,1
2021-12-20,682.9080810546875,709.9500122070312,720.2000122070312,698.2000122070312,718.0999755859375,16900016.0,-0.025195677176460207,0.016903865702753797,0.41642366267035746,Normal_Market,1
2021-12-21,692.9119262695312,720.3499755859375,728.9500122070312,716.1500244140625,720.0,14563335.0,0.014648889788203556,0.017341595668659972,0.42326885724877183,Normal_Market,1
2021-12-22,704.8877563476562,732.7999877929688,734.9500122070312,720.0499877929688,726.25,9843359.0,0.017283336632117008,0.017639663129314215,0.4876043446266139,Normal_Market,1
2021-12-23,703.44482421875,731.2999877929688,739.5,727.9500122070312,739.0499877929688,9994049.0,-0.0020470381502761814,0.017471793150933272,0.5067484915927204,Normal_Market,1
2021-12-24,699.4048461914062,727.0999755859375,733.9000244140625,719.5999755859375,733.9000244140625,8800690.0,-0.0057431341993745555,0.01518588290664311,0.5232425406596816,Normal_Market,1
2021-12-27,707.9658813476562,736.0,738.75,716.0999755859375,724.0,7955163.0,0.01224045730147405,0.01534307836236901,0.5573405056991754,Normal_Market,1
2021-12-28,707.7734985351562,735.7999877929688,742.4500122070312,732.5,740.4000244140625,17833655.0,-0.00027174023151199656,0.015261674321060235,0.5903057878162449,Normal_Market,1
2021-12-29,707.6773071289062,735.7000122070312,744.9500122070312,731.9000244140625,738.0,7143073.0,-0.000135907047168482,0.014722660647901967,0.5811335585436028,Normal_Market,1
2021-12-30,707.6773071289062,735.7000122070312,740.5,729.0,733.2999877929688,14326182.0,0.0,0.014605740762260015,0.5912369423343062,Normal_Market,1
2021-12-31,711.957763671875,740.1500244140625,746.25,736.5499877929688,736.5499877929688,6973055.0,0.006048599410845679,0.014470727150562624,0.5614394156858626,Normal_Market,1
2022-01-03,735.5726928710938,764.7000122070312,766.0,743.0,743.0499877929688,9653095.0,0.03316900300015879,0.015813487565858503,0.4994655557297802,Normal_Market,1
2022-01-04,743.4122314453125,772.8499755859375,778.0,763.5999755859375,767.9500122070312,12114437.0,0.010657734647026462,0.014093912572654434,0.4935165620727704,Normal_Market,1
2022-01-05,758.0332641601562,788.0499877929688,795.8499755859375,771.2000122070312,773.0,19741360.0,0.019667463214074532,0.013647150268191504,0.5141338556249461,Normal_Market,1
2022-01-06,755.1475219726562,785.0499877929688,792.5,774.0,775.0499877929688,13018067.0,-0.0038068806791706766,0.01371632943259545,0.5214797259826572,Normal_Market,1
2022-01-07,763.0352172851562,793.25,802.2999877929688,786.25,792.2000122070312,12250210.0,0.010445237629721937,0.013840063494610137,0.5150434382197588,Normal_Market,1
2022-01-10,779.86865234375,810.75,812.7999877929688,799.0,800.25,10905080.0,0.022061150884340908,0.014384774335022471,0.5015968902737037,Normal_Market,1
2022-01-11,779.7725219726562,810.6500244140625,814.7000122070312,801.9000244140625,809.75,9982061.0,-0.00012326482261448835,0.014397514369409442,0.493836138721786,Normal_Market,1
2022-01-12,792.3734741210938,823.75,825.4500122070312,812.0499877929688,818.5999755859375,13034848.0,0.01615977967081972,0.014382092814744495,0.4617381081280349,Normal_Market,1
2022-01-13,793.2872314453125,824.7000122070312,828.0,817.4000244140625,821.0,9372244.0,0.0011531901988923732,0.013674971695455814,0.4706151236244143,Normal_Market,1
2022-01-14,788.766357421875,820.0,822.0,811.5999755859375,821.0,7552844.0,-0.005698911874833512,0.012878942189782415,0.4656283208898557,Normal_Market,1
2022-01-17,788.0928955078125,819.2999877929688,828.9000244140625,814.5499877929688,820.0,6722700.0,-0.0008538167325794488,0.010746865155309576,0.4542742877597914,Normal_Market,1
2022-01-18,791.7481689453125,823.0999755859375,836.0,818.2000122070312,821.0,10835146.0,0.004638125097098822,0.010616096626852685,0.46843256575661946,Normal_Market,1
2022-01-19,777.8004760742188,808.5999755859375,821.0,803.25,816.0,16416144.0,-0.01761632475850683,0.011613624809000989,0.5062484785174279,Normal_Market,1
2022-01-20,779.3876953125,810.25,812.9500122070312,795.4000244140625,803.0,13567654.0,0.002040650895834384,0.011518712208015829,0.5286755832186869,Normal_Market,1
2022-01-21,773.8567504882812,804.5,811.3499755859375,795.5,803.0,12078277.0,-0.007096525718180757,0.011590147617498874,0.5277747709362454,Normal_Market,1
2022-01-24,768.0371704101562,798.4500122070312,816.7000122070312,783.2999877929688,813.0,29612316.0,-0.0075202291308476,0.011792947367792265,0.5326721821725164,Normal_Market,1
2022-01-25,771.115234375,801.6500244140625,804.2999877929688,786.0499877929688,789.0,19513184.0,0.004007701818910636,0.011747310335470199,0.5080354019950802,Normal_Market,1
2022-01-27,764.3818359375,794.6500244140625,801.5,781.0499877929688,786.9000244140625,23984679.0,-0.008732026210009347,0.012073191784561675,0.4383991745333456,Normal_Market,1
2022-01-28,751.3961181640625,781.1500244140625,805.8499755859375,778.5,803.75,14072314.0,-0.016988522179508303,0.012931372558561121,0.44360585481724946,Normal_Market,1
2022-01-31,758.7546997070312,788.7999877929688,798.7000122070312,784.0,788.9500122070312,14824509.0,0.009793212082261693,0.01300351473269697,0.43484847750748734,Normal_Market,1
2022-02-01,779.435791015625,810.2999877929688,812.8499755859375,789.2999877929688,802.0499877929688,20031583.0,0.027256623671100932,0.012338154052710663,0.4136935600538103,Normal_Market,1
2022-02-02,782.7543334960938,813.75,818.7000122070312,808.8499755859375,815.0,11214375.0,0.0042576213701255305,0.012210668095142485,0.3990861925629754,Normal_Market,1
2022-02-03,778.1372680664062,808.9500122070312,818.4000244140625,806.0,814.0499877929688,9755335.0,-0.005898485938833242,0.01166150369853361,0.43525922850853743,Normal_Market,1
2022-02-04,774.3856811523438,805.0499877929688,812.0,795.7999877929688,809.7999877929688,10314067.0,-0.004821240503471658,0.011687398890736412,0.4476740867803247,Normal_Market,1
2022-02-07,756.4461669921875,786.4000244140625,805.0,781.4500122070312,798.0499877929688,14659368.0,-0.023166123285571216,0.012680983661372422,0.4515094434379261,Normal_Market,1
2022-02-08,762.3138427734375,792.5,795.7000122070312,774.2999877929688,790.0,14642455.0,0.007756898028290937,0.01171674521035323,0.4337800156794334,Normal_Market,1
2022-02-09,772.2214965820312,802.7999877929688,804.25,794.2000122070312,797.25,8855292.0,0.01299681739025993,0.012132601260449837,0.4330813990517306,Normal_Market,1
2022-02-10,774.818603515625,805.5,808.7999877929688,796.2999877929688,805.9500122070312,13159771.0,0.0033631632181814197,0.01153512567074934,0.4117160739408575,Normal_Market,1
2022-02-11,760.6785888671875,790.7999877929688,797.4000244140625,787.9000244140625,796.8499755859375,13138408.0,-0.018249451657819327,0.012139579847163356,0.42729578926813755,Normal_Market,1
2022-02-14,724.9916381835938,753.7000122070312,773.9500122070312,751.1500244140625,772.0,16170656.0,-0.04691462492291154,0.015755592988776133,0.40939739040179385,Normal_Market,1
2022-02-15,746.4903564453125,776.0499877929688,778.0,743.2000122070312,752.9500122070312,18880659.0,0.02965374651159003,0.0174687758040132,0.41736984309834263,Normal_Market,1
2022-02-16,734.9474487304688,764.0499877929688,777.5499877929688,760.4000244140625,775.7000122070312,10549784.0,-0.015462902655313027,0.017610396716169548,0.4184313463558057,Normal_Market,1
2022-02-17,721.7692260742188,750.3499755859375,767.25,746.2999877929688,766.5,16683808.0,-0.017930836659156735,0.017623738041181645,0.4742647737944523,Normal_Market,1
2022-02-18,720.3745727539062,748.9000244140625,756.7999877929688,745.5499877929688,746.8499755859375,8945567.0,-0.0019322704126610857,0.017579352622015664,0.48175829437259393,Normal_Market,1
2022-02-21,725.7130737304688,754.4500122070312,762.9000244140625,740.0,746.25,10967164.0,0.007410729332316679,0.01773398316822084,0.4363136383273887,Normal_Market,1
2022-02-22,722.68310546875,751.2999877929688,759.75,737.75,738.4000244140625,13156371.0,-0.004175160089294527,0.01770541515644307,0.43734625994526916,Normal_Market,1
2022-02-23,716.2383422851562,744.5999755859375,756.4000244140625,742.7000122070312,754.5999755859375,11624282.0,-0.008917827378036591,0.01767631165835717,0.41260489803157724,Normal_Market,1
2022-02-24,680.4552001953125,707.4000244140625,727.0999755859375,702.2999877929688,712.9000244140625,28023104.0,-0.049959824791950935,0.020493713885431076,0.36163573757772544,Normal_Market,1
2022-02-25,702.2424926757812,730.0499877929688,739.2999877929688,720.25,724.9500122070312,16935750.0,0.032018702295485646,0.021938773878739336,0.3648346431221784,Normal_Market,1
2022-02-28,714.4107055664062,742.7000122070312,744.75,715.4000244140625,722.9500122070312,20547432.0,0.01732765108568124,0.022235339235820082,0.3533032605944743,Normal_Market,1
2022-03-02,687.621337890625,714.8499755859375,724.9500122070312,707.75,717.0,25252492.0,-0.03749855295707227,0.02234737006872147,0.3235311639237276,Normal_Market,1
2022-03-03,671.7017822265625,698.2999877929688,721.9500122070312,693.4500122070312,717.5999755859375,23190595.0,-0.023151631263942374,0.022524490996557622,0.3229790465874905,Normal_Market,1
2022-03-04,661.84228515625,688.0499877929688,706.5499877929688,685.0,691.0,18697223.0,-0.014678384561717439,0.022579638271531623,0.37884554295142636,Normal_Market,1
2022-03-07,628.8486938476562,653.75,667.0,642.1500244140625,663.5,27799873.0,-0.049851138327924316,0.024434133611867814,0.45736599439081754,Normal_Market,1
2022-03-08,639.6702880859375,665.0,669.4500122070312,643.0,643.2999877929688,26716975.0,0.01720858188011576,0.02495729003207264,0.44706279885182354,Normal_Market,1
2022-03-09,642.0269165039062,667.4500122070312,674.5,658.0,664.7000122070312,33728639.0,0.0036841298741894235,0.02483786177016496,0.45724640112324066,Normal_Market,1
2022-03-10,650.828369140625,676.5999755859375,701.0,673.6500244140625,693.9500122070312,35959638.0,0.013708853025424794,0.024870412566362167,0.4581696191074492,Normal_Market,1
2022-03-11,652.078857421875,677.9000244140625,684.7000122070312,670.5999755859375,674.6500244140625,20546724.0,0.0019213794919561433,0.02483714600151728,0.4449062245335611,Normal_Market,1
2022-03-14,669.6337890625,696.1500244140625,698.4500122070312,677.25,678.0999755859375,24648981.0,0.026921485708081283,0.025914210216494024,0.47503862350745457,Normal_Market,1
2022-03-15,670.7880249023438,697.3499755859375,708.0999755859375,688.0,701.5,27714580.0,0.0017236821956962967,0.024093839959227162,0.49767158045042503,Normal_Market,1
2022-03-16,681.0324096679688,708.0,711.4000244140625,701.25,706.9000244140625,14621688.0,0.01527216405975107,0.023248977493428368,0.5251872942369123,Normal_Market,1
2022-03-17,692.6715087890625,720.0999755859375,725.0,716.2000122070312,717.7999877929688,18329844.0,0.0170903747837321,0.023565040795980697,0.5771133891292709,Normal_Market,1
2022-03-21,683.6776733398438,710.75,722.9000244140625,705.5,721.0,12866839.0,-0.012984272248965256,0.023422190585762077,0.5480458040536265,Normal_Market,1
2022-03-22,690.8439331054688,718.2000122070312,721.0,699.5,708.6500244140625,11761758.0,0.010481927441943428,0.02360025664791956,0.5345744407207874,Normal_Market,1
2022-03-23,690.9400024414062,718.2999877929688,726.7999877929688,714.25,725.0,7140403.0,0.0001390608375262392,0.023506352544110983,0.5168396221099296,Normal_Market,1
2022-03-24,677.3771362304688,704.2000122070312,712.7000122070312,698.0,702.4500122070312,17727969.0,-0.019629586017618994,0.023827014098395348,0.50826494183367,Normal_Market,1
2022-03-25,672.6156616210938,699.25,706.0999755859375,696.6500244140625,705.0,15263007.0,-0.007029281554839728,0.02380588756732118,0.4968859458973492,Normal_Market,1
2022-03-28,683.2927856445312,710.3499755859375,713.4000244140625,695.6500244140625,702.0,13806166.0,0.01587403421101463,0.021378922899046287,0.48133782114267154,Normal_Market,1
2022-03-29,688.0543212890625,715.2999877929688,716.9500122070312,705.8499755859375,714.2999877929688,11489374.0,0.006968514441492157,0.02012789593390767,0.50476595229204,Normal_Market,1
2022-03-30,703.0601806640625,730.9000244140625,731.75,719.0999755859375,721.0499877929688,20154520.0,0.02180912016784764,0.0203641747187771,0.49668921580743036,Normal_Market,1
2022-03-31,702.48291015625,730.2999877929688,739.9000244140625,727.7999877929688,739.9000244140625,16046383.0,-0.0008210826380001812,0.018425737315450743,0.5365827420730622,Normal_Market,1
2022-04-01,708.2063598632812,736.25,738.2999877929688,723.0999755859375,725.0,12658848.0,0.008147457574104067,0.01755423539311574,0.5250350798754994,Normal_Market,1
2022-04-04,718.162109375,746.5999755859375,749.7999877929688,725.0,742.0,17192197.0,0.01405769571688209,0.017221390618194343,0.5126142946917301,Normal_Market,1
2022-04-05,713.544921875,741.7999877929688,755.4500122070312,738.0,746.7999877929688,12290391.0,-0.006429171686624158,0.011984903660555407,0.5133339226067575,Normal_Market,1
2022-04-06,713.3526000976562,741.5999755859375,744.9000244140625,732.0999755859375,732.2999877929688,13518142.0,-0.00026953002039220575,0.011791398479193983,0.5101470503521478,Normal_Market,1
2022-04-07,720.037841796875,748.5499877929688,757.7999877929688,737.0999755859375,737.0999755859375,15087175.0,0.009371581036227372,0.01181305392781045,0.5161023321896594,Normal_Market,1
2022-04-08,725.56884765625,754.2999877929688,756.0,743.5999755859375,749.8499755859375,15480705.0,0.007681548855227094,0.011677206764833683,0.5344611830896369,Normal_Market,1
2022-04-11,730.6669311523438,759.5999755859375,765.4500122070312,751.6500244140625,752.2999877929688,13216391.0,0.007026326326663224,0.011650286765790227,0.531530350552247,Normal_Market,1
2022-04-12,734.7550048828125,763.8499755859375,768.9000244140625,750.25,757.0,14020000.0,0.005594989394170913,0.010535062090550116,0.525139623218525,Normal_Market,1
2022-04-13,733.2160034179688,762.25,772.5499877929688,760.7000122070312,769.5999755859375,16119956.0,-0.0020945777226644147,0.010626111937238763,0.5125232409962812,Normal_Market,1
2022-04-18,728.935546875,757.7999877929688,762.9000244140625,749.2000122070312,751.0,17651530.0,-0.005837920234985194,0.01054929602056857,0.5529563552589516,Normal_Market,1
2022-04-19,737.1116943359375,766.2999877929688,777.9000244140625,757.0,761.7999877929688,31088359.0,0.011216557480272726,0.010226606825513435,0.5515578997552842,Normal_Market,1
2022-04-20,726.771240234375,755.5499877929688,770.0,753.7999877929688,766.7999877929688,15984202.0,-0.014028340862070054,0.010315652261054927,0.5066768529210317,Normal_Market,1
2022-04-21,733.3121337890625,762.3499755859375,764.2000122070312,751.2000122070312,759.0499877929688,8953098.0,0.008999934494626105,0.01026512105306211,0.5016730983853297,Normal_Market,1
2022-04-22,719.1720581054688,747.6500244140625,758.8499755859375,745.9000244140625,757.0,14411607.0,-0.019282478813668624,0.011408669379138913,0.49245472463725726,Normal_Market,1
2022-04-25,723.548828125,752.2000122070312,762.2000122070312,744.0,747.6500244140625,35417460.0,0.006085845480511498,0.010222211748559848,0.4838690230013422,Normal_Market,1
2022-04-26,725.0397338867188,753.75,768.5499877929688,751.6500244140625,768.0,18727514.0,0.0020605461632523525,0.009934371844774952,0.48242962385091803,Normal_Market,1
2022-04-27,708.6392211914062,736.7000122070312,750.0,732.5499877929688,749.0,21441480.0,-0.022620157115244344,0.011130328080840695,0.47223472029886016,Normal_Market,1
2022-04-28,718.691162109375,747.1500244140625,751.9000244140625,734.6500244140625,739.0999755859375,18649559.0,0.014184849804204758,0.011417175052108396,0.4893068464513256,Normal_Market,1
2022-04-29,714.98779296875,743.2999877929688,759.9500122070312,740.0999755859375,750.0999755859375,19560317.0,-0.00515293541353079,0.01054361035091672,0.49933840279326897,Normal_Market,1
2022-05-02,712.775390625,741.0,743.7999877929688,731.0999755859375,732.0,10903446.0,-0.003094321840885872,0.010575284042788579,0.5628472061311905,Normal_Market,1
2022-05-04,696.6634521484375,724.25,747.0,721.1500244140625,746.2000122070312,12212165.0,-0.022604510044089365,0.011630773075111624,0.5393608857527546,Normal_Market,1
2022-05-05,701.0401000976562,728.7999877929688,743.0,726.5,730.7999877929688,9121547.0,0.006282298770979855,0.011232661618963007,0.5013976821157563,Normal_Market,1
2022-05-06,691.8538818359375,719.25,723.0,710.2999877929688,716.25,12455025.0,-0.01310369871914474,0.011494015089991136,0.5060154206874671,Normal_Market,1
2022-05-09,683.2927856445312,710.3499755859375,720.0,704.4500122070312,705.2999877929688,13055889.0,-0.012374139129910033,0.011742961167141533,0.5121215168531035,Normal_Market,1
2022-05-10,684.2066650390625,711.2999877929688,720.0,705.0,705.0,12797419.0,0.0013374638423397922,0.01146456191340477,0.5057169398528212,Normal_Market,1
2022-05-11,686.9962158203125,714.2000122070312,719.7999877929688,707.1500244140625,718.0,13516852.0,0.004077058765703079,0.01132377914993767,0.49841207606445426,Normal_Market,1
2022-05-12,669.297119140625,695.7999877929688,710.7000122070312,693.2999877929688,707.5499877929688,16685166.0,-0.025763019172607482,0.012187314193033694,0.5039093122662403,Normal_Market,1
2022-05-13,651.5498657226562,677.3499755859375,702.4000244140625,675.0,702.4000244140625,15717043.0,-0.026516255502124664,0.012908182301678358,0.5134580718216374,Normal_Market,1
2022-05-16,656.9846801757812,683.0,690.9500122070312,675.75,676.7000122070312,9025623.0,0.008341363783564093,0.013276274300601177,0.5151245684260831,Normal_Market,1
2022-05-17,682.9561767578125,710.0,712.0,685.1500244140625,686.0999755859375,12765052.0,0.03953135798399798,0.01664442689816891,0.5846505541777811,Normal_Market,1
2022-05-18,680.4071044921875,707.3499755859375,717.0,706.0999755859375,712.3499755859375,11835013.0,-0.0037324097099848963,0.016298745218142938,0.5640548313193532,Normal_Market,1
2022-05-19,664.006591796875,690.2999877929688,698.7000122070312,685.5999755859375,693.0999755859375,16661023.0,-0.024103970383367423,0.016777973089547624,0.5304131289034142,Normal_Market,1
2022-05-20,682.5232543945312,709.5499877929688,711.9000244140625,693.7000122070312,694.7999877929688,11695528.0,0.027886263218484197,0.018053244403336458,0.5370578829415331,Normal_Market,1
2022-05-23,683.9662475585938,711.0499877929688,725.9500122070312,707.4500122070312,709.5499877929688,17438451.0,0.0021142036623245097,0.017694684709917228,0.5618739233900347,Normal_Market,1
2022-05-24,681.1766967773438,708.1500244140625,717.3499755859375,706.0499877929688,711.0499877929688,13779981.0,-0.004078491871795209,0.017585022210549122,0.551134314353211,Normal_Market,1
2022-05-25,686.1785888671875,713.3499755859375,720.8499755859375,711.5999755859375,712.0499877929688,10457589.0,0.0073430170372941195,0.017702199618369257,0.5528805401833792,Normal_Market,1
2022-05-26,700.75146484375,728.5,733.0,715.4500122070312,723.0,14028733.0,0.021237730545659916,0.01780810937860162,0.5070817263534458,Normal_Market,1
2022-05-27,711.6210327148438,739.7999877929688,741.2000122070312,731.25,733.5499877929688,8110620.0,0.015511302389524584,0.01786769374526955,0.506872585119863,Normal_Market,1
2022-05-30,719.9896850585938,748.5,751.9500122070312,744.2999877929688,748.75,7628515.0,0.011759984540961943,0.018027584696899756,0.5191963340726818,Normal_Market,1
2022-05-31,724.1741333007812,752.8499755859375,756.7000122070312,740.5,741.0,20272212.0,0.005811816931581504,0.0180440499739485,0.5865327557891714,Normal_Market,1
2022-06-01,723.981689453125,752.6500244140625,755.5999755859375,744.2000122070312,748.0,10102092.0,-0.0002657425041945327,0.017180120620934068,0.5735181636156463,Normal_Market,1
2022-06-02,721.192138671875,749.75,751.75,743.2000122070312,751.0499877929688,10949759.0,-0.003853068139550775,0.017198641419814878,0.5487664741283108,Normal_Market,1
2022-06-03,715.94970703125,744.2999877929688,757.0,741.2000122070312,756.1500244140625,8563791.0,-0.007269119225674414,0.01698501216679296,0.5355755244052034,Normal_Market,1
2022-06-06,718.306396484375,746.75,750.9500122070312,739.5999755859375,740.2000122070312,9107831.0,0.0032916969306366894,0.016652502344141305,0.5537305939676754,Normal_Market,1
2022-06-07,707.244384765625,735.25,742.9500122070312,732.3499755859375,741.0,9938912.0,-0.015400129767590975,0.017134638410418866,0.6042839220010429,Weak_Bear,0
2022-06-08,701.7135009765625,729.5,741.0,726.4500122070312,736.5999755859375,9369224.0,-0.007820329023743855,0.01725736802100016,0.6216402173001805,Weak_Bear,0
2022-06-09,704.8397216796875,732.75,734.0999755859375,722.1500244140625,725.0,7444368.0,0.004455124062419102,0.01605315793366427,0.5871222943714741,Normal_Market,1
2022-06-10,692.5753173828125,720.0,728.2999877929688,718.0,724.75,7990818.0,-0.017400274019245043,0.015290911203050706,0.5463920602466433,Normal_Market,1
2022-06-13,661.794189453125,688.0,702.2999877929688,682.0999755859375,702.25,16622521.0,-0.04444444836123662,0.01855758252467735,0.5287145750342716,Normal_Market,1
2022-06-14,659.389404296875,685.5,694.6500244140625,680.6500244140625,682.4000244140625,13348598.0,-0.003633735675795502,0.016134717405603707,0.5897622327257285,Normal_Market,1
2022-06-15,661.07275390625,687.25,696.3499755859375,686.0999755859375,687.5,9199591.0,0.002552891505998689,0.016152803720219388,0.5445691147548768,Normal_Market,1
2022-06-16,652.656005859375,678.5,700.0499877929688,676.2999877929688,700.0,13237239.0,-0.012731954232179099,0.01549515684948196,0.5204129638910869,Normal_Market,1
2022-06-17,660.68798828125,686.8499755859375,692.6500244140625,669.9500122070312,671.25,16335613.0,0.01230660922410265,0.014327568196157176,0.5380964566939509,Normal_Market,1
2022-06-20,659.822265625,685.9500122070312,687.7999877929688,677.5999755859375,686.0,10981042.0,-0.001310335092517989,0.014302220069122526,0.5467433546948721,Normal_Market,1
2022-06-21,669.5856323242188,696.0999755859375,708.0,688.5999755859375,690.5499877929688,13319648.0,0.014796964588593697,0.014752478643492283,0.5644177668460317,Normal_Market,1
2022-06-22,660.4474487304688,686.5999755859375,698.9000244140625,685.0999755859375,694.25,6838249.0,-0.0136475204254759,0.01489218398653214,0.5636907138135917,Normal_Market,1
2022-06-23,672.5194702148438,699.1500244140625,706.0,687.0,690.2000122070312,14960412.0,0.018278549652330778,0.014664176682034173,0.5287654174700616,Normal_Market,1
2022-06-24,686.2747802734375,713.4500122070312,715.25,706.5499877929688,710.9000244140625,10856736.0,0.020453400485489937,0.015011440064603802,0.5141989425579013,Normal_Market,1
2022-06-27,690.0262451171875,717.3499755859375,728.8499755859375,716.0999755859375,728.8499755859375,8285225.0,0.005466418046508048,0.014778514673905124,0.4798844323586348,Normal_Market,1
2022-06-28,683.2448120117188,710.2999877929688,717.2999877929688,707.0,711.0499877929688,8339931.0,-0.009827790107196699,0.014756153694062482,0.4991543879436402,Normal_Market,1
2022-06-29,675.982421875,702.75,706.7000122070312,700.9500122070312,704.9500122070312,9570557.0,-0.010629264956049433,0.014844171761215556,0.4560138691565016,Normal_Market,1
2022-06-30,680.2628784179688,707.2000122070312,711.9000244140625,701.2000122070312,702.75,11970404.0,0.006332200963297119,0.014998769769121269,0.45665062980351906,Normal_Market,1
2022-07-01,677.0885620117188,703.9000244140625,706.75,694.0999755859375,703.4500122070312,9884899.0,-0.004666308433046162,0.014969297120170746,0.4842121847493165,Normal_Market,1
2022-07-04,692.6715087890625,720.0999755859375,721.0999755859375,704.8499755859375,704.8499755859375,8303732.0,0.02301463597471609,0.01599766064951662,0.4990863112037543,Normal_Market,1
2022-07-05,692.0462646484375,719.4500122070312,732.1500244140625,718.0999755859375,723.0499877929688,11460367.0,-0.0009026560681238971,0.015668945751929654,0.5039855914685152,Normal_Market,1
2022-07-06,698.2987060546875,725.9500122070312,731.9000244140625,722.0,723.0,12163533.0,0.009034715922390246,0.015734128131509994,0.5257868207617133,Normal_Market,1
2022-07-07,713.7373046875,742.0,744.0,733.0,735.9500122070312,10374018.0,0.022108874753669516,0.01648202015583151,0.43789915072986507,Normal_Market,1
2022-07-08,726.9154663085938,755.7000122070312,757.5,744.5499877929688,751.2999877929688,9797700.0,0.018463602132809287,0.016352964808394314,0.3767018063615016,Normal_Market,1
2022-07-11,740.1898803710938,769.5,771.5499877929688,755.0,755.0,12440573.0,0.0182612898992367,0.012402551855555121,0.36665276613759756,Normal_Market,1
2022-07-12,730.9555053710938,759.9000244140625,767.4500122070312,757.7000122070312,765.3499755859375,10219829.0,-0.012475683935817106,0.012899864066966485,0.37547657636537346,Normal_Market,1
2022-07-13,724.5108032226562,753.2000122070312,764.75,749.9000244140625,764.75,8674121.0,-0.008816818672383708,0.013269916235242067,0.3495807853381928,Normal_Market,1
2022-07-14,723.7412109375,752.4000244140625,759.5,748.7999877929688,750.0,7044542.0,-0.0010622233398495107,0.012708921411082387,0.3247873804750188,Normal_Market,1
2022-07-15,722.5869140625,751.2000122070312,759.0,744.2000122070312,753.25,6358018.0,-0.0015949027878414679,0.012683307947053512,0.34001305846852786,Normal_Market,1
2022-07-18,742.5947265625,772.0,773.1500244140625,757.8499755859375,759.25,8045363.0,0.027689143147518136,0.013600858958806134,0.3383307578750287,Normal_Market,1
2022-07-19,750.9151611328125,780.6500244140625,782.0,767.1500244140625,767.7999877929688,12825591.0,0.011204543033624947,0.013502122070128566,0.3902355205256339,Normal_Market,1
2022-07-20,753.2717895507812,783.0999755859375,789.5499877929688,780.2999877929688,789.5,8152179.0,0.0031383417727424145,0.012726847555472865,0.4429467088004142,Normal_Market,1
2022-07-21,756.0614013671875,786.0,788.9500122070312,780.0999755859375,784.9000244140625,8312338.0,0.0037033270794195605,0.012441448802409858,0.4174080736517261,Normal_Market,1
2022-07-22,769.5762329101562,800.0499877929688,803.9000244140625,789.0999755859375,789.0999755859375,12267898.0,0.017875309490115177,0.012295716543302153,0.4153496873429779,Normal_Market,1
2022-07-25,770.3938598632812,800.9000244140625,817.7999877929688,797.0999755859375,803.0,21034148.0,0.0010624378952468483,0.012341652248990618,0.4472037622695835,Normal_Market,1
2022-07-26,765.9690551757812,796.2999877929688,802.7999877929688,791.6500244140625,801.5999755859375,7374145.0,-0.005743561726056945,0.01210452827103112,0.482000303042686,Normal_Market,1
2022-07-27,770.009033203125,800.5,803.7999877929688,794.6500244140625,795.0,9536564.0,0.00527433582341863,0.011474426040525721,0.4692395192584586,Normal_Market,1
2022-07-28,783.572021484375,814.5999755859375,815.5,805.2999877929688,806.9500122070312,11124518.0,0.017614063856926432,0.011735175664037145,0.49029052290434927,Normal_Market,1
2022-07-29,787.4196166992188,818.5999755859375,823.4000244140625,808.0,820.6500244140625,11095993.0,0.0049103274610993175,0.011418367610596496,0.48847633854786077,Normal_Market,1
2022-08-01,792.036865234375,823.4000244140625,825.0,817.2999877929688,820.7000122070312,7974903.0,0.005863771281837238,0.010831729861222036,0.48872323704194925,Normal_Market,1
2022-08-02,786.60205078125,817.75,822.0,812.2000122070312,820.0,11106772.0,-0.006861820063787993,0.011131998546470751,0.479824708404936,Normal_Market,1
2022-08-03,793.3834838867188,824.7999877929688,828.0,811.5499877929688,817.75,11073975.0,0.008621173945241312,0.011127391456933236,0.5179914858642245,Normal_Market,1
2022-08-04,789.0067749023438,820.25,829.9500122070312,808.3499755859375,824.0,11113742.0,-0.00551651133816633,0.010792413448713466,0.5112513924712948,Normal_Market,1
2022-08-05,806.2730712890625,838.2000122070312,840.9000244140625,823.0999755859375,823.0999755859375,16056522.0,0.02188358444559091,0.011039877320005,0.49144602574675084,Normal_Market,1
2022-08-08,809.9019165039062,836.9500122070312,842.2999877929688,831.1500244140625,836.5999755859375,12142951.0,0.004500764497866738,0.010606702142136016,0.45989317762204945,Normal_Market,1
2022-08-10,821.320556640625,848.75,853.0,842.1500244140625,842.1500244140625,23658553.0,0.014098793821861078,0.010007416802163186,0.4938579021950632,Normal_Market,1
2022-08-11,831.9166870117188,859.7000122070312,866.5,858.0999755859375,860.0499877929688,22787391.0,0.012901333450649588,0.009492401592590093,0.4910418004574714,Normal_Market,1
2022-08-12,846.1416625976562,874.4000244140625,877.25,858.5,863.9500122070312,10792853.0,0.01709903865137541,0.009551254199655735,0.5048188799884736,Normal_Market,1
2022-08-16,850.8348999023438,879.25,884.5,876.4000244140625,881.4500122070312,13804836.0,0.005546633042839755,0.009308556412652358,0.5073960776677378,Normal_Market,1
2022-08-17,854.7056884765625,883.25,885.5,878.4000244140625,881.7999877929688,9058040.0,0.004549400329797226,0.008127486424032083,0.4992385420213046,Normal_Market,1
2022-08-18,856.4957885742188,885.0999755859375,887.6500244140625,875.0499877929688,880.5499877929688,13137856.0,0.0020944052693119275,0.00813980920156138,0.5318738689195869,Normal_Market,1
2022-08-19,842.2709350585938,870.4000244140625,886.9000244140625,864.2999877929688,885.0,10787199.0,-0.01660820018660536,0.00964427638195507,0.6010647576634295,Weak_Bear,0
2022-08-22,824.7074584960938,852.25,867.4000244140625,849.5999755859375,865.5499877929688,13848023.0,-0.020852525988301118,0.011321501382103291,0.5920542810772992,Weak_Bear,0
2022-08-23,835.98095703125,863.9000244140625,868.0,842.7999877929688,845.3499755859375,13254855.0,0.013669693924818205,0.011095143340403676,0.571174140094738,Normal_Market,1
2022-08-24,845.0771484375,873.2999877929688,875.3499755859375,857.0499877929688,857.0499877929688,10494109.0,0.010880859581481994,0.011165751759426969,0.5391740310028815,Normal_Market,1
2022-08-25,844.1578369140625,872.3499755859375,881.4500122070312,866.7000122070312,873.2999877929688,9827829.0,-0.0010878433112730956,0.010983691870011693,0.5570991390388439,Normal_Market,1
2022-08-26,842.706298828125,870.8499755859375,877.5,867.2999877929688,874.1500244140625,5976725.0,-0.0017195102887912483,0.01108300473942788,0.5330835799654177,Normal_Market,1
2022-08-29,828.1911010742188,855.8499755859375,861.0,847.0,850.0499877929688,7755134.0,-0.017224503690183912,0.011649816746620231,0.5329907535013655,Normal_Market,1
2022-08-30,858.6246948242188,887.2999877929688,890.75,859.0999755859375,860.5,12544701.0,0.03674706684305784,0.013904814008168363,0.5500846853316522,Normal_Market,1
2022-09-01,846.0932006835938,874.3499755859375,885.7000122070312,863.0,863.0,15877583.0,-0.014594844774631688,0.01453211510254706,0.5337590629792539,Normal_Market,1
2022-09-02,844.2063598632812,872.4000244140625,881.2999877929688,867.0,874.0999755859375,8401284.0,-0.002230062620510398,0.014396136534212303,0.5631708341077751,Normal_Market,1
2022-09-05,853.9315185546875,882.4500122070312,885.9000244140625,871.5499877929688,871.5499877929688,8744999.0,0.011519883234451411,0.01446338115399735,0.6071406356359462,Normal_Market,1
2022-09-06,855.0926513671875,883.6500244140625,889.9500122070312,878.0999755859375,882.5,9879326.0,0.0013597493326693577,0.014311620836557721,0.5962021808073944,Normal_Market,1
2022-09-07,847.8834838867188,876.2000122070312,882.6500244140625,872.5,878.5499877929688,8814960.0,-0.008430861227660125,0.013932286592318602,0.5395359251407092,Normal_Market,1
2022-09-08,869.7530517578125,898.7999877929688,900.7999877929688,885.5,885.5,12163106.0,0.025793128757318318,0.014866487894036627,0.5163499101177248,Normal_Market,1
2022-09-09,872.1239013671875,901.25,911.9500122070312,897.7000122070312,910.1500244140624,9936230.0,0.0027258882329683765,0.014662928912570873,0.5179111721561647,Normal_Market,1
2022-09-12,877.8816528320312,907.2000122070312,908.9000244140624,902.7999877929688,905.0499877929688,6016978.0,0.006601987923754438,0.014508308483192641,0.5031464501266526,Normal_Market,1
2022-09-13,880.5911254882812,910.0,913.9500122070312,905.2999877929688,913.9500122070312,10400475.0,0.0030863757631900413,0.014114020627790476,0.5220910688798209,Normal_Market,1
2022-09-14,888.4293212890625,918.0999755859376,922.25,898.0499877929688,898.25,14712947.0,0.008901061541399358,0.014177032318934203,0.5915952037227031,Normal_Market,1
2022-09-15,887.9454345703125,917.5999755859376,936.6500244140624,915.75,920.0,16253099.0,-0.0005446541521704207,0.01417947798121905,0.5697331086525609,Normal_Market,1
2022-09-16,879.7201538085938,909.0999755859376,917.5999755859376,905.2000122070312,914.9000244140624,11966860.0,-0.009263272765965724,0.014401381143292695,0.6100107189443401,Weak_Bear,0
2022-09-19,870.1401977539062,899.2000122070312,912.5,895.3499755859375,904.9500122070312,11235656.0,-0.010889776724123834,0.014077393236649213,0.6593646375945361,Weak_Bear,0
2022-09-20,887.1229248046875,916.75,922.5,907.3499755859376,909.2000122070312,12090663.0,0.019517230780302652,0.013554627312540726,0.6614020844968921,Weak_Bear,0
2022-09-21,885.6714477539062,915.25,917.0,905.6500244140624,912.0,8917640.0,-0.0016361622613921822,0.013395695067194527,0.6180185778248627,Weak_Bear,0
2022-09-22,874.2044677734375,903.4000244140624,911.7000122070312,895.2999877929688,906.0,11125669.0,-0.012947216498340741,0.013711504499050646,0.6075755239185563,Weak_Bear,0
2022-09-23,853.7379150390625,882.25,904.9000244140624,878.75,901.7000122070312,15927517.0,-0.023411631361828222,0.014821330142450117,0.6177336298006816,Weak_Bear,0
2022-09-26,833.2230224609375,861.0499877929688,877.9000244140625,859.2000122070312,870.0,14208640.0,-0.02402949689447298,0.015816619860546898,0.584921771584762,Weak_Bear,0
2022-09-27,824.997802734375,852.5499877929688,874.8499755859375,848.5999755859375,864.9500122070312,12493809.0,-0.009871570401726482,0.015488171823859545,0.6015145929376214,Weak_Bear,0
2022-09-28,822.0462646484375,849.5,863.25,844.0,844.0,11411458.0,-0.0035776314508413343,0.012840097052222365,0.6188879152179418,Weak_Bear,0
2022-09-29,816.6272583007812,843.9000244140625,861.5999755859375,841.0999755859375,858.0,13803629.0,-0.0065920941201208505,0.012551550115222769,0.6023276069149126,Weak_Bear,0
2022-09-30,834.142333984375,862.0,867.0499877929688,837.5,843.9000244140625,13175031.0,0.021448066428787493,0.013573609498961598,0.6362947635151519,Weak_Bear,0
2022-10-03,820.9334716796875,848.3499755859375,860.9500122070312,845.7000122070312,859.7000122070312,8232026.0,-0.01583526188101958,0.013675242401138907,0.6916552314816916,Weak_Bear,0
2022-10-04,839.6098022460938,867.6500244140625,872.6500244140625,860.0999755859375,865.0,8975095.0,0.02275011460818277,0.014737159922105673,0.7334706137564817,Weak_Bear,0
2022-10-06,856.83447265625,885.4500122070312,891.7000122070312,873.0499877929688,873.0499877929688,12116698.0,0.02051508970485738,0.015357663967866116,0.7178445871780317,Weak_Bear,0
2022-10-07,854.0281982421875,882.5499877929688,884.5,872.7999877929688,877.2000122070312,9705750.0,-0.0032751651615543498,0.0141821337835522,0.7248280254998366,Weak_Bear,0
2022-10-10,853.2540283203125,881.75,889.7999877929688,870.7000122070312,872.0,7357588.0,-0.000906492225278277,0.014157620251667469,0.7196337719749746,Weak_Bear,0
2022-10-11,842.46435546875,870.5999755859375,883.25,865.4500122070312,883.25,11130051.0,-0.01264532307313293,0.01426756059478224,0.6937265646109166,Weak_Bear,0
2022-10-12,840.2870483398438,868.3499755859375,871.7000122070312,861.5,867.9500122070312,14557532.0,-0.002584450148866879,0.01421825014866704,0.7139028485041855,Weak_Bear,0
2022-10-13,826.0137939453125,853.5999755859375,865.4500122070312,850.5,862.3499755859375,11563124.0,-0.01698616493343663,0.014328163735906134,0.7121489160932863,Weak_Bear,0
2022-10-14,842.125732421875,870.25,883.7999877929688,868.5499877929688,883.7999877929688,8199540.0,0.019505653046793192,0.015222196543915796,0.7149259260446206,Weak_Bear,0
2022-10-17,856.5925903320312,885.2000122070312,887.5,868.5499877929688,872.0,8936947.0,0.017178976194624607,0.015746416122062738,0.7581185379261511,Weak_Bear,0
2022-10-18,867.91455078125,896.9000244140625,900.7000122070312,891.1500244140625,896.0499877929688,8097552.0,0.013217439161866018,0.015888782114900298,0.8103133644005064,Weak_Bear,0
2022-10-19,863.2695922851562,892.0999755859375,900.6500244140625,885.5499877929688,900.0499877929688,5529462.0,-0.0053518615305073736,0.015240178942395337,0.8519686734050128,Weak_Bear,0
2022-10-20,859.9310913085938,888.6500244140625,893.2999877929688,880.0999755859375,889.7000122070312,8107159.0,-0.003867275074203813,0.015251302436793143,0.834531367189333,Weak_Bear,0
2022-10-21,877.833251953125,907.1500244140624,910.0,885.7000122070312,888.0,17022807.0,0.02081813394755705,0.015761824698139908,0.8063046002639815,Weak_Bear,0
2022-10-24,896.3643188476562,926.2999877929688,933.5,917.5999755859376,925.0,4390050.0,0.021110007912437556,0.015372140750548562,0.7857960797502999,Weak_Bear,0
2022-10-25,895.1546630859375,925.0499877929688,943.25,922.9500122070312,942.0499877929688,15838120.0,-0.001349513513962508,0.014091285189990267,0.7637894550725244,Weak_Bear,0
2022-10-27,894.5256958007812,924.4000244140624,933.7000122070312,920.25,926.0499877929688,16080842.0,-0.0007026353222446824,0.013772567510434411,0.7320623868269053,Weak_Bear,0
2022-10-28,878.5105590820312,907.8499755859376,927.5,901.0,918.0,9854094.0,-0.017903495443373774,0.014546080615129908,0.745888120012963,Weak_Bear,0
2022-10-31,879.3331909179688,908.7000122070312,917.0499877929688,904.5999755859376,912.5999755859376,9000840.0,0.000936393794511714,0.014369494199852454,0.7517126452304558,Weak_Bear,0
2022-11-01,879.236328125,908.5999755859376,921.0,899.5499877929688,921.0,9823761.0,-0.00011015482409759692,0.013772432139210792,0.7852452800549659,Weak_Bear,0
2022-11-02,875.46240234375,904.7000122070312,920.75,902.3499755859376,920.5999755859376,7690974.0,-0.004292276900452974,0.0131829205786506,0.8254157916143,Weak_Bear,0
2022-11-03,879.2847900390625,908.6500244140624,913.8499755859376,897.0499877929688,901.0499877929688,9022366.0,0.004366135753036682,0.012371517472777883,0.8866412460691074,Weak_Bear,0
2022-11-04,876.04296875,905.2999877929688,913.4000244140624,900.2000122070312,906.2999877929688,7099336.0,-0.0036868843016362174,0.011668333219621019,0.9209145201718387,Weak_Bear,0
2022-11-07,887.8487548828125,917.5,920.0999755859376,903.4500122070312,910.25,11100219.0,0.013476263783793518,0.01193046764049775,0.896886759364287,Weak_Bear,0
2022-11-09,881.0748901367188,910.5,921.9000244140624,905.75,920.0,11590409.0,-0.007629525534433856,0.012110358293576333,0.8649594268679657,Weak_Bear,0
2022-11-10,881.2684936523438,910.7000122070312,912.9500122070312,903.9500122070312,907.5499877929688,10009741.0,0.00021973559545540589,0.011642314278457487,0.8566112695078746,Weak_Bear,0
2022-11-11,877.2525634765625,906.5499877929688,928.0,903.5,925.9000244140624,17921457.0,-0.004556988255801087,0.011694271971906393,0.8011792614332643,Weak_Bear,0
2022-11-14,866.0275268554688,894.9500122070312,906.5499877929688,891.25,905.0,12641308.0,-0.012795672635721678,0.011364957572197236,0.8217913904640073,Weak_Bear,0
2022-11-15,882.2362060546875,911.7000122070312,913.6500244140624,898.7999877929688,900.5499877929688,15176911.0,0.018716124714963867,0.011303726283809717,0.8155837507833541,Weak_Bear,0
2022-11-16,884.0747680664062,913.5999755859376,918.0999755859376,908.0999755859376,912.5499877929688,13008311.0,0.0020839793233387027,0.01075489249603731,0.8411091663279449,Weak_Bear,0
2022-11-17,890.0743408203125,919.7999877929688,922.2999877929688,910.3499755859376,913.0,12584194.0,0.006786273028726031,0.010483068882171254,0.8354648159314311,Weak_Bear,0
2022-11-18,890.6065673828125,920.3499755859376,922.0,910.5499877929688,919.7999877929688,10874061.0,0.0005979574268026866,0.010367755670429225,0.8720826716818665,Weak_Bear,0
2022-11-21,891.6227416992188,921.4000244140624,924.7999877929688,914.0499877929688,914.0499877929688,9245704.0,0.0011409912677742273,0.010288659521177508,0.8689619243095216,Weak_Bear,0
2022-11-22,893.848388671875,923.7000122070312,926.5,920.4000244140624,923.75,11256509.0,0.002496175645334775,0.00927795485267969,0.8367510082980955,Weak_Bear,0
2022-11-23,897.4772338867188,927.4500122070312,931.8499755859376,923.7000122070312,927.0,10959704.0,0.004059799470283343,0.008026509892542805,0.8047070425252576,Weak_Bear,0
2022-11-24,908.5087280273438,938.8499755859376,940.6500244140624,927.5499877929688,927.5499877929688,10844395.0,0.012291670166217683,0.008465114029693386,0.784014608894063,Weak_Bear,0
2022-11-25,900.2350463867188,930.2999877929688,942.9000244140624,927.5,940.2999877929688,9815055.0,-0.009106881844261117,0.008746236529906536,0.7471726245510203,Weak_Bear,0
2022-11-28,907.1056518554688,937.4000244140624,943.7999877929688,923.9500122070312,924.0,9381474.0,0.0076320128796658615,0.007747468421507377,0.7452034418994292,Weak_Bear,0
2022-11-29,916.1535034179688,946.75,949.9000244140624,933.5499877929688,933.5499877929688,13096845.0,0.009974418684298492,0.007965330467155066,0.7525409114638028,Weak_Bear,0
2022-11-30,922.104736328125,952.9000244140624,958.2000122070312,941.0,948.0499877929688,20858573.0,0.006495890577237873,0.00800645430348416,0.7692001259867652,Weak_Bear,0
2022-12-01,909.815185546875,940.2000122070312,957.0,936.25,956.0,15920653.0,-0.013327716795152433,0.008634992090117666,0.7662214928085347,Weak_Bear,0
2022-12-02,900.5253295898438,930.5999755859376,934.5,926.0999755859376,928.25,14228874.0,-0.010210706640873757,0.009027619268806674,0.7976858435779528,Weak_Bear,0
2022-12-05,903.4283447265624,933.5999755859376,937.0,928.4000244140624,937.0,10984608.0,0.0032236907073350807,0.008961414949449758,0.8342389395730584,Weak_Bear,0
2022-12-06,892.832275390625,922.6500244140624,929.75,920.2000122070312,925.0,18220912.0,-0.01172873244213346,0.008972434211737726,0.8212134166026911,Weak_Bear,0
2022-12-07,892.3484497070312,922.1500244140624,933.2000122070312,920.6500244140624,922.0,15675663.0,-0.0005418998583828216,0.008779910421411307,0.7840238420605816,Weak_Bear,0
2022-12-08,901.7833251953124,931.9000244140624,933.5499877929688,923.7999877929688,925.0,10136870.0,0.010573084417167644,0.009052788382491262,0.7335950185602007,Weak_Bear,0
2022-12-09,899.8480224609375,929.9000244140624,934.7999877929688,925.0499877929688,932.0,9575331.0,-0.00214608396529814,0.008988052582111035,0.6836348182603417,Weak_Bear,0
2022-12-12,900.2350463867188,930.2999877929688,933.9000244140624,925.0499877929688,925.0499877929688,8493863.0,0.0004300992124457448,0.008360168271742081,0.6300005117314939,Weak_Bear,0
2022-12-13,902.7993774414062,932.9500122070312,935.9000244140624,927.7999877929688,929.5,10415140.0,0.002848512802273051,0.007383372484187755,0.5858555947678765,Normal_Market,1
2022-12-14,891.9613647460938,921.75,936.0499877929688,920.0,936.0,12319827.0,-0.012004896066752035,0.0079433202137143,0.6035741882724472,Weak_Bear,0
2022-12-15,879.4298095703125,908.7999877929688,919.9000244140624,905.0,916.0,8929748.0,-0.014049437196585801,0.008423704347111038,0.5953329191680745,Normal_Market,1
2022-12-16,872.8495483398438,902.0,913.7000122070312,899.6500244140625,905.5,9157260.0,-0.007482417765306226,0.008557571653271772,0.5988734456404317,Normal_Market,1
2022-12-19,877.1558227539062,906.4500122070312,910.5999755859376,901.1500244140624,908.0,7015083.0,0.004933581534472875,0.00864838811056222,0.6259277992573617,Weak_Bear,0
2022-12-20,880.3008422851562,909.7000122070312,912.4500122070312,895.7000122070312,906.0,6384331.0,0.0035854741536982537,0.008673513128619859,0.6185616934477192,Weak_Bear,0
2022-12-21,863.4147338867188,892.25,915.8499755859376,887.0,910.25,11341147.0,-0.019182201796607568,0.00951456990909034,0.5529043983445269,Normal_Market,1
2022-12-22,861.8665161132812,890.6500244140625,903.8499755859376,886.3499755859375,900.5,9788367.0,-0.0017931333722649434,0.008911833672699742,0.4734283786124054,Normal_Market,1
2022-12-23,850.4962158203125,878.9000244140625,889.6500244140625,875.2999877929688,883.0499877929688,11059215.0,-0.013192646518215945,0.009113537931414442,0.4310626929523814,Normal_Market,1
2022-12-26,864.3341064453125,893.2000122070312,897.0,875.25,881.0999755859375,6943159.0,0.016270372951222578,0.009811819398712887,0.4543826552139303,Normal_Market,1
2022-12-27,871.5433349609375,900.6500244140625,902.75,888.2000122070312,897.7000122070312,4994381.0,0.008340789125253822,0.009709949822605092,0.46921595388975096,Normal_Market,1
2022-12-28,869.8982543945312,898.9500122070312,903.9500122070312,895.7999877929688,896.0,8980300.0,-0.0018875487889308262,0.009481804098821708,0.521403983905408,Normal_Market,1
2022-12-29,878.7041625976562,908.0499877929688,923.3499755859376,889.3499755859375,897.9000244140625,11994220.0,0.010122917431595546,0.00956970707486178,0.5471059443072567,Normal_Market,1
2022-12-30,862.0599365234375,890.8499755859375,908.5,888.5499877929688,908.5,9688527.0,-0.01894178585089945,0.010159613157934653,0.5099690149155698,Normal_Market,1
2023-01-02,873.28515625,902.4500122070312,907.0,894.0,894.0,4315403.0,0.013021391264083304,0.010655519370476964,0.5192203883002986,Normal_Market,1
2023-01-03,872.2205810546875,901.3499755859376,905.9500122070312,896.75,898.5,5846855.0,-0.0012190464794843425,0.01038764343169944,0.48207547142652907,Normal_Market,1
2023-01-04,870.0433349609375,899.0999755859375,907.9000244140624,894.7999877929688,899.0,12454582.0,-0.0024962104094324866,0.010391152638975934,0.4375762512279735,Normal_Market,1
2023-01-05,850.7380981445312,879.1500244140625,903.0,872.0,900.9000244140624,16547196.0,-0.02218882214329354,0.010999811290095456,0.3861089995427704,Normal_Market,1
2023-01-06,841.9805297851562,870.0999755859375,878.9500122070312,860.5,878.9500122070312,14804613.0,-0.010294082724724984,0.011122511932107539,0.33218652170558227,Normal_Market,1
2023-01-09,845.1255493164062,873.3499755859375,878.75,862.2999877929688,874.25,16811853.0,0.00373526396394519,0.011204460885723995,0.34468404687277465,Normal_Market,1
2023-01-10,833.5133056640625,861.3499755859375,878.4000244140625,856.5999755859375,875.4000244140625,13470142.0,-0.013740258665397742,0.011354431097683235,0.3535926155641543,Normal_Market,1
2023-01-11,838.3033447265625,866.2999877929688,870.8499755859375,854.8499755859375,862.9000244140625,15558460.0,0.00574680575576858,0.011383218828819765,0.3893104005670394,Normal_Market,1
2023-01-12,832.8359375,860.6500244140625,869.3499755859375,854.9500122070312,865.5,16659001.0,-0.006521991425843421,0.01112132182713706,0.37468163429178575,Normal_Market,1
2023-01-13,845.2222900390625,873.4500122070312,874.9000244140625,858.2999877929688,864.7000122070312,11223103.0,0.014872500070354455,0.011718409129810014,0.3823320059430028,Normal_Market,1
2023-01-16,837.2872924804688,865.25,877.4500122070312,861.0499877929688,877.25,8319812.0,-0.009388059983873598,0.011739473334731427,0.4319750166840685,Normal_Market,1
2023-01-17,837.1905517578125,865.1500244140625,867.9500122070312,858.0999755859375,866.9500122070312,12624859.0,-0.00011554065554919557,0.011671495000755244,0.4391242676377436,Normal_Market,1
2023-01-18,841.39990234375,869.5,872.0,858.6500244140625,864.4500122070312,11313898.0,0.005027948030587925,0.011084694626243003,0.41521974555230057,Normal_Market,1
2023-01-19,838.1583251953125,866.1500244140625,870.5499877929688,862.0,868.0,6694679.0,-0.0038525998629284075,0.01109973686885395,0.4056845153122179,Normal_Market,1
2023-01-20,842.2224731445312,870.3499755859375,876.5,865.5499877929688,873.5,8127162.0,0.004848902441280112,0.010814809772688339,0.40951474132086957,Normal_Market,1
2023-01-23,843.5289306640625,871.7000122070312,883.2999877929688,864.5999755859375,882.0,16882379.0,0.0015512023974537659,0.010095192132475271,0.43734353074445614,Normal_Market,1
2023-01-24,842.609619140625,870.75,881.7000122070312,868.0,879.0,11504090.0,-0.0010898399450435248,0.00984476935932358,0.45399270547417275,Normal_Market,1
2023-01-25,827.6588134765625,855.2999877929688,876.7999877929688,848.0,873.2999877929688,14918485.0,-0.017743454767714106,0.01048343464467646,0.49617196510848993,Normal_Market,1
2023-01-27,790.790283203125,817.2000122070312,843.0,813.0999755859375,839.1500244140625,39718683.0,-0.044545565966454315,0.013677689482840453,0.5347396692825355,Normal_Market,1
2023-01-30,796.8865966796875,823.5,826.25,796.0,800.0,36301441.0,0.007709140597768949,0.013562764965741327,0.5498099906667097,Normal_Market,1
2023-01-31,805.01513671875,831.9000244140625,838.2999877929688,814.0999755859375,826.0,27291226.0,0.010200372390414048,0.013391835904760159,0.5989832637295314,Normal_Market,1
2023-02-01,820.5464477539062,847.9500122070312,875.2000122070312,823.1500244140625,843.4500122070312,39237711.0,0.019293191303783486,0.014364185738397494,0.5957191266117626,Normal_Market,1
2023-02-02,830.1749267578125,857.9000244140625,860.5999755859375,826.0999755859375,828.4000244140625,16798190.0,0.011734227879801828,0.014735473659977372,0.5544732065915821,Normal_Market,1
2023-02-03,835.8841552734375,863.7999877929688,872.6500244140625,852.0999755859375,864.6500244140625,14914366.0,0.00687713918068078,0.014083137304778207,0.5379278682734012,Normal_Market,1
2023-02-06,826.110595703125,853.7000122070312,867.7999877929688,849.6500244140625,861.5,8463833.0,-0.011692480960014517,0.014136205517931485,0.488710627153547,Normal_Market,1
2023-02-07,825.1912841796875,852.75,856.0,847.2000122070312,855.0,9337066.0,-0.0011128189472682237,0.014094862670777761,0.5037227965271195,Normal_Market,1
2023-02-08,831.3360595703125,859.0999755859375,860.7000122070312,851.9000244140625,852.5,8082983.0,0.0074464860553313805,0.013889290989430913,0.5117218203020211,Normal_Market,1
2023-02-09,832.9811401367188,860.7999877929688,864.9000244140625,851.5999755859375,858.5,6299265.0,0.0019788394205546567,0.01383213565927517,0.5220823981540385,Normal_Market,1
2023-02-10,826.2556762695312,853.8499755859375,861.9000244140625,852.0,855.5499877929688,8656405.0,-0.008073968956948563,0.013873605885649877,0.5293307804985659,Normal_Market,1
2023-02-13,823.1591796875,850.6500244140625,859.2999877929688,849.3499755859375,853.4000244140625,9394365.0,-0.0037476251854772213,0.013418897272003428,0.5588116696700841,Normal_Market,1
2023-02-14,837.335693359375,865.2999877929688,867.2999877929688,852.0999755859375,853.9000244140625,13402934.0,0.017222080518201732,0.013879255839221125,0.6112475120089201,Normal_Market,1
2023-02-15,842.657958984375,870.7999877929688,873.25,860.5999755859375,866.4000244140625,12070288.0,0.006356191032114156,0.013949335038008406,0.6296188525504094,Weak_Bear,0
2023-02-16,841.3516235351562,869.4500122070312,877.7999877929688,864.8499755859375,875.9500122070312,10715685.0,-0.00155025587225599,0.013912455204256748,0.6266635906414761,Weak_Bear,0
2023-02-17,834.7713623046875,862.6500244140625,867.5499877929688,855.1500244140625,867.5499877929688,9990618.0,-0.007821059645454875,0.013999678116568208,0.6188633983908284,Weak_Bear,0
2023-02-20,824.5621948242188,852.0999755859375,866.5499877929688,850.25,862.6500244140625,9013430.0,-0.01222989664173757,0.014200843540636625,0.5856804400821615,Normal_Market,1
2023-02-21,826.594482421875,854.2000122070312,859.4500122070312,846.8499755859375,854.4000244140625,11704445.0,0.002464686848867137,0.014210817391779361,0.6262740172151489,Weak_Bear,0
2023-02-22,812.1275634765625,839.25,854.0999755859375,834.75,851.25,13880984.0,-0.01750183342976741,0.014687237017540917,0.6405137154584136,Weak_Bear,0
2023-02-23,812.6113891601562,839.75,844.4500122070312,833.5499877929688,836.5499877929688,11743574.0,0.0005957508467298034,0.014199696579855656,0.616534050054135,Weak_Bear,0
2023-02-24,812.5630493164062,839.7000122070312,845.5999755859375,835.5499877929688,843.9500122070312,8246139.0,-5.9487036971006546e-05,0.009789057821786101,0.5999019971055641,Normal_Market,1
2023-02-27,828.7233276367188,856.4000244140625,858.2999877929688,833.5499877929688,833.5499877929688,14422574.0,0.01988803002291073,0.010551041698964883,0.602806146961266,Normal_Market,1
2023-02-28,827.2234497070312,854.8499755859375,858.0,850.0,854.9000244140625,19600146.0,-0.0018098657050775735,0.010401273132230828,0.6298971078251997,Weak_Bear,0
2023-03-01,828.6265258789062,856.2999877929688,864.0,851.8499755859375,864.0,11015843.0,0.0016961271738269446,0.009515733680694013,0.6157349547330508,Weak_Bear,0
2023-03-02,826.40087890625,854.0,861.8499755859375,851.0999755859375,853.0,12327141.0,-0.0026859470499035476,0.009162084307909846,0.5979584485977301,Normal_Market,1
2023-03-03,840.4806518554688,868.5499877929688,873.0,849.8499755859375,856.75,12823098.0,0.017037461247443764,0.009831663701427837,0.5694967942768896,Normal_Market,1
2023-03-06,839.7064819335938,867.75,876.8499755859375,865.3499755859375,871.75,13904231.0,-0.0009211037995531246,0.009425636031873599,0.5510157535976311,Normal_Market,1
2023-03-08,843.9158935546875,872.0999755859375,873.6500244140625,861.5,866.6500244140625,16144568.0,0.005012955969329491,0.009457677834860467,0.5573847936857904,Normal_Market,1
2023-03-09,828.2879028320312,855.9500122070312,869.7999877929688,854.1500244140625,867.2000122070312,10624440.0,-0.018518422086861053,0.010295043839354609,0.5667542675179927,Normal_Market,1
2023-03-10,815.417724609375,842.6500244140625,845.3499755859375,836.25,844.7000122070312,17273189.0,-0.015538290706228253,0.010836775562836796,0.557416336932958,Normal_Market,1
2023-03-13,801.6282348632812,828.4000244140625,855.2999877929688,823.9500122070312,841.4500122070312,16413159.0,-0.016910951687614584,0.011309818982700861,0.5711951393256647,Normal_Market,1
2023-03-14,803.51513671875,830.3499755859375,834.4500122070312,818.25,827.0,15456802.0,0.002353836570877066,0.01132688904471668,0.5768375501373814,Normal_Market,1
2023-03-15,799.2090454101562,825.9000244140625,843.9500122070312,822.2000122070312,836.4500122070312,12914488.0,-0.005359066820045499,0.010494454794844984,0.6355068222286666,Weak_Bear,0
2023-03-16,797.273681640625,823.9000244140625,831.2999877929688,810.2999877929688,829.7000122070312,14987868.0,-0.0024215989304000596,0.010296163308980437,0.6601255524504667,Weak_Bear,0
2023-03-17,809.2245483398438,836.25,838.4000244140625,818.6500244140625,831.7999877929688,11104490.0,0.014989666628185017,0.011032473335635251,0.684286397590892,Weak_Bear,0
2023-03-20,809.4180297851562,836.4500122070312,837.7999877929688,825.0,837.0,14838651.0,0.0002390948788064673,0.010951212386037435,0.6757914333195417,Weak_Bear,0
2023-03-21,824.8526000976562,852.4000244140625,854.5,839.0499877929688,843.0,18755854.0,0.019068725608443415,0.011554467036793015,0.6505657566575419,Weak_Bear,0
2023-03-22,832.4005737304688,860.2000122070312,862.5499877929688,851.0,857.6500244140625,17431520.0,0.009150693871752269,0.011722562289006347,0.6274860568803543,Weak_Bear,0
2023-03-23,827.8040161132812,855.4500122070312,867.4500122070312,852.7999877929688,857.0,17920621.0,-0.005522050034862058,0.011045370140392466,0.6244144852025325,Weak_Bear,0
2023-03-24,824.8526000976562,852.4000244140625,860.0,849.1500244140625,852.5,17295696.0,-0.0035653559999413442,0.011092757169671551,0.6042514044736566,Normal_Market,1
2023-03-27,821.2721557617188,848.7000122070312,856.4000244140625,844.0499877929688,854.9500122070312,17047675.0,-0.004340708067736676,0.011151494991531237,0.5940434043970317,Normal_Market,1
2023-03-28,827.1266479492188,854.75,858.9000244140625,848.2000122070312,855.5499877929688,24469018.0,0.007128565295227984,0.010323745768788632,0.5942523198625266,Normal_Market,1
2023-03-29,823.497802734375,851.0,862.0999755859375,848.0,857.0499877929688,34881515.0,-0.004387290898970719,0.010362938026893505,0.6054562218280545,Weak_Bear,0
2023-03-31,848.8994750976562,877.25,881.0,858.5,861.9500122070312,25739021.0,0.030846071815779696,0.012474649110246459,0.6176122723229254,Normal_Market,1
2023-04-03,855.2378540039062,883.7999877929688,887.0999755859375,868.8499755859375,880.2000122070312,26416933.0,0.007466583608761068,0.012511162974517216,0.6572842272481787,Weak_Bear,0
2023-04-05,856.0119018554688,884.5999755859375,887.75,874.0,886.5999755859375,21068934.0,0.0009050673423056654,0.011985417297807156,0.6449975361313465,Weak_Bear,0
2023-04-06,846.7222900390625,875.0,890.0999755859375,872.7000122070312,882.0,26042745.0,-0.01085219936343218,0.01227081612132762,0.6327734795936297,Weak_Bear,0
2023-04-10,840.3839721679688,868.4500122070312,882.7999877929688,864.4000244140625,880.0499877929688,30906205.0,-0.007485710422010183,0.01234623594114794,0.6517249626580631,Weak_Bear,0
2023-04-11,853.3992919921875,881.9000244140625,885.5999755859375,865.0,873.7000122070312,39504022.0,0.015487348944367207,0.012018911932658997,0.6345789783882562,Weak_Bear,0
2023-04-12,861.3826293945312,890.1500244140625,892.0,880.2999877929688,883.4500122070312,22686032.0,0.009354750440098591,0.011429241198388573,0.6122589508627113,Normal_Market,1
2023-04-13,869.946533203125,899.0,901.6500244140624,886.5,891.0999755859375,34439635.0,0.0099420437751494,0.010533070476629889,0.6191694561318515,Normal_Market,1
2023-04-17,872.1722412109375,901.2999877929688,917.2999877929688,893.1500244140625,917.2999877929688,29957514.0,0.002558442298307151,0.01053133342551131,0.6522228803818566,Weak_Bear,0
2023-04-18,867.8660888671875,896.8499755859375,907.9500122070312,894.0999755859375,907.9500122070312,26699379.0,-0.004937272869142584,0.010511671222810172,0.6761723024927686,Weak_Bear,0
2023-04-19,863.0760498046875,891.9000244140625,896.9000244140625,887.25,895.9000244140625,24377956.0,-0.005519329679942175,0.01063616769245248,0.6795326803419309,Weak_Bear,0
2023-04-20,865.4953002929688,894.4000244140625,899.2999877929688,889.2000122070312,892.25,16999919.0,0.002803055986582814,0.010319398774891693,0.666892577487989,Weak_Bear,0
2023-04-21,857.028076171875,885.6500244140625,900.7000122070312,882.4000244140625,894.5499877929688,29578071.0,-0.009783096590157858,0.010717500717752883,0.6777025519998254,Weak_Bear,0
2023-04-24,875.5108032226562,904.75,906.5,895.0,905.0,30881665.0,0.02156606949604134,0.010928077642281995,0.6531518862614167,Weak_Bear,0
2023-04-25,883.9296264648438,913.4500122070312,916.0,903.0999755859376,906.2999877929688,41383839.0,0.00961589875441704,0.010942252853820065,0.6554998686666144,Weak_Bear,0
2023-04-26,885.3811645507812,914.9500122070312,916.9500122070312,905.75,911.4500122070312,30371555.0,0.0016421421372001532,0.010762164627051157,0.6645692974844167,Weak_Bear,0
2023-04-27,888.6712646484375,918.3499755859376,919.9000244140624,908.5499877929688,909.5,25835108.0,0.003716026757047075,0.010635759559703157,0.5781493112280353,Normal_Market,1
2023-04-28,887.993896484375,917.6500244140624,920.4500122070312,910.25,915.0999755859376,20381002.0,-0.0007622257982320413,0.010521328294905938,0.5338368442579657,Normal_Market,1
2023-05-02,892.2999877929688,922.0999755859376,925.7999877929688,918.7000122070312,924.0,17515017.0,0.004849235254478446,0.0104975779618935,0.5346952611352059,Normal_Market,1
2023-05-03,893.02587890625,922.8499755859376,923.8499755859376,911.5499877929688,919.5499877929688,18715142.0,0.0008135056855449463,0.0103460781296005,0.5415086227580861,Normal_Market,1
2023-05-04,891.9130249023438,921.7000122070312,923.9000244140624,911.7999877929688,920.0,20485002.0,-0.001246160979421207,0.008259748379054539,0.5540707220405086,Normal_Market,1
2023-05-05,896.9933471679688,926.9500122070312,942.4500122070312,923.4500122070312,925.0,19002035.0,0.005695983939892901,0.008213146678357878,0.5373118592016876,Normal_Market,1
2023-05-08,907.5895385742188,937.9000244140624,941.7000122070312,927.0,927.0,18623913.0,0.011813010029232407,0.008465670541649484,0.5265286371713526,Normal_Market,1
2023-05-09,904.20263671875,934.4000244140624,945.0,931.7999877929688,941.0,21507610.0,-0.0037317550627450347,0.007990457305402012,0.5338804076878036,Normal_Market,1
2023-05-10,905.7992553710938,936.0499877929688,941.0,928.25,934.5999755859376,25910923.0,0.0017657752670769966,0.007589746978369267,0.5701062843275644,Normal_Market,1
2023-05-11,908.847412109375,939.2000122070312,947.0,933.8499755859376,940.0499877929688,20027372.0,0.0033651570369557238,0.007072170408700146,0.5938297135674891,Normal_Market,1
2023-05-12,913.3955688476562,943.9000244140624,948.0,935.0999755859376,939.75,13873480.0,0.0050043128006771465,0.00693775442655172,0.5331429100251671,Normal_Market,1
2023-05-15,915.1857299804688,945.75,949.0,938.2000122070312,943.75,10453762.0,0.0019598968879068757,0.006741694841489511,0.5317690867645299,Normal_Market,1
2023-05-16,915.766357421875,946.3499755859376,952.2000122070312,943.0,950.0,19612293.0,0.0006344367294917053,0.006755423004216982,0.5334262063676278,Normal_Market,1
2023-05-17,908.9926147460938,939.3499755859376,948.4000244140624,935.7999877929688,947.2999877929688,19273344.0,-0.007396802274819425,0.0069176715166422206,0.5511277270481816,Normal_Market,1
2023-05-18,915.9115600585938,946.5,952.25,942.0999755859376,947.9500122070312,21550141.0,0.007611662845503631,0.006753645714729027,0.564358526056913,Normal_Market,1
2023-05-19,923.4594116210938,954.2999877929688,956.0,941.5999755859376,951.4500122070312,15427412.0,0.008240808274127653,0.0068541437209708005,0.5830458696878057,Normal_Market,1
2023-05-22,919.6370239257812,950.3499755859376,954.25,946.1500244140624,951.0499877929688,15509525.0,-0.004139204871606017,0.006388894511618005,0.5866444375269912,Normal_Market,1
2023-05-23,922.5885620117188,953.4000244140624,958.8499755859376,945.0,952.0,16579935.0,0.003209459829420336,0.004780789767198886,0.6099607628945788,Normal_Market,1
2023-05-24,910.2506103515624,940.6500244140624,953.8499755859376,938.5,946.7000122070312,18049620.0,-0.013373189488988801,0.005690611184372405,0.6114456896485811,Weak_Bear,0
2023-05-25,909.4763793945312,939.8499755859376,941.5999755859376,932.9500122070312,937.0,19328582.0,-0.0008505690061906268,0.005714204853167864,0.607309365847329,Normal_Market,1
2023-05-26,919.9757690429688,950.7000122070312,952.4500122070312,935.5499877929688,939.7999877929688,10957182.0,0.011544433573335233,0.00613666456316205,0.5489172328546084,Normal_Market,1
2023-05-29,917.5082397460938,948.1500244140624,957.5999755859376,946.7999877929688,953.8499755859376,12108079.0,-0.002682167704745053,0.006192798884416966,0.5241926551547301,Normal_Market,1
2023-05-30,919.2500610351562,949.9500122070312,952.2999877929688,944.6500244140624,945.3499755859376,18483624.0,0.001898425772769663,0.006147663502889303,0.5199522359102996,Normal_Market,1
2023-05-31,918.4758911132812,949.1500244140624,952.0,940.5,949.5,27254425.0,-0.000842175545795687,0.006168603434039903,0.5278255454486478,Normal_Market,1
2023-06-01,905.8475952148438,936.0999755859376,954.25,932.7999877929688,954.25,21650700.0,-0.013749186038112371,0.00702725110695059,0.5284537493201027,Normal_Market,1
2023-06-02,907.8313598632812,938.1500244140624,944.6500244140624,935.0499877929688,943.0,12494376.0,0.0021899540926275662,0.006941871437833667,0.5062452171226217,Normal_Market,1
2023-06-05,916.1535034179688,946.75,951.7999877929688,943.0,943.0,10751684.0,0.009167058908320591,0.006739669746309413,0.493384725422046,Normal_Market,1
2023-06-06,911.6536865234376,942.0999755859376,947.7999877929688,938.0999755859376,946.5,11894330.0,-0.004911640765159264,0.006783601841777344,0.5233071821452794,Normal_Market,1
2023-06-07,909.815185546875,940.2000122070312,945.8499755859376,933.7999877929688,944.3499755859376,16486469.0,-0.0020166659815458177,0.006797181803115203,0.555559790906508,Normal_Market,1
2023-06-08,907.5895385742188,937.9000244140624,950.5,935.2000122070312,936.5999755859376,17608140.0,-0.002446262722377468,0.006780893807680386,0.5884876496354068,Normal_Market,1
2023-06-09,907.734619140625,938.0499877929688,944.0,936.2000122070312,941.4000244140624,12253128.0,0.00015985262086015695,0.006676667507268978,0.5224246089072246,Normal_Market,1
2023-06-12,905.7024536132812,935.9500122070312,943.5,933.2999877929688,938.0,10520125.0,-0.0022387220719505274,0.006668217485061002,0.5115341128786159,Normal_Market,1
2023-06-13,913.0568237304688,943.5499877929688,946.25,934.0999755859376,935.9000244140624,13528776.0,0.008120073085644552,0.006939768022371061,0.5223092570529468,Normal_Market,1
2023-06-14,909.4280395507812,939.7999877929688,946.9500122070312,936.25,946.0499877929688,13489262.0,-0.003974324582408095,0.00679164118635193,0.5613467976205859,Normal_Market,1
2023-06-15,896.6546020507812,926.5999755859376,942.9500122070312,924.3499755859376,940.7000122070312,19366819.0,-0.014045572540637208,0.0072339754895655636,0.5670473764243806,Normal_Market,1
2023-06-16,904.009033203125,934.2000122070312,937.75,927.0,929.2999877929688,11249387.0,0.008202078186542616,0.007231365861171233,0.5606776211623893,Normal_Market,1
2023-06-19,893.316162109375,923.1500244140624,933.9500122070312,918.7000122070312,933.5,19351375.0,-0.011828279033742062,0.007599871339777188,0.5589841450422661,Normal_Market,1
2023-06-20,895.6385498046875,925.5499877929688,928.5499877929688,914.7999877929688,920.9500122070312,15212286.0,0.0025997376895416924,0.007581509838719659,0.6071859750710725,Normal_Market,1
2023-06-21,894.8159790039062,924.7000122070312,928.4000244140624,920.0,928.0,9210553.0,-0.000918418262546461,0.007043349534111861,0.6169699893262628,Weak_Bear,0
2023-06-22,895.8320922851562,925.75,935.5499877929688,920.7000122070312,924.4000244140624,27291569.0,0.0011355555835972364,0.007057049013064349,0.6278272102563822,Weak_Bear,0
2023-06-23,893.6548461914062,923.5,931.9000244140624,919.0,926.0499877929688,8767733.0,-0.0024304176111799025,0.006442666573756641,0.6213135573015515,Weak_Bear,0
2023-06-26,897.4772338867188,927.4500122070312,931.7999877929688,923.2000122070312,927.0999755859376,11749040.0,0.004277252802469267,0.006558409449929487,0.5909220599193514,Normal_Market,1
2023-06-27,905.8475952148438,936.0999755859376,939.9500122070312,922.2000122070312,930.0,13422726.0,0.009326544464950182,0.006935593329646068,0.6266191282817112,Weak_Bear,0
2023-06-28,907.1539916992188,937.4500122070312,944.0,934.2999877929688,944.0,25708001.0,0.0014421813241831671,0.006952112602187282,0.6643910591294946,Weak_Bear,0
2023-06-30,904.3960571289062,934.5999755859376,942.2000122070312,930.6500244140624,940.5,13843218.0,-0.003040205516977923,0.006264183105713044,0.6617062107656816,Weak_Bear,0
2023-07-03,912.0891723632812,942.5499877929688,945.75,936.5,937.0,12350359.0,0.008506356450510788,0.006536956560942314,0.6358800436588689,Weak_Bear,0
2023-07-04,914.1697387695312,944.7000122070312,951.2999877929688,942.0,947.25,14041699.0,0.0022810997754298956,0.006216295098029533,0.647804158328333,Weak_Bear,0
2023-07-05,927.0398559570312,958.0,964.75,941.0,942.0499877929688,13817767.0,0.01407847650352445,0.0068582260479011494,0.6728372514415725,Weak_Bear,0
2023-07-06,928.3946533203124,959.4000244140624,963.9000244140624,954.0,954.7000122070312,16334427.0,0.0014614229955436375,0.006825474855424441,0.6915539193061753,Weak_Bear,0
2023-07-07,915.8147583007812,946.4000244140624,955.0499877929688,943.7999877929688,953.0,8593807.0,-0.013550158840898496,0.007537844239869629,0.7100771779738189,Weak_Bear,0
2023-07-10,917.7501220703124,948.4000244140624,952.9000244140624,941.3499755859376,946.0,12069184.0,0.0021132699074668526,0.00754615284477834,0.7326793239655759,Weak_Bear,0
2023-07-11,914.41162109375,944.9500122070312,952.7000122070312,941.9000244140624,948.4000244140624,16977595.0,-0.0036377014791686424,0.0075800239836968115,0.7101077158921616,Weak_Bear,0
2023-07-12,913.87939453125,944.4000244140624,951.1500244140624,941.25,948.4000244140624,21511161.0,-0.0005820426493086117,0.007366713898846788,0.716269677460822,Weak_Bear,0
2023-07-13,924.814208984375,955.7000122070312,959.25,942.2000122070312,947.7000122070312,23222286.0,0.011965270820810892,0.00775788734372066,0.7241759805211566,Weak_Bear,0
2023-07-14,929.0236206054688,960.0499877929688,965.0,951.3499755859376,959.75,12871569.0,0.00455162948427934,0.006948607546084927,0.7559825746570485,Weak_Bear,0
2023-07-17,937.39404296875,968.7000122070312,973.7999877929688,952.8499755859376,962.9000244140624,16290763.0,0.009009913394695035,0.006990019765175863,0.7292816996192881,Weak_Bear,0
2023-07-18,943.9259033203124,975.4500122070312,987.9500122070312,971.1500244140624,978.0,29709508.0,0.006968105249395284,0.006283771695227945,0.7314501150972191,Weak_Bear,0
2023-07-19,941.9905395507812,973.4500122070312,980.0,967.5499877929688,980.0,15994261.0,-0.002050334420025335,0.006376060635942386,0.7538612073776966,Weak_Bear,0
2023-07-20,963.4246826171876,995.5999755859376,998.1500244140624,972.0999755859376,976.0499877929688,26487838.0,0.022754095892117965,0.007748695188360837,0.7924036322210501,Weak_Bear,0
2023-07-21,964.7794189453124,997.0,1001.4500122070312,988.7999877929688,995.2999877929688,16903003.0,0.0014061673450638246,0.007744163142873037,0.830455391291747,Weak_Bear,0
2023-07-24,959.9411010742188,992.0,1008.7000122070312,990.0999755859376,1004.9500122070312,21687719.0,-0.005014947226364752,0.007873083434637647,0.8161099479582282,Weak_Bear,0
2023-07-25,962.5538330078124,994.7000122070312,999.0,988.25,999.0,29325327.0,0.0027217627525999433,0.007873862498037358,0.8070650849531592,Weak_Bear,0
2023-07-26,964.2472534179688,996.4500122070312,997.75,990.0,993.0999755859376,12780537.0,0.0017592994304169718,0.0077619609584329485,0.813511292072046,Weak_Bear,0
2023-07-27,958.2476196289062,990.25,1006.5,987.2000122070312,1002.5499877929688,25932395.0,-0.006222090618143383,0.008035464847637471,0.8359993734218798,Weak_Bear,0
2023-07-28,964.00537109375,996.2000122070312,998.7000122070312,977.0499877929688,988.0,12584130.0,0.006008625898881403,0.007945106123976274,0.8517233415147893,Weak_Bear,0
2023-07-31,966.0374755859376,998.2999877929688,999.4000244140624,988.5999755859376,996.0,14303116.0,0.002107980466832915,0.007849557874462027,0.8141269202507834,Weak_Bear,0
2023-08-01,962.4086303710938,994.5499877929688,1003.7000122070312,990.4500122070312,1001.6500244140624,15508569.0,-0.003756422816457383,0.007989718244679572,0.7925652898467997,Weak_Bear,0
2023-08-02,955.0542602539062,986.9500122070312,994.0999755859376,977.5,985.25,15787996.0,-0.007641629433800645,0.007822451762779067,0.8346885602212255,Weak_Bear,0
2023-08-03,933.8136596679688,965.0,983.0,960.0499877929688,976.5499877929688,30994707.0,-0.022240202960081668,0.009456309193221228,0.8144690872514139,Weak_Bear,0
2023-08-04,939.1358642578124,970.5,976.0,961.25,968.6500244140624,20582882.0,0.005699428932894435,0.008934034953686503,0.8378701634313707,Weak_Bear,0
2023-08-07,944.1195068359376,975.6500244140624,981.5,968.2000122070312,970.9500122070312,16686062.0,0.00530662576927976,0.008977837878745981,0.8288888784579732,Weak_Bear,0
2023-08-08,948.2321166992188,979.9000244140624,986.5999755859376,972.2999877929688,975.75,23784778.0,0.0043560267884559245,0.008916880595327938,0.8395927925913605,Weak_Bear,0
2023-08-09,949.0126953125,972.7000122070312,975.2999877929688,963.5999755859376,974.9500122070312,19317331.0,0.000823193603691097,0.008902188152350445,0.8501831704201153,Weak_Bear,0
2023-08-10,940.6220703125,964.0999755859376,973.6500244140624,959.4500122070312,971.5499877929688,24858441.0,-0.008841425453467777,0.00888291997226955,0.8652550000870931,Weak_Bear,0
2023-08-11,929.64599609375,952.8499755859376,963.5,950.0,963.4000244140624,17162177.0,-0.011668952457285497,0.009262916090097743,0.8408524706976468,Weak_Bear,0
2023-08-14,936.1829223632812,959.5499877929688,962.9000244140624,946.0,949.0,19026691.0,0.007031629563294617,0.00917259674143846,0.7965153703052269,Weak_Bear,0
2023-08-16,933.2071533203124,956.5,959.7999877929688,946.5999755859376,954.4500122070312,17930805.0,-0.0031786192333619345,0.009045193894151952,0.7528046382346977,Weak_Bear,0
2023-08-17,928.475341796875,951.6500244140624,957.7999877929688,946.4500122070312,956.9500122070312,27077611.0,-0.005070483554055261,0.009096938789815214,0.7731054738981223,Weak_Bear,0
2023-08-18,927.4996337890624,950.6500244140624,955.0,946.0,947.9000244140624,13257508.0,-0.0010508712120714803,0.007236005743329908,0.7368947726663359,Weak_Bear,0
2023-08-21,931.9388427734376,955.2000122070312,959.2999877929688,948.4000244140624,950.7000122070312,13358017.0,0.004786211037345556,0.007355121306884362,0.7563278290282439,Weak_Bear,0
2023-08-22,928.8167724609376,952.0,956.9500122070312,949.2999877929688,956.4000244140624,16872719.0,-0.003350080680411094,0.007325039283623078,0.7414694875061991,Weak_Bear,0
2023-08-23,943.3051147460938,966.8499755859376,968.0499877929688,949.8499755859376,954.0,14707331.0,0.015598708717079468,0.008236107266602417,0.7377086744181355,Weak_Bear,0
2023-08-24,945.3539428710938,968.9500122070312,982.4000244140624,966.75,972.5,28389740.0,0.00217196757758642,0.008243836831885874,0.7563994821273017,Weak_Bear,0
2023-08-25,946.7686767578124,970.4000244140624,972.5999755859376,960.2000122070312,962.9500122070312,10275758.0,0.0014965123881771625,0.008164648912620576,0.7331275839462038,Weak_Bear,0
2023-08-28,946.9149780273438,970.5499877929688,975.0,965.0499877929688,969.9500122070312,10481574.0,0.0001545269431941776,0.008020022797905703,0.7661305093399874,Weak_Bear,0
2023-08-29,944.1832275390624,967.75,977.25,965.6500244140624,973.2999877929688,13209913.0,-0.0028848952141112827,0.008000350350958555,0.7279176447588828,Weak_Bear,0
2023-08-30,935.5487670898438,958.9000244140624,975.9000244140624,955.4000244140624,970.4500122070312,13936165.0,-0.009144899207459645,0.008182713224171717,0.7177837241264517,Weak_Bear,0
2023-08-31,935.40234375,958.75,966.2000122070312,954.0499877929688,960.0,36675400.0,-0.00015651064380028945,0.008051485780269834,0.7332083418632114,Weak_Bear,0
2023-09-01,945.1099853515624,968.7000122070312,973.0499877929688,952.7999877929688,956.9000244140624,16268147.0,0.01037803856963282,0.00671740422149458,0.6574659045792333,Weak_Bear,0
2023-09-04,943.7928466796876,967.3499755859376,969.0499877929688,960.5499877929688,968.7000122070312,9512956.0,-0.0013936353358755538,0.006621834838441642,0.6439353463809812,Weak_Bear,0
2023-09-05,944.8174438476562,968.4000244140624,970.0,962.25,964.0999755859376,16623486.0,0.001085616585857041,0.006519268736146629,0.6490740883691746,Weak_Bear,0
2023-09-06,934.182861328125,957.5,969.5,950.7999877929688,962.5499877929688,30802100.0,-0.011255700864521656,0.006900911129201725,0.6689101018393945,Weak_Bear,0
2023-09-07,942.1343383789062,965.6500244140624,969.5,954.7000122070312,957.4000244140624,13462347.0,0.00851169228204074,0.007199303782300418,0.693977705532494,Weak_Bear,0
2023-09-08,946.9149780273438,970.5499877929688,975.0,961.25,967.5,13086915.0,0.005074265371394215,0.007004137999794208,0.6948376480296716,Weak_Bear,0
2023-09-11,954.4274291992188,978.25,982.0,969.3499755859376,974.9500122070312,7894110.0,0.007933606866717069,0.006592181161085177,0.6968236768021552,Weak_Bear,0
2023-09-12,966.379150390625,990.5,995.1500244140624,982.6500244140624,990.0999755859376,20959591.0,0.012522399111511318,0.006946633868619345,0.6318197862100183,Weak_Bear,0
2023-09-13,965.6962280273438,989.7999877929688,994.8499755859376,980.5499877929688,989.7999877929688,21997553.0,-0.000706681599044412,0.006878580221659306,0.5224293558290266,Normal_Market,1
2023-09-14,963.6473999023438,987.7000122070312,992.9000244140624,982.25,992.2999877929688,11464188.0,-0.002121607256543978,0.006755530030146764,0.46886669111069634,Normal_Market,1
2023-09-15,968.2816772460938,992.4500122070312,997.5,988.5999755859376,990.3499755859376,13307980.0,0.004809100656754328,0.006748686726902577,0.44897597842277104,Normal_Market,1
2023-09-18,966.0865478515624,990.2000122070312,996.25,987.2999877929688,990.0999755859376,16713222.0,-0.0022670359732248624,0.006789243096910916,0.4763288403253777,Normal_Market,1
2023-09-20,963.1107177734376,987.1500244140624,996.0,980.6500244140624,981.5499877929688,25741856.0,-0.003080293463088357,0.006778684171997101,0.4873390694606046,Normal_Market,1
2023-09-21,935.93896484375,959.2999877929688,982.5,957.4500122070312,979.9500122070312,19742813.0,-0.02821249149059879,0.00885738444212984,0.5038804528755508,Normal_Market,1
2023-09-22,927.1580810546876,950.2999877929688,960.9000244140624,947.4000244140624,956.5,12701888.0,-0.009381897878915968,0.009058444157875859,0.5640297263345028,Normal_Market,1
2023-09-25,933.060791015625,956.3499755859376,961.2000122070312,941.5,950.2999877929688,8997098.0,0.006366454741162153,0.009191634352793318,0.5875338173566427,Normal_Market,1
2023-09-26,925.59716796875,948.7000122070312,958.9500122070312,947.0999755859376,958.9500122070312,10521409.0,-0.00799907478563211,0.009332023220040111,0.5668033798432033,Normal_Market,1
2023-09-27,920.1334228515624,943.0999755859376,946.5,934.4000244140624,946.2999877929688,15152973.0,-0.005902940616356878,0.00938671099016277,0.5235477322485066,Normal_Market,1
2023-09-28,919.6455688476562,942.5999755859376,947.25,934.75,945.5,25991282.0,-0.0005301991991489841,0.00920104179946231,0.520006143113886,Normal_Market,1
2023-09-29,928.7191772460938,951.9000244140624,956.0,943.7000122070312,946.7000122070312,10447334.0,0.009866418874618255,0.009506749224243147,0.516945838786768,Normal_Market,1
2023-10-03,917.4016723632812,940.2999877929688,951.5999755859376,939.0,951.5999755859376,11131636.0,-0.012186143196021848,0.009509840443133879,0.4856375034564685,Normal_Market,1
2023-10-04,907.4012451171876,930.0499877929688,935.5,925.0,935.0,17334739.0,-0.010900816455165052,0.009742000834018045,0.4895949705440861,Normal_Market,1
2023-10-05,917.938232421875,940.8499755859376,943.9500122070312,934.5499877929688,935.2000122070312,10478856.0,0.011612268950905502,0.010187058624845032,0.4990517298019523,Normal_Market,1
2023-10-06,922.1823120117188,945.2000122070312,946.5499877929688,938.0,946.0,6355755.0,0.004623491472455887,0.009994859171242678,0.554156746690426,Normal_Market,1
2023-10-09,915.7430419921876,938.5999755859376,942.0499877929688,936.2999877929688,940.25,6725306.0,-0.00698264316682029,0.009851010491486085,0.5611664505996843,Normal_Market,1
2023-10-10,928.0362548828124,951.2000122070312,957.5,940.3499755859376,940.4000244140624,11452715.0,0.0134243039006674,0.010305123278867536,0.5585128870454121,Normal_Market,1
2023-10-11,929.889892578125,953.0999755859376,962.0499877929688,950.75,954.9000244140624,12233117.0,0.0019973763800280597,0.010119431079997038,0.5302592759401877,Normal_Market,1
2023-10-12,931.011962890625,954.25,960.0999755859376,948.4000244140624,952.8499755859376,7836818.0,0.0012066700815394071,0.009612360999250306,0.5006460894848417,Normal_Market,1
2023-10-13,928.1337890625,951.2999877929688,957.4000244140624,944.5499877929688,949.9500122070312,6650442.0,-0.003091446665399178,0.00961263726712747,0.5076872722874666,Normal_Market,1
2023-10-16,928.2313842773438,951.4000244140624,954.8499755859376,946.1500244140624,948.5,5763024.0,0.00010515209767580913,0.009623282706891148,0.5006642788217227,Normal_Market,1
2023-10-17,930.6705322265624,953.9000244140624,960.9500122070312,951.5,955.4000244140624,7747527.0,0.002627736995897356,0.009556249840121565,0.4586239671529926,Normal_Market,1
2023-10-18,920.7676391601562,943.75,950.6500244140624,939.0999755859376,949.2000122070312,12000153.0,-0.01064060021618407,0.00975295752464895,0.48297901607125454,Normal_Market,1
2023-10-19,912.9625244140624,935.75,945.0,934.0,936.0,8612676.0,-0.008476747459557732,0.009848292914621953,0.49426091779492426,Normal_Market,1
2023-10-20,910.0355834960938,932.75,940.0,930.0,932.0,6586576.0,-0.003205981450166484,0.007803770807995198,0.5314908136283277,Normal_Market,1
2023-10-23,907.3037109375,929.9500122070312,944.7999877929688,925.4000244140624,942.0,11856890.0,-0.0030019403725936034,0.007586550579644907,0.5199758456830895,Normal_Market,1
2023-10-25,893.7909545898438,916.0999755859376,933.7999877929688,911.4000244140624,926.0499877929688,12593434.0,-0.0148933110101509,0.007971677931369811,0.5128919727178264,Normal_Market,1
2023-10-26,886.5224609375,908.6500244140624,916.5999755859376,899.0,914.2999877929688,21693345.0,-0.008132207665582425,0.007976901696611879,0.5032204145579978,Normal_Market,1
2023-10-27,890.5225830078125,912.75,918.1500244140624,911.2999877929688,916.0,8645505.0,0.004512149715961256,0.008056786161629465,0.4731757320134831,Normal_Market,1
2023-10-30,902.376708984375,924.9000244140624,926.2999877929688,908.2000122070312,909.0999755859376,7687791.0,0.01331142657441009,0.008720945456386011,0.4753951765810709,Normal_Market,1
2023-10-31,893.0592041015625,915.3499755859376,931.0,914.0999755859376,929.2999877929688,17211107.0,-0.0103255157076243,0.008575140822964953,0.4580073180434797,Normal_Market,1
2023-11-01,891.7908935546875,914.0499877929688,917.5999755859376,909.2999877929688,913.7999877929688,12927203.0,-0.0014201864121101693,0.008227702406869429,0.43267795040165336,Normal_Market,1
2023-11-02,897.5472412109375,919.9500122070312,924.7999877929688,912.7999877929688,920.0499877929688,9747311.0,0.006454817713270389,0.008084984047211004,0.4621524058870764,Normal_Market,1
2023-11-03,911.0599365234376,933.7999877929688,934.5,926.7999877929688,928.5499877929688,7146961.0,0.015055135475954717,0.00838776212722045,0.4648795521622628,Normal_Market,1
2023-11-06,922.42626953125,945.4500122070312,947.75,937.4000244140624,941.0,10338367.0,0.01247594428439669,0.008805819636411511,0.49687094854166136,Normal_Market,1
2023-11-07,925.0116577148438,948.0999755859376,950.4500122070312,930.4500122070312,943.5999755859376,15704942.0,0.002802812830674961,0.00866523225548359,0.5027512138956117,Normal_Market,1
2023-11-08,912.9625244140624,935.75,948.4500122070312,934.0999755859376,948.4500122070312,17606074.0,-0.013025925890001955,0.00861348074104935,0.5204192860584295,Normal_Market,1
2023-11-09,914.5235595703124,937.3499755859376,942.3499755859376,933.0,934.0,9406117.0,0.0017098567734221692,0.008608834306824747,0.5103773410484319,Normal_Market,1
2023-11-10,915.7430419921876,938.5999755859376,941.4500122070312,932.4000244140624,934.9000244140624,9560455.0,0.001333462007745645,0.008610434487689065,0.49393509319894685,Normal_Market,1
2023-11-13,911.6941528320312,934.4500122070312,940.9000244140624,932.0,940.9000244140624,11470096.0,-0.004421424978941713,0.008634236728639867,0.5040987717229222,Normal_Market,1
2023-11-15,918.18212890625,941.0999755859376,944.4000244140624,938.75,944.4000244140624,19492138.0,0.007116395398681474,0.008815814183587298,0.49103113588851555,Normal_Market,1
2023-11-16,913.206298828125,936.0,946.2000122070312,934.0,939.0,19706373.0,-0.005419219043233059,0.008848774394795571,0.44143912367275023,Normal_Market,1
2023-11-17,899.4010009765625,921.8499755859376,938.4000244140624,920.1500244140624,926.5499877929688,10956653.0,-0.015117392279573871,0.009159069969667139,0.4499854266937093,Normal_Market,1
2023-11-20,899.0107421875,921.4500122070312,926.75,917.5,922.0,10562301.0,-0.0004339096672549836,0.008994772589682322,0.4455604983213834,Normal_Market,1
2023-11-21,903.5474243164062,926.0999755859376,928.0499877929688,922.0,924.4000244140624,8989572.0,0.005046304694722004,0.009064283834859433,0.4628119052913361,Normal_Market,1
2023-11-22,900.279052734375,922.75,925.2000122070312,914.75,923.25,12197979.0,-0.003617266226511595,0.009074909002280859,0.4499385696214207,Normal_Market,1
2023-11-23,900.52294921875,923.0,925.3499755859376,918.5,923.0,5534614.0,0.00027091209512675185,0.008404533025298993,0.4419223629306391,Normal_Market,1
2023-11-24,906.7671508789062,929.4000244140624,930.4000244140624,920.2000122070312,921.5,7452002.0,0.00693397282720376,0.008272868321966784,0.3980097945153423,Normal_Market,1
2023-11-28,902.9620971679688,925.5,931.0499877929688,921.7000122070312,928.9000244140624,14231987.0,-0.004196285349826967,0.008316326930011912,0.37184447831515094,Normal_Market,1
2023-11-29,916.7186889648438,939.5999755859376,941.0999755859376,926.0,930.9000244140624,11680078.0,0.015234960404230558,0.008479057397777856,0.3908685672843389,Normal_Market,1
2023-11-30,912.1819458007812,934.9500122070312,940.8499755859376,928.2000122070312,938.9500122070312,23950292.0,-0.004948893503180729,0.008187201800618238,0.3946675297651161,Normal_Market,1
2023-12-01,923.6458129882812,946.7000122070312,952.0,933.0,935.9500122070312,16986046.0,0.01256752256528837,0.00855070703050322,0.36136881312711105,Normal_Market,1
2023-12-04,967.0621337890624,991.2000122070312,994.8499755859376,961.4000244140624,963.7000122070312,33131257.0,0.047005378241596674,0.013237787641775434,0.3458859631314349,Normal_Market,1
2023-12-05,988.770263671875,1013.4500122070312,1015.75,995.0499877929688,1002.5,31378461.0,0.022447502724315838,0.013664369902915278,0.43092928702076466,Normal_Market,1
2023-12-06,978.8186645507812,1003.25,1016.25,1000.25,1014.0,18786590.0,-0.010064622174353999,0.01387280388593205,0.4664116694289894,Normal_Market,1
2023-12-07,974.6721801757812,999.0,1002.2000122070312,988.1500244140624,996.3499755859376,11841945.0,-0.0042362130240977125,0.01396866275430378,0.4540826263096546,Normal_Market,1
2023-12-08,986.2335815429688,1010.8499755859376,1012.8499755859376,993.25,994.5,16116363.0,0.01186183580729927,0.013596731396282874,0.48565028069641025,Normal_Market,1
2023-12-11,992.3313598632812,1017.0999755859376,1020.0,1004.6500244140624,1007.0999755859376,11714606.0,0.006182894635135439,0.013594669163609897,0.47323501085243963,Normal_Market,1
2023-12-12,990.9655151367188,1015.7000122070312,1021.0,1008.5999755859376,1017.0999755859376,12380856.0,-0.001376399841632181,0.01363793961237072,0.46067868786423516,Normal_Market,1
2023-12-13,989.2092895507812,1013.9000244140624,1020.7000122070312,1009.2000122070312,1014.7999877929688,15887040.0,-0.0017722368327773852,0.013564078845822817,0.4775671269129234,Normal_Market,1
2023-12-14,1008.4783935546876,1033.6500244140625,1040.0,1021.25,1022.25,16317672.0,0.019479299484396195,0.013980524829346896,0.5229333836257133,Normal_Market,1
2023-12-15,1012.1370239257812,1037.4000244140625,1043.699951171875,1025.699951171875,1043.6500244140625,14306067.0,0.0036278718458189196,0.013777618680437385,0.5181041237055298,Normal_Market,1
2023-12-18,996.575439453125,1021.4500122070312,1029.949951171875,1018.0,1029.949951171875,8592711.0,-0.01537497799685017,0.013797760662298927,0.5374280577471506,Normal_Market,1
2023-12-19,990.7216186523438,1015.4500122070312,1025.5,1012.5999755859376,1025.5,10094256.0,-0.005873936451809003,0.013967903256187578,0.522700484937861,Normal_Market,1
2023-12-20,982.1358642578124,1006.6500244140624,1022.0,1002.0,1022.0,16490281.0,-0.00866616235366946,0.014296124083276643,0.5473013232131964,Normal_Market,1
2023-12-21,979.9407348632812,1004.4000244140624,1010.9000244140624,989.2000122070312,996.5499877929688,18064916.0,-0.0022350567517356312,0.014259260354856725,0.529081821527901,Normal_Market,1
2023-12-22,970.086669921875,994.2999877929688,1009.5499877929688,991.5999755859376,1002.9500122070312,20881976.0,-0.010055776426909135,0.014597444001894415,0.5142918272287207,Normal_Market,1
2023-12-26,970.8670654296876,995.0999755859376,997.5,989.9000244140624,994.9000244140624,14339699.0,0.0008044595725404946,0.014593124544953486,0.47176477939983985,Normal_Market,1
2023-12-27,977.8430786132812,1002.25,1004.9000244140624,992.0,997.9500122070312,12996468.0,0.0071853433204125405,0.014497967728906422,0.47068449975623694,Normal_Market,1
2023-12-28,981.4041748046876,1005.9000244140624,1011.7000122070312,999.0999755859376,1008.0,24915990.0,0.003641786979212025,0.014258686385165628,0.5046178565381493,Normal_Market,1
2023-12-29,972.3306274414062,996.5999755859376,1008.5499877929688,993.7000122070312,1004.0499877929688,12280140.0,-0.009245474592654013,0.014424246163217068,0.5674133691684013,Normal_Market,1
2024-01-01,975.0624389648438,999.4000244140624,1004.8499755859376,991.0,991.5499877929688,7683792.0,0.0028095500093687775,0.014258177193784949,0.598065049034773,Normal_Market,1
2024-01-02,958.3301391601562,982.25,997.6500244140624,980.25,997.0,16263825.0,-0.017160234192233892,0.010518109044232837,0.6140299524399041,Weak_Bear,0
2024-01-03,960.0862426757812,984.0499877929688,988.0,975.0999755859376,984.7000122070312,16826752.0,0.001832461950079134,0.00907183580787731,0.605485339980822,Normal_Market,1
2024-01-04,963.1107177734376,987.1500244140624,989.1500244140624,981.9000244140624,986.4000244140624,22789140.0,0.0031502118905766263,0.008889387434205169,0.6411691306129382,Weak_Bear,0
2024-01-05,969.501220703125,993.7000122070312,998.2999877929688,983.7999877929688,988.0,14875499.0,0.006635273402897157,0.008998068542169306,0.5952887865017157,Normal_Market,1
2024-01-08,958.086181640625,982.0,998.2000122070312,980.2999877929688,994.0,8393164.0,-0.011774135832672061,0.008878065954991396,0.571970129185493,Normal_Market,1
2024-01-09,955.8909912109376,979.75,995.0,975.4000244140624,986.25,14660414.0,-0.0022912243927037945,0.008697027710924997,0.5364712872104609,Normal_Market,1
2024-01-10,968.8670654296876,993.0499877929688,994.9500122070312,974.2999877929688,974.2999877929688,9409181.0,0.013574847276582869,0.009355951813828778,0.5251182576240612,Normal_Market,1
2024-01-11,967.0133666992188,991.1500244140624,998.5,986.8499755859376,995.2999877929688,6451345.0,-0.0019132642615390383,0.009356549833426072,0.5388355486459274,Normal_Market,1
2024-01-12,979.0625610351562,1003.5,1008.7000122070312,991.75,994.7999877929688,12255743.0,0.012460214874863595,0.008649216104787714,0.5275241418304979,Normal_Market,1
2024-01-15,985.2579345703124,1009.8499755859376,1011.6500244140624,999.25,1003.5,12388044.0,0.006327862775802329,0.008752984858529697,0.5274660749567808,Normal_Market,1
2024-01-16,984.4774780273438,1009.0499877929688,1015.7999877929688,1004.5999755859376,1006.0999755859376,11505126.0,-0.0007921342377303908,0.008102778662727926,0.5597989543717723,Normal_Market,1
2024-01-17,957.84228515625,981.75,1007.7999877929688,976.75,987.9000244140624,41914771.0,-0.027055157142308883,0.009994609987720535,0.5903042808107591,Weak_Bear,0
2024-01-18,962.3302612304688,986.3499755859376,994.2999877929688,970.1500244140624,973.9500122070312,17902484.0,0.004685506313272247,0.00994627537666274,0.6022716132595896,Normal_Market,1
2024-01-19,974.8673095703124,999.2000122070312,1010.9000244140624,987.5499877929688,991.2999877929688,23271148.0,0.013027802247238318,0.010418487215473953,0.563420407365273,Normal_Market,1
2024-01-23,1003.990478515625,1029.050048828125,1059.4000244140625,1021.2000122070312,1059.0999755859375,50797448.0,0.029873982499371232,0.012119033978686744,0.5446712027012798,Normal_Market,1
2024-01-24,974.8673095703124,999.2000122070312,1035.949951171875,996.6500244140624,1029.449951171875,34578943.0,-0.029007415477057652,0.013942653748939287,0.5141792351990039,Normal_Market,1
2024-01-25,985.3555297851562,1009.9500122070312,1015.0999755859376,988.1500244140624,998.4000244140624,28315035.0,0.010758613107528125,0.014057967809454924,0.5087231424276898,Normal_Market,1
2024-01-29,991.6484375,1016.4000244140624,1032.0,1010.0,1020.0,14078922.0,0.0063864336522430065,0.01410381032740082,0.5161770058123729,Normal_Market,1
2024-01-30,992.1362915039062,1016.9000244140624,1023.8499755859376,1008.0,1014.9500122070312,16085742.0,0.0004919626608157479,0.013912306170644663,0.5112442825715215,Normal_Market,1
2024-01-31,1003.1123657226562,1028.1500244140625,1039.0,1003.25,1016.7999877929688,25627447.0,0.011063070984040024,0.014086966216342117,0.5032064968645541,Normal_Market,1
2024-02-01,1000.1853637695312,1025.1500244140625,1033.949951171875,1017.4000244140624,1033.949951171875,13058880.0,-0.002917920317946021,0.013438338763753914,0.49734391218138646,Normal_Market,1
2024-02-02,999.0633544921876,1024.0,1050.0,1021.6500244140624,1037.0999755859375,14774650.0,-0.0011218013360193568,0.01345911089426646,0.5206392705484406,Normal_Market,1
2024-02-05,998.5755004882812,1023.5,1026.449951171875,1012.0999755859376,1022.5,12948430.0,-0.0004883113785655313,0.0134684446435924,0.5633201224338695,Normal_Market,1
2024-02-06,1001.4049072265624,1026.4000244140625,1034.9000244140625,1016.7000122070312,1023.5499877929688,12886927.0,0.0028334429764176328,0.013424796403980912,0.5244636605550762,Normal_Market,1
2024-02-07,997.2584228515624,1022.1500244140624,1031.550048828125,1013.0,1028.0,16410895.0,-0.004140667121837693,0.013126574412787154,0.4533967856626874,Normal_Market,1
2024-02-08,965.2084350585938,989.2999877929688,1028.25,985.25,1024.0999755859375,20565502.0,-0.032138096864927745,0.015185737882585393,0.4773942677675958,Normal_Market,1
2024-02-09,986.0873413085938,1010.7000122070312,1013.75,985.5,988.8499755859376,12799837.0,0.021631499986562552,0.01564798835505923,0.4931248992109231,Normal_Market,1
2024-02-12,971.8427734375,996.0999755859376,1012.2000122070312,985.25,1010.4000244140624,8050066.0,-0.014445543791476334,0.016017281758099047,0.5124542243491448,Normal_Market,1
2024-02-13,994.965576171875,1019.7999877929688,1027.050048828125,1000.2999877929688,1006.0,18706292.0,0.0237927403139373,0.016655179939085406,0.5227387103083251,High_Volatility,2
2024-02-14,997.7950439453124,1022.7000122070312,1035.699951171875,1007.5499877929688,1009.5499877929688,17878720.0,0.0028437845903410697,0.016614010980727647,0.5150044785436041,High_Volatility,2
2024-02-15,991.8923950195312,1016.6500244140624,1026.6500244140625,1006.5999755859376,1022.8499755859376,10069878.0,-0.005915692768368452,0.016678645302758973,0.5288277010965691,High_Volatility,2
2024-02-16,998.3316650390624,1023.25,1026.199951171875,1016.9000244140624,1023.2000122070312,7159395.0,0.006491903811203681,0.01539853395128293,0.5968149586815877,Normal_Market,1
2024-02-19,1018.3323974609376,1043.75,1046.0,1023.3499755859376,1023.3499755859376,9388255.0,0.02003415610491799,0.015903880315545557,0.6225119110430014,Normal_Market,1
2024-02-20,1023.210693359375,1048.75,1052.6500244140625,1033.25,1041.050048828125,11293528.0,0.0047904750065899115,0.015734995827575638,0.6060986536288199,Normal_Market,1
2024-02-21,1026.332763671875,1051.949951171875,1064.0,1048.0,1056.800048828125,15946325.0,0.003051248714230903,0.014366258301520649,0.5623076426677206,Normal_Market,1
2024-02-22,1036.8209228515625,1062.699951171875,1066.0,1040.300048828125,1056.0,13432573.0,0.0102190630085357,0.01259352775829189,0.5805686012439063,Normal_Market,1
2024-02-23,1035.4549560546875,1061.300048828125,1070.0,1057.6500244140625,1070.0,13142759.0,-0.0013174568209118886,0.01249922860830835,0.5849458544823061,Normal_Market,1
2024-02-26,1028.5279541015625,1054.199951171875,1062.300048828125,1050.5,1053.0999755859375,7875941.0,-0.0066898148612069,0.01262970354493855,0.5850106108003192,Normal_Market,1
2024-02-27,1034.3818359375,1060.199951171875,1066.199951171875,1046.5,1050.75,10580973.0,0.005691514569529543,0.012652615058078394,0.5914723398554421,Normal_Market,1
2024-02-28,1020.7227783203124,1046.199951171875,1064.8499755859375,1042.1500244140625,1063.0,7730332.0,-0.013205043962134067,0.012915151365454892,0.6156105122828082,Weak_Bear,0
2024-02-29,1026.5765380859375,1052.199951171875,1060.699951171875,1038.5,1043.050048828125,20944844.0,0.00573491636510548,0.012923689079465325,0.661047825927197,Weak_Bear,0
2024-03-01,1060.431640625,1086.9000244140625,1089.949951171875,1054.0,1055.0,14909562.0,0.03297864434169284,0.014702860340814642,0.7210242346575626,Weak_Bear,0
2024-03-04,1065.7489013671875,1092.3499755859375,1095.0,1080.0999755859375,1081.0,11424581.0,0.005014241878951831,0.014683894551044822,0.7277448851413765,Weak_Bear,0
2024-03-05,1061.5537109375,1088.050048828125,1099.5,1076.5,1086.199951171875,9222544.0,-0.003936377906940125,0.014774487642104504,0.7066666788811055,Weak_Bear,0
2024-03-06,1070.38330078125,1097.0999755859375,1113.550048828125,1080.300048828125,1080.300048828125,21796484.0,0.008317610077357429,0.014719029556246984,0.6641058503460087,Weak_Bear,0
2024-03-07,1061.4560546875,1087.949951171875,1095.0,1082.699951171875,1094.949951171875,9963926.0,-0.008340232968165884,0.012462874329937592,0.6831503786419928,Weak_Bear,0
2024-03-11,1052.4312744140625,1078.699951171875,1087.949951171875,1076.75,1087.949951171875,13310362.0,-0.008502264633173606,0.01214306166696988,0.663953051101661,Weak_Bear,0
2024-03-12,1050.6263427734375,1076.8499755859375,1094.800048828125,1055.6500244140625,1077.050048828125,21785435.0,-0.0017150114069252043,0.011477652947063025,0.6729010406617218,Weak_Bear,0
2024-03-13,1057.5533447265625,1083.949951171875,1089.6500244140625,1073.1500244140625,1077.1500244140625,24855870.0,0.006593211754846395,0.010518247053175974,0.6653859650586227,Weak_Bear,0
2024-03-14,1057.2119140625,1083.5999755859375,1097.0999755859375,1075.050048828125,1080.0,14231421.0,-0.00032284959029726945,0.010546213467002949,0.6892460004570801,Weak_Bear,0
2024-03-15,1054.0411376953125,1080.3499755859375,1086.25,1070.0,1072.0,66192734.0,-0.0029991871308027163,0.010436789348889995,0.6994366419605454,Weak_Bear,0
2024-03-18,1054.8704833984375,1081.199951171875,1084.800048828125,1060.050048828125,1075.050048828125,8769440.0,0.0007868247959832431,0.010416989581790407,0.7197143082328263,Weak_Bear,0
2024-03-19,1057.5533447265625,1083.949951171875,1088.75,1075.25,1078.449951171875,16708715.0,0.0025433087477069183,0.009596694286707726,0.711393547237369,Weak_Bear,0
2024-03-20,1058.090087890625,1084.5,1090.0,1067.5,1080.0,18725251.0,0.000507532945490663,0.00957738002109406,0.6946850530802753,Weak_Bear,0
2024-03-21,1055.4559326171875,1081.800048828125,1100.0,1079.1500244140625,1092.0,19992607.0,-0.002489537803618269,0.009616916006549918,0.6499184027854518,Weak_Bear,0
2024-03-22,1063.7489013671875,1090.300048828125,1093.699951171875,1078.699951171875,1081.1500244140625,17214415.0,0.007857238273734524,0.009517470924545532,0.6483829029105772,Weak_Bear,0
2024-03-26,1057.3094482421875,1083.699951171875,1089.1500244140625,1076.949951171875,1081.0,13367635.0,-0.006053546205052385,0.009644756098159953,0.6474505660123016,Weak_Bear,0
2024-03-27,1057.3583984375,1083.75,1092.5,1079.550048828125,1083.699951171875,26907245.0,4.6296943051027384e-05,0.00947495184172284,0.6693481124312739,Weak_Bear,0
2024-03-28,1066.67578125,1093.300048828125,1105.050048828125,1085.0,1085.0,22070566.0,0.008811943827436997,0.009574071893314027,0.6523680020185989,Weak_Bear,0
2024-04-01,1072.8712158203125,1099.6500244140625,1102.949951171875,1094.449951171875,1096.050048828125,10848191.0,0.00580817027930669,0.008952348358261955,0.6451282589280436,Weak_Bear,0
2024-04-02,1054.8704833984375,1081.199951171875,1094.449951171875,1079.25,1094.449951171875,14380396.0,-0.01677809242753492,0.009894250321405496,0.6739633549054989,Weak_Bear,0
2024-04-03,1050.9677734375,1077.199951171875,1083.6500244140625,1072.25,1075.0,15477184.0,-0.0036997053404739244,0.006577585350109776,0.6920978397800114,Weak_Bear,0
2024-04-04,1052.5777587890625,1078.8499755859375,1085.800048828125,1063.449951171875,1084.75,21419689.0,0.0015319074402220245,0.006471183872796395,0.718968157347309,Weak_Bear,0
2024-04-05,1057.0169677734375,1083.4000244140625,1086.0,1067.449951171875,1070.0,15340637.0,0.004217464170516161,0.0065067867092521775,0.6970006136550653,Weak_Bear,0
2024-04-08,1060.675537109375,1087.1500244140625,1091.75,1076.300048828125,1078.3499755859375,8023461.0,0.0034612210091993223,0.006258306591336136,0.6372795448378229,Weak_Bear,0
2024-04-09,1080.0909423828125,1107.050048828125,1115.25,1088.300048828125,1091.949951171875,12298463.0,0.018304754464640194,0.007245483617171369,0.649142489444534,Weak_Bear,0
2024-04-10,1082.3836669921875,1109.4000244140625,1116.550048828125,1105.1500244140625,1110.949951171875,10598000.0,0.0021227144117299535,0.006901515966540307,0.6514876315593409,Weak_Bear,0
2024-04-12,1077.5054931640625,1104.4000244140625,1111.8499755859375,1095.800048828125,1103.5,12216657.0,-0.004506880486917275,0.006995995148740244,0.6583935064069535,Weak_Bear,0
2024-04-15,1052.08984375,1078.3499755859375,1106.1500244140625,1076.5999755859375,1100.199951171875,10526597.0,-0.023587489414490292,0.008810830772849321,0.6515462571593669,Weak_Bear,0
2024-04-16,1041.065185546875,1067.050048828125,1074.5999755859375,1062.699951171875,1070.550048828125,11278092.0,-0.010478818200382434,0.009104715738137923,0.6313324246484266,Weak_Bear,0
2024-04-18,1029.7474365234375,1055.449951171875,1078.050048828125,1050.449951171875,1074.0,16564216.0,-0.010871316398398445,0.009374165253644958,0.6265370379318674,Weak_Bear,0
2024-04-19,1041.2601318359375,1067.25,1072.0,1048.0999755859375,1052.949951171875,11284433.0,0.011180115535289303,0.009765538095635814,0.6351244937281543,Weak_Bear,0
2024-04-22,1060.187744140625,1086.6500244140625,1088.699951171875,1070.3499755859375,1078.800048828125,10346714.0,0.018177602047736663,0.01061914614936647,0.6541228219893777,Weak_Bear,0
2024-04-23,1063.7000732421875,1090.25,1100.0,1082.699951171875,1100.0,9848215.0,0.0033129312435218328,0.01064223037807177,0.6366787079878509,Weak_Bear,0
2024-04-24,1070.041748046875,1096.75,1098.4000244140625,1089.0,1092.25,5461309.0,0.005961901257896862,0.01069254142223493,0.5879772346768052,Normal_Market,1
2024-04-25,1086.627685546875,1113.75,1125.6500244140625,1089.949951171875,1090.0,19905338.0,0.015500271396208465,0.011089478322538602,0.5958256216224258,Normal_Market,1
2024-04-26,1080.9202880859375,1107.9000244140625,1120.0,1102.75,1112.1500244140625,14190059.0,-0.005252394667328075,0.011063607229361212,0.5838946985769399,Normal_Market,1
2024-04-29,1131.89794921875,1160.1500244140625,1163.449951171875,1107.9000244140625,1108.0,28578063.0,0.04716135102162089,0.015094896858708745,0.6560933138460355,High_Volatility,2
2024-04-30,1122.38525390625,1150.4000244140625,1169.550048828125,1146.75,1159.949951171875,29568491.0,-0.00840419873458187,0.015267071383613464,0.627268381987688,High_Volatility,2
2024-05-02,1111.7017822265625,1139.449951171875,1155.5,1133.25,1143.0,25118334.0,-0.009518542445658196,0.015483756213680415,0.569561419897934,High_Volatility,2
2024-05-03,1114.2386474609375,1142.050048828125,1157.4000244140625,1135.449951171875,1141.300048828125,19933604.0,0.002281965608883052,0.01484766998128953,0.5992872886937073,Normal_Market,1
2024-05-06,1118.3851318359375,1146.300048828125,1158.449951171875,1138.0999755859375,1141.550048828125,14970524.0,0.0037213611145590075,0.01476802702493706,0.6384070759820829,Weak_Bear,0
2024-05-07,1104.3358154296875,1131.9000244140625,1152.75,1126.300048828125,1147.949951171875,15097728.0,-0.01256214519160026,0.0151830474267365,0.6435331640201188,High_Volatility,2
2024-05-08,1095.652587890625,1123.0,1132.0,1116.050048828125,1126.550048828125,19913090.0,-0.007862850609154592,0.015350953967642222,0.6288771696476994,High_Volatility,2
2024-05-09,1088.5302734375,1115.699951171875,1128.8499755859375,1110.0,1120.550048828125,12229853.0,-0.006500522639970252,0.015459104847115402,0.564838552160137,High_Volatility,2
2024-05-10,1089.847412109375,1117.050048828125,1128.9000244140625,1112.050048828125,1118.0,8573656.0,0.001210015655068064,0.014939625472523812,0.5966922323919432,Normal_Market,1
2024-05-13,1100.53076171875,1128.0,1130.6500244140625,1106.699951171875,1112.4000244140625,9707983.0,0.009802610430296399,0.015080099768752419,0.5828942681828255,Normal_Market,1
2024-05-14,1093.2623291015625,1120.550048828125,1127.9000244140625,1118.550048828125,1125.9000244140625,8944262.0,-0.006604479284010201,0.015127183770406635,0.5858273772185204,Normal_Market,1
2024-05-15,1096.9696044921875,1124.3499755859375,1127.800048828125,1113.5,1122.0999755859375,10743423.0,0.0033910208848699774,0.013995437935889084,0.6012753176888196,Normal_Market,1
2024-05-16,1103.506591796875,1131.050048828125,1136.550048828125,1112.800048828125,1133.0,14265565.0,0.005959132575704906,0.013692148762138841,0.6245299816846811,Weak_Bear,0
2024-05-17,1102.9698486328125,1130.5,1144.0,1120.5999755859375,1131.050048828125,8641784.0,-0.0004863977868845293,0.013330388681138474,0.6303920953189927,Weak_Bear,0
2024-05-21,1093.65234375,1120.949951171875,1133.800048828125,1116.25,1122.199951171875,10452900.0,-0.008447651487809904,0.013458915596103752,0.6990335709844097,Weak_Bear,0
2024-05-22,1084.0423583984375,1111.0999755859375,1125.9000244140625,1098.0999755859375,1125.0,17527411.0,-0.008787056880078525,0.01315740586307223,0.6906037667833317,Weak_Bear,0
2024-05-23,1106.8724365234375,1134.5,1137.0,1111.4000244140625,1115.550048828125,13787687.0,0.021060134733783986,0.013886117752147145,0.6856272602046798,Weak_Bear,0
2024-05-24,1104.384521484375,1131.949951171875,1135.0,1124.1500244140625,1130.0,6312670.0,-0.002247698069776427,0.013886703804448728,0.6575220336370156,Weak_Bear,0
2024-05-27,1102.2869873046875,1129.800048828125,1147.800048828125,1121.550048828125,1131.9000244140625,11599857.0,-0.0018992788642747671,0.01351474957555996,0.6643710095787979,Weak_Bear,0
2024-05-28,1099.5062255859375,1126.949951171875,1135.199951171875,1125.0,1132.5,9311718.0,-0.0025227202632134293,0.013464090983693753,0.6396186783748551,Weak_Bear,0
2024-05-29,1075.1639404296875,1102.0,1123.550048828125,1098.5,1115.050048828125,19268547.0,-0.022139288154805814,0.009176849469686868,0.6543174217287349,Weak_Bear,0
2024-05-30,1086.5789794921875,1113.699951171875,1121.0,1096.9000244140625,1097.0,15255387.0,0.01061702186360347,0.009515200627941487,0.6567360181221997,Weak_Bear,0
2024-05-31,1093.75,1121.050048828125,1130.5999755859375,1111.25,1118.0,26197718.0,0.006599631175603804,0.009489700170238024,0.6355096477608327,Weak_Bear,0
2024-06-03,1131.75146484375,1160.0,1173.0,1136.300048828125,1170.0,25699977.0,0.03474419642857152,0.012376427996118934,0.6359663607944903,Normal_Market,1
2024-06-04,1045.3577880859375,1071.449951171875,1159.4000244140625,1053.550048828125,1157.9000244140625,43476837.0,-0.07633626236988356,0.021200443396005627,0.6216132154909095,High_Volatility,2
2024-06-05,1081.6519775390625,1108.6500244140625,1123.25,1051.050048828125,1085.0,42172104.0,0.034719394514274526,0.022680274393577417,0.614688252540745,High_Volatility,2
2024-06-06,1083.359375,1110.4000244140625,1118.0,1096.5999755859375,1118.0,18574162.0,0.0015785090735211948,0.022623421306628328,0.624761895327884,High_Volatility,2
2024-06-07,1094.384033203125,1121.699951171875,1128.300048828125,1103.5999755859375,1110.4000244140625,17197635.0,0.010176362948006057,0.022690653680860384,0.5793301423339654,High_Volatility,2
2024-06-10,1096.43310546875,1123.800048828125,1133.199951171875,1115.0999755859375,1116.0,10851455.0,0.0018723521208798832,0.02269219802508793,0.5947101060185271,High_Volatility,2
2024-06-11,1090.9693603515625,1118.199951171875,1129.050048828125,1111.0,1119.75,12250002.0,-0.004983199695390073,0.022615701232422968,0.5738504242494235,High_Volatility,2
2024-06-12,1092.2864990234375,1119.550048828125,1133.4000244140625,1112.0,1121.0,16096514.0,0.0012073104156202774,0.022566433913667153,0.5698567484756064,High_Volatility,2
2024-06-13,1080.3836669921875,1107.3499755859375,1123.199951171875,1105.0,1122.199951171875,12494254.0,-0.010897170332043626,0.02268607235768777,0.5634875398306166,High_Volatility,2
2024-06-14,1078.72509765625,1105.6500244140625,1114.0,1099.449951171875,1114.0,11377979.0,-0.001535166984294567,0.022635420850844013,0.5604590410411978,High_Volatility,2
2024-06-18,1095.506103515625,1122.8499755859375,1135.050048828125,1101.199951171875,1113.949951171875,18306176.0,0.015556332095948422,0.022932606660960822,0.5868781326539504,High_Volatility,2
2024-06-19,1116.580078125,1144.449951171875,1165.550048828125,1126.1500244140625,1127.949951171875,34309514.0,0.01923674778419371,0.023234683963091966,0.612487027974288,High_Volatility,2
2024-06-20,1128.62939453125,1156.800048828125,1160.0,1135.5,1154.050048828125,15475933.0,0.01079126937898045,0.02319969455340519,0.5871587610407306,High_Volatility,2
2024-06-21,1130.434326171875,1158.6500244140625,1169.9000244140625,1150.6500244140625,1163.550048828125,69259425.0,0.001599224377258679,0.022774779912216086,0.6034105368965476,High_Volatility,2
2024-06-24,1141.60546875,1170.0999755859375,1175.6500244140625,1152.6500244140625,1154.6500244140625,12210295.0,0.009882168578474682,0.0228365649852023,0.6069288438737912,High_Volatility,2
2024-06-25,1168.7772216796875,1197.949951171875,1206.0,1167.6500244140625,1170.25,27309845.0,0.0238013514068387,0.023328530688289825,0.621131633983315,High_Volatility,2
2024-06-26,1188.3389892578125,1218.0,1222.8499755859375,1193.8499755859375,1202.0,25403461.0,0.01673695141834819,0.023476977326322746,0.6044116469130192,High_Volatility,2
2024-06-27,1190.19287109375,1219.9000244140625,1235.0,1209.0999755859375,1228.3499755859375,20516632.0,0.0015600614409658764,0.022663626382274524,0.6024916813186483,High_Volatility,2
2024-06-28,1170.3870849609375,1199.5999755859375,1227.0,1196.3499755859375,1227.0,12507092.0,-0.01664082067187278,0.023144472662662435,0.6221675459600948,High_Volatility,2
2024-07-01,1182.3388671875,1211.8499755859375,1215.3499755859375,1192.050048828125,1199.5999755859375,8636894.0,0.010211819986856163,0.023180029275851447,0.6267212516193281,High_Volatility,2
2024-07-02,1161.6063232421875,1190.5999755859375,1217.0,1185.550048828125,1217.0,16153925.0,-0.017535196144427,0.022487445419772215,0.6621707905603128,High_Volatility,2
2024-07-03,1172.33837890625,1201.5999755859375,1215.8499755859375,1179.449951171875,1196.8499755859375,22330897.0,0.009238978343461435,0.013047879052844574,0.7408346713277016,Weak_Bear,0
2024-07-04,1202.9737548828125,1233.0,1234.949951171875,1214.300048828125,1229.0,15275791.0,0.026131854529188203,0.012158075476829983,0.7472838059642085,Weak_Bear,0
2024-07-05,1203.364013671875,1233.4000244140625,1242.5999755859375,1220.8499755859375,1225.0,9535575.0,0.000324411723430007,0.012182029615389865,0.764548625780693,Weak_Bear,0
2024-07-08,1204.973876953125,1235.050048828125,1239.5,1216.9000244140625,1228.9000244140625,6617190.0,0.0013378024130352717,0.012157517393359813,0.760999604309428,Weak_Bear,0
2024-07-09,1217.8524169921875,1248.25,1250.199951171875,1229.300048828125,1234.949951171875,13366874.0,0.01068781679452413,0.012201890776172758,0.7055506752400016,Weak_Bear,0
2024-07-10,1212.92529296875,1243.199951171875,1252.75,1236.3499755859375,1252.75,18226503.0,-0.004045748035387042,0.012161900612202384,0.6606837500444632,Weak_Bear,0
2024-07-11,1208.2908935546875,1238.449951171875,1257.800048828125,1225.050048828125,1246.3499755859375,11307116.0,-0.0038208448953350738,0.012303893125180657,0.6003666660044388,Normal_Market,1
2024-07-12,1202.876220703125,1232.9000244140625,1252.9000244140625,1230.0999755859375,1235.9000244140625,12208290.0,-0.004481265960412095,0.011942326259662284,0.632092437772353,Weak_Bear,0
2024-07-15,1199.9979248046875,1229.949951171875,1238.449951171875,1224.050048828125,1233.0999755859375,15612671.0,-0.0023928446243247636,0.011970243994201869,0.6236149355527394,Weak_Bear,0
2024-07-16,1209.705810546875,1239.9000244140625,1245.0,1229.0,1230.0,12320605.0,0.00808991877529075,0.011751550282889203,0.6410100937726356,Weak_Bear,0
2024-07-18,1219.8525390625,1250.300048828125,1256.449951171875,1231.699951171875,1234.9000244140625,10999632.0,0.00838776537829311,0.011303378483328422,0.6347689033077532,Weak_Bear,0
2024-07-19,1218.24267578125,1248.6500244140625,1250.5,1240.25,1244.0,7958817.0,-0.0013197195806037287,0.011272585066663352,0.5668666014431915,Normal_Market,1
2024-07-22,1210.92529296875,1241.1500244140625,1245.300048828125,1232.9000244140625,1240.0,9958965.0,-0.006006506714934634,0.01148022995551841,0.5925175426990746,Normal_Market,1
2024-07-23,1196.8759765625,1226.75,1248.6500244140625,1212.5,1241.1500244140625,19369832.0,-0.011602133086018984,0.011851491962633359,0.6028474859488895,Weak_Bear,0
2024-07-24,1193.2171630859375,1223.0,1233.6500244140625,1202.050048828125,1225.0,20122521.0,-0.003056969601036519,0.01077564025956211,0.5606271930239465,Normal_Market,1
2024-07-25,1168.728515625,1197.9000244140625,1218.25,1190.5999755859375,1205.5,14154461.0,-0.02052321087772835,0.011142809135849904,0.5069569389695915,Normal_Market,1
2024-07-26,1177.8018798828125,1207.199951171875,1220.0,1185.949951171875,1190.0,19309265.0,0.0077634490273050805,0.011296441433389577,0.4851002497896092,Normal_Market,1
2024-07-29,1183.1680908203125,1212.699951171875,1242.75,1204.1500244140625,1215.1500244140625,28458261.0,0.004556123596978656,0.010676014069961362,0.5245531503586791,Normal_Market,1
2024-07-30,1179.9971923828125,1209.449951171875,1230.8499755859375,1204.4000244140625,1213.0,23972277.0,-0.002680006722714734,0.010451792577956209,0.4916635203922193,Normal_Market,1
2024-07-31,1185.3145751953125,1214.9000244140625,1224.6500244140625,1211.0,1219.0,22297629.0,0.004506267342689441,0.009641405417094103,0.5297006619437806,Normal_Market,1
2024-08-01,1180.6314697265625,1210.0999755859375,1222.6500244140625,1206.9000244140625,1212.5,8725046.0,-0.003950938904111911,0.009502227117577715,0.5789363076867456,Normal_Market,1
2024-08-02,1167.4114990234375,1196.550048828125,1201.6500244140625,1190.0999755859375,1197.0,10735395.0,-0.011197372797615457,0.007670508928023291,0.5718307142420022,Normal_Market,1
2024-08-05,1144.0445556640625,1172.5999755859375,1188.9000244140625,1167.0,1182.0,14306771.0,-0.02001602980519024,0.008699356407891398,0.5834405748647039,Normal_Market,1
2024-08-06,1138.4346923828125,1166.8499755859375,1187.699951171875,1161.5,1175.0,13575619.0,-0.004903535665176761,0.008666768940202999,0.5813819956524028,Normal_Market,1
2024-08-07,1143.898193359375,1172.449951171875,1179.800048828125,1161.5999755859375,1178.949951171875,15753644.0,0.004799134296519902,0.008275624311285404,0.4985479072981757,Normal_Market,1
2024-08-08,1136.239501953125,1164.5999755859375,1174.4000244140625,1158.9000244140625,1166.949951171875,10806438.0,-0.006695256143169681,0.008312772640182436,0.43994739906071306,Normal_Market,1
2024-08-09,1143.069091796875,1171.5999755859375,1180.949951171875,1169.0,1176.550048828125,8687307.0,0.0060106956605630035,0.008562755674916347,0.4165105627001458,Normal_Market,1
2024-08-12,1154.09033203125,1172.800048828125,1178.25,1156.0,1171.0,10860455.0,0.009641797082492909,0.008983244900669518,0.4474572699418569,Normal_Market,1
2024-08-13,1149.7113037109375,1168.3499755859375,1189.25,1163.5999755859375,1183.199951171875,13117927.0,-0.003794354912067588,0.008991691076171891,0.3754800559858546,Normal_Market,1
2024-08-14,1143.1181640625,1161.6500244140625,1170.050048828125,1153.0,1167.0,13431801.0,-0.005734604528247034,0.008693592001544586,0.41721469814682266,Normal_Market,1
2024-08-16,1168.309814453125,1187.25,1193.0,1165.6500244140625,1170.0,10961370.0,0.022037660832102457,0.010047695853893585,0.48484788219824215,Normal_Market,1
2024-08-19,1157.140869140625,1175.9000244140625,1195.75,1173.300048828125,1191.0,6686394.0,-0.009559917390344008,0.010181711544842983,0.48301292164110754,Normal_Market,1
2024-08-20,1160.6341552734375,1179.449951171875,1189.800048828125,1170.0,1174.199951171875,10427061.0,0.003018894437119668,0.010219006110290463,0.4854052789871607,Normal_Market,1
2024-08-21,1156.1075439453125,1174.8499755859375,1178.6500244140625,1165.0999755859375,1177.0,17234142.0,-0.0039001190061123125,0.009983249625033294,0.48280384192497133,Normal_Market,1
2024-08-22,1172.098388671875,1191.0999755859375,1192.5999755859375,1176.5999755859375,1182.0,8564142.0,0.013831623892006206,0.010558672207941152,0.45002008421820683,Normal_Market,1
2024-08-23,1184.300537109375,1203.5,1205.0,1188.550048828125,1193.0,7518309.0,0.010410515495483663,0.00975892113930719,0.3848908708775161,Normal_Market,1
2024-08-26,1193.9443359375,1213.300048828125,1214.949951171875,1201.050048828125,1205.550048828125,10920226.0,0.008143033398991362,0.009773724326693151,0.352809959330868,Normal_Market,1
2024-08-27,1206.7860107421875,1226.3499755859375,1232.5,1208.9000244140625,1213.300048828125,16295325.0,0.01075567295572788,0.009997338043465661,0.39537023587455256,Normal_Market,1
2024-08-28,1204.3258056640625,1223.8499755859375,1226.4000244140625,1217.300048828125,1222.6500244140625,12291305.0,-0.0020386423576553847,0.009985812411307653,0.41808713257204166,Normal_Market,1
2024-08-29,1202.4071044921875,1221.9000244140625,1235.0,1217.0,1218.949951171875,10806748.0,-0.0015931745071401382,0.009968411444930778,0.4601480767278955,Normal_Market,1
2024-08-30,1209.590576171875,1229.199951171875,1235.550048828125,1218.9000244140625,1230.0,21211148.0,0.005974242544684039,0.009968425498569886,0.5086799938657425,Normal_Market,1
2024-09-02,1210.3284912109375,1229.949951171875,1239.199951171875,1222.5,1239.0,12516759.0,0.000610053561592494,0.009531934291200816,0.5083811755699948,Normal_Market,1
2024-09-03,1227.79541015625,1247.699951171875,1250.949951171875,1220.4000244140625,1227.199951171875,19114907.0,0.014431552320012475,0.008420357589809116,0.5142875653404104,Normal_Market,1
2024-09-04,1216.62646484375,1236.3499755859375,1243.699951171875,1232.800048828125,1239.8499755859375,13505843.0,-0.009096747894731583,0.008690380478864496,0.544123274754282,Normal_Market,1
2024-09-05,1216.23291015625,1235.949951171875,1244.8499755859375,1231.300048828125,1238.0,9142811.0,-0.0003234802947924553,0.008721247717423306,0.5276386776062327,Normal_Market,1
2024-09-06,1188.8763427734375,1208.1500244140625,1233.9000244140625,1205.0,1225.949951171875,10170479.0,-0.022492868885859996,0.01023903066992669,0.45467916432030975,Normal_Market,1
2024-09-09,1215.298095703125,1235.0,1238.300048828125,1200.449951171875,1202.9000244140625,13863250.0,0.022224138860438725,0.01114837131738628,0.44919920135916014,Normal_Market,1
2024-09-10,1217.5614013671875,1237.300048828125,1241.3499755859375,1227.0,1236.949951171875,15545130.0,0.0018623460960440763,0.011044342103048792,0.4784192224861622,Normal_Market,1
2024-09-11,1216.62646484375,1236.3499755859375,1239.300048828125,1226.4000244140625,1231.5,11993242.0,-0.0007678762831900832,0.010970611755858067,0.49828036137492554,Normal_Market,1
2024-09-12,1232.1744384765625,1252.1500244140625,1257.0,1226.3499755859375,1238.0,15376442.0,0.012779578680963022,0.010985702640949349,0.4890982620310983,Normal_Market,1
2024-09-13,1230.403076171875,1250.3499755859375,1255.949951171875,1242.050048828125,1252.0,9877288.0,-0.0014375905305076264,0.010159291269989665,0.5310018047434214,Normal_Market,1
2024-09-16,1242.7037353515625,1262.8499755859375,1265.5999755859375,1244.699951171875,1251.0,8973335.0,0.009997259774380707,0.009859857008040037,0.5330258942807315,Normal_Market,1
2024-09-17,1247.8699951171875,1268.0999755859375,1272.25,1258.4000244140625,1259.949951171875,11513121.0,0.004157273868790279,0.00985949364348244,0.5125643464347375,Normal_Market,1
2024-09-18,1267.796875,1288.3499755859375,1295.3499755859375,1262.0,1262.0,12466597.0,0.01596871465840577,0.01005496451310491,0.556456851240765,Normal_Market,1
2024-09-19,1271.388671875,1292.0,1300.0,1285.3499755859375,1288.3499755859375,13172268.0,0.002833101221360934,0.0098256634277392,0.5161111985969647,Normal_Market,1
2024-09-20,1317.09765625,1338.449951171875,1362.3499755859375,1291.550048828125,1295.0,73257767.0,0.0359520148213921,0.012086149417913928,0.5682619120704492,Normal_Market,1
2024-09-23,1300.811767578125,1321.9000244140625,1331.800048828125,1308.5,1331.0,11380409.0,-0.012364981893782767,0.01269550406762934,0.571145526740086,Normal_Market,1
2024-09-24,1297.5643310546875,1318.5999755859375,1331.4000244140625,1315.449951171875,1321.0,13886037.0,-0.002496469208211116,0.01269059286437431,0.5921583756650418,Normal_Market,1
2024-09-25,1302.7305908203125,1323.8499755859375,1327.75,1310.0999755859375,1310.75,8728019.0,0.003981505688759102,0.012618281415414528,0.6018692376200369,Normal_Market,1
2024-09-26,1307.8477783203125,1329.050048828125,1333.3499755859375,1316.9000244140625,1320.0,11100869.0,0.003928047392191658,0.012549454225625312,0.6183369001603934,Weak_Bear,0
2024-09-27,1285.7557373046875,1306.5999755859375,1333.0,1303.8499755859375,1333.0,17117379.0,-0.016891905450952538,0.013400308876802184,0.6804982054690393,Weak_Bear,0
2024-09-30,1252.6917724609375,1273.0,1296.800048828125,1270.9000244140625,1292.0999755859375,12622212.0,-0.02571558802689966,0.014874087187446632,0.6749782161843012,High_Volatility,2
2024-10-01,1254.0694580078125,1274.4000244140625,1280.25,1267.5999755859375,1269.800048828125,10972413.0,0.0010997801511607452,0.014575181249547294,0.6133805113260294,Weak_Bear,0
2024-10-03,1236.307373046875,1256.3499755859375,1265.75,1248.1500244140625,1253.5999755859375,17648551.0,-0.014163557566543417,0.014805061853315945,0.638982049732571,Weak_Bear,0
2024-10-04,1219.97216796875,1239.75,1264.4000244140625,1236.199951171875,1247.0999755859375,13488887.0,-0.013212899505619657,0.015138212871262394,0.5640560615117136,High_Volatility,2
2024-10-07,1214.215576171875,1233.9000244140625,1262.949951171875,1225.0,1241.550048828125,20667247.0,-0.0047186255129572086,0.014226311119814962,0.578597199154472,Normal_Market,1
2024-10-08,1216.8724365234375,1236.5999755859375,1247.800048828125,1229.75,1241.0,12219259.0,0.00218812903054566,0.013342227222745388,0.5586861966654137,Normal_Market,1
2024-10-09,1224.3021240234375,1244.1500244140625,1265.0999755859375,1232.6500244140625,1243.050048828125,14765997.0,0.006105559857388476,0.013404498586516947,0.5786736995671753,Normal_Market,1
2024-10-10,1223.662353515625,1243.5,1254.699951171875,1238.0,1246.75,9118195.0,-0.0005225593383029192,0.013403523368471226,0.5655943020545879,Normal_Market,1
2024-10-11,1203.4893798828125,1223.0,1240.800048828125,1222.0,1237.0,8472512.0,-0.016485735280532987,0.013574211291121994,0.567850999819749,Normal_Market,1
2024-10-14,1212.099853515625,1231.75,1237.9000244140625,1217.4000244140625,1221.0,11833929.0,0.00715459045733402,0.0136980308585883,0.5962552709371092,Normal_Market,1
2024-10-15,1235.4710693359375,1255.5,1258.300048828125,1235.4000244140625,1238.949951171875,11657338.0,0.019281592809804904,0.014225386546099414,0.6036732606445767,Normal_Market,1
2024-10-16,1223.3179931640625,1243.1500244140625,1254.949951171875,1241.5999755859375,1248.5,7869727.0,-0.009836795432536682,0.014343658518815914,0.5921730535579405,Normal_Market,1
2024-10-17,1211.6077880859375,1231.25,1256.949951171875,1224.4000244140625,1249.449951171875,8459497.0,-0.009572494758976813,0.013893060659958868,0.6030155538080099,Weak_Bear,0
2024-10-18,1244.327392578125,1264.5,1268.9000244140625,1225.25,1227.949951171875,11018126.0,0.02700511239192105,0.015328689807958287,0.515130256690482,High_Volatility,2
2024-10-21,1238.9644775390625,1259.050048828125,1272.3499755859375,1250.550048828125,1264.5,7742775.0,-0.004309890685562312,0.012631907011108232,0.5272382569675946,Normal_Market,1
2024-10-22,1247.279541015625,1267.5,1284.9000244140625,1259.75,1266.5999755859375,20090801.0,0.0067113009511610144,0.012605938176772025,0.5240092020215938,Normal_Market,1
2024-10-23,1231.6331787109375,1251.5999755859375,1267.949951171875,1243.050048828125,1261.0,14055447.0,-0.01254439104480709,0.01282411456777074,0.557807354059019,Normal_Market,1
2024-10-24,1232.764892578125,1252.75,1260.449951171875,1241.050048828125,1250.25,12223031.0,0.0009188725074555926,0.012760447246960021,0.5824939241617191,Normal_Market,1
2024-10-25,1235.4217529296875,1255.449951171875,1268.9000244140625,1234.199951171875,1247.25,13546055.0,0.002155204425075885,0.012718222143144548,0.696965826798462,Weak_Bear,0
2024-10-28,1272.2252197265625,1292.8499755859375,1307.800048828125,1280.5999755859375,1285.5,24096412.0,0.029790204607939685,0.014188347180533679,0.6643809260196322,Weak_Bear,0
2024-10-29,1310.60302734375,1331.8499755859375,1335.3499755859375,1299.25,1301.3499755859375,20656117.0,0.030165891244819054,0.014447525265599457,0.6417024912863207,Weak_Bear,0
2024-10-30,1291.21728515625,1312.1500244140625,1330.9000244140625,1305.5999755859375,1324.0,15055031.0,-0.014791467578699091,0.014948792593187151,0.6445690948102611,High_Volatility,2
2024-10-31,1271.634765625,1292.25,1318.949951171875,1288.550048828125,1307.25,23497314.0,-0.015165936636977628,0.015005875845244529,0.6516194791728372,High_Volatility,2
2024-11-01,1271.1920166015625,1291.800048828125,1296.199951171875,1286.25,1289.949951171875,1007022.0,-0.0003481731039493008,0.014611846436304058,0.5748346725772604,Normal_Market,1
2024-11-04,1256.8248291015625,1277.199951171875,1291.800048828125,1270.050048828125,1290.0999755859375,14309121.0,-0.01130213792437873,0.014847201925053751,0.5596305787867979,High_Volatility,2
2024-11-05,1276.013671875,1296.699951171875,1301.300048828125,1263.0999755859375,1273.0,16431920.0,0.01526771458450149,0.015148810826026713,0.5352901332139126,High_Volatility,2
2024-11-06,1281.5736083984375,1302.3499755859375,1315.0,1292.699951171875,1300.25,12037405.0,0.004357270338073649,0.015131846725268234,0.54066516509116,High_Volatility,2
2024-11-07,1258.3009033203125,1278.699951171875,1302.800048828125,1275.25,1297.1500244140625,9909035.0,-0.018159475917429724,0.01580964711332927,0.49057702804812925,High_Volatility,2
2024-11-08,1238.7674560546875,1258.8499755859375,1275.0,1252.699951171875,1270.0,11195808.0,-0.015523669429213238,0.01575335927933077,0.4552736915171904,High_Volatility,2
2024-11-11,1249.0509033203125,1269.300048828125,1275.9000244140625,1246.6500244140625,1262.0,8387780.0,0.008301354072035805,0.01577685311050583,0.4316708876658245,High_Volatility,2
2024-11-12,1250.3302001953125,1270.5999755859375,1295.0,1264.5,1276.1500244140625,13486168.0,0.0010242151633685914,0.015219498315198103,0.43158827666816485,High_Volatility,2
2024-11-13,1233.69970703125,1253.699951171875,1276.25,1250.0,1270.5999755859375,12260404.0,-0.013300880968455164,0.015364825689711707,0.41567687289455935,High_Volatility,2
2024-11-14,1236.8978271484375,1256.949951171875,1267.699951171875,1243.050048828125,1253.75,9506892.0,0.0025923002971959264,0.015183400612287267,0.46981460249256746,High_Volatility,2
2024-11-18,1233.45361328125,1253.449951171875,1262.5999755859375,1249.4000244140625,1260.0,6195554.0,-0.0027845581030147004,0.013921459507285338,0.43370994915966976,Normal_Market,1
2024-11-19,1229.173095703125,1249.0999755859375,1261.0,1240.8499755859375,1257.050048828125,11537317.0,-0.0034703514846723404,0.013910143529160451,0.46200869447827,Normal_Market,1
2024-11-21,1230.60009765625,1250.550048828125,1256.9000244140625,1232.550048828125,1248.550048828125,9593870.0,0.0011609446693174874,0.01381784931189655,0.4785919360437285,Normal_Market,1
2024-11-22,1257.6612548828125,1278.050048828125,1281.4000244140625,1256.0,1258.0,11604338.0,0.02199021215592456,0.014390346188827613,0.5218095803689241,Normal_Market,1
2024-11-25,1280.1959228515625,1300.949951171875,1311.199951171875,1290.0,1296.0,22717581.0,0.01791791540151233,0.01487036718053906,0.5129182013236522,High_Volatility,2
2024-11-26,1284.132080078125,1304.949951171875,1314.25,1302.449951171875,1310.5999755859375,7646955.0,0.00307465221244807,0.01487231346736374,0.5732304440697858,Normal_Market,1
2024-11-27,1279.9498291015625,1300.699951171875,1310.8499755859375,1297.8499755859375,1298.5,21938082.0,-0.0032568697888990528,0.013388708569832184,0.5986963397182059,Normal_Market,1
2024-11-28,1265.828857421875,1286.3499755859375,1310.5,1282.300048828125,1301.050048828125,22803745.0,-0.011032441552493832,0.011618238488081103,0.6036453228875185,Weak_Bear,0
2024-11-29,1279.3594970703125,1300.0999755859375,1303.25,1283.0999755859375,1283.0999755859375,11397228.0,0.010689154042510474,0.01150039896684812,0.5754132889056832,Normal_Market,1
2024-12-02,1283.8370361328125,1304.6500244140625,1310.550048828125,1289.1500244140625,1299.9000244140625,9626400.0,0.0034998286820502322,0.010984729310808423,0.5742009592083623,Normal_Market,1
2024-12-03,1287.527099609375,1308.4000244140625,1312.800048828125,1296.0999755859375,1303.949951171875,11509276.0,0.002874246008416792,0.010994723916880075,0.5015368050235333,Normal_Market,1
2024-12-04,1295.0550537109375,1316.050048828125,1320.0,1301.699951171875,1302.5999755859375,11570281.0,0.005846831576474365,0.010673793562082827,0.4868697097489748,Normal_Market,1
2024-12-05,1315.1787109375,1336.5,1342.9000244140625,1308.5999755859375,1316.25,19210697.0,0.0155388430545087,0.010692284522426702,0.49592226276277473,Normal_Market,1
2024-12-06,1307.552490234375,1328.75,1347.0999755859375,1326.699951171875,1342.5,8942672.0,-0.00579861933568615,0.010793475528497127,0.5129868588354404,Normal_Market,1
2024-12-09,1301.2054443359375,1322.300048828125,1329.050048828125,1320.25,1322.0999755859375,8000764.0,-0.004854142335272371,0.009921380887178538,0.49765569172249935,Normal_Market,1
2024-12-10,1309.225341796875,1330.449951171875,1332.0,1315.25,1319.0,8218214.0,0.006163436754624385,0.009087101047880047,0.5179444186342201,Normal_Market,1
2024-12-11,1306.3223876953125,1327.5,1331.25,1316.0,1324.699951171875,8138066.0,-0.002217306684255238,0.009056821403534348,0.5241290883363693,Normal_Market,1
2024-12-12,1308.04443359375,1329.25,1338.75,1321.550048828125,1321.550048828125,9076896.0,0.0013182395974056238,0.009054909229063915,0.560333013437398,Normal_Market,1
2024-12-13,1323.44482421875,1344.9000244140625,1347.1500244140625,1313.5,1325.3499755859375,13536684.0,0.011773598992114165,0.00850041216217676,0.5663750318799983,Normal_Market,1
2024-12-16,1324.6256103515625,1346.0999755859375,1350.449951171875,1340.050048828125,1344.9000244140625,9071006.0,0.0008922065440162275,0.008518987148396646,0.5946075302387541,Normal_Market,1
2024-12-17,1312.4727783203125,1333.75,1348.0999755859375,1326.050048828125,1342.0,9879257.0,-0.009174541044865148,0.008878020242487867,0.563628896854932,Normal_Market,1
2024-12-18,1293.1854248046875,1314.1500244140625,1334.949951171875,1307.449951171875,1325.25,8510595.0,-0.014695431276150916,0.009640440711077293,0.5621069167650848,Normal_Market,1
2024-12-19,1266.3701171875,1286.9000244140625,1303.0,1284.449951171875,1286.0,11517304.0,-0.020735856670544783,0.010963356016278914,0.5585469255877293,Normal_Market,1
2024-12-20,1267.8460693359375,1288.4000244140625,1297.75,1272.4000244140625,1283.949951171875,58491181.0,0.0011654982444748718,0.009845919696681683,0.5804129378970448,Normal_Market,1
2024-12-23,1276.1121826171875,1296.800048828125,1307.0,1287.050048828125,1294.6500244140625,6827512.0,0.00651980826472065,0.009081812243145951,0.561727745559044,Normal_Market,1
2024-12-24,1276.554931640625,1297.25,1304.5,1290.25,1296.800048828125,7138516.0,0.000346951490212577,0.00905173657116275,0.549584027608989,Normal_Market,1
2024-12-26,1276.6534423828125,1297.3499755859375,1312.75,1289.199951171875,1307.0,7338444.0,7.716921516331965e-05,0.009024237184656897,0.5292143452148339,Normal_Market,1
2024-12-27,1286.690673828125,1307.550048828125,1315.949951171875,1298.550048828125,1298.550048828125,4756066.0,0.007862142623904722,0.008804766447616718,0.5276120283110347,Normal_Market,1
2024-12-30,1273.9964599609375,1294.6500244140625,1326.5,1289.449951171875,1304.949951171875,14207425.0,-0.009865785246907954,0.00879604390921528,0.5233346770951036,Normal_Market,1
2024-12-31,1261.203857421875,1281.6500244140625,1289.949951171875,1280.0999755859375,1286.9000244140625,8449607.0,-0.010041317178742237,0.009016824509631994,0.5526637498624427,Normal_Market,1
2025-01-01,1263.1719970703125,1283.6500244140625,1293.0,1267.0999755859375,1281.6500244140625,4705399.0,0.0015605246026291208,0.008993018223967376,0.5077922592739083,Normal_Market,1
2025-01-02,1270.0111083984375,1290.5999755859375,1293.4000244140625,1278.4000244140625,1285.0999755859375,7433222.0,0.005414236021687557,0.008976401507208758,0.4870012538934849,Normal_Market,1
2025-01-03,1244.8687744140625,1265.050048828125,1288.0,1262.25,1286.199951171875,11194997.0,-0.019796940214232506,0.009040017481613625,0.4848383720241448,Normal_Market,1
2025-01-06,1243.933837890625,1264.0999755859375,1277.75,1257.0,1268.050048828125,7504047.0,-0.0007510321912264084,0.00901951978502735,0.49396127278085517,Normal_Market,1
2025-01-07,1258.842041015625,1279.25,1288.949951171875,1266.5,1266.5,7539758.0,0.011984723520569451,0.009553593637158589,0.5124678116277395,Normal_Market,1
2025-01-08,1243.5894775390625,1263.75,1285.0,1252.3499755859375,1280.550048828125,7566309.0,-0.012116344211269614,0.009644747414645808,0.47969566866037505,Normal_Market,1
2025-01-09,1242.260986328125,1262.4000244140625,1264.75,1248.0999755859375,1258.0,8684920.0,-0.0010682715115654107,0.009650091107154897,0.46746999960700397,Normal_Market,1
2025-01-10,1229.9111328125,1249.8499755859375,1264.949951171875,1243.0999755859375,1259.0,7854524.0,-0.009941432316995402,0.009745638118787966,0.48633270696504205,Normal_Market,1
2025-01-13,1210.1317138671875,1229.75,1243.949951171875,1224.9000244140625,1234.9000244140625,9669336.0,-0.016081990330538698,0.009506259983242785,0.4606283017050609,Normal_Market,1
2025-01-14,1220.5135498046875,1240.300048828125,1244.8499755859375,1227.449951171875,1233.3499755859375,10342698.0,0.00857909582777805,0.009880465187567973,0.43810274439523156,Normal_Market,1
2025-01-15,1218.4962158203125,1238.25,1244.4000244140625,1230.0,1234.0,5355382.0,-0.001652856688643789,0.00981760881416727,0.35580678422231354,Normal_Market,1
2025-01-16,1229.173095703125,1249.0999755859375,1255.5,1239.6500244140625,1245.0999755859375,11895924.0,0.008762341437084098,0.00983128981523321,0.34866594158249753,Normal_Market,1
2025-01-17,1205.900390625,1225.449951171875,1249.0,1218.0,1243.3499755859375,9790533.0,-0.018933627134762765,0.009662042911038102,0.3284021615718362,Normal_Market,1
2025-01-20,1213.2806396484375,1232.949951171875,1241.75,1215.25,1223.9000244140625,7676418.0,0.006120114962076206,0.00982045989319893,0.32953135070852874,Normal_Market,1
2025-01-21,1177.0677490234375,1196.1500244140625,1238.949951171875,1192.699951171875,1236.949951171875,20520898.0,-0.02984708520156809,0.011374349809849481,0.33363149092883565,Normal_Market,1
2025-01-22,1181.2991943359375,1200.449951171875,1207.5,1191.800048828125,1201.0,10377123.0,0.0035949037903812986,0.011462069321108832,0.3473771096737123,Normal_Market,1
2025-01-23,1182.5784912109375,1201.75,1207.9000244140625,1186.0,1197.25,8770650.0,0.0010829575446542616,0.011482196990753424,0.3550241560481256,Normal_Market,1
2025-01-24,1189.90966796875,1209.199951171875,1218.0,1202.0,1203.0999755859375,9216792.0,0.006199315151001583,0.011399358980000916,0.3625523446869289,Normal_Market,1
2025-01-27,1208.3603515625,1227.949951171875,1234.6500244140625,1193.0999755859375,1195.0,16164687.0,0.015505953174787201,0.012084631378081023,0.3673551950489538,Normal_Market,1
2025-01-28,1227.00830078125,1246.9000244140625,1264.0,1236.0,1247.3499755859375,18066499.0,0.015432440492305854,0.012587834051185971,0.38109379454231085,Normal_Market,1
2025-01-29,1231.682373046875,1251.6500244140625,1255.800048828125,1243.050048828125,1252.0,7666777.0,0.003809324079265819,0.012624697843443913,0.34170949044490556,Normal_Market,1
2025-01-30,1235.5694580078125,1255.5999755859375,1259.8499755859375,1239.5,1250.0,11921041.0,0.0031559150686892856,0.012572557001234174,0.34143660566694156,Normal_Market,1
2025-01-31,1232.814208984375,1252.800048828125,1256.0,1239.0999755859375,1254.5,10195417.0,-0.0022299426435159475,0.0118022003787553,0.331817773351492,Normal_Market,1
2025-02-01,1235.520263671875,1255.550048828125,1261.3499755859375,1233.800048828125,1251.1500244140625,3011914.0,0.002195022305696348,0.011816224824063313,0.31398782068785897,Normal_Market,1
2025-02-03,1233.0108642578125,1253.0,1260.0,1237.800048828125,1246.8499755859375,6176831.0,-0.0020310467483590777,0.011461312181020315,0.3325336855219718,Normal_Market,1
2025-02-04,1247.9683837890625,1268.199951171875,1280.5,1260.0,1262.800048828125,14839077.0,0.012130890298564623,0.01150291931585223,0.32791136068871635,Normal_Market,1
2025-02-05,1247.476318359375,1267.699951171875,1277.75,1265.1500244140625,1270.199951171875,6840709.0,-0.0003942931856922849,0.011499874497758,0.34176795213571676,Normal_Market,1
2025-02-06,1252.1014404296875,1272.4000244140625,1279.0,1263.199951171875,1275.0,8396554.0,0.0037075830636972285,0.011264400298953647,0.3652452458810071,Normal_Market,1
2025-02-07,1236.8487548828125,1256.9000244140625,1275.0,1249.550048828125,1272.0,7382039.0,-0.012181669195780676,0.010984194444941704,0.39894963866399696,Normal_Market,1
2025-02-10,1242.4576416015625,1262.5999755859375,1265.0,1249.3499755859375,1257.199951171875,5740361.0,0.004534820200616574,0.010876938223823412,0.41165120658477805,Normal_Market,1
2025-02-11,1232.764892578125,1252.75,1261.8499755859375,1248.4000244140625,1255.8499755859375,6586627.0,-0.007801271205466032,0.011039984054709637,0.4049638094283182,Normal_Market,1
2025-02-12,1231.830078125,1251.800048828125,1269.75,1244.6500244140625,1257.199951171875,8809352.0,-0.0007583071668839647,0.010875386129166154,0.37959751033642064,Normal_Market,1
2025-02-13,1228.976318359375,1248.9000244140625,1266.0,1245.9000244140625,1252.550048828125,7263785.0,-0.0023166829713793247,0.009933502041716199,0.379174167856412,Normal_Market,1
2025-02-14,1239.9976806640625,1260.0999755859375,1263.5,1244.449951171875,1252.0999755859375,10368438.0,0.008967920813478747,0.01003076165970722,0.3770334638284163,Normal_Market,1
2025-02-17,1231.1904296875,1251.1500244140625,1258.1500244140625,1233.25,1251.1500244140625,8386151.0,-0.007102635040289629,0.0072318079108286346,0.37064537365725475,Normal_Market,1
2025-02-18,1223.2196044921875,1243.050048828125,1257.5999755859375,1237.050048828125,1252.9000244140625,8135042.0,-0.006474079884892903,0.007481268203832722,0.3739140889897946,Normal_Market,1
2025-02-19,1241.5228271484375,1261.6500244140625,1264.449951171875,1230.25,1234.8499755859375,10683412.0,0.014963153459143896,0.00803717569493466,0.40680696668354804,Normal_Market,1
2025-02-20,1230.009521484375,1249.949951171875,1264.0,1246.75,1255.3499755859375,8398849.0,-0.009273535220054363,0.008395564356181084,0.4274469432795544,Normal_Market,1
2025-02-21,1213.2806396484375,1232.949951171875,1244.699951171875,1224.550048828125,1241.0999755859375,7786428.0,-0.013600611656850559,0.008397688585163078,0.4718085446822478,Normal_Market,1
2025-02-24,1198.9136962890625,1218.3499755859375,1231.9000244140625,1210.25,1226.699951171875,11522480.0,-0.01184140164268832,0.008005512717196992,0.48245039712266063,Normal_Market,1
2025-02-25,1204.6212158203125,1224.1500244140625,1231.6500244140625,1221.0,1226.5999755859375,11059417.0,0.004760575802008171,0.008039139563321522,0.4905794544524698,Normal_Market,1
2025-02-27,1202.9482421875,1222.449951171875,1234.8499755859375,1218.449951171875,1225.1500244140625,12008162.0,-0.0013887964206850123,0.007977111733642192,0.47769503241290906,Normal_Market,1
2025-02-28,1184.8909912109375,1204.0999755859375,1225.0,1200.0999755859375,1216.0,20215075.0,-0.015010829513102175,0.008546574455239651,0.43737333636829323,Normal_Market,1
2025-03-03,1186.9573974609375,1206.199951171875,1217.0,1204.1500244140625,1210.5,8158881.0,0.0017439631707285574,0.008535660705753583,0.42200413519959246,Normal_Market,1
2025-03-04,1191.0904541015625,1210.4000244140625,1216.6500244140625,1206.25,1207.1500244140625,9574490.0,0.0034820598022020643,0.008622111956213445,0.42854118077155856,Normal_Market,1
2025-03-05,1196.3057861328125,1215.699951171875,1225.949951171875,1211.300048828125,1217.0,9052846.0,0.004378619619770152,0.00812805578790475,0.3800369191638169,Normal_Market,1
2025-03-06,1198.618408203125,1218.050048828125,1227.949951171875,1209.0,1227.949951171875,11949475.0,0.0019331362408505637,0.00817001770396901,0.3848726223042437,Normal_Market,1
2025-03-07,1195.17431640625,1214.550048828125,1217.8499755859375,1206.300048828125,1211.0999755859375,6620284.0,-0.0028733847013396874,0.00806137832634461,0.40865003301446434,Normal_Market,1
2025-03-10,1195.469482421875,1214.8499755859375,1225.800048828125,1208.0,1208.0,7363437.0,0.0002469648247733769,0.007731246877709424,0.42672215453342366,Normal_Market,1
2025-03-11,1225.5321044921875,1245.4000244140625,1248.0,1217.199951171875,1217.199951171875,10927950.0,0.0251471263067371,0.009720160813214064,0.43067114447142185,Normal_Market,1
2025-03-12,1224.105224609375,1243.949951171875,1251.949951171875,1235.300048828125,1246.949951171875,11548372.0,-0.0011642941686980102,0.009575048608140516,0.4606238335933174,Normal_Market,1
2025-03-13,1230.1080322265625,1250.050048828125,1255.5999755859375,1245.300048828125,1251.050048828125,8132940.0,0.00490383301738051,0.009644520965995775,0.425493245712807,Normal_Market,1
2025-03-17,1248.755615234375,1269.0,1273.949951171875,1254.75,1257.050048828125,11164812.0,0.015159305133598089,0.010201632321789857,0.41628863721647524,Normal_Market,1
2025-03-18,1248.755615234375,1269.0,1269.0,1269.0,1269.0,0.0,0.0,0.010021437386740512,0.4067925669536388,Normal_Market,1
2025-03-19,1292.152099609375,1313.0999755859375,1318.300048828125,1302.1500244140625,1305.5999755859375,11278014.0,0.034751783171645734,0.012448559690400887,0.37542575047485016,Normal_Market,1
2025-03-20,1300.6148681640625,1321.699951171875,1324.25,1311.050048828125,1320.0,10886735.0,0.006549359442472591,0.012294527099786469,0.3831724339456523,Normal_Market,1
2025-03-21,1321.6734619140625,1343.0999755859375,1349.0,1311.5999755859375,1316.0,60494318.0,0.01619126019966699,0.01235956336889027,0.4042860356346698,Normal_Market,1
2025-03-24,1336.4835205078125,1358.1500244140625,1373.0,1345.050048828125,1355.949951171875,9352280.0,0.011205535270642386,0.012117304720328015,0.45090205357286356,Normal_Market,1
2025-03-25,1322.263916015625,1343.699951171875,1363.800048828125,1330.050048828125,1359.0,16419207.0,-0.010639565901107817,0.011904211830483596,0.5355792083598309,Normal_Market,1
2025-03-26,1314.58837890625,1335.9000244140625,1358.0,1331.5,1344.050048828125,10859639.0,-0.005804845021033067,0.011542391455583672,0.5399558998684874,Normal_Market,1
2025-03-27,1315.326416015625,1336.6500244140625,1351.5,1333.1500244140625,1333.1500244140625,15109614.0,0.0005614206859101412,0.011578955340355492,0.5651915840286784,Normal_Market,1
2025-03-28,1326.8397216796875,1348.3499755859375,1357.949951171875,1327.199951171875,1336.0,8266544.0,0.008753192761792539,0.011530912488143573,0.5457440077651387,Normal_Market,1
2025-04-01,1297.4166259765625,1318.449951171875,1352.3499755859375,1315.4000244140625,1340.0,14288024.0,-0.022175320215675587,0.012271977948435611,0.48639952811463477,Normal_Market,1
2025-04-02,1310.0125732421875,1331.25,1337.949951171875,1322.1500244140625,1322.1500244140625,8042214.0,0.009708483006485302,0.012303008850302938,0.49071283422525447,Normal_Market,1
2025-04-03,1308.3397216796875,1329.550048828125,1333.0,1321.25,1321.949951171875,4591008.0,-0.0012769736693135636,0.012380013810299541,0.49404436739659646,Normal_Market,1
2025-04-04,1313.998046875,1335.300048828125,1338.550048828125,1322.0999755859375,1329.550048828125,8648542.0,0.004324813426934915,0.012380110963847824,0.4621009129198005,Normal_Market,1
2025-04-07,1267.009765625,1287.550048828125,1325.0,1265.0,1295.25,19185012.0,-0.03575978013190306,0.015348644913001154,0.45484348721609924,High_Volatility,2
2025-04-08,1279.1627197265625,1299.9000244140625,1310.050048828125,1287.3499755859375,1299.8499755859375,13085762.0,0.009591839330115759,0.015355360727779616,0.4857351007167155,High_Volatility,2
2025-04-09,1280.04833984375,1300.800048828125,1305.0999755859375,1284.5,1304.949951171875,13005622.0,0.0006923435959553803,0.015350696071210621,0.5249383929832248,High_Volatility,2
2025-04-11,1290.7252197265625,1311.6500244140625,1325.0,1305.0999755859375,1305.0999755859375,13064247.0,0.008340997406485195,0.014544229522992674,0.5143356656352519,Normal_Market,1
2025-04-15,1328.66015625,1350.199951171875,1354.300048828125,1336.199951171875,1351.0,15202603.0,0.029390404668372394,0.015677989481050075,0.5246787655297933,High_Volatility,2
2025-04-16,1334.7613525390625,1356.4000244140625,1359.699951171875,1342.9000244140625,1357.0,14039073.0,0.0045919916092633795,0.01567743222179057,0.48804488052241624,High_Volatility,2
2025-04-17,1384.2589111328125,1406.699951171875,1408.9000244140625,1360.0999755859375,1362.0,17490424.0,0.03708345203402308,0.017178160591400957,0.5405333368418808,High_Volatility,2
2025-04-21,1387.3094482421875,1409.800048828125,1436.0,1404.699951171875,1436.0,16882426.0,0.0022037330479445227,0.017149391819303927,0.5336284983605912,High_Volatility,2
2025-04-22,1393.9024658203125,1416.5,1418.800048828125,1398.9000244140625,1412.800048828125,16135274.0,0.004752377046432388,0.01569893984803491,0.5383907345516892,High_Volatility,2
2025-04-23,1401.676513671875,1424.4000244140625,1429.9000244140625,1411.300048828125,1429.0,13990764.0,0.00557718207850888,0.015691854729557222,0.5101881746299677,High_Volatility,2
2025-04-24,1380.32275390625,1402.699951171875,1421.199951171875,1398.800048828125,1416.300048828125,15678099.0,-0.01523444215362224,0.015963716203614524,0.5269230333788469,High_Volatility,2
2025-04-25,1382.3892822265625,1404.800048828125,1414.800048828125,1388.4000244140625,1410.0,11705093.0,0.0014971341408842598,0.015825492403928897,0.557262039016176,High_Volatility,2
2025-04-28,1406.00634765625,1428.800048828125,1435.0,1403.800048828125,1405.5999755859375,10948561.0,0.017084236497875827,0.01589176866373081,0.6015166220362703,High_Volatility,2
2025-04-29,1406.990478515625,1429.800048828125,1438.300048828125,1422.5999755859375,1428.800048828125,10786910.0,0.0006999476645432878,0.01576393104219911,0.6060398772092765,High_Volatility,2
2025-04-30,1404.2349853515625,1427.0,1433.699951171875,1400.0,1433.0,14192027.0,-0.00195843056945888,0.01579885608077359,0.6479511928666251,High_Volatility,2
2025-05-02,1407.2855224609375,1430.0999755859375,1446.5999755859375,1424.5999755859375,1426.9000244140625,8842434.0,0.0021723836403428898,0.015749827048096802,0.6677845805499656,High_Volatility,2
2025-05-05,1406.5968017578125,1429.4000244140625,1446.800048828125,1426.0,1440.0,4565705.0,-0.000489396566746847,0.014627148831318427,0.626586655005775,Weak_Bear,0
2025-05-06,1408.7615966796875,1431.5999755859375,1433.699951171875,1420.4000244140625,1429.0,6301690.0,0.0015390301749369506,0.01457772871304339,0.6215548571572276,Weak_Bear,0
2025-05-07,1412.5010986328125,1435.4000244140625,1442.0,1421.0,1425.0,10480453.0,0.00265446045799278,0.014532938805371471,0.6412256466217617,Weak_Bear,0
2025-05-08,1412.599365234375,1435.5,1448.9000244140625,1426.0999755859375,1438.5999755859375,15306490.0,6.956922133194432e-05,0.014558100002342457,0.5881230034290165,Normal_Market,1
2025-05-09,1366.742919921875,1388.9000244140625,1419.9000244140625,1387.0,1415.199951171875,13491197.0,-0.03246245640560064,0.014098839217855859,0.5890795189253945,Weak_Bear,0
2025-05-12,1425.39208984375,1448.5,1453.0,1404.0,1409.4000244140625,9925445.0,0.04291163251478736,0.01656160210066752,0.589228206360688,High_Volatility,2
2025-05-13,1407.777587890625,1430.5999755859375,1447.9000244140625,1427.4000244140625,1440.0999755859375,12475424.0,-0.012357653784269229,0.01701418960636863,0.6151935777106788,High_Volatility,2
2025-05-14,1403.44775390625,1426.199951171875,1440.699951171875,1417.300048828125,1429.9000244140625,8026837.0,-0.0030756520217534167,0.017084156099987365,0.6165940174725348,High_Volatility,2
2025-05-15,1427.6553955078125,1450.800048828125,1456.5,1415.5,1425.9000244140625,18209264.0,0.017248694534003794,0.016346667516272735,0.6140163137039776,High_Volatility,2
2025-05-16,1430.8043212890625,1454.0,1458.699951171875,1447.0,1453.300048828125,6439208.0,0.002205662368634842,0.016348718093306874,0.6043137251875962,High_Volatility,2
2025-05-19,1425.8841552734375,1449.0,1459.699951171875,1443.800048828125,1446.5,6005334.0,-0.003438741372539522,0.014373080088015836,0.5741573688340446,Normal_Market,1
2025-05-20,1415.25634765625,1438.199951171875,1459.0,1435.5,1450.199951171875,11352383.0,-0.0074534860198017805,0.014512561204154313,0.5377247628043333,Normal_Market,1
2025-05-21,1421.652587890625,1444.699951171875,1451.300048828125,1438.5,1442.9000244140625,5510460.0,0.004519492348483478,0.01450956713402164,0.5472376879905845,Normal_Market,1
2025-05-22,1419.0941162109375,1442.0999755859375,1445.300048828125,1427.800048828125,1441.0999755859375,7245933.0,-0.0017996462015263948,0.014483112845433703,0.4819416955451525,Normal_Market,1
2025-05-23,1426.67138671875,1449.800048828125,1451.800048828125,1434.4000244140625,1442.199951171875,5203706.0,0.005339512313703443,0.014013566907909367,0.502933082657277,Normal_Market,1
2025-05-26,1437.2989501953125,1460.5999755859375,1471.5999755859375,1455.0,1458.0,5608725.0,0.007449202090612506,0.014071102292756184,0.5011215282183114,Normal_Market,1
2025-05-27,1423.3255615234375,1446.4000244140625,1463.0,1435.699951171875,1452.5,14842959.0,-0.009721977929487924,0.013837716070267863,0.5841031696308054,Normal_Market,1
2025-05-28,1430.6075439453125,1453.800048828125,1458.0,1442.5,1447.5999755859375,8618343.0,0.005116174836402809,0.013872862097571242,0.617400365828596,Weak_Bear,0
2025-05-29,1433.264404296875,1456.5,1462.9000244140625,1445.0,1456.5999755859375,15545514.0,0.0018571552784039103,0.013857372400250674,0.6762854916265936,Weak_Bear,0
2025-05-30,1422.7352294921875,1445.800048828125,1460.9000244140625,1444.300048828125,1459.9000244140625,11803975.0,-0.007346289193481237,0.013982015622566457,0.7383040030835826,Weak_Bear,0
2025-06-02,1427.360107421875,1450.5,1460.0,1432.800048828125,1442.0,9458990.0,0.003250694741943061,0.013991147983291726,0.7219991960915318,Weak_Bear,0
2025-06-03,1414.961181640625,1437.9000244140625,1455.0,1432.0,1454.9000244140625,11167345.0,-0.008686613642050811,0.01414963358393217,0.6945157101384586,Weak_Bear,0
2025-06-04,1408.171142578125,1431.0,1440.0999755859375,1426.4000244140625,1437.4000244140625,8025388.0,-0.00479874582469253,0.0141828569295453,0.6706255895669748,Weak_Bear,0
2025-06-05,1431.5916748046875,1454.800048828125,1459.0,1427.300048828125,1430.9000244140625,11385668.0,0.016631879122081417,0.014666032688751994,0.5873812966857072,Normal_Market,1
2025-06-06,1436.413330078125,1459.699951171875,1461.4000244140625,1442.0999755859375,1448.5999755859375,11580994.0,0.003368038078382485,0.012407468470243063,0.6158936251316375,Weak_Bear,0
2025-06-09,1411.91064453125,1434.800048828125,1466.800048828125,1433.4000244140625,1465.0,11022031.0,-0.017058241547746045,0.008890793591989112,0.6221030144319887,Weak_Bear,0
2025-06-10,1400.200439453125,1422.9000244140625,1441.699951171875,1416.5,1439.0,12905272.0,-0.008293871232915584,0.008647132197789878,0.6700617215882224,Weak_Bear,0
2025-06-11,1408.171142578125,1431.0,1434.5,1418.5999755859375,1421.800048828125,7136877.0,0.005692544367514429,0.008717483385249709,0.6854210274125965,Weak_Bear,0
2025-06-12,1402.4637451171875,1425.199951171875,1436.5,1420.0,1430.5,7953247.0,-0.004053056683499534,0.007775845074334494,0.6865115073867342,Weak_Bear,0
2025-06-13,1393.5089111328125,1416.0999755859375,1421.5,1403.5999755859375,1403.5999755859375,7573103.0,-0.006385073422077503,0.007834579987273127,0.693372708778574,Weak_Bear,0
2025-06-16,1404.1365966796875,1426.9000244140625,1429.0,1414.199951171875,1416.5999755859375,5451137.0,0.007626564467560826,0.00806229181781902,0.6580921664284,Weak_Bear,0
2025-06-17,1400.4957275390625,1423.199951171875,1429.800048828125,1417.800048828125,1426.9000244140625,6970098.0,-0.0025929593667983752,0.007921208687738658,0.6465383848869138,Weak_Bear,0
2025-06-18,1390.0648193359375,1412.5999755859375,1432.0,1410.199951171875,1417.0,6751745.0,-0.007448011441958502,0.007974370995662627,0.6058818100665618,Weak_Bear,0
2025-06-19,1388.78564453125,1411.300048828125,1414.699951171875,1404.699951171875,1408.0,8849883.0,-0.0009202267310804979,0.007972691731477279,0.5583483353945855,Normal_Market,1
2025-06-20,1404.33349609375,1427.0999755859375,1433.300048828125,1410.199951171875,1411.300048828125,12408178.0,0.01119528533703118,0.008319613677279056,0.6441159130710257,Weak_Bear,0
2025-06-23,1397.445068359375,1420.0999755859375,1423.199951171875,1411.9000244140625,1417.0,5514384.0,-0.004905122432481757,0.00813493093512034,0.6859925355648362,Weak_Bear,0
2025-06-24,1401.38134765625,1424.0999755859375,1435.9000244140625,1416.5,1427.699951171875,11188438.0,0.00281676853423396,0.007938472301905863,0.7852942144229523,Weak_Bear,0
2025-06-25,1403.0543212890625,1425.800048828125,1428.9000244140625,1415.300048828125,1422.0,7527388.0,0.0011938032681899635,0.007833769205342138,0.8215158452220458,Weak_Bear,0
2025-06-26,1416.14208984375,1439.0999755859375,1447.5,1421.699951171875,1424.800048828125,13617435.0,0.009328055483028619,0.008146198580184639,0.8196433654729539,Weak_Bear,0
2025-06-27,1438.87353515625,1462.199951171875,1466.0,1437.0999755859375,1438.9000244140625,22532899.0,0.0160516698681048,0.008777372165049629,0.7737447179512059,Weak_Bear,0
2025-06-30,1422.7352294921875,1445.800048828125,1461.9000244140625,1442.300048828125,1461.800048828125,6325073.0,-0.011215930566344068,0.009136244213379465,0.7288836184510442,Weak_Bear,0
2025-07-01,1409.1552734375,1432.0,1447.5999755859375,1429.5999755859375,1445.699951171875,7761449.0,-0.009544963653943195,0.00918049955733502,0.7354821781411821,Weak_Bear,0
2025-07-02,1405.0223388671875,1427.800048828125,1451.0,1422.5999755859375,1432.199951171875,13372280.0,-0.0029329163706924843,0.009140332046039137,0.6982694593565762,Weak_Bear,0
2025-07-03,1403.1527099609375,1425.9000244140625,1446.0999755859375,1423.699951171875,1432.0999755859375,10177738.0,-0.001330675573284812,0.008251919684037863,0.6382269539800068,Weak_Bear,0
2025-07-04,1419.782958984375,1442.800048828125,1444.4000244140625,1421.0999755859375,1427.0,5066503.0,0.01185205922732413,0.008692961905331385,0.6830638074207842,Weak_Bear,0
2025-07-07,1412.7962646484375,1435.699951171875,1440.9000244140625,1429.5999755859375,1437.0,5177477.0,-0.00492095942673898,0.007863673416505576,0.7064602405785154,Weak_Bear,0
2025-07-08,1418.9957275390625,1442.0,1445.0,1430.0,1432.0,5315847.0,0.0043880798992399495,0.007663299012816509,0.7475612392525296,Weak_Bear,0
2025-07-09,1409.056884765625,1431.9000244140625,1438.699951171875,1426.5999755859375,1436.199951171875,8827347.0,-0.007004138617580091,0.0077528651752893085,0.7549454445279208,Weak_Bear,0
2025-07-10,1401.38134765625,1424.0999755859375,1439.0,1422.0999755859375,1436.800048828125,7795964.0,-0.005447286899741943,0.007797931527952522,0.7325619381325181,Weak_Bear,0
2025-07-11,1399.2164306640625,1421.9000244140625,1428.0,1414.5999755859375,1422.0,7158015.0,-0.0015448450172454997,0.007663611341851285,0.7230688800317191,Weak_Bear,0
2025-07-14,1400.298828125,1423.0,1424.9000244140625,1416.0999755859375,1424.9000244140625,5846154.0,0.0007735740070060615,0.007466261991961348,0.721784444752083,Weak_Bear,0
2025-07-15,1407.9744873046875,1430.800048828125,1433.800048828125,1419.0,1421.0999755859375,6041457.0,0.005481443692961774,0.00754286943880436,0.7451945379476718,Weak_Bear,0
2025-07-16,1403.6446533203125,1426.4000244140625,1429.199951171875,1419.0999755859375,1426.0,5649093.0,-0.0030752219045273588,0.007368017044358197,0.7261917033348063,Weak_Bear,0
2025-07-17,1396.0673828125,1418.699951171875,1423.199951171875,1409.5,1421.0,12927394.0,-0.005398282599437532,0.007481002792277913,0.6939124939521318,Weak_Bear,0
2025-07-18,1403.0543212890625,1425.800048828125,1429.0,1408.5,1415.800048828125,11297246.0,0.00500472868471924,0.007125585496038975,0.7470727673347077,Weak_Bear,0
2025-07-21,1442.4161376953125,1465.800048828125,1467.699951171875,1437.0,1448.0,13867136.0,0.028054378087147835,0.009388668034568459,0.7555055723762459,Weak_Bear,0
2025-07-22,1450.0916748046875,1473.5999755859375,1482.0,1469.699951171875,1474.0999755859375,8930165.0,0.005321305626571071,0.009422023587554462,0.7735013159526677,Weak_Bear,0
2025-07-23,1464.8524169921875,1488.5999755859375,1490.0,1472.5999755859375,1482.9000244140625,11974174.0,0.010179178629853292,0.00960644095962687,0.7915558421845816,Weak_Bear,0
2025-07-24,1459.7353515625,1483.4000244140625,1488.699951171875,1478.0999755859375,1487.699951171875,6700578.0,-0.003493229331726466,0.009533319829947002,0.7653621168702679,Weak_Bear,0
2025-07-25,1453.5357666015625,1477.0999755859375,1500.0,1473.5999755859375,1500.0,8696077.0,-0.004247060917104917,0.008973372788391864,0.769446063550256,Weak_Bear,0
2025-07-28,1464.655517578125,1488.4000244140625,1493.800048828125,1477.0999755859375,1477.0999755859375,7507479.0,0.0076501392205581276,0.008658052201068323,0.7577336046997886,Weak_Bear,0
2025-07-29,1462.4906005859375,1486.199951171875,1489.800048828125,1475.4000244140625,1479.9000244140625,9776027.0,-0.0014781066033652257,0.008297396553585148,0.7654699404059124,Weak_Bear,0
2025-07-30,1458.751220703125,1482.4000244140625,1488.5,1477.300048828125,1487.699951171875,7238625.0,-0.0025568573783067983,0.008286306838578431,0.7259938161823054,Weak_Bear,0
2025-07-31,1457.7672119140625,1481.4000244140625,1494.5,1464.0,1469.9000244140625,12406146.0,-0.0006745555891211064,0.008274089629280251,0.6810938977969773,Weak_Bear,0
2025-08-01,1448.12353515625,1471.5999755859375,1485.0999755859375,1469.800048828125,1480.4000244140625,4416771.0,-0.006615374991971623,0.00813945124910327,0.7267553824771164,Weak_Bear,0
2025-08-04,1439.8575439453125,1463.199951171875,1478.800048828125,1461.300048828125,1476.800048828125,6140054.0,-0.0057080704858827325,0.008171527523007597,0.722795466322251,Weak_Bear,0
2025-08-05,1421.3575439453125,1444.4000244140625,1461.5,1441.0,1453.0,14799343.0,-0.012848493295599672,0.008685976332515239,0.6542585343897159,Weak_Bear,0
2025-08-06,1420.5703125,1443.5999755859375,1454.0,1441.5999755859375,1442.300048828125,7805252.0,-0.0005538588433754432,0.008525859155459203,0.6832138401608837,Weak_Bear,0
2025-08-07,1417.322998046875,1440.300048828125,1447.9000244140625,1429.0999755859375,1441.0999755859375,7432535.0,-0.0022859230722696022,0.008439813481447886,0.65352814671104,Weak_Bear,0
2025-08-08,1412.9931640625,1435.9000244140625,1447.5999755859375,1432.0,1445.9000244140625,5415511.0,-0.00305493807010937,0.00846671653389976,0.5883511948522883,Normal_Market,1
2025-08-11,1413.681884765625,1436.5999755859375,1438.4000244140625,1420.4000244140625,1427.9000244140625,8492484.0,0.00048741969928922657,0.008466513902745878,0.6353013256867205,Weak_Bear,0
2025-08-12,1410.112060546875,1422.0,1433.800048828125,1420.0999755859375,1431.0,5913947.0,-0.0025251962674345263,0.008408135265919305,0.6195740350531523,Weak_Bear,0
2025-08-13,1408.922119140625,1420.800048828125,1427.699951171875,1415.199951171875,1424.5999755859375,9009465.0,-0.0008438630088650756,0.008378409983114104,0.6035910608738949,Normal_Market,1
2025-08-14,1415.3677978515625,1427.300048828125,1431.0999755859375,1412.0,1412.0,7577793.0,0.004574900644521929,0.008322989279516661,0.565183709149385,Normal_Market,1
2025-08-18,1422.606689453125,1434.5999755859375,1452.4000244140625,1431.0,1450.0,6908844.0,0.005114495053901047,0.008325999522015258,0.6530749128813418,Weak_Bear,0
2025-08-19,1424.29248046875,1436.300048828125,1438.5,1426.300048828125,1431.0999755859375,6709554.0,0.0011850014681662469,0.005303085728131031,0.6606065462357523,Weak_Bear,0
2025-08-20,1418.64013671875,1430.5999755859375,1435.9000244140625,1423.0,1432.5999755859375,5817858.0,-0.003968527410984968,0.0051603504633661685,0.630678598414978,Weak_Bear,0
2025-08-21,1433.911376953125,1446.0,1447.800048828125,1436.4000244140625,1440.0999755859375,6238645.0,0.010764703351546778,0.005228814686309037,0.6391450530454733,Weak_Bear,0
2025-08-22,1424.3917236328125,1436.4000244140625,1446.0,1429.4000244140625,1444.300048828125,6657207.0,-0.006638941201889681,0.005351917167491928,0.616193349083364,Weak_Bear,0
2025-08-25,1421.2183837890625,1433.199951171875,1435.9000244140625,1424.0,1435.9000244140625,6738427.0,-0.0022278561375354,0.005310518007289162,0.5968974010607392,Normal_Market,1
2025-08-26,1404.7572021484375,1416.5999755859375,1427.9000244140625,1413.0999755859375,1427.9000244140625,8720155.0,-0.01158244350649218,0.005381549102960107,0.5974728626018183,Normal_Market,1
2025-08-28,1387.4034423828125,1399.0999755859375,1411.800048828125,1396.300048828125,1408.0,12990789.0,-0.012353565256034371,0.005847663775197921,0.5853136099833375,Normal_Market,1
2025-08-29,1386.1143798828125,1397.800048828125,1405.0,1392.0999755859375,1392.0999755859375,8519507.0,-0.0009291187124245148,0.005859838975873868,0.5624680278308217,Normal_Market,1
2025-09-01,1399.2039794921875,1411.0,1412.4000244140625,1398.0999755859375,1398.0999755859375,4927348.0,0.009443376246108581,0.0064371544050849236,0.5647740570401967,Normal_Market,1
2025-09-02,1382.54443359375,1394.199951171875,1413.9000244140625,1390.0,1413.9000244140625,7163073.0,-0.011906445480868166,0.006737322460538997,0.6185424322690274,Weak_Bear,0
2025-09-03,1385.321044921875,1397.0,1400.0,1384.199951171875,1389.0,9813382.0,0.002008334242761034,0.0067523810237174985,0.625239326397473,Weak_Bear,0
2025-09-04,1393.75,1405.5,1415.0999755859375,1401.9000244140625,1409.9000244140625,10564859.0,0.006084477752664519,0.006458469309687629,0.5421690115801877,Normal_Market,1
2025-09-05,1391.0726318359375,1402.800048828125,1411.5,1387.699951171875,1411.0,6621077.0,-0.0019209816423766402,0.0064611742663665496,0.45826409528876816,Normal_Market,1
2025-09-08,1390.973388671875,1402.699951171875,1410.5999755859375,1397.5999755859375,1402.199951171875,5880943.0,-7.134290603616478e-05,0.006457470709316981,0.3994198215313911,Normal_Market,1
2025-09-09,1391.9649658203125,1403.699951171875,1407.5,1395.199951171875,1399.0,6470679.0,0.0007128656497046304,0.00644679938977763,0.2644739383836861,Normal_Market,1
2025-09-10,1392.163330078125,1403.9000244140625,1413.699951171875,1402.0999755859375,1410.0,7452347.0,0.00014250664541370917,0.006443832977802842,0.2783358876466915,Normal_Market,1
2025-09-11,1389.882568359375,1401.5999755859375,1408.0,1396.0,1398.0,10192026.0,-0.001638286018223134,0.006433995045804969,0.2644156029068197,Normal_Market,1
2025-09-12,1405.847900390625,1417.699951171875,1419.699951171875,1400.0999755859375,1405.0999755859375,7770038.0,0.011486820825514554,0.006986783383811095,0.24059053973843297,Normal_Market,1
2025-09-15,1407.5338134765625,1419.4000244140625,1426.800048828125,1416.300048828125,1422.0,5845637.0,0.0011992144281534056,0.006908597650833863,0.25085955967757434,Normal_Market,1
2025-09-16,1409.71533203125,1421.5999755859375,1424.9000244140625,1413.699951171875,1414.0,8213151.0,0.00154988713862525,0.006808037261701772,0.3298619956340026,Normal_Market,1
2025-09-17,1407.33544921875,1419.199951171875,1426.0999755859375,1416.4000244140625,1420.0999755859375,7484283.0,-0.0016882009852803304,0.006802409789069403,0.35913555516523993,Normal_Market,1
2025-09-18,1409.814453125,1421.699951171875,1432.800048828125,1415.300048828125,1431.0999755859375,8130537.0,0.001761487574001075,0.006772636510852421,0.31653123008950745,Normal_Market,1
2025-09-19,1390.4775390625,1402.199951171875,1418.0,1400.199951171875,1416.0999755859375,13457344.0,-0.013715928375991449,0.006880861838402226,0.3257549040403281,Normal_Market,1
2025-09-22,1389.783447265625,1401.5,1409.9000244140625,1397.199951171875,1403.9000244140625,8847948.0,-0.0004991751232047426,0.006776357838949979,0.30844573570473605,Normal_Market,1
2025-09-23,1382.6436767578125,1394.300048828125,1403.300048828125,1391.0,1391.0,12827524.0,-0.0051373259063201004,0.006830436053469844,0.276892158275395,Normal_Market,1
2025-09-24,1371.1405029296875,1382.699951171875,1390.9000244140625,1376.5,1386.4000244140625,9735678.0,-0.008319695104019198,0.006608612076807975,0.3016906684887535,Normal_Market,1
2025-09-25,1364.29833984375,1375.800048828125,1391.5,1371.800048828125,1377.0,21613389.0,-0.004990125425744507,0.006142601508851917,0.3127168328163907,Normal_Market,1
2025-09-26,1348.233642578125,1359.5999755859375,1372.699951171875,1357.0,1368.0,18342280.0,-0.011775061800240016,0.006613340847212379,0.32998421439505626,Normal_Market,1
2025-09-29,1336.829833984375,1348.0999755859375,1366.5,1346.199951171875,1359.5999755859375,20563163.0,-0.008458332616551045,0.006276553450844544,0.3653356625005795,Normal_Market,1
2025-09-30,1336.730712890625,1348.0,1356.5999755859375,1342.5999755859375,1353.699951171875,20166871.0,-7.414638066127743e-05,0.005863365318879524,0.46351417700061404,Normal_Market,1
2025-10-01,1360.530029296875,1372.0,1379.4000244140625,1347.0999755859375,1348.0,20952632.0,0.01780412178514612,0.007277752372737128,0.4952132314745835,Normal_Market,1
2025-10-03,1353.786865234375,1365.199951171875,1371.9000244140625,1361.300048828125,1371.9000244140625,12163695.0,-0.004956277272310516,0.00713930321458221,0.4699829298273664,Normal_Market,1
2025-10-06,1352.001953125,1363.4000244140625,1372.5999755859375,1359.0999755859375,1371.0,14314283.0,-0.001318458728779226,0.007138390868694823,0.5011461794026244,Normal_Market,1
2025-10-07,1364.3974609375,1375.9000244140625,1383.0999755859375,1363.5999755859375,1363.5999755859375,16126464.0,0.009168261764599617,0.007517756982091311,0.4789873026215479,Normal_Market,1
2025-10-08,1358.8443603515625,1370.300048828125,1381.5999755859375,1364.300048828125,1372.300048828125,8100832.0,-0.0040700021400815745,0.0075385458193594395,0.471047623170121,Normal_Market,1
2025-10-09,1364.69482421875,1376.199951171875,1378.699951171875,1365.0999755859375,1369.800048828125,7909575.0,0.004305470175902881,0.0076337510918335245,0.4895030569940229,Normal_Market,1
2025-10-10,1368.7607421875,1380.300048828125,1385.0,1370.300048828125,1370.300048828125,7673816.0,0.0029793605842078907,0.007682097624359381,0.46475947635180287,Normal_Market,1
2025-10-13,1367.8681640625,1379.4000244140625,1386.4000244140625,1373.0999755859375,1373.0999755859375,8923018.0,-0.0006521067542991643,0.0071247742277600196,0.42792531298765096,Normal_Market,1
2025-10-14,1372.52880859375,1384.0999755859375,1389.0,1375.0999755859375,1389.0,10610855.0,0.0034072322565121826,0.00718313009862123,0.41492616661844783,Normal_Market,1
2025-10-15,1386.7093505859375,1398.4000244140625,1400.4000244140625,1385.5,1386.5,8988550.0,0.010331689873028127,0.007617528571524956,0.45332402934813104,Normal_Market,1
2025-10-16,1405.451416015625,1417.300048828125,1418.9000244140625,1399.4000244140625,1401.0,12185032.0,0.013515496539897365,0.008255584182332257,0.48471273085242217,Normal_Market,1
2025-10-17,1424.5899658203125,1436.5999755859375,1439.5999755859375,1410.9000244140625,1412.0,17037215.0,0.01361736847435413,0.00879911104047566,0.43595170961886487,Normal_Market,1
2025-10-20,1378.6771240234375,1390.300048828125,1445.0,1389.199951171875,1442.0,23330227.0,-0.032228811727195716,0.011062408551457221,0.4523282260356614,Normal_Market,1
2025-10-21,1370.4464111328125,1382.0,1387.5999755859375,1375.9000244140625,1384.5,3415560.0,-0.0059700075871318425,0.011133247376147555,0.4375040772024716,Normal_Market,1
2025-10-23,1352.2994384765625,1363.699951171875,1389.800048828125,1360.0999755859375,1385.0,21124942.0,-0.0132416506831885,0.0114485326537035,0.4108998275304792,Normal_Market,1
2025-10-24,1366.182373046875,1377.699951171875,1381.5999755859375,1368.0999755859375,1368.0999755859375,10570263.0,0.010266168997269176,0.011580624597545759,0.42227386454971816,Normal_Market,1
2025-10-27,1366.083251953125,1377.5999755859375,1386.800048828125,1374.0,1382.0999755859375,11499836.0,-7.255333966060817e-05,0.011523778301588603,0.38713598662350984,Normal_Market,1
2025-10-28,1351.7044677734375,1363.0999755859375,1375.800048828125,1356.199951171875,1373.0,26477914.0,-0.0105255548365224,0.011459050498667118,0.34914600397244683,Normal_Market,1
2025-10-29,1358.9434814453125,1370.4000244140625,1371.699951171875,1358.4000244140625,1364.5999755859375,16129382.0,0.0053554706997449575,0.011325789464011917,0.3283543797149841,Normal_Market,1
2025-10-30,1351.0103759765625,1362.4000244140625,1370.199951171875,1361.300048828125,1362.4000244140625,9324401.0,-0.005837700814689262,0.01142429655904683,0.37811941257501896,Normal_Market,1
2025-10-31,1334.0533447265625,1345.300048828125,1362.0,1343.300048828125,1357.0,15926798.0,-0.01255137010901397,0.011027020922523788,0.39725019823141516,Normal_Market,1
2025-11-03,1335.14404296875,1346.4000244140625,1351.5999755859375,1337.9000244140625,1340.5,11071450.0,0.0008175821802771654,0.010991418721005725,0.39726675187769167,Normal_Market,1
2025-11-04,1325.7235107421875,1336.9000244140625,1349.800048828125,1333.199951171875,1342.5999755859375,15211183.0,-0.00705581714285719,0.01108466455194851,0.47794546922172054,Normal_Market,1
2025-11-06,1309.3614501953125,1320.4000244140625,1342.199951171875,1317.4000244140625,1330.0,24221853.0,-0.012341985651076581,0.011097631229533576,0.5205086312364908,Normal_Market,1
2025-11-07,1331.7724609375,1343.0,1344.300048828125,1318.5999755859375,1320.4000244140625,7719245.0,0.0171159848480682,0.011873416439631211,0.5143672661965458,Normal_Market,1
2025-11-10,1336.730712890625,1348.0,1349.5999755859375,1341.0,1342.9000244140625,8542340.0,0.0037230473662404062,0.01186058583206378,0.5154156743810312,Normal_Market,1
2025-11-11,1346.944580078125,1358.300048828125,1360.4000244140625,1346.199951171875,1349.0,8305184.0,0.0076409310334562,0.011987353938610064,0.4754551032063151,Normal_Market,1
2025-11-12,1347.53955078125,1358.9000244140625,1370.0,1355.4000244140625,1370.0,9736761.0,0.0004417187699663483,0.011990243710230854,0.46097798016804026,Normal_Market,1
2025-11-13,1374.3138427734375,1385.9000244140625,1390.4000244140625,1358.5,1358.9000244140625,18296626.0,0.01986902126669654,0.012821750241970051,0.4386027592227329,Normal_Market,1
2025-11-14,1361.521728515625,1373.0,1381.199951171875,1363.199951171875,1374.0,9694498.0,-0.009308000734386312,0.01275227983393955,0.44674138048140494,Normal_Market,1
2025-11-17,1367.4715576171875,1379.0,1382.5,1373.5999755859375,1375.0999755859375,7660717.0,0.004369984684746253,0.012368679989869007,0.45987370465568406,Normal_Market,1
2025-11-18,1361.9183349609375,1373.4000244140625,1382.800048828125,1369.0999755859375,1380.199951171875,9529560.0,-0.004060941981072319,0.011868395945813428,0.4406920069122496,Normal_Market,1
2025-11-19,1371.5372314453125,1383.0999755859375,1384.0,1371.5999755859375,1373.5,10393918.0,0.007062755700877554,0.009683415114041716,0.48178984151178167,Normal_Market,1
2025-11-20,1371.4381103515625,1383.0,1388.300048828125,1375.4000244140625,1380.0999755859375,10131863.0,-7.22700714770319e-05,0.009588273682024149,0.5003505003016209,Normal_Market,1
2025-11-21,1358.0509033203125,1369.5,1376.0,1364.5999755859375,1373.0,11483595.0,-0.009761437231621262,0.009362716008579493,0.4998870576412832,Normal_Market,1
2025-11-24,1356.960205078125,1368.4000244140625,1377.0,1361.5,1373.300048828125,15896003.0,-0.000803135022053203,0.009062039402508817,0.5097157200833219,Normal_Market,1
2025-11-25,1346.4488525390625,1357.800048828125,1376.9000244140625,1354.300048828125,1365.0,12235000.0,-0.007746249668727279,0.009213107432323234,0.4746210096060567,Normal_Market,1
2025-11-26,1363.5050048828125,1375.0,1377.0,1359.9000244140625,1360.0,9659004.0,0.012667508544113248,0.009367436269802958,0.4296694208829705,Normal_Market,1
2025-11-27,1380.5611572265625,1392.199951171875,1394.0,1375.699951171875,1379.0,15158741.0,0.012509050045779624,0.009694412691930542,0.4218837457765793,Normal_Market,1
2025-11-28,1377.189697265625,1388.800048828125,1398.5,1385.5999755859375,1392.0,7683986.0,-0.002442093885728691,0.009600702422296362,0.4716175901762558,Normal_Market,1
2025-12-01,1378.478759765625,1390.0999755859375,1400.0,1385.4000244140625,1394.0,8867593.0,0.0009360093983852291,0.009056736537464359,0.5148678924259342,Normal_Market,1
2025-12-02,1361.521728515625,1373.0,1381.800048828125,1370.5999755859375,1381.800048828125,12126396.0,-0.012301264078151686,0.009582169673542154,0.5259079086002684,Normal_Market,1
2025-12-03,1379.8670654296875,1391.5,1394.199951171875,1367.0,1367.0,7955933.0,0.013474141858950128,0.009769087933564813,0.5672361421931836,Normal_Market,1
2025-12-04,1375.1070556640625,1386.699951171875,1391.5999755859375,1379.9000244140625,1387.0,7373909.0,-0.003449614738172402,0.009269228973765569,0.58309896751404,Normal_Market,1
2025-12-05,1380.858642578125,1392.5,1395.300048828125,1381.0,1381.0,4942638.0,0.004182646645853216,0.008624078358980757,0.5847781306926287,Normal_Market,1
2025-12-08,1377.98291015625,1389.5999755859375,1394.9000244140625,1383.300048828125,1387.0,7826227.0,-0.0020825682899053843,0.008655244111142903,0.591259040973999,Normal_Market,1
2025-12-09,1363.7032470703125,1375.199951171875,1384.300048828125,1373.4000244140625,1379.9000244140625,10492030.0,-0.010362728725219372,0.008921252067736944,0.5573816003210774,Normal_Market,1
2025-12-10,1352.2001953125,1363.5999755859375,1379.4000244140625,1357.9000244140625,1377.9000244140625,8725381.0,-0.008435157562706408,0.00915035679902006,0.5098228105597725,Normal_Market,1
2025-12-11,1348.63037109375,1360.0,1366.5999755859375,1352.800048828125,1363.699951171875,6734750.0,-0.0026400116130178564,0.007904918355718901,0.5016224390144673,Normal_Market,1
2025-12-12,1354.5802001953125,1366.0,1370.699951171875,1363.300048828125,1368.0,3890885.0,0.0044117567193278084,0.007731470182054913,0.5630858600081143,Normal_Market,1
2025-12-15,1353.786865234375,1365.199951171875,1370.0,1356.0999755859375,1356.0999755859375,5342530.0,-0.0005856685051376376,0.007655419988263366,0.5704056013291195,Normal_Market,1
2025-12-16,1354.5802001953125,1366.0,1368.699951171875,1355.5,1364.0,12359741.0,0.0005860117137421739,0.007611246414580169,0.543062747534886,Normal_Market,1
2025-12-17,1341.0938720703125,1352.4000244140625,1365.0,1343.0999755859375,1365.0,9440391.0,-0.009956094237207558,0.007702328803351129,0.5853416185863197,Normal_Market,1
2025-12-18,1345.4571533203125,1356.800048828125,1369.5,1345.5,1346.300048828125,7314573.0,0.003253524112569517,0.007761214508563822,0.5903511850541364,Normal_Market,1
2025-12-19,1342.7796630859375,1354.0999755859375,1360.4000244140625,1350.800048828125,1354.0,14318512.0,-0.0019900226683305933,0.0074852828616192215,0.5747931255449986,Normal_Market,1
2025-12-22,1357.059326171875,1368.5,1371.300048828125,1354.800048828125,1358.0,9375294.0,0.010634405240484757,0.00788999090627472,0.6127507285786293,Normal_Market,1
2025-12-23,1351.605224609375,1363.0,1365.0,1357.0,1361.0999755859375,9105467.0,-0.004019059047245532,0.007739147575424417,0.5700698242512432,Normal_Market,1
2025-12-24,1348.43212890625,1359.800048828125,1368.199951171875,1357.5999755859375,1363.800048828125,8955140.0,-0.002347649776244465,0.007175834624264284,0.5473461166166776,Normal_Market,1
2025-12-26,1339.110595703125,1350.4000244140625,1362.0,1348.5,1356.5,2812144.0,-0.006912867917709731,0.0066101027758469905,0.4955280898493186,Normal_Market,1
2025-12-29,1332.070068359375,1343.300048828125,1355.699951171875,1341.5,1352.0999755859375,6057201.0,-0.005257614543818345,0.006660956334100327,0.43765021791404934,Normal_Market,1
2025-12-30,1331.276611328125,1342.5,1347.0999755859375,1338.0999755859375,1343.300048828125,18621277.0,-0.0005956571280272271,0.0066385100746912075,0.43172462447509746,Normal_Market,1
2025-12-31,1331.67333984375,1342.9000244140625,1350.0,1339.5,1342.800048828125,6150634.0,0.00029800607345542574,0.006162238246399218,0.43207338862025785,Normal_Market,1
