Date,Adj Close,Close,High,Low,Open,Volume,Daily_Return,Rolling_Volatility,Hurst,Market_Regime,Regime
2015-05-29,368.8692626953125,505.7875061035156,514.1124877929688,500.25,501.2124938964844,18993044.0,0.00324776462508769,0.01538123646999085,0.5201286001594798,Weak_Bear,0
2015-06-01,373.3635864257813,511.9500122070313,516.0,505.8125,508.2000122070313,5724892.0,0.012184055937946692,0.014525135491595911,0.5585233478317824,Weak_Bear,0
2015-06-02,366.2256774902344,502.1625061035156,513.7750244140625,501.25,512.0250244140625,4673140.0,-0.019117849718228608,0.01478404793469648,0.545030172681421,Weak_Bear,0
2015-06-03,368.4591369628906,505.2250061035156,509.8624877929687,502.0,504.5499877929687,5495796.0,0.006098587865171812,0.013872249773465824,0.556178194557028,Weak_Bear,0
2015-06-04,369.7627258300781,507.0125122070313,513.75,503.1499938964844,507.5,7489464.0,0.003537946915722179,0.013719681471823791,0.5537749114105989,Weak_Bear,0
2015-06-05,366.77252197265625,502.9125061035156,511.0,502.0375061035156,507.5,6125788.0,-0.008086817974172988,0.013852654177064052,0.583153920532038,Weak_Bear,0
2015-06-08,364.65771484375,500.0125122070313,506.1625061035156,496.75,505.0,6141048.0,-0.005765991185849861,0.01335225345589496,0.5706733126697933,Weak_Bear,0
2015-06-09,363.2081909179687,498.0249938964844,501.9125061035156,495.75,500.9375,7561740.0,-0.003975026077269184,0.012203805170493794,0.538662130900769,Weak_Bear,0
2015-06-10,369.4801330566406,506.625,509.8374938964844,496.25,497.5,6385840.0,0.017268173723781644,0.012703181200992937,0.5449191252906285,Weak_Bear,0
2015-06-11,364.2200622558594,499.4125061035156,511.1875,498.7625122070313,508.9874877929687,9229464.0,-0.014236410378186348,0.012884385078570537,0.5601322170279444,Weak_Bear,0
2015-06-12,360.0996398925781,493.7625122070313,506.3875122070313,488.875,501.25,9852924.0,-0.011313002193675703,0.012857480528491972,0.5252203760865621,Weak_Bear,0
2015-06-15,366.6424865722656,495.2250061035156,499.3999938964844,484.0,488.4750061035156,5236426.0,0.01816954518932401,0.013006997126931706,0.5309549787486091,Weak_Bear,0
2015-06-16,369.93695068359375,499.6749877929687,501.5,492.5,497.1749877929687,5223444.0,0.00898549467664811,0.012739213441223396,0.5130428198109542,Weak_Bear,0
2015-06-17,368.58587646484375,497.8500061035156,510.5,496.1000061035156,505.5,6412068.0,-0.003652174286059795,0.01243834191404223,0.5039331729347332,Weak_Bear,0
2015-06-18,370.89947509765625,500.9750061035156,503.9750061035156,497.8999938964844,502.7999877929687,3474426.0,0.006276959537903526,0.012530733691273799,0.5062554725930856,Weak_Bear,0
2015-06-19,368.456298828125,497.6749877929687,505.2000122070313,496.5499877929687,505.1499938964844,6670458.0,-0.006587165616473212,0.01260988092929488,0.5341214257589131,Weak_Bear,0
2015-06-22,379.00634765625,511.9249877929687,514.375,498.5,502.4500122070313,5710868.0,0.02863310753996995,0.013737817231822394,0.5178803585264717,Weak_Bear,0
2015-06-23,370.3257141113281,500.2000122070313,513.7000122070312,499.0750122070313,512.5,6952116.0,-0.02290366269220112,0.01474341108827195,0.48429541623255823,Weak_Bear,0
2015-06-24,368.3637390136719,497.5499877929687,507.5,495.6000061035156,507.5,7073694.0,-0.0052979715501647595,0.014058407770209074,0.49145715401392276,Weak_Bear,0
2015-06-25,366.6424865722656,495.2250061035156,501.75,493.8250122070313,499.6000061035156,7117466.0,-0.004672697823121963,0.013015694465019188,0.5148995961163438,Weak_Bear,0
2015-06-26,372.1210632324219,502.625,505.7999877929687,499.0499877929687,499.5,5320284.0,0.014942558107150505,0.013428295187879982,0.5780506702319559,Weak_Bear,0
2015-06-29,366.5314025878906,495.0750122070313,499.75,491.25,493.5,5690668.0,-0.015021081032008166,0.013562274740253004,0.6193559996051372,Weak_Bear,0
2015-06-30,364.3843383789063,492.1749877929687,496.7250061035156,490.0,495.0,6212530.0,-0.005857790611732083,0.012930926157196288,0.6343514251158279,Normal_Market,1
2015-07-01,369.2151489257813,498.7000122070313,502.5,493.0,494.5,6880852.0,0.01325745933089939,0.013209741774663577,0.6434071478492783,Normal_Market,1
2015-07-02,365.7354431152344,494.0,500.7000122070313,492.5249938964844,499.5,4007568.0,-0.009424601944614142,0.013353791053313838,0.6712505561419846,Normal_Market,1
2015-07-03,366.5869140625,495.1499938964844,496.5,491.0,494.0,2695306.0,0.002328106185206069,0.013243461656093686,0.6873055406556773,Normal_Market,1
2015-07-06,363.9956359863281,491.6499938964844,494.0,487.5,492.5,4305602.0,-0.007068659509570141,0.01327677237131935,0.6952121844060262,Normal_Market,1
2015-07-07,362.9591064453125,490.25,495.0,489.5,492.5,3497418.0,-0.0028476427696911832,0.013261425014080811,0.6859546590020879,Normal_Market,1
2015-07-08,354.4450378417969,478.75,489.5,477.3999938964844,489.5,7024178.0,-0.02345737702216444,0.01360061499647196,0.6601638737544342,Normal_Market,1
2015-07-09,347.2265930175781,469.0,483.0,467.0249938964844,478.75,8587772.0,-0.020365484217726992,0.013955560847932518,0.6692578853323213,Normal_Market,1
2015-07-10,347.04156494140625,468.75,476.0499877929687,466.3250122070313,474.0499877929687,7411522.0,-0.000532874151613516,0.013796147962818119,0.6802912618293546,Normal_Market,1
2015-07-13,351.7242431640625,475.0750122070313,477.5,467.0249938964844,470.5,6531768.0,0.013493133663821766,0.013476620699959052,0.7062439198078061,Normal_Market,1
2015-07-14,359.5350646972656,485.625,486.75,472.75,477.5,5367074.0,0.02220723104821576,0.014339922293603338,0.6934289769164615,Normal_Market,1
2015-07-15,364.2547607421875,492.0,492.9750061035156,484.0,485.0,4129566.0,0.013127220425345643,0.01468348972122572,0.6985838709226908,Normal_Market,1
2015-07-16,366.1241760253906,494.5249938964844,495.75,489.75,493.8500061035156,3472938.0,0.005132164311028031,0.014657937122473187,0.6892207277583825,Normal_Market,1
2015-07-17,370.8624267578125,500.9249877929687,502.25,494.5499877929687,495.5,3447978.0,0.012941649425776358,0.014883038404803872,0.6735871800927865,Normal_Market,1
2015-07-20,370.6403503417969,500.625,505.3999938964844,493.7000122070313,500.7000122070313,4377180.0,-0.0005988107718463143,0.013321030293085272,0.6698377261366708,Normal_Market,1
2015-07-21,411.8782348632813,556.3250122070312,574.5,517.5,517.5,38310112.0,0.11126118482096103,0.02772292092307522,0.5844451379955379,High_Volatility,2
2015-07-22,408.3615417480469,551.5750122070312,556.0,538.3250122070312,552.5,12665660.0,-0.008538186331700115,0.02779979644950093,0.5601138663772935,High_Volatility,2
2015-07-23,406.4550476074219,549.0,558.5,545.0,551.9749755859375,7710748.0,-0.004668642723954841,0.027799718248459553,0.5654620422568601,High_Volatility,2
2015-07-24,402.6051635742187,543.7999877929688,553.2249755859375,541.5499877929688,547.7750244140625,4480302.0,-0.009471856865513995,0.027899829780732043,0.5807025272711023,High_Volatility,2
2015-07-27,394.3502197265625,532.6500244140625,543.9749755859375,530.2249755859375,543.4500122070312,6752244.0,-0.020503820105959525,0.02812563387916025,0.6145889538215527,High_Volatility,2
2015-07-28,393.44329833984375,531.4249877929688,538.0,527.125,534.25,8476602.0,-0.0022997866904894693,0.028071062000735232,0.5701255414867786,High_Volatility,2
2015-07-29,401.790771484375,542.7000122070312,546.0,532.5,537.0,7071334.0,0.021216457821886525,0.02826201137600652,0.5422695058474525,High_Volatility,2
2015-07-30,396.090087890625,535.0,545.0,529.0,545.0,11956598.0,-0.01418818947157352,0.028406099085827835,0.5256230040210557,High_Volatility,2
2015-07-31,398.6998596191406,538.5250244140625,540.6749877929688,530.0,539.2750244140625,7931012.0,0.006588833723191412,0.028406049042554147,0.521286270700034,High_Volatility,2
2015-08-03,399.4031677246094,539.4749755859375,546.0,534.4749755859375,539.0,7961012.0,0.00176400389541298,0.028283954720328866,0.4954646131824133,High_Volatility,2
2015-08-04,391.3703002929687,528.625,539.4749755859375,525.5,539.0,9099054.0,-0.02011217757085837,0.028795321317334355,0.49121864452608094,High_Volatility,2
2015-08-05,402.14251708984375,543.1749877929688,545.0,530.9749755859375,531.0,4753476.0,0.027524359382434804,0.028477603167036476,0.4803637434181316,High_Volatility,2
2015-08-06,402.3645629882813,543.4749755859375,552.75,538.5,547.0,7238252.0,0.0005521572303381905,0.027807544654715122,0.49075131817659834,High_Volatility,2
2015-08-07,405.5666198730469,547.7999877929688,550.5,539.25,539.75,4988058.0,0.007958098648112921,0.027739249871834883,0.4903835693799434,High_Volatility,2
2015-08-10,402.0129089355469,543.0,553.1749877929688,533.5,549.0,3992754.0,-0.008762335861399073,0.02795995567445117,0.5347625969752741,High_Volatility,2
2015-08-11,410.58251953125,554.5750122070312,558.4500122070312,547.8499755859375,549.4000244140625,7574406.0,0.021316754773854862,0.027935257700301957,0.5130751604488671,High_Volatility,2
2015-08-12,423.6312561035156,572.2000122070312,574.5,555.5,557.5,10168440.0,0.03178103292649426,0.02845671356163074,0.5549802730818854,High_Volatility,2
2015-08-13,428.6657409667969,579.0,583.4249877929688,527.7750244140625,573.5,9787960.0,0.011884120424889177,0.02846164211673802,0.5747619734906338,High_Volatility,2
2015-08-14,425.4267578125,574.625,584.3499755859375,571.5499877929688,582.5,5109066.0,-0.007555964577415919,0.02865343506767794,0.5749515857032831,High_Volatility,2
2015-08-17,422.79833984375,571.0750122070312,576.7249755859375,561.25,575.0,3107436.0,-0.006178309004974292,0.028760909822915143,0.5543873841405426,High_Volatility,2
2015-08-18,431.0163879394531,582.1749877929688,588.8499755859375,575.0,575.0,4150446.0,0.019437276169864237,0.015517984778207265,0.5720746988817046,Weak_Bear,0
2015-08-19,435.1623229980469,587.7750244140625,593.0999755859375,581.4000244140625,585.0,6869518.0,0.00961897314024207,0.015375646927799075,0.5931858120311632,Weak_Bear,0
2015-08-20,419.9850463867187,567.2750244140625,584.25,564.0,579.5,8369114.0,-0.03487727638450977,0.017531742382599403,0.5894483908862508,Weak_Bear,0
2015-08-21,425.6673278808594,574.9500122070312,580.4749755859375,558.75,570.4500122070312,10822142.0,0.01352972336283731,0.017508890203002305,0.5709252646664537,Weak_Bear,0
2015-08-24,404.2525024414063,546.0250244140625,561.5,539.2999877929688,554.9749755859375,14122684.0,-0.0503088304805176,0.020603724324298762,0.5954519082742961,Weak_Bear,0
2015-08-25,401.8833923339844,542.8250122070312,559.5,522.25,550.0,13735078.0,-0.005860471099409792,0.02065310512761894,0.5729918551400784,Weak_Bear,0
2015-08-26,394.0910034179687,532.2999877929688,548.5,529.5,544.9000244140625,11498212.0,-0.019389676370452857,0.02058447424206705,0.5464097186632831,Weak_Bear,0
2015-08-27,400.8283386230469,541.4000244140625,550.0499877929688,539.0250244140625,544.0,15343392.0,0.017095886855180487,0.02069899115512871,0.5451568630081616,Weak_Bear,0
2015-08-28,411.2859191894531,555.5250244140625,562.4500122070312,550.7999877929688,550.7999877929688,7208820.0,0.026089923188392428,0.021432340794088085,0.5425853713392217,Weak_Bear,0
2015-08-31,405.1224365234375,547.2000122070312,567.4249877929688,541.25,567.4249877929688,9917064.0,-0.014985883003635014,0.02175760087860338,0.5210313418365793,Weak_Bear,0
2015-09-01,403.1234436035156,544.5,557.2999877929688,541.0,545.0,9071550.0,-0.004934293289397318,0.02124336446487005,0.5257040363148958,Weak_Bear,0
2015-09-02,406.9917907714844,549.7249755859375,557.5,545.0,549.0,11171830.0,0.009595936999817312,0.02045996212284942,0.5094784642842417,Weak_Bear,0
2015-09-03,406.9547424316406,549.6749877929688,556.0,546.25,555.0750122070312,8590536.0,-9.102969810159678e-05,0.020460878222248426,0.5118730163282721,Weak_Bear,0
2015-09-04,397.5522766113281,536.9749755859375,555.5,533.5,551.5,7318888.0,-0.023104450790106923,0.021056648984744998,0.5159198479332349,Weak_Bear,0
2015-09-07,391.9255676269531,529.375,542.5,527.5,542.4749755859375,5180988.0,-0.014153381367442153,0.02119817522455333,0.5540410692280001,Weak_Bear,0
2015-09-08,391.9441223144531,529.4000244140625,537.0,526.1500244140625,531.0,5459496.0,4.734237577896927e-05,0.020540091447595235,0.5288309344756635,Weak_Bear,0
2015-09-09,403.0123901367187,544.3499755859375,549.7999877929688,536.0,543.5499877929688,9148664.0,0.0282394024865249,0.020245613302496326,0.5104153593536233,Weak_Bear,0
2015-09-10,399.9583435058594,540.2249755859375,545.75,530.5,542.4500122070312,8363004.0,-0.0075780464958490334,0.019994387001463127,0.5095149001583339,Weak_Bear,0
2015-09-11,403.7712097167969,545.375,553.2000122070312,542.75,545.7750244140625,9883810.0,0.00953315832222823,0.020165918627134554,0.5342257533843269,Weak_Bear,0
2015-09-14,407.1029052734375,549.875,552.0,541.3250122070312,549.5,6557076.0,0.008251444076405212,0.020281938260112927,0.5139170810154272,Weak_Bear,0
2015-09-15,406.899169921875,549.5999755859375,551.5999755859375,544.0750122070312,549.7000122070312,5291886.0,-0.0005004517258987429,0.01966946963791029,0.5103936085178588,Weak_Bear,0
2015-09-16,407.80615234375,550.8250122070312,554.875,549.1500244140625,554.0,7478240.0,0.002229010253447239,0.019494724316618757,0.501981252330763,Weak_Bear,0
2015-09-18,408.8427429199219,552.2249755859375,558.9500122070312,549.5250244140625,555.9000244140625,11576876.0,0.00254187086245361,0.018020118269029575,0.5140013399193321,Weak_Bear,0
2015-09-21,408.9167175292969,552.3250122070312,554.4249877929688,546.25,550.0,4351234.0,0.0001809365841904942,0.017690513778971115,0.5352938560010283,Weak_Bear,0
2015-09-22,409.9532775878906,553.7249755859375,567.9749755859375,550.5499877929688,557.5,9626986.0,0.0025348928379762548,0.01352972217581076,0.6283303423966982,Normal_Market,1
2015-09-23,413.2108154296875,558.125,563.1749877929688,548.7249755859375,553.7249755859375,4758254.0,0.007946119765071202,0.01352491727532877,0.5980240198349625,Weak_Bear,0
2015-09-24,422.2060546875,570.2750244140625,576.3499755859375,555.0,556.75,13399262.0,0.021769128304298002,0.01331235759506716,0.5717399573092949,Weak_Bear,0
2015-09-28,409.2498168945313,552.7750244140625,571.4249877929688,550.5,569.9749755859375,9788464.0,-0.03068700140399072,0.014938966802718322,0.5998006045870293,Weak_Bear,0
2015-09-29,415.2837524414063,560.9249877929688,566.7000122070312,548.75,551.0,8699370.0,0.014743893088729365,0.01413572159880128,0.5877745175496238,Weak_Bear,0
2015-09-30,430.1278991699219,580.9749755859375,584.4749755859375,562.9749755859375,567.2000122070312,9495692.0,0.03574458822732285,0.01566463493557986,0.5420444895831397,Weak_Bear,0
2015-10-01,434.2368469238281,586.5250244140625,598.875,580.0,584.9500122070312,10864394.0,0.00955285105159609,0.015607661348788004,0.5447217803685577,Weak_Bear,0
2015-10-05,437.45745849609375,590.875,594.6749877929688,581.0,586.5,6881760.0,0.007416716464944795,0.01557292957853454,0.55371886782777,Weak_Bear,0
2015-10-06,427.4070129394531,577.2999877929688,596.2750244140625,574.0499877929688,593.5250244140625,8711880.0,-0.022974680992278396,0.016670494117500805,0.5644755681398156,Weak_Bear,0
2015-10-07,419.4853210449219,566.5999755859375,584.375,564.2249755859375,578.0,9182488.0,-0.018534304900732712,0.01632759968256026,0.5784395860159344,Weak_Bear,0
2015-10-08,419.0965270996094,566.0750122070312,574.7999877929688,563.0250244140625,568.2000122070312,9080874.0,-0.0009268356383580478,0.01586545966197288,0.6189346740417958,Normal_Market,1
2015-10-09,432.1453552246094,583.7000122070312,586.4500122070312,568.0,568.0,11782138.0,0.03113561502240403,0.01699456070590838,0.5958421868314342,Weak_Bear,0
2015-10-12,415.6725769042969,561.4500122070312,609.9000244140625,554.5,599.5,30404970.0,-0.03811860551353308,0.018624495453536116,0.5733522695083196,Weak_Bear,0
2015-10-13,406.9733581542969,549.7000122070312,555.5,542.5999755859375,553.7249755859375,15326862.0,-0.02092805547767196,0.019205191042124797,0.5935302008297364,Weak_Bear,0
2015-10-14,406.3070068359375,548.7999877929688,557.7750244140625,543.5999755859375,545.7249755859375,8865510.0,-0.0016373340048140284,0.01910754394824342,0.5798662275984187,Weak_Bear,0
2015-10-15,406.2144470214844,548.6749877929688,552.1749877929688,544.5499877929688,549.9500122070312,8255666.0,-0.0002278075762806031,0.019020066660107592,0.5546556690063995,Weak_Bear,0
2015-10-16,409.0350036621094,547.4500122070312,550.7000122070312,545.0,549.5,6418992.0,0.0069435163158435564,0.01908119598948276,0.5894094860186321,Weak_Bear,0
2015-10-19,415.4045104980469,555.9749755859375,558.0,550.25,551.0,7347494.0,0.015572033637490712,0.01937816493162256,0.5929354167088635,Weak_Bear,0
2015-10-20,420.6346740722656,562.9749755859375,565.0,555.2999877929688,556.5,8788310.0,0.0125905314989192,0.019546986605517635,0.6016429200855522,Weak_Bear,0
2015-10-21,425.2856750488281,569.2000122070312,573.4249877929688,562.5,562.5,7278098.0,0.011057103142579905,0.019656273814196094,0.6198798690559838,Normal_Market,1
2015-10-23,429.5820007324219,574.9500122070312,576.5,562.5499877929688,570.9000244140625,6033362.0,0.010102211138666828,0.019736767882162835,0.645482929766074,Normal_Market,1
2015-10-26,430.4225158691406,576.0750122070312,579.25,571.5750122070312,577.0,3195942.0,0.001956588347010957,0.019695610943038563,0.592005980684565,Weak_Bear,0
2015-10-27,429.395263671875,574.7000122070312,577.5,572.0499877929688,575.0,5263748.0,-0.0023866135236706443,0.019167770229351358,0.5164625803841134,Weak_Bear,0
2015-10-28,430.8148498535156,576.5999755859375,579.0,569.5,572.25,5255472.0,0.003306012668843561,0.017655772229173305,0.5528971735259994,Weak_Bear,0
2015-10-29,427.7700500488281,572.5250244140625,577.9500122070312,568.0250244140625,576.5499877929688,5887324.0,-0.00706753679851746,0.017547240123017418,0.5578459091709959,Weak_Bear,0
2015-10-30,424.1837768554687,567.7249755859375,572.5,565.0,572.5,4044676.0,-0.00838364722577023,0.015709876355731872,0.5517043374826002,Weak_Bear,0
2015-11-02,422.5960388183594,565.5999755859375,567.9000244140625,557.0499877929688,565.0,3544988.0,-0.003743042812432429,0.015539014929998138,0.5765601253033158,Weak_Bear,0
2015-11-03,427.9382629394531,572.75,575.2249755859375,566.7000122070312,566.7000122070312,3614682.0,0.012641443909487071,0.01573493384827215,0.5967200739002045,Weak_Bear,0
2015-11-04,424.68798828125,568.4000244140625,578.7999877929688,566.1500244140625,575.0499877929688,3205572.0,-0.0075951952411953405,0.014960261589173213,0.6030105094540729,Weak_Bear,0
2015-11-05,419.4952697753906,561.4500122070312,572.5,559.7000122070312,571.4749755859375,2345306.0,-0.012227137684950207,0.014616229700744438,0.6267840248949734,Normal_Market,1
2015-11-06,425.2483825683594,569.1500244140625,571.9500122070312,561.4500122070312,561.5,3026172.0,0.013714368688946488,0.014925314147613535,0.6359161889035728,Normal_Market,1
2015-11-09,423.8662109375,567.2999877929688,570.0,557.5999755859375,560.0,6125676.0,-0.0032502689898818993,0.01312288688415474,0.5831102007659661,Weak_Bear,0
2015-11-10,412.3785095214844,551.9249877929688,563.75,550.0499877929688,563.75,4680052.0,-0.027102187245846565,0.011623261716913264,0.5210426567354622,Weak_Bear,0
2015-11-13,411.2391357421875,550.4000244140625,553.0,545.0,549.9749755859375,3520868.0,-0.0027629319981271605,0.010593351523626527,0.5519629589209457,Weak_Bear,0
2015-11-16,403.5433044433594,540.0999755859375,547.0,533.5999755859375,541.8250122070312,6808334.0,-0.018713761969514464,0.01143573510848219,0.5440965799469082,Weak_Bear,0
2015-11-17,396.5573120117187,530.75,541.4500122070312,526.0,540.0,7184106.0,-0.017311630139117407,0.012053097472588993,0.5590533495146848,Weak_Bear,0
2015-11-18,381.05364990234375,510.0,522.5750122070312,505.625,520.5,10125252.0,-0.03909564050332481,0.014564226379956581,0.5444371467108717,Weak_Bear,0
2015-11-19,391.4393005371094,523.9000244140625,526.0,511.8999938964844,515.125,8539622.0,0.027255087669222577,0.015566505473088367,0.5601806596297874,Weak_Bear,0
2015-11-20,393.1577453613281,526.2000122070312,531.5999755859375,521.0250244140625,524.0,6082978.0,0.004390067174810497,0.015243011540840117,0.5437055393494744,Weak_Bear,0
2015-11-23,393.6434020996094,526.8499755859375,531.2000122070312,519.0,525.0,5616350.0,0.0012352719589305838,0.014912070016567313,0.531093594420108,Weak_Bear,0
2015-11-24,388.9548950195313,520.5750122070312,525.4000244140625,518.5,525.0,4325802.0,-0.011910544048421956,0.014645683080080345,0.5654446834603203,Weak_Bear,0
2015-11-26,393.1577453613281,526.2000122070312,529.75,520.0250244140625,520.4749755859375,9853968.0,0.010805495433052092,0.01499178679033952,0.5466841997630779,Weak_Bear,0
2015-11-27,398.3691711425781,533.1749877929688,535.0,522.5,529.0,5142478.0,0.013255304881404584,0.015502222106934777,0.485964397168224,Weak_Bear,0
2015-11-30,406.4199523925781,543.9500122070312,549.1500244140625,528.0999755859375,535.0,18105534.0,0.020209348095158175,0.016338382655561052,0.5139917845704762,Weak_Bear,0
2015-12-01,403.0950622558594,539.5,547.5,536.4749755859375,544.0,5898550.0,-0.008180922509205657,0.016355637781287964,0.5253961405680555,Weak_Bear,0
2015-12-02,396.2584228515625,530.3499755859375,539.9749755859375,529.5,539.9749755859375,6397616.0,-0.016960365046489678,0.0166189980371957,0.5107585413008371,Weak_Bear,0
2015-12-03,395.1564025878906,528.875,532.4000244140625,524.5250244140625,530.5,5504726.0,-0.0027810645783665766,0.01661894094149824,0.5265523768912047,Weak_Bear,0
2015-12-04,391.9062194824219,524.5250244140625,532.4500122070312,520.0499877929688,524.5,8375530.0,-0.008225054900245055,0.016221039210173302,0.5801811257189566,Weak_Bear,0
2015-12-07,390.8602294921875,523.125,529.5,520.0,527.6500244140625,4513870.0,-0.002668980328038084,0.016205165003935432,0.6022465204869961,Weak_Bear,0
2015-12-08,390.1690368652344,522.2000122070312,531.375,519.6500244140625,522.5250244140625,5724372.0,-0.0017683882237164994,0.0160946306645808,0.5447099139152937,Weak_Bear,0
2015-12-09,384.1170043945313,514.0999755859375,523.4749755859375,511.2749938964844,521.5,6818254.0,-0.015511308942727453,0.015773603743176014,0.4841262441857536,Weak_Bear,0
2015-12-10,391.2711486816406,523.6749877929688,525.7999877929688,515.1500244140625,518.2999877929688,5587746.0,0.018624909090880104,0.016633017729810122,0.4037328369152148,Weak_Bear,0
2015-12-11,393.3071594238281,526.4000244140625,530.9500122070312,522.9500122070312,527.0,5390198.0,0.005203580046849066,0.015805246062710346,0.33491394669390934,Weak_Bear,0
2015-12-14,399.5459899902344,534.75,536.5750122070312,524.0250244140625,524.75,4816672.0,0.015862489194312657,0.016313699970037693,0.3355360057479931,Weak_Bear,0
2015-12-15,402.5533752441406,538.7750244140625,539.5499877929688,529.4000244140625,536.625,5431808.0,0.007527006475474218,0.01589041110550772,0.33436777808505536,Weak_Bear,0
2015-12-16,409.3898010253906,547.9249877929688,549.0,541.7000122070312,541.7000122070312,5495852.0,0.016982656715035294,0.015774174112963633,0.255758409551375,Weak_Bear,0
2015-12-17,413.5926208496094,553.5499877929688,554.9000244140625,544.0,550.0,4958782.0,0.010266058933788846,0.012594280604724417,0.24073640498521073,Weak_Bear,0
2015-12-18,404.6453552246094,541.5750122070312,551.7000122070312,539.7249755859375,551.7000122070312,7219820.0,-0.02163303979316744,0.012624339750906953,0.30177260276871365,Weak_Bear,0
2015-12-21,412.2290954589844,551.7249755859375,553.7000122070312,532.9749755859375,538.5,4331012.0,0.01874169599738873,0.013178836051943142,0.3283126083961356,Weak_Bear,0
2015-12-22,404.8695068359375,541.875,548.7249755859375,540.0499877929688,548.7249755859375,4109254.0,-0.017853151813198798,0.013940886902493026,0.3144051181451828,Weak_Bear,0
2015-12-23,411.2577819824219,550.4249877929688,551.25,543.5250244140625,547.5250244140625,2870928.0,0.01577860283035104,0.01391394438087264,0.3222982333159037,Weak_Bear,0
2015-12-24,409.5766906738281,548.1749877929688,552.2249755859375,545.0499877929688,551.0250244140625,1230054.0,-0.0040876826706846,0.013866118134409312,0.3056087685310991,Weak_Bear,0
2015-12-28,412.7146606445313,552.375,555.0,545.0,545.0,5526952.0,0.007661495495607129,0.013685331264623731,0.2558659197135569,Weak_Bear,0
2015-12-29,412.6959838867187,552.3499755859375,555.0,548.6500244140625,550.625,3345062.0,-4.5253439224679504e-05,0.01298758916746935,0.3192127340808434,Weak_Bear,0
2015-12-30,405.8221130371094,543.1500244140625,553.2999877929688,541.5,550.5499877929688,5153970.0,-0.01665601585184351,0.013428420569588316,0.3454420010309249,Weak_Bear,0
2015-12-31,412.9576110839844,552.7000122070312,554.9749755859375,543.5,545.0750122070312,7943938.0,0.01758282217169982,0.013295725239921912,0.3317635158952512,Weak_Bear,0
2016-01-01,412.9015197753906,552.625,554.4749755859375,546.5999755859375,550.0,1806550.0,-0.00013582824747193634,0.0132571912332416,0.3139594129030932,Weak_Bear,0
2016-01-04,403.0575866699219,539.4500122070312,551.2249755859375,538.0250244140625,549.9749755859375,3975362.0,-0.023840873995386702,0.014325415852581224,0.33195856440767596,Weak_Bear,0
2016-01-05,401.2457580566406,537.0250244140625,542.75,531.125,542.75,4949786.0,-0.004495210295508034,0.01435917873509799,0.32355444426309027,Weak_Bear,0
2016-01-06,399.4898986816406,534.6749877929688,537.3250122070312,529.4500122070312,537.3250122070312,5588328.0,-0.004376019782749041,0.014401336453206865,0.3261444991719939,Weak_Bear,0
2016-01-07,392.56005859375,525.4000244140625,533.9500122070312,523.9500122070312,530.0250244140625,5294088.0,-0.01734672168372675,0.014519332023428425,0.3248836544526442,Weak_Bear,0
2016-01-08,397.2297668457031,531.6500244140625,533.7000122070312,527.75,530.75,3156716.0,0.011895525664738393,0.014167700748208827,0.3040584683487093,Weak_Bear,0
2016-01-11,394.3905029296875,527.8499755859375,534.9749755859375,526.0499877929688,528.1500244140625,5360622.0,-0.007147661512281633,0.014237038628454839,0.2574193341633618,Weak_Bear,0
2016-01-12,392.242431640625,524.9749755859375,531.4749755859375,515.4249877929688,531.0,6565212.0,-0.005446559369725601,0.01379643225780893,0.30552380371217774,Weak_Bear,0
2016-01-13,404.7387390136719,541.7000122070312,545.5,524.0499877929688,528.5,8751294.0,0.03185863222593954,0.01553546628389955,0.3279110581594203,Weak_Bear,0
2016-01-14,423.2684631347656,566.5,577.5,527.1749877929688,533.0,30227006.0,0.04578193865566149,0.0182520127822522,0.30412419887905284,Weak_Bear,0
2016-01-15,425.84619140625,569.9500122070312,582.0,568.7750244140625,574.0,13036614.0,0.0060900551210298914,0.0181740877715138,0.27827746165981343,Weak_Bear,0
2016-01-18,422.857421875,565.9500122070312,581.0499877929688,564.1749877929688,569.9500122070312,10066612.0,-0.007018424942067281,0.017470272630932693,0.3490216386401764,Weak_Bear,0
2016-01-19,425.7528381347656,569.8250122070312,579.4749755859375,564.2750244140625,567.5,7500436.0,0.006847263663782854,0.017080909863319352,0.34276653996739553,Weak_Bear,0
2016-01-20,418.87884521484375,560.625,580.0,558.5,567.0,7507998.0,-0.016145501108194682,0.016981729709166893,0.3724850740205102,Weak_Bear,0
2016-01-21,424.781494140625,568.5250244140625,571.25,561.0,567.5,6743000.0,0.014091542204175411,0.01691288733340156,0.40577526199722924,Weak_Bear,0
2016-01-22,424.4825744628906,568.125,576.25,565.5,574.0499877929688,6436018.0,-0.0007037022136265891,0.01686824500446356,0.4094722779875159,Weak_Bear,0
2016-01-25,425.0055847167969,568.8250122070312,573.4249877929688,562.2750244140625,570.125,4579262.0,0.001232112424327525,0.016814296524459035,0.39437982949333883,Weak_Bear,0
2016-01-27,425.3231506347656,569.25,574.7999877929688,567.5,573.2249755859375,6971962.0,0.0007472041059892742,0.016811146105539767,0.44679860213014483,Weak_Bear,0
2016-01-28,421.9982604980469,564.7999877929688,571.2999877929688,563.0999755859375,568.0,7788598.0,-0.007817326970696481,0.01641638441219926,0.45549527255818745,Weak_Bear,0
2016-01-29,435.185791015625,582.4500122070312,585.0,565.7999877929688,569.0,10232108.0,0.031250201131194366,0.017353304465780633,0.38690999817680966,Weak_Bear,0
2016-02-01,438.3424682617187,586.6749877929688,589.9500122070312,580.7999877929688,585.0,4251126.0,0.007253631233516966,0.017366928471913835,0.37944890540110116,Weak_Bear,0
2016-02-02,439.1643371582031,587.7750244140625,595.0,582.0,588.4249877929688,7632702.0,0.001874947001470284,0.016175668350291002,0.4245989756750245,Weak_Bear,0
2016-02-03,432.4959106445313,578.8499755859375,587.9500122070312,576.375,583.9000244140625,5245966.0,-0.015184353440041765,0.016655261863856817,0.4126498445607496,Weak_Bear,0
2016-02-04,440.7335205078125,589.875,597.4749755859375,580.0250244140625,580.0250244140625,5549346.0,0.01904667688303685,0.016865835780777275,0.40626242418739217,Weak_Bear,0
2016-02-05,438.8467712402344,587.3499755859375,593.3250122070312,585.9249877929688,587.75,3984224.0,-0.004280929813108458,0.016191909783328934,0.39567782325324174,Weak_Bear,0
2016-02-08,429.9182434082031,575.4000244140625,586.0999755859375,571.9000244140625,581.875,4221044.0,-0.02034543357080687,0.017122028440365686,0.4070464871892113,Weak_Bear,0
2016-02-09,413.7981262207031,553.8250122070312,564.1500244140625,546.75,564.1500244140625,7579572.0,-0.037495773753881134,0.01936860427300222,0.35519755694731625,Weak_Bear,0
2016-02-10,414.1343688964844,554.2750244140625,563.75,552.5,554.0,5866054.0,0.0008125766031186199,0.019282430551440785,0.41939959990767467,Weak_Bear,0
2016-02-11,402.9642028808594,539.3250122070312,556.5,535.5750122070312,555.5,5214378.0,-0.026972323126403075,0.019118073459203244,0.41264754369234274,Weak_Bear,0
2016-02-12,405.2057495117187,542.3250122070312,552.2000122070312,533.5,547.3499755859375,7408096.0,0.005562644559576668,0.015885823624500518,0.37865917235563396,Weak_Bear,0
2016-02-15,407.8582153320313,545.875,550.0999755859375,543.2999877929688,548.125,5093478.0,0.0065459728138332895,0.015898453041835226,0.3588259752601568,Weak_Bear,0
2016-02-16,403.1510314941406,539.5750122070312,546.375,536.8499755859375,543.5,5125448.0,-0.011541225997026006,0.016004878942596782,0.41269869159902783,Weak_Bear,0
2016-02-17,410.1370239257813,548.9249877929688,551.5,538.5,540.875,4164598.0,0.01732847465563836,0.016483265827338937,0.4265919557198578,Weak_Bear,0
2016-02-18,419.68212890625,561.7000122070312,563.5,550.0,550.0,4189072.0,0.023272965920277278,0.01701774309326088,0.44052869816660606,Weak_Bear,0
2016-02-19,421.1202697753906,563.625,567.0999755859375,556.9249877929688,559.5999755859375,3974018.0,0.0034267384052988348,0.01672524244197263,0.4269341544469231,Weak_Bear,0
2016-02-22,420.8962707519531,563.3250122070312,566.9749755859375,557.0250244140625,565.5,3857010.0,-0.0005319122339016991,0.016725067960970206,0.42312123242975763,Weak_Bear,0
2016-02-23,419.8688354492187,561.9500122070312,566.25,558.0250244140625,565.125,2501960.0,-0.0024410653506120594,0.016727632596147946,0.3753000378869973,Weak_Bear,0
2016-02-24,420.4105529785156,562.6749877929688,571.875,559.1749877929688,559.75,4950714.0,0.0012902065682425246,0.016730160201850457,0.4003237435655792,Weak_Bear,0
2016-02-25,414.7881774902344,555.1500244140625,565.2999877929688,550.5499877929688,562.7000122070312,4484528.0,-0.013373535579561335,0.016904210044648846,0.40875866978147124,Weak_Bear,0
2016-02-26,418.8414916992187,560.5750122070312,566.0,558.0,560.0750122070312,4235636.0,0.009772009977501606,0.015379410134005447,0.3894377029530808,Weak_Bear,0
2016-02-29,404.9815673828125,542.0250244140625,565.2000122070312,534.1500244140625,564.75,8166076.0,-0.03309109673011901,0.016717246647833417,0.3891851566785968,Weak_Bear,0
2016-03-01,420.4478759765625,562.7249755859375,565.1500244140625,547.4000244140625,547.4000244140625,6386154.0,0.03819015441542395,0.01916145651659225,0.42469502117555585,Weak_Bear,0
2016-03-02,431.8607177734375,578.0,581.75,562.5,568.5250244140625,7214898.0,0.02714448674610792,0.0199500604956309,0.41013667621775707,Weak_Bear,0
2016-03-03,436.8294982910156,584.6500244140625,596.4249877929688,577.0,584.0,5814304.0,0.011505516276627104,0.019642328310046316,0.38956410452486934,Weak_Bear,0
2016-03-04,437.3337707519531,585.3250122070312,592.5,579.5499877929688,587.7999877929688,4281680.0,0.0011543919605025987,0.019621373110330517,0.40245982890529575,Weak_Bear,0
2016-03-08,434.64404296875,581.7249755859375,595.25,573.7000122070312,581.5,7617746.0,-0.006150286035716879,0.01909598767324602,0.4167799698139779,Weak_Bear,0
2016-03-09,440.2664794921875,589.25,591.875,571.4749755859375,572.5,6305782.0,0.012935726635143974,0.016998521570053268,0.376141695111079,Weak_Bear,0
2016-03-10,426.8173828125,571.25,581.4500122070312,569.6749877929688,581.4500122070312,24381016.0,-0.030547628098328006,0.018604908861947687,0.39400600144696457,Weak_Bear,0
2016-03-11,427.0042114257813,571.5,577.9749755859375,569.0999755859375,573.0999755859375,4058548.0,0.0004377249399971639,0.01735096002291166,0.4112164049421743,Weak_Bear,0
2016-03-14,426.331787109375,570.5999755859375,577.125,569.25,573.0,4174262.0,-0.0015747486755717244,0.017369831584388557,0.3945818555087243,Weak_Bear,0
2016-03-15,423.79144287109375,567.2000122070312,577.25,564.4749755859375,572.0,6720258.0,-0.005958608565186596,0.017448514759301124,0.4109692081675274,Weak_Bear,0
2016-03-16,430.5345458984375,576.2249755859375,577.5,565.7750244140625,570.9500122070312,5588850.0,0.015911371361490234,0.017401776977016982,0.4469500578704344,Weak_Bear,0
2016-03-17,434.0089721679687,580.875,584.875,577.0250244140625,578.4500122070312,6474622.0,0.008070028996815415,0.017133815031347345,0.41184783538873426,Weak_Bear,0
2016-03-18,445.8327331542969,596.7000122070312,599.5,581.0,581.4000244140625,8477422.0,0.027243125706056137,0.01740228959717775,0.3891288133263197,Weak_Bear,0
2016-03-21,446.39306640625,597.4500122070312,599.5,590.0250244140625,594.0,5138392.0,0.0012568239393027092,0.017407372329737745,0.40602474071278916,Weak_Bear,0
2016-03-22,444.5439758300781,594.9749755859375,597.0,586.0,595.625,7097950.0,-0.004142292332312003,0.017465229318153093,0.4348007716313691,Weak_Bear,0
2016-03-23,451.2123718261719,603.9000244140625,605.3499755859375,591.0499877929688,595.0,6333176.0,0.01500053168787674,0.017620229413422818,0.4384892842101139,Weak_Bear,0
2016-03-28,450.1290588378906,602.4500122070312,618.5,597.875,616.2000122070312,10787510.0,-0.0024008938050541495,0.017666659329217634,0.47530614176169633,Weak_Bear,0
2016-03-29,447.2711791992187,598.625,609.4500122070312,595.7750244140625,599.5,6995356.0,-0.006349022758162293,0.0173795928287061,0.46117023202458896,Weak_Bear,0
2016-03-30,450.5212707519531,602.9749755859375,605.0,597.7750244140625,598.7999877929688,5756818.0,0.0072664900040133595,0.01734418697847655,0.40747314695133907,Weak_Bear,0
2016-03-31,455.1349792480469,609.1500244140625,614.9500122070312,600.1500244140625,605.125,17996320.0,0.010240822788218473,0.015048464815810316,0.4111623814877561,Weak_Bear,0
2016-04-01,450.33441162109375,602.7249755859375,611.0999755859375,597.5499877929688,608.0,5511428.0,-0.010547569063762974,0.013412057794435694,0.44890964988493415,Weak_Bear,0
2016-04-04,464.6240234375,621.8499755859375,624.0,606.7750244140625,606.7750244140625,4577054.0,0.031731112363736935,0.01386862645192227,0.4808118201400874,Weak_Bear,0
2016-04-05,455.6953430175781,609.9000244140625,621.1500244140625,607.0,621.0,4790716.0,-0.01921700120855452,0.014644619045169806,0.5056391088643601,Weak_Bear,0
2016-04-06,448.5598449707031,600.3499755859375,614.0,598.0,614.0,4931354.0,-0.015658483581649785,0.01518159620695394,0.5188270530264052,Weak_Bear,0
2016-04-07,441.38720703125,590.75,604.2000122070312,587.5,604.2000122070312,5657890.0,-0.015990370114207564,0.01559228496824137,0.5663998359130535,Weak_Bear,0
2016-04-08,435.5032958984375,582.875,588.75,581.0250244140625,587.9249877929688,4195578.0,-0.013330497665275387,0.01563001675123559,0.5273738245474625,Weak_Bear,0
2016-04-11,442.2838439941406,591.9500122070312,593.375,575.5499877929688,582.9000244140625,5768678.0,0.015569452997399091,0.014297651762410404,0.5766897684033826,Weak_Bear,0
2016-04-12,441.6485290527344,591.0999755859375,597.4500122070312,589.2999877929688,590.25,5842138.0,-0.0014364416653090961,0.014313720328765737,0.5792963921587331,Weak_Bear,0
2016-04-13,438.0995788574219,586.3499755859375,597.4749755859375,583.1749877929688,597.4749755859375,12511386.0,-0.00803568892876072,0.0144656209296049,0.5492640809440574,Weak_Bear,0
2016-04-18,462.7560424804687,619.3499755859375,633.9500122070312,616.75,625.0,25015990.0,0.05628050062808021,0.018823632015461573,0.5135819396650505,Weak_Bear,0
2016-04-20,464.586669921875,621.7999877929688,623.2249755859375,612.9000244140625,622.0,8072848.0,0.003955923366432579,0.018633488803385015,0.5325893976416396,Weak_Bear,0
2016-04-21,458.1237182617187,613.1500244140625,625.5,609.0499877929688,625.5,5441100.0,-0.013911186175968204,0.0190234388637015,0.5276409803026159,Weak_Bear,0
2016-04-22,452.5010986328125,605.625,614.25,603.5,613.1500244140625,5143938.0,-0.012273146760967468,0.018401397869308944,0.5475768365684551,Weak_Bear,0
2016-04-25,454.2196960449219,607.9249877929688,612.4000244140625,600.5499877929688,606.0250244140625,5364134.0,0.003797996109406121,0.018412757740259255,0.5644720651004751,Weak_Bear,0
2016-04-26,460.30902099609375,616.0750122070312,619.7750244140625,604.2999877929688,607.7249755859375,5846744.0,0.013406122641079099,0.018570872910943732,0.5582129622037516,Weak_Bear,0
2016-04-27,463.2976379394531,620.0750122070312,621.1749877929688,614.2750244140625,614.5999755859375,4486208.0,0.00649263170400638,0.01835125428286731,0.5197445266574336,Weak_Bear,0
2016-04-28,451.71673583984375,604.5750122070312,619.7999877929688,603.5,615.5,12165168.0,-0.02499667848754028,0.019275026022162637,0.5244056456264022,Weak_Bear,0
2016-04-29,451.3245239257813,604.0499877929688,611.7750244140625,602.5,605.7249755859375,5036410.0,-0.00086826961000952,0.019213638297651218,0.5260012586778674,Weak_Bear,0
2016-05-02,448.6906433105469,600.5250244140625,605.5750122070312,598.0750122070312,605.0,3615250.0,-0.005835890751789918,0.01919859140027743,0.4972370224573105,Weak_Bear,0
2016-05-03,440.00494384765625,588.9000244140625,606.0999755859375,585.9000244140625,601.375,6824810.0,-0.019357879626830332,0.019503476586038248,0.4985863193533974,Weak_Bear,0
2016-05-04,444.1329956054687,594.4249877929688,596.5,585.3250122070312,590.5,5812842.0,0.009381830398800473,0.01952659750887531,0.5333358901423373,Weak_Bear,0
2016-05-05,445.4779357910156,596.2249755859375,599.5,590.5499877929688,597.5750122070312,6302668.0,0.0030282374848404903,0.018029265385691974,0.5311035583255125,Weak_Bear,0
2016-05-06,441.38720703125,590.75,594.9000244140625,588.5250244140625,594.9000244140625,2596720.0,-0.009182786466184645,0.017659293405331695,0.5374263608026679,Weak_Bear,0
2016-05-09,447.9435729980469,599.5250244140625,600.7750244140625,590.2999877929688,591.0,5123678.0,0.014854000891631358,0.01768502658727233,0.4838892311390078,Weak_Bear,0
2016-05-10,453.080322265625,606.4000244140625,608.3250122070312,598.2999877929688,601.25,3395704.0,0.011467402541794014,0.017436057594672615,0.47655380630031846,Weak_Bear,0
2016-05-11,448.9895324707031,600.9249877929688,607.3499755859375,596.25,599.25,3709888.0,-0.009028840128094573,0.017269872348606885,0.4587712013604228,Weak_Bear,0
2016-05-12,452.0343322753906,605.0,606.5,598.4000244140625,601.9500122070312,3406932.0,0.006781449420285135,0.017007290272074243,0.4634043482870156,Weak_Bear,0
2016-05-13,451.0068359375,603.625,605.0,596.0750122070312,603.0,5652064.0,-0.002273049333926802,0.01701521025573249,0.46524841197753486,Weak_Bear,0
2016-05-16,453.9021911621094,607.5,611.8250122070312,602.5,605.0999755859375,4533878.0,0.006419759067710862,0.016909649781035905,0.44687035074372367,Weak_Bear,0
2016-05-17,453.62200927734375,607.125,612.875,604.0750122070312,610.0,3796294.0,-0.0006172736995349037,0.011052041374109277,0.4961026851822672,Weak_Bear,0
2016-05-18,451.9781188964844,604.9249877929688,607.0,598.9500122070312,599.5,4256596.0,-0.0036239211220774337,0.011005252343297632,0.5275752829899093,Weak_Bear,0
2016-05-19,450.446533203125,602.875,608.0750122070312,600.5,605.4749755859375,3954400.0,-0.003388627965218216,0.010616118267774815,0.4962779358772914,Weak_Bear,0
2016-05-20,448.8960876464844,600.7999877929688,609.75,600.0,602.5,3994548.0,-0.0034420190685349183,0.010292111014554576,0.5078154815408389,Weak_Bear,0
2016-05-23,443.81549072265625,594.0,602.5750122070312,592.5,601.7000122070312,4585946.0,-0.011317979959382551,0.010523935038604805,0.47039274098177786,Weak_Bear,0
2016-05-24,443.7221374511719,593.875,595.875,588.7999877929688,595.5250244140625,3485060.0,-0.00021034252619789306,0.009961150494213688,0.461370524682099,Weak_Bear,0
2016-05-25,451.5299682617187,604.3250122070312,606.5499877929688,597.0499877929688,597.0499877929688,3857396.0,0.01759621653180643,0.01072683308588633,0.45366300788969993,Weak_Bear,0
2016-05-26,461.0562133789063,617.0750122070312,619.9000244140625,605.0499877929688,605.0499877929688,6136436.0,0.02109770289192836,0.010294961232574144,0.4729259945746797,Weak_Bear,0
2016-05-27,466.0434875488281,623.75,629.75,615.7999877929688,615.7999877929688,6180764.0,0.010817063137208205,0.010508307879213839,0.4843248668434407,Weak_Bear,0
2016-05-30,473.5526428222656,633.7999877929688,636.0,620.75,620.75,5285700.0,0.016112563471130548,0.010825759586488156,0.4848015911966869,Weak_Bear,0
2016-05-31,466.47314453125,624.3250122070312,633.375,619.5,632.5,13782038.0,-0.014949759859481326,0.010387862068123432,0.527743522937612,Weak_Bear,0
2016-06-01,470.0408630371094,629.0999755859375,634.25,623.0,623.0250244140625,4840534.0,0.007648282752578339,0.01033871485970361,0.5310047955942984,Weak_Bear,0
2016-06-02,471.2923889160156,630.7750244140625,637.4500122070312,627.0,627.5,5053552.0,0.0026625895264076327,0.010338779728288866,0.5180325048211885,Weak_Bear,0
2016-06-03,473.2910461425781,633.4500122070312,639.6500244140625,630.0250244140625,630.0250244140625,3998380.0,0.004240800983778881,0.009943224745952054,0.5310336041188117,Weak_Bear,0
2016-06-06,473.2350463867187,633.375,638.5,630.5499877929688,632.4500122070312,4225768.0,-0.0001183199139638269,0.009604614341914744,0.53454886751702,Weak_Bear,0
2016-06-07,469.7420654296875,628.7000122070312,636.25,627.5499877929688,633.5,5692420.0,-0.0073810699011011005,0.009633419696647555,0.5379309717899006,Weak_Bear,0
2016-06-08,462.5319213867187,619.0499877929688,631.9749755859375,617.6749877929688,631.9749755859375,8741370.0,-0.015349155576206419,0.010101415062866381,0.5774129961245463,Weak_Bear,0
2016-06-09,448.0382995605469,592.75,613.125,590.0250244140625,613.125,12740804.0,-0.03133539796068219,0.012394916143854873,0.5044950749464907,Weak_Bear,0
2016-06-10,446.186279296875,590.2999877929688,595.0,585.0499877929688,587.7000122070312,6383956.0,-0.004133620419255246,0.012416908913714515,0.5293117285410307,Weak_Bear,0
2016-06-13,446.2996826171875,590.4500122070312,592.4500122070312,583.0,588.4000244140625,5286722.0,0.0002541613796174236,0.012313121836510274,0.4788398935008981,Weak_Bear,0
2016-06-14,444.0700073242187,587.5,591.2000122070312,583.625,591.2000122070312,2940728.0,-0.004995915031562603,0.012349102118587908,0.49071278150458963,Weak_Bear,0
2016-06-15,449.7200927734375,594.9749755859375,596.3250122070312,589.5250244140625,591.8499755859375,6711572.0,0.012723411525277006,0.012701620016986541,0.49384356460815765,Weak_Bear,0
2016-06-16,448.2272033691406,593.0,594.75,585.0499877929688,594.75,5302564.0,-0.0033195968521001484,0.012700709688700046,0.4689360332168321,Weak_Bear,0
2016-06-17,445.7706909179687,589.75,596.375,587.5499877929688,594.5,8515082.0,-0.0054805072800296895,0.012736478968855932,0.48352062298830356,Weak_Bear,0
2016-06-20,456.82513427734375,604.375,605.9000244140625,589.8499755859375,590.5,6229566.0,0.024798497488946136,0.013617775028552758,0.46378671203045063,Weak_Bear,0
2016-06-21,455.8236389160156,603.0499877929688,607.4000244140625,597.8250122070312,605.5999755859375,4761724.0,-0.002192294788929239,0.013638331813217771,0.49803597152334655,Weak_Bear,0
2016-06-22,453.329345703125,599.75,605.9749755859375,594.0750122070312,602.0,3031258.0,-0.005472057611628611,0.013166910339585896,0.5142038276262657,Weak_Bear,0
2016-06-23,457.9021911621094,605.7999877929688,607.4249877929688,596.6749877929688,598.6500244140625,3828626.0,0.010087247830585122,0.012462062481548086,0.4900109821300876,Weak_Bear,0
2016-06-24,451.4585266113281,597.2750244140625,599.5,580.0,594.0,7808348.0,-0.01407214176990046,0.012539205184923815,0.4573682443315068,Weak_Bear,0
2016-06-27,440.744140625,583.0999755859375,591.5999755859375,580.0,586.0250244140625,5583778.0,-0.02373282451159109,0.012754834161103202,0.4272311234858134,Weak_Bear,0
2016-06-28,438.0797729492187,579.5750122070312,586.25,577.5499877929688,581.4000244140625,7655974.0,-0.006045157337776663,0.012486942871501547,0.4464303044162746,Weak_Bear,0
2016-06-29,444.7691040039063,588.4249877929688,589.9500122070312,580.0999755859375,584.5,5459150.0,0.015269664266062799,0.012939059719866133,0.47569610994751754,Weak_Bear,0
2016-06-30,442.4826965332031,585.4000244140625,592.25,583.9749755859375,590.25,9346224.0,-0.005140661637961008,0.012887038789178422,0.46159186147591635,Weak_Bear,0
2016-07-01,443.0873107910156,586.2000122070312,590.0,585.0499877929688,590.0,3991912.0,0.0013664133367239373,0.012817056704257696,0.48302204439277796,Weak_Bear,0
2016-07-04,447.4524841308594,591.9749755859375,597.2999877929688,588.0999755859375,588.0999755859375,5381322.0,0.009851722749746328,0.01313374731796513,0.5123646936094219,Weak_Bear,0
2016-07-05,444.2399597167969,587.7249755859375,593.75,585.5250244140625,592.5,3596416.0,-0.007179587840042023,0.013130056611244154,0.5569462877122084,Weak_Bear,0
2016-07-07,437.3616638183594,578.625,585.5,577.5,584.3499755859375,5954876.0,-0.01548328948801092,0.01313688757417298,0.5568501783133099,Weak_Bear,0
2016-07-08,437.72064208984375,579.0999755859375,583.5,576.75,581.5,5551648.0,0.0008207812919640567,0.011286771926511577,0.5441438131194255,Weak_Bear,0
2016-07-11,444.0889587402344,587.5250244140625,589.3499755859375,580.0,583.7000122070312,6668882.0,0.01454881501586458,0.01178492705243456,0.5244722401235402,Weak_Bear,0
2016-07-12,444.6557922363281,588.2750244140625,590.1749877929688,584.0,590.0,6197368.0,0.0012763962826316533,0.011789077963109941,0.4793392929640593,Weak_Bear,0
2016-07-13,451.1750183105469,596.9000244140625,597.9000244140625,587.5999755859375,590.0,5275420.0,0.014661286748186342,0.012174173692003652,0.4882709485288949,Weak_Bear,0
2016-07-14,444.5423583984375,588.125,598.0250244140625,582.0,597.5,7413328.0,-0.014700858077084544,0.012311806507797096,0.4964821245474031,Weak_Bear,0
2016-07-15,405.350830078125,536.2750244140625,594.9500122070312,526.0,594.75,61484126.0,-0.08816151617476609,0.023164790237849914,0.43487863959748274,High_Volatility,2
2016-07-18,408.90338134765625,540.9749755859375,542.4500122070312,527.5750122070312,538.625,14332824.0,0.008764139619120925,0.023359284271173526,0.43798556096701774,High_Volatility,2
2016-07-19,410.79302978515625,543.4749755859375,545.0,537.0499877929688,544.2999877929688,10404644.0,0.004621259015447965,0.022467051652972067,0.44190347010793163,High_Volatility,2
2016-07-20,409.3379211425781,541.5499877929688,544.9500122070312,535.0,535.0,9822896.0,-0.003542194090632833,0.022460055147509553,0.44377678512955765,High_Volatility,2
2016-07-21,408.1285705566406,539.9500122070312,543.5999755859375,537.7999877929688,539.5,8668002.0,-0.00295440642919631,0.02246499240096693,0.46598207751118564,High_Volatility,2
2016-07-22,405.3130798339844,536.2249755859375,539.9500122070312,533.3499755859375,535.0,9386538.0,-0.006898538661030851,0.02218442866793566,0.47217873658259857,High_Volatility,2
2016-07-25,408.4876403808594,540.4249877929688,541.625,531.5,531.5,8469552.0,0.007832366397293011,0.022296863006538922,0.4669087065914674,High_Volatility,2
2016-07-26,411.4544982910156,544.3499755859375,544.9500122070312,535.1749877929688,535.1749877929688,7189610.0,0.0072630298125790915,0.021982338925259443,0.4426222955000684,High_Volatility,2
2016-07-27,410.1883239746094,542.6749877929688,548.25,539.2750244140625,542.3499755859375,7431820.0,-0.0030773130969896645,0.021972076346835803,0.42026650316181746,High_Volatility,2
2016-07-28,407.2216491699219,538.75,543.4749755859375,537.0250244140625,542.7000122070312,11258562.0,-0.007232470139425851,0.021557201410650928,0.4476079709370731,Weak_Bear,0
2016-07-29,405.8421325683594,536.9249877929688,538.375,533.25,536.2999877929688,8156784.0,-0.003387630801001129,0.02155660331232991,0.4511160432938886,Weak_Bear,0
2016-08-01,410.1505126953125,542.625,543.9249877929688,534.1749877929688,535.75,9096662.0,0.010615901556813911,0.02177769858557619,0.4803986002659335,Weak_Bear,0
2016-08-02,409.6025390625,541.9000244140625,542.5,537.5,539.9500122070312,6822502.0,-0.0013360305932851313,0.021556056986975325,0.4792079725680813,Weak_Bear,0
2016-08-03,410.0182800292969,542.4500122070312,543.25,535.1500244140625,542.8250122070312,7213460.0,0.001014986302937615,0.021573863303613335,0.48193717893849114,Weak_Bear,0
2016-08-04,405.06744384765625,535.9000244140625,543.4500122070312,535.0250244140625,543.2000122070312,4237278.0,-0.012074671844598872,0.021489740793005866,0.5050227171249021,Weak_Bear,0
2016-08-05,403.6312561035156,534.0,536.7249755859375,530.0,536.0,5609968.0,-0.0035455521443504834,0.021464658748011484,0.48162050359947506,Weak_Bear,0
2016-08-08,407.6751098632813,539.3499755859375,540.5,531.2750244140625,534.5,4643064.0,0.010018683386423755,0.021283807816114136,0.462492047838637,Weak_Bear,0
2016-08-09,409.4513854980469,541.7000122070312,542.25,535.75,538.5,7192664.0,0.004357086296882917,0.021335410116722835,0.45036078579686095,Weak_Bear,0
2016-08-10,409.05462646484375,541.1749877929688,543.9500122070312,537.5999755859375,538.0,5576454.0,-0.0009690015646680594,0.020902052494456272,0.4265485047594035,Weak_Bear,0
2016-08-11,407.1649475097656,538.6749877929688,547.5,537.625,540.8499755859375,5038552.0,-0.004619624942050482,0.02076854365333588,0.43683520239102747,Weak_Bear,0
2016-08-12,401.5714721679687,531.2750244140625,539.4000244140625,530.0,537.5250244140625,7449928.0,-0.013737615126269587,0.007088447443138781,0.41779452909073694,Weak_Bear,0
2016-08-16,397.5088195800781,525.9000244140625,529.0250244140625,514.0,521.0,16429408.0,-0.01011688545990952,0.007054716728994059,0.45257945095939695,Weak_Bear,0
2016-08-17,390.51702880859375,516.6500244140625,526.3250122070312,515.25,524.9749755859375,6599316.0,-0.01758902048732003,0.007770692001821254,0.4879972447884433,Weak_Bear,0
2016-08-18,386.775390625,511.7000122070313,519.5499877929688,510.75,518.25,8434000.0,-0.009581242065189621,0.007929082002369537,0.5189994871389908,Weak_Bear,0
2016-08-19,385.9817810058594,510.6499938964844,519.5,509.2250061035156,515.0,5686016.0,-0.0020518617222730073,0.007930730525943112,0.5682666346602921,Weak_Bear,0
2016-08-22,383.7709045410156,507.7250061035156,515.0,504.5499877929687,509.0,10253518.0,-0.005727929590568337,0.00790281739093108,0.5344106982381799,Weak_Bear,0
2016-08-23,392.91693115234375,519.8250122070312,521.0,510.0499877929687,510.0499877929687,7406138.0,0.02383199586812501,0.0096430074545408,0.5555550094139241,Weak_Bear,0
2016-08-24,399.6251220703125,528.7000122070312,531.0250244140625,523.5,523.5,6129966.0,0.017072796782503064,0.01035655093489189,0.5481606035417418,Weak_Bear,0
2016-08-25,391.5941162109375,518.0750122070312,528.7999877929688,516.0499877929688,527.5,4796562.0,-0.020096348842558398,0.011168404831933276,0.5489739858534838,Weak_Bear,0
2016-08-26,385.5849609375,510.125,523.0,508.5249938964844,518.0,6881054.0,-0.015345366604539556,0.011500982646922751,0.5881913326659362,Weak_Bear,0
2016-08-29,386.5487365722656,511.3999938964844,515.0,505.5,508.7999877929687,5220282.0,0.002499515625356219,0.011556673406807987,0.5655836043852538,Weak_Bear,0
2016-08-30,393.2003784179687,520.2000122070312,522.5,512.5,516.2249755859375,4375438.0,0.017207770240530884,0.012030765505754782,0.5669077423731249,Weak_Bear,0
2016-08-31,391.4807434082031,517.9249877929688,522.875,513.9000244140625,518.5499877929688,11139814.0,-0.004373431726298116,0.012040586284904791,0.5342294481945845,Weak_Bear,0
2016-09-01,392.1232299804687,518.7750244140625,520.2249755859375,516.0,519.0,2877826.0,0.0016411703080772,0.012050172694555621,0.5301463471158169,Weak_Bear,0
2016-09-02,389.968994140625,515.9249877929688,520.0,513.0999755859375,519.5250244140625,3332592.0,-0.005493772557037757,0.011853434280017533,0.5796267729562787,Weak_Bear,0
2016-09-06,394.9388122558594,522.5,524.4500122070312,517.7999877929688,519.125,8215044.0,0.012744136559334374,0.012281349091215631,0.5291599816074456,Weak_Bear,0
2016-09-07,398.4724426269531,527.1749877929688,529.5,522.0,524.0,7425470.0,0.008947285659036464,0.012232922887597742,0.5434426037797362,Weak_Bear,0
2016-09-08,392.1610107421875,518.8250122070312,522.5,512.0,522.5,9092774.0,-0.01583906742247254,0.012589721804699274,0.5590527804017563,Weak_Bear,0
2016-09-09,391.3485412597656,517.75,520.5,513.2750244140625,518.5,5053438.0,-0.002071775266195508,0.01258701531905398,0.5376171984871226,Weak_Bear,0
2016-09-12,398.3402404785156,527.0,529.0,512.625,512.625,6203096.0,0.017865658055715494,0.013335346901117,0.5864675306510924,Weak_Bear,0
2016-09-14,395.1654968261719,522.7999877929688,528.9000244140625,520.3250122070312,526.9749755859375,5152418.0,-0.007969929546987276,0.013106027646701646,0.5699442307122902,Weak_Bear,0
2016-09-15,393.8805541992187,521.0999755859375,523.4000244140625,517.6749877929688,522.7999877929688,4701722.0,-0.003251656931775093,0.012935821953612757,0.5847539117990571,Weak_Bear,0
2016-09-16,400.6644592285156,530.0750122070312,532.25,519.0499877929688,524.5,9949384.0,0.017223254504373786,0.012839982526476553,0.5714792115334183,Weak_Bear,0
2016-09-19,401.0613403320313,530.5999755859375,534.4500122070312,520.6749877929688,523.0,5809154.0,0.0009905572964468146,0.01258077575175333,0.5841077338944278,Weak_Bear,0
2016-09-20,396.8851318359375,525.0750122070312,528.5750122070312,522.875,526.6500244140625,4214004.0,-0.01041289218411423,0.012854596764181603,0.709668043900633,Normal_Market,1
2016-09-21,399.0015869140625,527.875,530.625,525.5250244140625,527.0,4231532.0,0.005332664059080727,0.012766154320394232,0.6629404681106904,Normal_Market,1
2016-09-22,400.15435791015625,529.4000244140625,530.5,526.0,529.5,3629514.0,0.002889138875385111,0.01169749433415235,0.6887825987639138,Normal_Market,1
2016-09-23,394.0128784179687,521.2750244140625,529.4000244140625,520.0,528.5,5205294.0,-0.015347776103856514,0.011595663787002634,0.6792617499091594,Normal_Market,1
2016-09-26,391.4996337890625,517.9500122070312,522.0,515.5,521.375,6371798.0,-0.006378584981783675,0.010760027010704344,0.6826430904737649,Normal_Market,1
2016-09-27,392.9546508789063,519.875,524.9500122070312,516.6749877929688,517.5250244140625,6525660.0,0.003716522224456842,0.010152304679778871,0.6981619968537204,Normal_Market,1
2016-09-28,392.65234375,519.4749755859375,521.1500244140625,516.625,520.0,5434708.0,-0.0007693181089221124,0.01015313704280412,0.6749714091803147,Normal_Market,1
2016-09-29,388.9674377441406,514.5999755859375,522.4749755859375,512.0,522.4749755859375,8902638.0,-0.009384653025796164,0.009623218662291464,0.6735219709528275,Normal_Market,1
2016-09-30,391.5563049316406,518.0250244140625,521.9500122070312,515.5499877929688,515.5499877929688,6502354.0,0.006655742708218559,0.009705061095447104,0.6653232493287425,Normal_Market,1
2016-10-03,392.33111572265625,519.0499877929688,520.0,513.0499877929688,517.75,3656160.0,0.001978797892555617,0.009708259689650839,0.6600583294813307,Normal_Market,1
2016-10-04,396.5260009765625,524.5999755859375,525.7000122070312,519.1500244140625,520.0,5066586.0,0.010692206368030366,0.009892827922966857,0.6789915916393416,Normal_Market,1
2016-10-05,393.6160583496094,520.75,524.9249877929688,518.5,524.5999755859375,2307574.0,-0.007338592222922435,0.009641290781066117,0.6251234631568486,Normal_Market,1
2016-10-06,388.2872009277344,513.7000122070312,522.5,512.9749755859375,522.5,3721882.0,-0.01353821143430567,0.009836894259179258,0.6673384310405703,Normal_Market,1
2016-10-07,382.6749572753906,506.2749938964844,516.9000244140625,505.0499877929687,514.9749755859375,6288558.0,-0.014453846634487122,0.009733080301218734,0.6594333326048148,Normal_Market,1
2016-10-10,389.25091552734375,514.9749755859375,515.875,505.0,508.5,5413170.0,0.017184187590359556,0.010557561841859164,0.6731896930556764,Normal_Market,1
2016-10-13,397.7166137695313,526.1749877929688,529.0,510.7000122070313,510.7000122070313,9778690.0,0.021748691922069074,0.010936482392494479,0.713422666526371,Normal_Market,1
2016-10-14,388.1927185058594,513.5750122070312,541.3499755859375,498.125,526.4500122070312,33461690.0,-0.02394643556225895,0.012072114365434799,0.7035056464577363,Normal_Market,1
2016-10-17,386.3974914550781,511.2000122070313,520.9000244140625,508.6749877929687,517.4749755859375,8014858.0,-0.004624576827950366,0.012090555607039635,0.6643494921203976,Normal_Market,1
2016-10-18,392.6900634765625,519.5250244140625,520.25,513.6500244140625,515.0,6388134.0,0.016285230004439377,0.012018199550685605,0.6791846916205563,Normal_Market,1
2016-10-19,393.7293701171875,520.9000244140625,522.8499755859375,518.0,521.0,3509836.0,0.0026466334070789355,0.012037861298534454,0.6979199315292814,Normal_Market,1
2016-10-20,391.7830810546875,518.3250122070312,525.3499755859375,516.9000244140625,522.375,3535490.0,-0.004943215340833529,0.011870213089860934,0.7300990900026111,Normal_Market,1
2016-10-21,396.6152038574219,519.1500244140625,520.5,511.25,517.5,3863620.0,0.012333668900980088,0.012153592793719567,0.719965606589717,Normal_Market,1
2016-10-24,392.3369445800781,513.5499877929688,521.3499755859375,512.75,518.75,2902974.0,-0.010786927066169016,0.012351991428372218,0.7668694354285263,Normal_Market,1
2016-10-25,388.5552978515625,508.6000061035156,519.4500122070312,507.6000061035156,518.25,5636014.0,-0.009638772949519647,0.012063461227001953,0.7867556922457746,Normal_Market,1
2016-10-26,387.4093933105469,507.1000061035156,509.9249877929687,504.6499938964844,508.5,2775216.0,-0.0029491414667401905,0.012001635311845095,0.7860612256633623,Normal_Market,1
2016-10-27,383.3221435546875,501.75,508.9750061035156,500.5499877929687,508.9500122070313,7227790.0,-0.010550208194314625,0.012163436877364441,0.8251744660307452,Normal_Market,1
2016-10-28,381.0301818847656,498.75,505.0,496.5750122070313,502.6000061035156,5840706.0,-0.005979204980614106,0.01221010399898496,0.7980937500182793,Normal_Market,1
2016-11-01,377.9552307128906,494.7250061035156,503.3999938964844,493.2000122070313,503.3999938964844,6332798.0,-0.008070098690515115,0.012168499650008699,0.7321619131031046,Normal_Market,1
2016-11-02,374.74652099609375,490.5249938964844,493.75,490.0,492.3999938964844,5377194.0,-0.008489655536039753,0.01211424458784442,0.7044010716808295,Normal_Market,1
2016-11-03,369.3222961425781,483.4249877929687,491.0,482.5499877929687,490.5249938964844,5225108.0,-0.014474383482194209,0.012376917954261433,0.6812348002983594,Normal_Market,1
2016-11-04,370.9075317382813,485.5,489.6000061035156,480.5,483.5,6005548.0,0.004292282410946591,0.012085083178646597,0.636240123277524,Normal_Market,1
2016-11-07,373.56243896484375,488.9750061035156,493.0,487.5,492.5,4537672.0,0.007157868199979767,0.01226131994909356,0.6684923894903475,Normal_Market,1
2016-11-08,375.3385925292969,491.2999877929687,493.875,485.2999877929687,493.4500122070313,5261108.0,0.004754636385218225,0.012078628182656386,0.7352223880275222,Normal_Market,1
2016-11-09,366.0563354492187,479.1499938964844,487.2999877929687,450.5,465.0,12764158.0,-0.024730356176613122,0.012847212280264586,0.7700067659249389,Normal_Market,1
2016-11-10,358.8368530273437,469.7000122070313,481.25,467.5,481.25,7287330.0,-0.019722326108672195,0.012573259984617356,0.795075511690032,Normal_Market,1
2016-11-11,352.0183410644531,460.7749938964844,472.5,459.3500061035156,470.0,7096782.0,-0.019001704828714994,0.011433917946367252,0.8457011618756227,Normal_Market,1
2016-11-15,352.7823791503906,461.7749938964844,469.9750061035156,454.2749938964844,462.0,9235850.0,0.0021704496522174654,0.010749963815672656,0.8490278876406189,Normal_Market,1
2016-11-16,359.409912109375,470.4500122070313,478.4249877929687,464.2749938964844,465.0,12222616.0,0.01878646256353722,0.01196623716718246,0.8144047891317937,Normal_Market,1
2016-11-17,355.1697998046875,464.8999938964844,474.5,463.2000122070313,467.125,5706730.0,-0.01179742728797406,0.011135608955302228,0.8059054070972824,Normal_Market,1
2016-11-18,351.4263916015625,460.0,466.625,458.75,465.0,6040228.0,-0.010539770569410911,0.011052239344100247,0.764461069110513,Normal_Market,1
2016-11-21,348.02667236328125,455.5499877929687,463.4500122070313,453.4750061035156,463.4500122070313,7940568.0,-0.009674057838364503,0.01108781053682528,0.7497381604301545,Normal_Market,1
2016-11-22,349.2108459472656,457.1000061035156,464.3250122070313,455.8250122070313,458.4500122070313,5483126.0,0.0034025368686347868,0.010480328053317953,0.7403459748123682,Normal_Market,1
2016-11-23,351.5219116210937,460.125,461.4500122070313,456.2250061035156,461.0499877929687,8251786.0,0.006617966482567628,0.010805028667499775,0.8117701871849745,Normal_Market,1
2016-11-24,355.3607482910156,465.1499938964844,469.9500122070313,461.6499938964844,464.1000061035156,16780644.0,0.010920618439455465,0.011347105697173591,0.8202783164772048,Normal_Market,1
2016-11-25,373.3904724121094,488.75,492.5,465.2250061035156,465.2250061035156,12631380.0,0.05073639733088542,0.016763873286495375,0.757720306062367,Normal_Market,1
2016-11-28,374.2499694824219,489.875,491.7250061035156,485.2999877929687,489.6499938964844,7365712.0,0.002301871991430726,0.016653110437616876,0.7448966876561086,Normal_Market,1
2016-11-29,371.5187683105469,486.2999877929687,492.3500061035156,483.5499877929687,489.3999938964844,6125506.0,-0.007297799317531495,0.016676176046361315,0.7399777222218664,Normal_Market,1
2016-11-30,372.6456298828125,487.7749938964844,488.5,480.5249938964844,486.5,8500918.0,0.003033121522742821,0.01661778907427932,0.7005378626471398,Normal_Market,1
2016-12-01,372.6647033691406,487.7999877929687,491.7749938964844,483.5,488.0,4611590.0,5.11839796273339e-05,0.016513177981970564,0.6908700542172171,Normal_Market,1
2016-12-02,368.4246520996094,482.25,484.7999877929687,480.5499877929687,482.3999938964844,4453228.0,-0.011377657264555308,0.01638582921664772,0.6517183996348349,Normal_Market,1
2016-12-05,367.3360290527344,480.8250122070313,484.2999877929687,479.0,482.9500122070313,3659576.0,-0.002954805115974346,0.01636613133833222,0.6117990573991575,Weak_Bear,0
2016-12-06,369.1887512207031,483.25,489.75,480.8250122070313,480.8999938964844,3562110.0,0.005043671247676018,0.016321797728363115,0.6310557772323803,Normal_Market,1
2016-12-07,369.15045166015625,483.2000122070313,486.5,480.1000061035156,484.0,3385980.0,-0.00010373978194144762,0.016276132727502873,0.7164596700893658,Normal_Market,1
2016-12-08,376.1216735839844,492.3250122070313,493.0499877929687,485.0249938964844,485.0249938964844,5941662.0,0.018884500594478215,0.015802913926455015,0.7620136644681238,Normal_Market,1
2016-12-09,377.9169921875,494.6749877929687,504.0750122070313,490.75,492.5,8648384.0,0.004773238900083632,0.01500264893686652,0.7169650484690842,Normal_Market,1
2016-12-12,373.3331604003906,488.6749877929687,491.3999938964844,482.6000061035156,491.3999938964844,5345020.0,-0.012129202660554506,0.01455137335496865,0.6030965959546165,Weak_Bear,0
2016-12-13,378.24169921875,495.1000061035156,496.4249877929687,485.5499877929687,490.25,4854282.0,0.013147877925162366,0.014722776013278526,0.6178326545799439,Normal_Market,1
2016-12-14,381.8896179199219,499.875,502.4750061035156,492.0499877929687,495.5,5382614.0,0.009644411784069717,0.014363715166596559,0.5899401046969048,Weak_Bear,0
2016-12-15,379.06292724609375,496.1749877929687,509.4750061035156,494.5,498.7000122070313,7966416.0,-0.007401852632770045,0.014155339850331959,0.5663472417487723,Weak_Bear,0
2016-12-16,383.9523620605469,502.5750122070313,504.8500061035156,498.875,501.8999938964844,6436742.0,0.012898741773496702,0.013912697360500943,0.5503201418810435,Weak_Bear,0
2016-12-19,383.7613830566406,502.3250122070313,504.125,497.0499877929687,503.0499877929687,4124134.0,-0.0004974028623794258,0.01356676458286958,0.4918285395532132,Weak_Bear,0
2016-12-20,386.6262817382813,506.0750122070313,509.5,500.6499938964844,501.0,7636498.0,0.007465312582578987,0.013572243241089254,0.47327694146487537,Weak_Bear,0
2016-12-21,382.5772705078125,500.7749938964844,511.0,499.125,508.0,7343976.0,-0.010472674574176222,0.014008477339265461,0.5278973452927553,Weak_Bear,0
2016-12-22,376.1407775878906,492.3500061035156,503.5,484.75,501.25,7060054.0,-0.016824033773303992,0.01467949252555283,0.545610971577786,Weak_Bear,0
2016-12-23,377.5732727050781,494.2250061035156,503.2999877929687,486.7999877929687,492.4500122070313,7306036.0,0.003808401541502082,0.009461772913505225,0.5181185686205952,Weak_Bear,0
2016-12-26,375.3959045410156,491.375,497.0,487.5499877929687,494.0,3213828.0,-0.005766743362057958,0.009556910416689896,0.5372080964105532,Weak_Bear,0
2016-12-27,381.5841064453125,499.4750061035156,500.9500122070313,490.0,491.375,4912816.0,0.016484468342463643,0.010042600668059107,0.5329224071389583,Weak_Bear,0
2016-12-28,381.4122314453125,499.25,504.8999938964844,497.5,501.4750061035156,5476816.0,-0.00045042494458458204,0.010042726710614645,0.47480480208963527,Weak_Bear,0
2016-12-29,379.06292724609375,496.1749877929687,504.0,494.0750122070313,501.875,6240124.0,-0.00615948835808533,0.010175624048453786,0.4467462588991515,Weak_Bear,0
2016-12-30,386.0341491699219,505.2999877929687,506.0,496.375,499.0,7267768.0,0.01839067189839505,0.010458340235214818,0.4236667119554803,Weak_Bear,0
2017-01-02,382.4053649902344,500.5499877929687,506.4750061035156,499.6749877929687,505.5499877929687,2335222.0,-0.00940016365777585,0.010727515830054922,0.41643855572393995,Weak_Bear,0
2017-01-03,379.6358947753906,496.9249877929687,502.4500122070313,491.0,502.0499877929687,6778482.0,-0.007242236820904635,0.010898481354216566,0.45221853831728603,Weak_Bear,0
2017-01-04,381.125732421875,498.875,502.1000061035156,496.125,497.5249938964844,7073586.0,0.003924385620505788,0.010905426470268908,0.5395902824595123,Weak_Bear,0
2017-01-05,380.5145263671875,498.0750122070313,504.75,494.375,500.7999877929687,8207074.0,-0.0016036861400136049,0.010136873151622308,0.6082041940627118,Weak_Bear,0
2017-01-06,371.3850708007813,486.125,499.4249877929687,484.0249938964844,497.4500122070313,14393448.0,-0.023992396961992735,0.011470926056326991,0.573222191820165,Weak_Bear,0
2017-01-09,370.6592712402344,485.1749877929687,488.4750061035156,482.5,486.125,10545692.0,-0.0019543046223747806,0.011163957560972264,0.524396970638761,Weak_Bear,0
2017-01-10,370.7357482910156,485.2749938964844,490.5,483.9750061035156,488.5,11939854.0,0.00020632709530055138,0.010709268754377027,0.5573467425597168,Weak_Bear,0
2017-01-11,370.1818237304687,484.5499877929687,489.2250061035156,481.9750061035156,487.1000061035156,12241574.0,-0.0014941223313380547,0.01041505819235195,0.5279851299429945,Weak_Bear,0
2017-01-12,382.0042724609375,500.0249938964844,502.2000122070313,488.7749938964844,488.7749938964844,11855740.0,0.031936869863920636,0.012705428742274406,0.5349762569758802,Weak_Bear,0
2017-01-13,372.7411193847656,487.8999938964844,520.0,481.3500061035156,515.0,31276246.0,-0.024248820612651878,0.013483226461063844,0.5341808475836478,Weak_Bear,0
2017-01-16,365.044189453125,477.8250122070313,482.7250061035156,476.2250061035156,482.5,12351372.0,-0.020649532695359518,0.014149198376201136,0.48666415959851644,Weak_Bear,0
2017-01-17,364.9486083984375,477.7000122070313,482.0,476.2000122070313,478.125,5560094.0,-0.00026183420377323685,0.013969941034294981,0.5338358981805662,Weak_Bear,0
2017-01-18,363.19140625,475.3999938964844,480.5,474.8999938964844,479.0499877929687,5952962.0,-0.004814930398416628,0.013863023140332468,0.5924044956319128,Weak_Bear,0
2017-01-19,365.9798889160156,479.0499877929687,479.7999877929687,474.0499877929687,475.5,8876480.0,0.007677722044161506,0.01361143000324262,0.6056418755741229,Weak_Bear,0
2017-01-20,362.3893432617187,474.3500061035156,476.5750122070313,473.0,475.0,9124742.0,-0.009810773113603788,0.013683921168142143,0.5847140940632458,Weak_Bear,0
2017-01-23,363.9172668457031,476.3500061035156,479.0,470.0,472.5,7948580.0,0.004216248662922029,0.013719837697037772,0.5766314325242384,Weak_Bear,0
2017-01-24,361.1860656738281,472.7749938964844,475.0,470.0499877929687,475.0,6826010.0,-0.0075050057271204285,0.013103028951374551,0.6082943587061981,Weak_Bear,0
2017-01-25,357.76727294921875,468.2999877929687,473.3999938964844,467.3999938964844,473.0499877929687,9978090.0,-0.009465461294115185,0.01317780135913785,0.5549946345422461,Weak_Bear,0
2017-01-27,359.8873291015625,471.0750122070313,473.7749938964844,450.5750122070313,466.9249877929687,10635138.0,0.005925796775281489,0.013307178774712209,0.5370309639797609,Weak_Bear,0
2017-01-30,362.63763427734375,474.6749877929687,475.75,464.4249877929687,468.75,11369208.0,0.007642128392369996,0.0126179228260511,0.5300944323392015,Weak_Bear,0
2017-01-31,354.7113952636719,464.2999877929687,470.75,452.1749877929687,470.75,24068534.0,-0.02185718818033633,0.013240213506118457,0.5018454959443854,Weak_Bear,0
2017-02-01,350.1849365234375,458.375,461.6000061035156,452.5750122070313,460.5499877929687,11531782.0,-0.012760962294063538,0.013375428826660773,0.5383606103878774,Weak_Bear,0
2017-02-02,357.4999389648437,467.9500122070313,472.5,455.0499877929687,458.5,11828268.0,0.02088896945147889,0.014399435366012063,0.5936636237726948,Weak_Bear,0
2017-02-03,357.5762939453125,468.0499877929687,470.4500122070313,460.5249938964844,466.8999938964844,8423958.0,0.0002135804014118392,0.014415074598492082,0.64208889925836,Normal_Market,1
2017-02-06,357.25164794921875,467.625,471.875,465.2749938964844,468.625,6727934.0,-0.0009079069322850408,0.013544066817947198,0.6135424912545123,Weak_Bear,0
2017-02-07,359.925537109375,471.125,474.8999938964844,464.2749938964844,466.5,9268002.0,0.007484609729599745,0.013703792167382605,0.5865932873238898,Weak_Bear,0
2017-02-08,357.72918701171875,468.25,472.0499877929687,466.2250061035156,468.0,6319962.0,-0.00610223468802884,0.013737937404462972,0.5821836371384915,Weak_Bear,0
2017-02-09,361.3579406738281,473.0,475.0,468.2749938964844,468.5,11907266.0,0.010143856844397003,0.013991022094181332,0.5109389740059098,Weak_Bear,0
2017-02-10,369.876220703125,484.1499938964844,486.0,471.6499938964844,473.125,12252452.0,0.023572970372292668,0.013044125663940276,0.5054786448106388,Weak_Bear,0
2017-02-13,376.0070495605469,492.1749877929687,493.0499877929687,481.4249877929687,486.4249877929687,13724268.0,0.016575352818754663,0.012484179510312714,0.49132338396465747,Weak_Bear,0
2017-02-14,377.2866821289063,493.8500061035156,494.5,486.1749877929687,490.0,9338818.0,0.003403214301048285,0.011454590330698408,0.42252462145156455,Weak_Bear,0
2017-02-15,375.0330200195313,490.8999938964844,499.3999938964844,484.3999938964844,494.6000061035156,7259486.0,-0.0059733412710417655,0.011576957387425249,0.4597888830576396,Weak_Bear,0
2017-02-16,386.6071472167969,506.0499877929687,506.9500122070313,495.0249938964844,495.5,12815858.0,0.030861621722436006,0.01319940915080488,0.4714283871994927,Weak_Bear,0
2017-02-17,382.0232543945313,500.0499877929687,506.875,496.3500061035156,506.875,4851208.0,-0.01185672033035401,0.013569072326068627,0.5009292278520102,Weak_Bear,0
2017-02-20,385.9004821777344,505.125,515.5,496.75,498.25,4650662.0,0.010149193114822541,0.013369074655763811,0.49048572004441776,Weak_Bear,0
2017-02-21,387.1801452636719,506.7999877929687,512.25,500.0249938964844,511.0499877929687,7613996.0,0.00331604427834864,0.01336710331695416,0.4715992441527032,Weak_Bear,0
2017-02-22,378.22259521484375,495.0750122070313,507.5,493.2000122070313,507.5,6607838.0,-0.023135354842971023,0.014439082328143114,0.47698525030036015,Weak_Bear,0
2017-02-23,385.36572265625,504.4249877929687,510.0,496.6749877929687,499.4500122070313,9542656.0,0.01888604100278224,0.014603045533325322,0.45123771579796357,Weak_Bear,0
2017-02-27,386.7217712402344,506.2000122070313,511.5,503.4750061035156,503.6499938964844,5328696.0,0.003518861445790833,0.014594723712939689,0.4633344954747231,Weak_Bear,0
2017-02-28,386.7217712402344,506.2000122070313,511.3500061035156,504.625,505.9249877929687,5940132.0,0.0,0.014586206002596074,0.44850461697925353,Weak_Bear,0
2017-03-01,391.5920715332031,512.5750122070312,513.5,505.0499877929687,506.0,4282448.0,0.012593809439146675,0.013445971589000039,0.4182705768031911,Weak_Bear,0
2017-03-02,390.8853759765625,511.6499938964844,514.0,508.25,512.2000122070312,2948498.0,-0.0018046727909318827,0.012894273940244585,0.46634820727944776,Weak_Bear,0
2017-03-03,393.9031372070313,515.5999755859375,517.1500244140625,500.2000122070313,505.125,5401612.0,0.0077203226724187335,0.01239870448813579,0.49154076209898406,Weak_Bear,0
2017-03-06,394.9344482421875,516.9500122070312,517.9749755859375,509.8500061035156,510.0249938964844,5286386.0,0.0026181843649906167,0.012362136827215655,0.526826479738244,Weak_Bear,0
2017-03-07,389.5484313964844,509.8999938964844,512.9000244140625,507.3500061035156,511.0,4644496.0,-0.013637748921816573,0.012996639756596753,0.4882947808869878,Weak_Bear,0
2017-03-08,384.9646606445313,503.8999938964844,508.4500122070313,502.2250061035156,508.4500122070313,6179176.0,-0.011766882837958792,0.013462043242864975,0.45350349169801674,Weak_Bear,0
2017-03-09,386.3970947265625,505.7749938964844,506.5,499.5,503.8999938964844,3480630.0,0.003720949553221109,0.013272900722518794,0.489993238476164,Weak_Bear,0
2017-03-10,390.33154296875,510.9249877929687,513.8250122070312,506.7000122070313,507.5,4550324.0,0.010182396026998441,0.013273850758050338,0.4370095572423265,Weak_Bear,0
2017-03-14,395.2782287597656,517.4000244140625,520.9500122070312,511.3999938964844,511.3999938964844,7878396.0,0.012673036243477931,0.012633989981002375,0.4320851422449921,Weak_Bear,0
2017-03-15,386.5499267578125,505.9750061035156,517.4500122070312,503.75,517.4500122070312,6373978.0,-0.02208141346245973,0.013443650150023335,0.4171376501458729,Weak_Bear,0
2017-03-16,393.0054321289063,514.4249877929688,515.8499755859375,506.6499938964844,506.6499938964844,6702956.0,0.01670031456282861,0.013866475943466251,0.3649728852692492,Weak_Bear,0
2017-03-17,397.3792114257813,520.1500244140625,521.4500122070312,509.625,517.7000122070312,9507846.0,0.011129055578652736,0.01386751876022976,0.40183156696741007,Weak_Bear,0
2017-03-20,390.1978454589844,510.75,513.2750244140625,507.5499877929687,513.2750244140625,4427388.0,-0.018071820971787833,0.012979414746252305,0.40708410128492173,Weak_Bear,0
2017-03-21,394.5333557128906,516.4249877929688,517.4749755859375,509.3999938964844,510.4500122070313,4869584.0,0.011111056363743987,0.012839922244276733,0.4225121295929922,Weak_Bear,0
2017-03-22,392.5661315917969,513.8499755859375,519.9749755859375,510.2000122070313,511.2250061035156,3990852.0,-0.004986204823009488,0.012760961348614635,0.40714039084158243,Weak_Bear,0
2017-03-23,397.4364318847656,520.2249755859375,521.5,513.2999877929688,514.125,4501662.0,0.012406318072372802,0.013009719888343955,0.3944701246034371,Weak_Bear,0
2017-03-24,393.9794616699219,515.7000122070312,522.0,513.8499755859375,519.0,4883896.0,-0.008698171424420642,0.011933355005949456,0.4340394822101555,Weak_Bear,0
2017-03-27,393.0054321289063,514.4249877929688,520.9249877929688,512.25,513.5999755859375,7684824.0,-0.0024722850701075494,0.011291533476575863,0.4484806554795001,Weak_Bear,0
2017-03-28,395.4119567871094,517.5750122070312,519.5,515.0250244140625,515.75,4796796.0,0.00612338777397281,0.011336523146882115,0.4812699961961203,Weak_Bear,0
2017-03-29,394.1513671875,515.9249877929688,520.75,512.9249877929688,517.1500244140625,6981186.0,-0.0031880411757201355,0.01137622830175494,0.5072136079229864,Weak_Bear,0
2017-03-30,391.7257385253906,512.75,517.9500122070312,510.125,517.0,12157180.0,-0.006154053655623826,0.011141794140294054,0.4829152097342009,Weak_Bear,0
2017-03-31,390.48431396484375,511.125,514.6500244140625,504.0,511.625,14153854.0,-0.003169116650899917,0.011158082347057747,0.4632283464300651,Weak_Bear,0
2017-04-03,385.3466491699219,504.3999938964844,516.2249755859375,503.0499877929687,516.0750122070312,4315600.0,-0.013157160508589394,0.011373097985757367,0.4760140654778555,Weak_Bear,0
2017-04-05,380.4381103515625,497.9750061035156,502.7000122070313,495.5,502.5,7398338.0,-0.012737982356750499,0.011628900693840165,0.4952343179193791,Weak_Bear,0
2017-04-06,381.8323364257813,499.7999877929687,502.8999938964844,496.0,499.0750122070313,5379008.0,0.00366479076696713,0.011342251505772042,0.4575097514716783,Weak_Bear,0
2017-04-07,374.9375305175781,490.7749938964844,500.4500122070313,489.5,500.4500122070313,6404508.0,-0.018057155590182394,0.0117386040663181,0.45787607955916904,Weak_Bear,0
2017-04-10,364.1846618652344,476.7000122070313,494.75,475.0499877929687,492.4500122070313,9528472.0,-0.028679093921326282,0.013165059796424405,0.46418532365391424,Weak_Bear,0
2017-04-11,369.43695068359375,483.5750122070313,485.8500061035156,478.0249938964844,478.0249938964844,8655466.0,0.014422048395610343,0.013418044997365356,0.4428106845672361,Weak_Bear,0
2017-04-12,370.08636474609375,484.4249877929687,488.4500122070313,480.1749877929687,485.0,6696752.0,0.0017578481559528125,0.01297623022163011,0.4782478552272747,Weak_Bear,0
2017-04-13,355.781005859375,465.7000122070313,495.0,463.3250122070313,485.0,30973188.0,-0.038654109552329174,0.014664302680089666,0.4726091048149584,Weak_Bear,0
2017-04-17,353.2981262207031,462.4500122070313,466.0499877929687,461.75,465.0,7213434.0,-0.0069786739533060915,0.013834446598119,0.4299929758726173,Weak_Bear,0
2017-04-18,352.4386291503906,461.3250122070313,467.0,459.5499877929687,462.375,4647518.0,-0.002432781287313057,0.01331351027964016,0.4264144652943186,Weak_Bear,0
2017-04-19,351.1207580566406,459.6000061035156,465.0,456.3250122070313,461.5,10071702.0,-0.003739292417879736,0.013005901464921765,0.41261539800282643,Weak_Bear,0
2017-04-20,354.2148132324219,463.6499938964844,464.8500061035156,459.2749938964844,460.75,4549000.0,0.008811940350396785,0.012863705107748511,0.4521209649039219,Weak_Bear,0
2017-04-21,352.8396911621094,461.8500061035156,467.3999938964844,460.5499877929687,467.3999938964844,3577466.0,-0.0038821698555283612,0.01286747230469999,0.4511619603412631,Weak_Bear,0
2017-04-24,353.9283752441406,463.2749938964844,464.25,456.5,458.75,5556666.0,0.003085492106756904,0.01235320029796509,0.46492551003541643,Weak_Bear,0
2017-04-25,354.997802734375,464.6749877929687,466.5,460.2749938964844,462.9500122070313,4737060.0,0.0030215929691894683,0.012481136982254872,0.48769243280435515,Weak_Bear,0
2017-04-26,349.2299194335937,457.125,467.7749938964844,455.1000061035156,464.9750061035156,9084496.0,-0.016247659158321826,0.012705371378783262,0.4823608675172616,Weak_Bear,0
2017-04-27,353.4317321777344,462.625,464.5,458.0,458.0,7797208.0,0.012031651672214982,0.013061132357683152,0.4970853082258144,Weak_Bear,0
2017-04-28,351.0252380371094,459.4750061035156,463.7000122070313,457.7999877929687,463.4249877929687,5029702.0,-0.006808936271219701,0.013052285391736411,0.5169095235328306,Weak_Bear,0
2017-05-02,352.4195251464844,461.2999877929687,463.2000122070313,457.5499877929687,462.0,3231126.0,0.00397204234422488,0.013228752313659005,0.4774539400113909,Weak_Bear,0
2017-05-03,356.8887023925781,467.1499938964844,469.5499877929687,458.8250122070313,463.25,4659448.0,0.012681412144335935,0.013817803951180185,0.44556435350310036,Weak_Bear,0
2017-05-04,358.1683654785156,468.8250122070313,469.8250122070313,464.4500122070313,468.5,5279806.0,0.0035856082788798815,0.013766176915146052,0.447115989760455,Weak_Bear,0
2017-05-05,355.819091796875,465.75,468.6749877929687,460.0,468.0,4432788.0,-0.006559132263124323,0.013617877558934578,0.4388968699942151,Weak_Bear,0
2017-05-08,361.16705322265625,472.75,474.2749938964844,466.0,469.0,4707098.0,0.015030001337966947,0.014148416526512499,0.4415697508299824,Weak_Bear,0
2017-05-09,361.6062622070313,473.3250122070313,475.9750061035156,471.0499877929687,475.2999877929687,5649372.0,0.0012160826422455973,0.013695180954744405,0.44765240703245474,Weak_Bear,0
2017-05-10,360.4602966308594,471.8250122070313,475.0,468.5750122070313,473.5750122070313,3364302.0,-0.0031690977063771886,0.012153155066422594,0.45560129431266283,Weak_Bear,0
2017-05-11,360.6321411132813,472.0499877929687,474.9249877929687,468.7749938964844,473.4249877929687,3229482.0,0.0004767362287279031,0.011644837215217101,0.45525152996723184,Weak_Bear,0
2017-05-12,368.3291931152344,482.125,483.0,475.7250061035156,476.5,10979996.0,0.021343222426575936,0.012678958309939394,0.4825591767355395,Weak_Bear,0
2017-05-15,363.4779052734375,475.7749938964844,481.75,474.5499877929687,481.75,7297164.0,-0.013171065265736637,0.009485242597833902,0.509609544501889,Weak_Bear,0
2017-05-16,364.7958068847656,477.5,480.0750122070313,473.4750061035156,476.5499877929687,6130168.0,0.0036258094156691456,0.009303750206413079,0.47914943441909175,Weak_Bear,0
2017-05-17,363.9554443359375,476.3999938964844,479.2250061035156,471.9249877929687,475.7999877929687,2915508.0,-0.0023036518868035927,0.00930081681898029,0.5016565235324582,Weak_Bear,0
2017-05-18,367.3742370605469,480.875,486.9500122070313,471.4249877929687,471.5,8057848.0,0.009393437514988223,0.009363677942202808,0.4897955353478291,Weak_Bear,0
2017-05-19,365.9226379394531,478.9750061035156,481.3500061035156,473.9249877929687,480.75,4257396.0,-0.00395128175755699,0.00933186151547811,0.5089208463998203,Weak_Bear,0
2017-05-22,367.2595825195313,480.7250061035156,483.4500122070313,478.2749938964844,479.2000122070313,5503052.0,0.003653626317318359,0.009247703713446846,0.5112969493501219,Weak_Bear,0
2017-05-23,365.6744689941406,478.6499938964844,483.5,477.0499877929687,482.3250122070313,4039982.0,-0.004316057635627257,0.009351403213793233,0.49195382195656645,Weak_Bear,0
2017-05-24,364.7193603515625,477.3999938964844,482.75,474.7999877929687,480.0,5636286.0,-0.002611909563184245,0.009393463596426184,0.5023765232168155,Weak_Bear,0
2017-05-25,375.6059265136719,491.6499938964844,493.2999877929687,480.5,480.5,10438514.0,0.029849158957768296,0.01043468492447771,0.4739221042522541,Weak_Bear,0
2017-05-26,380.3426208496094,497.8500061035156,500.0,490.2999877929687,493.5,4988004.0,0.012610808300877796,0.010459801565561247,0.4693826111317341,Weak_Bear,0
2017-05-29,376.3126525878906,492.5750122070313,498.3500061035156,487.8500061035156,495.4500122070313,6308434.0,-0.010595626261176272,0.01069224713214769,0.51299925615923,Weak_Bear,0
2017-05-30,380.5335998535156,498.1000061035156,500.0,489.3250122070313,491.0,3716910.0,0.011216596722426697,0.010829557537991452,0.48188783209676384,Weak_Bear,0
2017-05-31,373.2185668945313,488.5249938964844,496.7749938964844,487.4249877929687,496.7749938964844,7763900.0,-0.019223093471378627,0.011776406645616277,0.4828591449157799,Weak_Bear,0
2017-06-01,376.7480163574219,485.7000122070313,489.8500061035156,479.2749938964844,484.6499938964844,5508606.0,0.009456789602560134,0.011882707057880018,0.4619903821741171,Weak_Bear,0
2017-06-02,375.99163818359375,484.7250061035156,487.7250061035156,482.1000061035156,486.7000122070313,3917966.0,-0.0020076500498692473,0.011740827970957322,0.46006383829852515,Weak_Bear,0
2017-06-05,371.8417663574219,479.375,486.0,478.5249938964844,485.0,5462698.0,-0.011037138608240848,0.011761613194703383,0.45875692037181526,Weak_Bear,0
2017-06-06,379.8312072753906,489.6749877929687,493.75,482.2000122070313,482.5,7008686.0,0.02148613103964525,0.012578747192699349,0.4576523845782286,Weak_Bear,0
2017-06-07,372.8307495117187,480.6499938964844,494.4500122070313,472.5,492.5,12455046.0,-0.018430443917148653,0.013380425020212264,0.46277944047742253,Weak_Bear,0
2017-06-08,370.9497680664063,478.2250061035156,481.4750061035156,474.0750122070313,481.4750061035156,6195352.0,-0.005045134951384367,0.01346528527004985,0.46458790896851476,Weak_Bear,0
2017-06-09,367.9051513671875,474.2999877929687,475.4750061035156,461.5,469.2749938964844,14757662.0,-0.00820762529409036,0.012776656933245641,0.48544578387687215,Weak_Bear,0
2017-06-12,373.8197937011719,481.9249877929687,482.6000061035156,470.0499877929687,471.6749877929687,8591676.0,0.016076541228098318,0.012860952348327237,0.5305400870202837,Weak_Bear,0
2017-06-13,371.4733581542969,478.8999938964844,481.4750061035156,475.7999877929687,476.75,4937794.0,-0.006276916274665534,0.01296428041644011,0.5241586568945273,Weak_Bear,0
2017-06-14,371.7835998535156,479.2999877929687,480.9500122070313,475.6000061035156,480.0,7438110.0,0.0008351654093317062,0.012941328945336823,0.5483783677945387,Weak_Bear,0
2017-06-15,369.26263427734375,476.0499877929687,483.9750061035156,474.7999877929687,479.8250122070313,5528062.0,-0.00678073367723897,0.012903982289425799,0.5091577183088466,Weak_Bear,0
2017-06-16,364.6666870117187,470.125,476.9249877929687,468.0,474.5499877929687,10948450.0,-0.01244628304897255,0.013189158579985908,0.4950169079733217,Weak_Bear,0
2017-06-19,360.6331481933594,464.9249877929687,470.125,464.0,469.9750061035156,6855860.0,-0.011060891937819672,0.013378405983538127,0.46342396957542537,Weak_Bear,0
2017-06-20,365.9465637207031,471.7749938964844,473.4500122070313,467.0249938964844,467.5,5184396.0,0.014733574974907349,0.013788642103348804,0.46289348283718107,Weak_Bear,0
2017-06-21,365.8690490722656,471.6749877929687,474.5,468.0249938964844,472.5,3735864.0,-0.00021181958275373614,0.013773986169462026,0.4912464857703553,Weak_Bear,0
2017-06-22,364.6279602050781,470.0750122070313,484.3500061035156,467.5499877929687,473.8500061035156,9465242.0,-0.003392166870454183,0.011890824243443487,0.5054916979354986,Weak_Bear,0
2017-06-23,365.8302612304687,471.625,474.5750122070313,469.0,472.5,6403018.0,0.0032973363444601667,0.011488181976844123,0.4773165027198351,Weak_Bear,0
2017-06-27,359.54718017578125,463.5249938964844,474.0,461.875,472.5,6904660.0,-0.017174853259963596,0.011839686723659048,0.5149225625189681,Weak_Bear,0
2017-06-28,358.63580322265625,462.3500061035156,466.5,460.5,466.3999938964844,5905224.0,-0.0025347909909332333,0.011410458184342774,0.48187756054840813,Weak_Bear,0
2017-06-29,360.7689514160156,465.1000061035156,473.9750061035156,463.2999877929687,465.1000061035156,15914040.0,0.005947951024942721,0.010891318118759482,0.5363953198291128,Weak_Bear,0
2017-06-30,362.8438415527344,467.7749938964844,469.0,464.5,465.3999938964844,4216700.0,0.005751299075418936,0.010722851757686756,0.5136864051595871,Weak_Bear,0
2017-07-03,369.1850280761719,475.9500122070313,477.5,467.2999877929687,470.5499877929687,5088924.0,0.017476351524395195,0.011557856637557248,0.4943749848799343,Weak_Bear,0
2017-07-04,373.1604614257813,481.0750122070313,485.0,474.7000122070313,476.9249877929687,5167726.0,0.010768132636162164,0.011574733291275155,0.46423196848767695,Weak_Bear,0
2017-07-05,368.7972106933594,475.4500122070313,479.5,472.7000122070313,479.5,4226228.0,-0.01169269304617837,0.010715212590307813,0.47440287220324906,Weak_Bear,0
2017-07-06,367.28460693359375,473.5,478.5,472.1000061035156,472.5,3829720.0,-0.004101451192979,0.009971071211531762,0.5008434813703679,Weak_Bear,0
2017-07-07,362.7857055664063,467.7000122070313,472.7250061035156,466.5249938964844,471.9249877929687,5776886.0,-0.012249087716330154,0.01026209489860411,0.5498260942774722,Weak_Bear,0
2017-07-10,371.1824340820313,478.5249938964844,479.8999938964844,470.0,471.6000061035156,1464376.0,0.023145147084876028,0.011440203157332955,0.551469678048454,Weak_Bear,0
2017-07-11,378.2798767089844,487.6749877929687,494.75,478.3250122070313,478.3250122070313,11539708.0,0.019121170549209143,0.011676132090617559,0.5670853489825644,Weak_Bear,0
2017-07-12,377.1163940429687,486.1749877929687,490.75,484.375,487.4750061035156,6275976.0,-0.003075719163646573,0.01159774511387077,0.5702827774985774,Weak_Bear,0
2017-07-13,378.939208984375,488.5249938964844,491.7250061035156,482.0499877929687,488.625,5170392.0,0.004833560593493047,0.01163247034647703,0.5978873309998042,Weak_Bear,0
2017-07-14,377.0,486.0249938964844,503.4249877929687,483.0249938964844,499.7250061035156,22478180.0,-0.005117467230621009,0.011579608532823523,0.5676867167214957,Weak_Bear,0
2017-07-17,381.6541137695313,492.0249938964844,496.0,487.0,487.5,7698250.0,0.01234512936215193,0.011378273147563473,0.5521416400060293,Weak_Bear,0
2017-07-18,382.2552185058594,492.7999877929687,502.3999938964844,490.5499877929687,493.0249938964844,8260180.0,0.001574998708623987,0.010937246655358066,0.5080711125084416,Weak_Bear,0
2017-07-19,380.0252380371094,489.9249877929687,494.3250122070313,484.5499877929687,490.7250061035156,5890278.0,-0.005833747613613882,0.010738296438454031,0.5333778466926226,Weak_Bear,0
2017-07-20,375.99163818359375,484.7250061035156,489.9249877929687,483.4750061035156,489.6499938964844,6809740.0,-0.010614031516300915,0.011094220081887573,0.5430182114354627,Weak_Bear,0
2017-07-21,380.12213134765625,490.0499877929687,491.2749938964844,485.7000122070313,486.5,5980754.0,0.010985598467074364,0.011230720207202515,0.5553929561572566,Weak_Bear,0
2017-07-24,384.1750793457031,495.2749938964844,497.0,491.2999877929687,491.75,6129176.0,0.010662225805369019,0.011390185907428263,0.5487974129155547,Weak_Bear,0
2017-07-25,385.4549865722656,496.9249877929687,499.5,493.1000061035156,495.0,7145614.0,0.003331572752564682,0.010405236232161443,0.5863432166159822,Weak_Bear,0
2017-07-26,385.5325317382813,497.0249938964844,499.5,495.2000122070313,499.0499877929687,6870024.0,0.00020117826650856152,0.010338993642006486,0.5914360629160514,Weak_Bear,0
2017-07-27,376.61224365234375,485.5249938964844,502.0,483.3999938964844,498.0,12676852.0,-0.023137575565200574,0.011925943662250625,0.6060786888554031,Weak_Bear,0
2017-07-28,386.8123474121094,498.6749877929687,501.5,481.1499938964844,488.0,11098428.0,0.02708383471776199,0.013149694942444529,0.5884628295959428,Weak_Bear,0
2017-07-31,392.1839599609375,505.6000061035156,510.8500061035156,493.375,495.9500122070313,19158248.0,0.013886869394852175,0.012969069642325262,0.5662312653202347,Weak_Bear,0
2017-08-01,389.9926452636719,502.7749938964844,508.5,499.1749877929687,505.5,7689398.0,-0.0055874663958308535,0.012976147205253225,0.5223346673620852,Weak_Bear,0
2017-08-02,385.2610168457031,496.6749877929687,506.375,493.6000061035156,503.0,4257584.0,-0.012132609359260416,0.013001441498008914,0.5524696056394321,Weak_Bear,0
2017-08-03,381.63470458984375,492.0,499.375,490.125,495.5,4640348.0,-0.009412611443404106,0.013191201972561824,0.5250041922815677,Weak_Bear,0
2017-08-04,381.5377807617187,491.875,494.5,488.0249938964844,494.0,5349018.0,-0.00025397016298400743,0.012775356541213586,0.5484473448416676,Weak_Bear,0
2017-08-07,375.5262756347656,484.125,491.875,482.8500061035156,491.75,6073744.0,-0.01575598913153875,0.012439713545440028,0.5259155681213847,Weak_Bear,0
2017-08-08,373.8197937011719,481.9249877929687,485.125,477.5249938964844,484.25,6004648.0,-0.004544241093940027,0.011693958794308132,0.5378703436649979,Weak_Bear,0
2017-08-09,375.9528503417969,484.6749877929687,486.9500122070313,482.2749938964844,483.8250122070313,3922410.0,0.0057061094050310235,0.011757959005132502,0.5396678528413074,Weak_Bear,0
2017-08-10,380.5681762695313,490.625,493.75,484.6749877929687,484.9500122070313,9140684.0,0.012276342428414688,0.012036439676689352,0.5625465783643324,Weak_Bear,0
2017-08-11,383.06976318359375,493.8500061035156,498.5,484.7999877929687,488.0,6544156.0,0.006573295062618945,0.012044229760191864,0.5469209996004057,Weak_Bear,0
2017-08-14,380.6457824707031,490.7250061035156,494.6000061035156,488.5750122070313,494.0,3816470.0,-0.0063277787647491035,0.01182952883774938,0.5187501814640184,Weak_Bear,0
2017-08-16,378.22174072265625,487.6000061035156,493.0499877929687,484.5,491.0,6178080.0,-0.00636823487787741,0.011904641795794361,0.480360256530489,Weak_Bear,0
2017-08-17,395.9266357421875,510.4249877929687,514.625,499.0249938964844,502.5,25784260.0,0.0468108866129775,0.015828186804218453,0.4728617611241353,Weak_Bear,0
2017-08-18,358.0734558105469,461.625,508.9500122070313,442.1000061035156,508.9500122070313,164404960.0,-0.0956065505941085,0.026945943326672817,0.39639473740509257,High_Volatility,2
2017-08-21,338.7396240234375,436.7000122070313,462.0,435.0,462.0,90407176.0,-0.05399403802034053,0.029117524087161173,0.4631809903245177,High_Volatility,2
2017-08-22,339.51531982421875,437.7000122070313,448.5249938964844,430.0,447.6000061035156,49242598.0,0.002289947044186391,0.028935127933955074,0.4419615456067198,High_Volatility,2
2017-08-23,346.263671875,446.3999938964844,451.8500061035156,436.9500122070313,440.0,61284190.0,0.019876428711008254,0.0294404651159794,0.45615090742880554,High_Volatility,2
2017-08-24,353.7684326171875,456.0750122070313,459.125,451.1749877929687,455.0,42380524.0,0.02167354346342365,0.03002284255915617,0.4632029962733619,High_Volatility,2
2017-08-28,364.9576721191406,470.5,476.9750061035156,469.0,471.9750061035156,40712108.0,0.03162871095980746,0.030661568388579932,0.46028113002781296,High_Volatility,2
2017-08-29,359.70233154296875,463.7250061035156,471.0,462.7749938964844,470.7250061035156,13369392.0,-0.014399863265393331,0.030051079568470366,0.4490560239263493,High_Volatility,2
2017-08-30,359.39208984375,463.3250122070313,469.5,462.0499877929687,468.6000061035156,16149664.0,-0.000862495658251472,0.02978997146046138,0.4291182492186032,High_Volatility,2
2017-08-31,354.8543701171875,457.4750061035156,464.4750061035156,456.4500122070313,464.3999938964844,15022452.0,-0.012626097943711945,0.029852212051300103,0.401581534101871,High_Volatility,2
2017-09-01,356.7935485839844,459.9750061035156,462.9500122070313,455.0,457.9750061035156,8433922.0,0.005464716317729046,0.02986767669604023,0.455396122084087,High_Volatility,2
2017-09-04,349.1337280273437,450.1000061035156,460.5499877929687,446.75,460.5,10177108.0,-0.021468495120050224,0.030116191199283035,0.4527652354319228,High_Volatility,2
2017-09-05,349.7930908203125,450.9500122070313,452.5,448.625,451.0,9783392.0,0.0018885680186051523,0.030134005695020033,0.44577079130954256,High_Volatility,2
2017-09-06,347.3496398925781,447.7999877929687,450.1499938964844,445.0,450.0,7735910.0,-0.006985417928078941,0.030015794933069908,0.46960475594365336,High_Volatility,2
2017-09-07,347.4078674316406,447.875,450.25,446.1749877929687,450.0,6241192.0,0.00016763379711726145,0.030025242251195062,0.4830651933628052,High_Volatility,2
2017-09-08,342.9670715332031,442.1499938964844,449.5,441.0499877929687,449.5,8604542.0,-0.01278265783463095,0.030020766714898006,0.4521308241526937,High_Volatility,2
2017-09-11,340.795166015625,439.3500061035156,445.8999938964844,436.8250122070313,445.2000122070313,13787642.0,-0.006332694004321793,0.029772587156520938,0.46430698181764557,High_Volatility,2
2017-09-12,342.8700866699219,442.0249938964844,443.875,439.3999938964844,441.2749938964844,17241354.0,0.006088468561792126,0.029762804641652017,0.4586151132860353,High_Volatility,2
2017-09-13,342.75372314453125,441.875,443.7999877929687,440.5,442.75,11478228.0,-0.0003393808031514345,0.02977984896218032,0.455195895917718,High_Volatility,2
2017-09-14,346.108642578125,446.2000122070313,448.2999877929687,440.7999877929687,442.25,13698006.0,0.0097881341822188,0.029953519148609067,0.4259423882360024,High_Volatility,2
2017-09-15,352.255859375,454.125,456.625,446.1000061035156,446.1499938964844,13459460.0,0.017760945670368233,0.028001374010359462,0.4672404955121141,High_Volatility,2
2017-09-18,352.58551025390625,454.5499877929687,458.875,453.1499938964844,455.0,8475860.0,0.0009358279504310119,0.018269619429591027,0.4771720355282884,Weak_Bear,0
2017-09-19,353.80718994140625,456.125,458.0,451.75,454.0,6033330.0,0.0034649174511460767,0.013265776848012055,0.48252659047946156,Weak_Bear,0
2017-09-20,353.9817199707031,456.3500061035156,458.5,453.7250061035156,458.5,5767830.0,0.0004932913582840204,0.013271656302263382,0.45042401780086366,Weak_Bear,0
2017-09-21,352.7600402832031,454.7749938964844,457.625,454.0750122070313,457.5,8204152.0,-0.0034512507809756343,0.012644016017606449,0.4410983777428189,Weak_Bear,0
2017-09-22,348.3968200683594,449.1499938964844,455.125,444.0,454.0750122070313,17604088.0,-0.012368805183662124,0.011989687198396923,0.38496264508140915,Weak_Bear,0
2017-09-25,347.2526550292969,447.6749877929687,450.9750061035156,444.5499877929687,450.5,9088700.0,-0.0032840857698930304,0.00926825310822118,0.40299468703863756,Weak_Bear,0
2017-09-26,351.34442138671875,452.9500122070313,454.2000122070313,447.1499938964844,448.5,7366478.0,0.01178325434855676,0.009339283950669174,0.4211104252912532,Weak_Bear,0
2017-09-27,348.9785461425781,449.8999938964844,453.9500122070313,447.5499877929687,453.0499877929687,6000138.0,-0.006733777740949409,0.009422232691363424,0.42684729663783705,Weak_Bear,0
2017-09-28,347.5047912597656,448.0,451.9500122070313,447.1499938964844,448.0499877929687,17537266.0,-0.004223052961571994,0.009077606535096795,0.39537863581845445,Weak_Bear,0
2017-09-29,349.017333984375,449.9500122070313,451.2000122070313,447.5,449.0,5705832.0,0.004352580921621607,0.00903920322471028,0.44249395422459403,Weak_Bear,0
2017-10-03,350.4329528808594,451.7749938964844,456.0,450.7999877929687,455.0499877929687,4947522.0,0.00405601315076165,0.007710710245714937,0.4452438391512321,Weak_Bear,0
2017-10-04,348.9010009765625,449.7999877929687,452.7000122070313,448.5750122070313,451.5,4991492.0,-0.004371597738462962,0.0077660160853449504,0.48538300556793285,Weak_Bear,0
2017-10-05,350.23907470703125,451.5249938964844,452.4750061035156,449.5,450.0,8611300.0,0.003835110036152223,0.007636860675488792,0.47368774474416037,Weak_Bear,0
2017-10-06,356.87115478515625,460.0750122070313,461.0,451.9750061035156,452.0,8574308.0,0.01893586569023631,0.008682858962988142,0.4413463990480415,Weak_Bear,0
2017-10-09,358.3255310058594,461.9500122070313,464.5,457.0,460.0,3504832.0,0.00407535381103763,0.008029259659430691,0.41042159960941865,Weak_Bear,0
2017-10-10,362.8050231933594,467.7250061035156,469.9750061035156,464.7749938964844,469.9750061035156,7143220.0,0.012501180630153819,0.008077281065846474,0.4255048906376573,Weak_Bear,0
2017-10-11,360.96282958984375,465.3500061035156,469.0,464.0,467.7250061035156,5982504.0,-0.005077640842182651,0.008248655883836343,0.4138810843310589,Weak_Bear,0
2017-10-12,359.6441955566406,463.6499938964844,467.1749877929687,459.7749938964844,465.0,10280972.0,-0.003653101995852226,0.008343678588620075,0.4340220554944722,Weak_Bear,0
2017-10-13,360.7301940917969,465.0499877929687,466.75,463.7749938964844,466.3999938964844,7180728.0,0.0030196470527639185,0.008165349572432477,0.42416017188517713,Weak_Bear,0
2017-10-16,364.1819458007813,469.5,471.0,466.5,467.9750061035156,5758750.0,0.009568790651624859,0.0075183610240408,0.46555564461856347,Weak_Bear,0
2017-10-17,360.8853149414063,465.25,468.3999938964844,464.75,468.3999938964844,5625102.0,-0.009052153456224232,0.007893651158876453,0.4805351250180307,Weak_Bear,0
2017-10-18,358.50006103515625,462.1749877929687,465.0,461.4750061035156,464.4500122070313,7231852.0,-0.006609451278551837,0.008060747818690315,0.47760428154503837,Weak_Bear,0
2017-10-19,359.50848388671875,463.4750061035156,466.0,462.6000061035156,465.0,1091434.0,0.0028128945045384768,0.008074447348904208,0.4988249580549022,Weak_Bear,0
2017-10-23,364.3757934570313,469.75,471.0,464.0499877929687,465.0,9154096.0,0.013538789175963517,0.008486246286046205,0.4684363094734619,Weak_Bear,0
2017-10-24,359.3339233398437,463.25,473.3250122070313,460.7999877929687,473.0,14529328.0,-0.013837006210957736,0.008619254339117711,0.37827171292085543,Weak_Bear,0
2017-10-25,362.7469482421875,467.6499938964844,472.3500061035156,457.625,459.5,13984134.0,0.009498198418399495,0.008712847385049759,0.4493897708977951,Weak_Bear,0
2017-10-26,367.4203796386719,473.6749877929687,475.8999938964844,470.0499877929687,471.0,33659258.0,0.01288344786670459,0.008779614719896568,0.45241645266792835,Weak_Bear,0
2017-10-27,367.0325622558594,473.1749877929687,478.8500061035156,472.0,477.5,8524956.0,-0.0010555140768018223,0.008562039120847948,0.4508740595653954,Weak_Bear,0
2017-10-30,366.159912109375,472.0499877929687,477.3250122070313,470.5249938964844,477.3250122070313,12968326.0,-0.0023775823625045156,0.008494771432557927,0.43647956213878447,Weak_Bear,0
2017-10-31,362.5223083496094,460.9249877929687,465.0,460.0,462.5,9954988.0,-0.009934467535809954,0.00893363943432511,0.47666463897111855,Weak_Bear,0
2017-11-01,364.5672607421875,463.5249938964844,464.7000122070313,461.6499938964844,462.5,5633134.0,0.005640900836938245,0.008960406387074595,0.4527687482356725,Weak_Bear,0
2017-11-02,362.9352111816406,461.4500122070313,463.0,460.0,461.5249938964844,4686138.0,-0.004476676148111425,0.00896437946325833,0.4675904001615626,Weak_Bear,0
2017-11-03,364.4098815917969,463.3250122070313,464.9500122070313,458.4750061035156,458.5,3699086.0,0.004063178123045796,0.008966965580427769,0.4924659725487299,Weak_Bear,0
2017-11-06,365.2161865234375,464.3500061035156,467.5,461.3250122070313,461.5750122070313,5066534.0,0.002212631908110163,0.008038520257800053,0.44695819165042616,Weak_Bear,0
2017-11-07,375.75537109375,477.75,480.0,462.9249877929687,463.125,13442820.0,0.028857386280265906,0.010141979113702378,0.4246158964645499,Weak_Bear,0
2017-11-08,374.4969482421875,476.1499938964844,480.9249877929687,473.75,480.125,5369994.0,-0.0033490482062823457,0.009930338857395552,0.4453135210522306,Weak_Bear,0
2017-11-09,375.3620300292969,477.25,481.5,474.125,476.5,4723232.0,0.00230998354237566,0.009804155817801708,0.4489635059350885,Weak_Bear,0
2017-11-10,378.3312072753906,481.0249938964844,482.1749877929687,475.0,479.3999938964844,6589428.0,0.007910169405952017,0.009793995672725028,0.44231580645160895,Weak_Bear,0
2017-11-13,374.3592529296875,475.9750061035156,484.7000122070313,474.6749877929687,481.0249938964844,5021216.0,-0.010498616739305633,0.010219375382621744,0.4392564172548987,Weak_Bear,0
2017-11-14,373.238525390625,474.5499877929687,477.4249877929687,471.625,475.9750061035156,5733710.0,-0.002993722020470546,0.010109030199806392,0.468879474165354,Weak_Bear,0
2017-11-15,374.30029296875,475.8999938964844,476.75,472.25,472.5750122070313,7023516.0,0.002844742720526483,0.009814980395829205,0.46334818847120723,Weak_Bear,0
2017-11-16,388.6934814453125,494.2000122070313,497.9500122070313,474.25,475.8999938964844,15687502.0,0.03845358592269177,0.012555320609540798,0.45486111143098146,Weak_Bear,0
2017-11-17,381.83111572265625,485.4750061035156,492.75,482.5750122070313,492.75,8057670.0,-0.0176549544827439,0.013468853534103948,0.48612281407247965,Weak_Bear,0
2017-11-20,377.7413024902344,480.2749938964844,485.5,478.625,484.5,5661190.0,-0.010711052777041097,0.013570964207795707,0.46132193839974617,Weak_Bear,0
2017-11-21,379.9828796386719,483.125,485.75,480.0249938964844,480.6499938964844,5364656.0,0.005934159525738947,0.013076194469803154,0.44964485803862264,Weak_Bear,0
2017-11-22,380.0025329589844,483.1499938964844,485.5249938964844,481.6499938964844,483.2999877929687,6084920.0,5.172159422328626e-05,0.012994829601005373,0.47241636751775506,Weak_Bear,0
2017-11-23,389.8142395019531,495.625,497.2250061035156,484.5,485.75,11894618.0,0.025820108267614605,0.013838418313325362,0.45241384802270396,Weak_Bear,0
2017-11-24,397.0107727050781,504.7749938964844,509.6499938964844,495.1000061035156,495.4500122070313,18619912.0,0.018461442589474686,0.014216474400836671,0.42645278087045635,Weak_Bear,0
2017-11-27,392.76361083984375,499.375,503.3500061035156,496.6499938964844,503.3500061035156,6017730.0,-0.010697850429336797,0.014532026016583774,0.4392853068879349,Weak_Bear,0
2017-11-28,387.2384338378906,492.3500061035156,499.9500122070313,490.6499938964844,497.2000122070313,4616868.0,-0.014067436110332787,0.014762361326810254,0.455369548619881,Weak_Bear,0
2017-11-29,386.4518737792969,491.3500061035156,495.9750061035156,490.1499938964844,493.8250122070313,3838070.0,-0.0020312034908266385,0.014800848299358904,0.42916207169922793,Weak_Bear,0
2017-11-30,383.8563537597656,488.0499877929687,494.7250061035156,484.1749877929687,494.7250061035156,17266944.0,-0.006716282661922257,0.014868883060260057,0.45209232162098395,Weak_Bear,0
2017-12-01,377.0530395507813,479.3999938964844,491.6000061035156,478.5249938964844,489.7000122070313,4085000.0,-0.017723594105836127,0.015561879700632504,0.49179749389321464,Weak_Bear,0
2017-12-04,387.4939575195313,492.6749877929687,498.3999938964844,484.2749938964844,490.0,17811606.0,0.02769084683998102,0.016603627492468014,0.48569420769811916,Weak_Bear,0
2017-12-05,387.1007690429687,492.1749877929687,501.5,489.5,492.6749877929687,9976738.0,-0.0010146957621727237,0.015468936173351933,0.44375987091686614,Weak_Bear,0
2017-12-06,389.4406433105469,495.1499938964844,497.0499877929687,492.0,492.5,7490094.0,0.006044612810672145,0.015453332136145914,0.4395952174505572,Weak_Bear,0
2017-12-07,393.1765747070313,499.8999938964844,501.4500122070313,492.7999877929687,494.5,7549544.0,0.009593070113910418,0.015544811485844101,0.4373015332044049,Weak_Bear,0
2017-12-08,393.9827270507813,500.9249877929687,503.5,497.5,500.5,5983244.0,0.0020503570039762664,0.015491309649915519,0.4435023423407089,Weak_Bear,0
2017-12-11,395.3394470214844,502.6499938964844,503.4500122070313,496.9750061035156,497.4750061035156,5139098.0,0.0034436026697388655,0.01520358191995058,0.4464284402966274,Weak_Bear,0
2017-12-12,397.3843688964844,505.25,507.0,501.0,501.0,9320434.0,0.005172572305664369,0.015148252864026138,0.46753942549991134,Weak_Bear,0
2017-12-13,394.7299499511719,501.875,509.5,498.8250122070313,505.4500122070313,5362398.0,-0.006679726615024362,0.015310415478704313,0.46266325369720135,Weak_Bear,0
2017-12-14,398.4068603515625,506.5499877929687,507.5,499.6499938964844,502.625,6023572.0,0.009315002322082266,0.012938904426492067,0.46035232079543376,Weak_Bear,0
2017-12-15,402.2607421875,511.4500122070313,513.2000122070312,505.9249877929687,506.5,10384134.0,0.009673231611867283,0.01225518542604903,0.5090140303750662,Weak_Bear,0
2017-12-18,399.7832336425781,508.2999877929687,515.3499755859375,502.8999938964844,505.9500122070313,4035448.0,-0.006158961800371454,0.012033655997102422,0.5048337876000503,Weak_Bear,0
2017-12-19,394.8085632324219,501.9750061035156,508.9750061035156,499.7749938964844,508.7250061035156,7118898.0,-0.012443419312086035,0.01248365692583788,0.4725727131642746,Weak_Bear,0
2017-12-20,399.48828125,507.9249877929687,509.2999877929687,500.5,502.5499877929687,4186326.0,0.011853132007228595,0.01266485500345896,0.4874587544333633,Weak_Bear,0
2017-12-21,401.9264831542969,511.0249938964844,514.4749755859375,499.2000122070313,507.3999938964844,11059162.0,0.0061033127096188355,0.011471741111520543,0.47243586276099186,Weak_Bear,0
2017-12-22,408.7298278808594,519.6749877929688,522.4000244140625,508.0,508.0,12906940.0,0.016926838642654873,0.011357542751654865,0.49371932238083005,Weak_Bear,0
2017-12-26,407.2550354003906,517.7999877929688,520.75,511.5,515.0,10808906.0,-0.003608233067097455,0.011063069793749195,0.5098802487728336,Weak_Bear,0
2017-12-27,406.7242126464844,517.125,519.5499877929688,513.7000122070312,514.0,6970172.0,-0.0013034160606126832,0.010446183011592801,0.523754485141398,Weak_Bear,0
2017-12-28,406.3309020996094,516.625,520.0,511.8999938964844,515.0,8433472.0,-0.0009670202428220254,0.010424525599637718,0.5241943820855067,Weak_Bear,0
2017-12-29,409.7915649414063,521.0250244140625,524.4000244140625,515.0,515.0499877929688,6601768.0,0.008516858609362021,0.010266189325076317,0.5017555782359795,Weak_Bear,0
2018-01-01,406.4489440917969,516.7750244140625,522.25,515.0,518.8499755859375,5431340.0,-0.008156880559723967,0.009422055147873443,0.519836816146032,Weak_Bear,0
2018-01-02,404.9348754882813,514.8499755859375,521.0,511.5,518.625,6112248.0,-0.0037251138809051287,0.007689344896387991,0.5226938366202304,Weak_Bear,0
2018-01-03,401.631591796875,510.6499938964844,515.7999877929688,509.2999877929687,514.25,6846552.0,-0.008157567775369134,0.00800737175067386,0.5288805579924574,Weak_Bear,0
2018-01-04,399.3113403320313,507.7000122070313,510.5,504.7999877929687,510.5,8947614.0,-0.005777064135973564,0.008118898346774699,0.5332513147579437,Weak_Bear,0
2018-01-05,397.9742736816406,506.0,513.2000122070312,503.0,507.6499938964844,11025976.0,-0.0033484314502034707,0.007935417446100339,0.5047075729654006,Weak_Bear,0
2018-01-08,407.43206787109375,518.0250244140625,519.5,510.0249938964844,512.4500122070312,5594690.0,0.023764838118704334,0.009475156606972396,0.5147701151777933,Weak_Bear,0
2018-01-09,409.5162353515625,520.6749877929688,522.4500122070312,514.4500122070312,520.0,9948236.0,0.005115374180925114,0.00949848741205581,0.5468827017935105,Weak_Bear,0
2018-01-10,413.8028259277344,526.125,528.0,516.5250244140625,523.4000244140625,9468634.0,0.010467449654326666,0.009669516912154091,0.6463259458258517,Normal_Market,1
2018-01-11,423.0639343261719,537.9000244140625,541.7000122070312,527.625,527.625,16775298.0,0.022380486111167386,0.010438277915580614,0.7240129925662844,Normal_Market,1
2018-01-12,424.1061096191406,539.2249755859375,542.9500122070312,535.2750244140625,542.9000244140625,18016528.0,0.0024633990477791468,0.010350262257890652,0.7049227774852075,Normal_Market,1
2018-01-15,425.1678771972656,540.5750122070312,546.4749755859375,532.5499877929688,540.0,10649250.0,0.002503542283506688,0.01023710858456474,0.7181928945381534,Normal_Market,1
2018-01-16,441.5666198730469,561.4249877929688,567.4000244140625,540.625,540.625,22646966.0,0.03857004151838295,0.012749322490335693,0.7401244862269115,Normal_Market,1
2018-01-17,453.0693664550781,576.0499877929688,580.9000244140625,561.5,562.4249877929688,26154088.0,0.02604985536573934,0.012872985146036622,0.7780764941894998,Normal_Market,1
2018-01-18,453.3052673339844,576.3499755859375,582.4500122070312,566.0499877929688,572.5,13204970.0,0.0005206727630957531,0.012896748592649656,0.8138555417567624,Normal_Market,1
2018-01-19,449.6676940917969,571.7249755859375,573.9500122070312,568.0,572.5,5988278.0,-0.00802455542504743,0.013295577334489128,0.8049448259646342,Normal_Market,1
2018-01-22,452.243408203125,575.0,578.4749755859375,566.0,566.0750122070312,9650214.0,0.005728039050104217,0.013031540197291476,0.8499124083247479,Normal_Market,1
2018-01-23,462.9007568359375,588.5499877929688,594.0,577.5,577.5,15403796.0,0.023565514586838976,0.013479165810470971,0.8696397996702274,Normal_Market,1
2018-01-24,466.3219909667969,592.9000244140625,610.5250244140625,583.75,587.4000244140625,20604718.0,0.0073908587971307504,0.013353551433712018,0.9046665008885756,Normal_Market,1
2018-01-25,462.2322082519531,587.7000122070312,591.7000122070312,581.125,591.0,13548914.0,-0.008770297764350898,0.013706202916470815,0.8949736155602537,Normal_Market,1
2018-01-29,465.1814880371094,591.4500122070312,598.125,582.5999755859375,583.2750244140625,10823002.0,0.006380515534193609,0.013698421763475847,0.9021401006846532,Normal_Market,1
2018-01-30,460.3641357421875,585.3250122070312,591.5499877929688,581.3499755859375,589.4500122070312,8628312.0,-0.010355855550592263,0.013830000606513947,0.9203402486257105,Normal_Market,1
2018-01-31,452.34185791015625,575.125,583.2999877929688,571.0750122070312,579.5750122070312,9213698.0,-0.017425940053079847,0.014668543682642417,0.9097788005440475,Normal_Market,1
2018-02-01,450.119873046875,572.2999877929688,578.9500122070312,559.2750244140625,571.0999755859375,13005454.0,-0.004912180521048692,0.014524984171953305,0.9083608762256838,Normal_Market,1
2018-02-02,449.5890197753906,571.625,581.4500122070312,565.0499877929688,567.625,10244486.0,-0.0011793597734111039,0.014367402117341591,0.8922760292660419,Normal_Market,1
2018-02-05,447.6030883789063,569.0999755859375,577.4249877929688,567.9249877929688,570.0,9860220.0,-0.00441721507673043,0.014406111988300276,0.874391747988163,Normal_Market,1
2018-02-06,435.6284790039063,553.875,564.1749877929688,547.5750122070312,549.9749755859375,10552078.0,-0.026752740733690383,0.015511969574954406,0.8263817420771519,Normal_Market,1
2018-02-07,436.1397705078125,554.5250244140625,562.4000244140625,551.7750244140625,558.0,8342056.0,0.001173687048825034,0.015514935745567353,0.7940538539811612,Normal_Market,1
2018-02-08,446.0497131347656,567.125,573.2000122070312,558.2750244140625,561.4000244140625,8807244.0,0.02272194213202483,0.016047087875057073,0.7935305932539911,Normal_Market,1
2018-02-09,436.1790161132813,554.5750122070312,560.1500244140625,553.0,559.0,4382690.0,-0.0221291410594453,0.016428265075571376,0.7670544498573939,Normal_Market,1
2018-02-12,433.6819152832031,551.4000244140625,560.2999877929688,548.9000244140625,557.4000244140625,6291972.0,-0.005724944891502215,0.0165088943231682,0.7655134906391954,Normal_Market,1
2018-02-14,431.6959533691406,548.875,558.6500244140625,545.0999755859375,553.0,8345712.0,-0.0045793053481735235,0.01655639059490058,0.7928094340870865,Normal_Market,1
2018-02-15,438.2632141113281,557.2249755859375,564.8499755859375,551.5,551.5,7986736.0,0.01521269933371805,0.014448296844707716,0.7964146176078222,Normal_Market,1
2018-02-16,443.6115417480469,564.0250244140625,570.8250122070312,559.0499877929688,562.5,9889222.0,0.01220346007721318,0.013415234367076258,0.8100732295615514,Normal_Market,1
2018-02-19,445.0666198730469,565.875,568.0,560.1500244140625,564.2000122070312,6461840.0,0.0032800727394655116,0.01344551365997161,0.8060755827601549,Normal_Market,1
2018-02-20,447.1114807128906,568.4749755859375,574.75,551.875,551.875,7188594.0,0.004594505066290999,0.01338611833264192,0.8022168406164107,Normal_Market,1
2018-02-21,451.2210083007813,573.7000122070312,575.9500122070312,570.0,573.75,13771358.0,0.00919128173881445,0.013488842261611945,0.783704574067977,Normal_Market,1
2018-02-22,456.4709777832031,580.375,582.0,570.2249755859375,572.7750244140625,17859974.0,0.011635028923392188,0.012626865282316976,0.7703748857810185,Normal_Market,1
2018-02-23,454.4654541015625,577.8250122070312,583.0,573.375,581.75,9459828.0,-0.004393540398516027,0.01250760778392762,0.7704132404855508,Normal_Market,1
2018-02-26,447.7602844238281,569.2999877929688,577.5250244140625,567.1749877929688,575.5,5083608.0,-0.014753970004144579,0.012766789320856606,0.7766235500298814,Normal_Market,1
2018-02-27,452.3221435546875,575.0999755859375,576.8250122070312,562.8250122070312,572.4749755859375,6616026.0,0.010188172755718039,0.012918165878245198,0.7678131440722232,Normal_Market,1
2018-02-28,461.1310119628906,586.2999877929688,594.75,571.2750244140625,573.7999877929688,17268416.0,0.01947476711835594,0.01352785269153001,0.752679966953584,Normal_Market,1
2018-03-01,456.4709777832031,580.375,584.7999877929688,578.0250244140625,584.7999877929688,6579852.0,-0.010105662076057675,0.013119572849298827,0.772481505444514,Normal_Market,1
2018-03-05,454.5636901855469,577.9500122070312,585.4000244140625,571.625,580.375,8101456.0,-0.004178332666227247,0.013104550080641472,0.7968400978176066,Normal_Market,1
2018-03-06,452.7743835449219,575.6749877929688,582.7000122070312,571.7999877929688,581.2750244140625,6689734.0,-0.003936316690615227,0.013138410827757758,0.8000298972547565,Normal_Market,1
2018-03-07,449.92333984375,572.0499877929688,580.0,569.0250244140625,577.5,6370416.0,-0.00629683083846333,0.013181599387956884,0.7709570894500078,Normal_Market,1
2018-03-08,454.8586120605469,578.3250122070312,582.9000244140625,574.5,574.5,6093014.0,0.010969140250671972,0.01171831230212289,0.7282488406409736,Normal_Market,1
2018-03-09,457.5131530761719,581.7000122070312,583.0,577.7750244140625,581.1749877929688,4220964.0,0.0058359695633765085,0.01174259731048238,0.7157444679330172,Normal_Market,1
2018-03-12,466.3023071289063,592.875,595.9249877929688,585.875,588.0,7676970.0,0.01921071338307767,0.011446236022208747,0.7038878262090732,Normal_Market,1
2018-03-13,465.5354309082031,591.9000244140625,598.5,587.5750122070312,590.0999755859375,8581052.0,-0.0016445902346590158,0.009967645531287884,0.6995652792341972,Normal_Market,1
2018-03-14,464.3557739257813,590.4000244140625,595.2999877929688,584.5499877929688,590.0,4429710.0,-0.002533978950045701,0.009840152922522744,0.6715288609583943,Normal_Market,1
2018-03-15,465.0243225097656,591.25,594.2000122070312,586.0,590.0,6101500.0,0.0014397335438132153,0.009671659319042259,0.691682298189812,Normal_Market,1
2018-03-16,460.8557739257813,585.9500122070312,591.2000122070312,584.625,591.0,17954826.0,-0.008964151727562153,0.009677041658794598,0.7384987217953152,Normal_Market,1
2018-03-19,450.9653625488281,573.375,590.25,571.3250122070312,582.0,7526620.0,-0.021460968781408796,0.010776816209473171,0.7603713213942908,Normal_Market,1
2018-03-20,457.96533203125,582.2750244140625,585.0,574.2999877929688,574.2999877929688,8553766.0,0.015522188761590172,0.011257407832550075,0.7911219868568429,Normal_Market,1
2018-03-21,459.1254577636719,583.75,587.75,581.0999755859375,585.0,7692994.0,0.0025332173666428037,0.011236903221777304,0.7991496475677241,Normal_Market,1
2018-03-22,456.687255859375,580.6500244140625,588.7249755859375,577.6500244140625,582.25,6813168.0,-0.005310535199187116,0.011174489573611631,0.8017532311003186,Normal_Market,1
2018-03-23,459.1648254394531,583.7999877929688,586.9000244140625,571.1749877929688,573.5,12008084.0,0.00542509025222504,0.010937286416858486,0.7850906282568404,Normal_Market,1
2018-03-26,454.30810546875,577.625,583.4500122070312,572.0,583.4500122070312,8930722.0,-0.010577290989253973,0.011163534297660819,0.7667035952638812,Normal_Market,1
2018-03-27,453.81646728515625,577.0,580.6500244140625,575.0499877929688,580.0,3802088.0,-0.0010821690779355686,0.010614953585765634,0.7671556377991701,Normal_Market,1
2018-03-28,445.086181640625,565.9000244140625,575.375,563.125,575.375,12558322.0,-0.01923748095074207,0.011254349179264222,0.7222821412927565,Normal_Market,1
2018-04-02,447.1900939941406,568.5750122070312,574.7750244140625,560.6500244140625,570.5,8072702.0,0.004726977471554816,0.010302656869475967,0.7455152982168608,Normal_Market,1
2018-04-03,448.4878540039063,570.2249755859375,571.7750244140625,564.0499877929688,567.3499755859375,4077168.0,0.0029020321049031406,0.01013896885042418,0.728930611386616,Normal_Market,1
2018-04-04,442.0974426269531,562.0999755859375,572.2750244140625,560.0,572.0,4813302.0,-0.014248794744166071,0.010555365607155828,0.734963569141254,Normal_Market,1
2018-04-05,451.2800598144531,573.7750244140625,575.6500244140625,564.5499877929688,569.7750244140625,7763544.0,0.020770572959971645,0.011626504199549068,0.7695482350224376,Normal_Market,1
2018-04-06,443.1986389160156,563.5,573.0,561.0499877929688,571.5,5937742.0,-0.017907773061721866,0.012226561259112312,0.7624246090436135,Normal_Market,1
2018-04-09,437.0048522949219,555.625,562.9000244140625,553.2750244140625,562.5,7202882.0,-0.013975193236700045,0.012247783566898443,0.7275974415149277,Normal_Market,1
2018-04-10,437.8502807617187,556.7000122070312,562.25,552.7000122070312,556.0,8926058.0,0.0019345974360629459,0.012148270038246017,0.7122143197460421,Normal_Market,1
2018-04-11,442.1171569824219,562.125,565.75,558.25,559.0,9025574.0,0.00974505763312572,0.01143691050136711,0.7034509985821626,Normal_Market,1
2018-04-12,457.1985473632813,581.2999877929688,586.375,562.5,564.7249755859375,17044366.0,0.034111751020463155,0.014082402987726136,0.7124742157207319,Normal_Market,1
2018-04-13,460.67864990234375,585.7249755859375,592.9500122070312,575.125,587.0,21227038.0,0.007611797017144095,0.014199262504434262,0.6820919722325095,Normal_Market,1
2018-04-16,445.6367492675781,566.5999755859375,570.0,551.0,551.0,24745084.0,-0.03265161222026303,0.01592103914924794,0.7149789717737849,Normal_Market,1
2018-04-17,442.4907531738281,562.5999755859375,563.7000122070312,557.5,563.5,10397940.0,-0.007059552648924439,0.015882883578878033,0.7414323739712367,Normal_Market,1
2018-04-18,442.7857055664063,562.9749755859375,567.375,556.9249877929688,561.4249877929688,10430380.0,0.0006665730085038124,0.0152056653595716,0.7481262049857514,Normal_Market,1
2018-04-19,445.4991455078125,566.4249877929688,569.9000244140625,561.5499877929688,562.0,8525542.0,0.006128110973987244,0.014814841256442786,0.7664162350734909,Normal_Market,1
2018-04-20,463.4316711425781,589.2249755859375,596.8499755859375,568.4749755859375,569.5,24272692.0,0.04025266000078376,0.01748532744448926,0.7401795696842087,Normal_Market,1
2018-04-23,467.0691833496094,593.8499755859375,607.2000122070312,577.625,584.0,21830638.0,0.007849079882829457,0.01749835623682454,0.725151213085144,Normal_Market,1
2018-04-24,454.0131530761719,577.25,598.2000122070312,575.0499877929688,592.5,8526216.0,-0.02795309718317429,0.01863588001196863,0.70176754361609,High_Volatility,2
2018-04-25,456.3136291503906,580.1749877929688,585.5,572.5999755859375,576.0,11594178.0,0.005066981118568625,0.018514131374230216,0.6760359849955355,High_Volatility,2
2018-04-26,462.6450500488281,588.2249755859375,590.8250122070312,580.0,587.0,11302084.0,0.013875151856029388,0.018752414163710374,0.6695975043502322,High_Volatility,2
2018-04-27,466.0860290527344,592.5999755859375,595.7999877929688,587.0999755859375,590.0,7663370.0,0.007437622003181765,0.018167003855226606,0.6393033055762943,Normal_Market,1
2018-04-30,471.709716796875,599.75,603.9749755859375,590.3250122070312,590.8499755859375,5511678.0,0.012065771968256866,0.01828882094049127,0.6238750119198003,Normal_Market,1
2018-05-02,470.7461242675781,598.5250244140625,600.7999877929688,590.5,599.4500122070312,10295042.0,-0.00204276591086594,0.018321206165848276,0.6418694108246992,Normal_Market,1
2018-05-03,465.0440673828125,591.2750244140625,602.3499755859375,588.0499877929688,598.625,5332230.0,-0.01211280686301408,0.018223886865123374,0.6366112636056666,Normal_Market,1
2018-05-04,461.3275451660156,586.5499877929688,593.0,577.5,592.5,6023368.0,-0.007991763528374496,0.017853139968518315,0.6428859110945856,Normal_Market,1
2018-05-07,465.2207946777344,591.5,595.0,587.75,590.625,4638960.0,0.008439230547826249,0.01732928883292338,0.6360290504451066,Normal_Market,1
2018-05-08,458.3585815429687,582.7750244140625,588.9500122070312,580.5250244140625,588.9500122070312,5718556.0,-0.014750443688827941,0.017369066409334055,0.6035051969564784,Weak_Bear,0
2018-05-09,460.3838195800781,585.3499755859375,588.4500122070312,581.5,583.75,3783504.0,0.004418457772279227,0.01737345620797097,0.6012424150370607,Weak_Bear,0
2018-05-10,459.3221130371094,584.0,591.5,581.4249877929688,588.0,3182862.0,-0.0023061334864834526,0.01732353506302773,0.6158968667951332,Normal_Market,1
2018-05-11,464.3360290527344,590.375,591.5999755859375,583.0250244140625,586.1500244140625,3311706.0,0.010915903835920782,0.015771169707107926,0.6355915032648802,Normal_Market,1
2018-05-14,467.6984252929687,594.6500244140625,595.75,585.0,592.1749877929688,4432094.0,0.007241299468175644,0.015763077883858542,0.6124339720611782,Normal_Market,1
2018-05-15,469.7629699707031,597.2750244140625,604.0,594.0499877929688,594.0499877929688,5611974.0,0.004414264761402942,0.013651409367084835,0.6381696733710476,Normal_Market,1
2018-05-16,467.9539794921875,594.9749755859375,599.0,592.25,593.625,6205004.0,-0.003850857973391242,0.013548802095911172,0.641096847159219,Normal_Market,1
2018-05-17,465.1814880371094,591.4500122070312,598.7249755859375,586.7750244140625,598.0,9519598.0,-0.005924709643642223,0.013685162391807225,0.6138525376471212,Weak_Bear,0
2018-05-18,465.2995910644531,591.5999755859375,593.2750244140625,586.5,591.5,7139660.0,0.00025388591416675155,0.013667546406370088,0.6240850395114312,Normal_Market,1
2018-05-21,463.8445129394531,589.75,594.2000122070312,585.0,589.7750244140625,8475320.0,-0.003127185479942618,0.010364787629081357,0.599270306240215,Weak_Bear,0
2018-05-22,469.4877624511719,596.9249877929688,599.0,586.9500122070312,587.5,5636804.0,0.01216625260037385,0.010577526806242361,0.5690757895466572,Weak_Bear,0
2018-05-23,465.96820068359375,592.4500122070312,603.8250122070312,590.75,597.5,9538442.0,-0.007496599590163244,0.008482001367960049,0.5605418964769796,Weak_Bear,0
2018-05-24,480.16455078125,610.5,613.7750244140625,599.0,599.0,9740570.0,0.030466349585292818,0.010685493103950684,0.5905947388618991,Weak_Bear,0
2018-05-25,483.0353393554687,614.1500244140625,624.3250122070312,610.4000244140625,615.0499877929688,8901438.0,0.005978759926253963,0.01038890250744638,0.615894603272868,Normal_Market,1
2018-05-28,477.5691528320313,607.2000122070312,616.2999877929688,603.0,615.5,5739794.0,-0.01131632838858354,0.010732867257383445,0.5899366771793805,Weak_Bear,0
2018-05-29,478.4734497070313,608.3499755859375,613.2750244140625,603.0999755859375,607.0250244140625,3388934.0,0.0018935412173031185,0.010431233539193495,0.6236319175343912,Normal_Market,1
2018-05-30,476.5073547363281,605.8499755859375,614.375,602.7999877929688,608.5,6323066.0,-0.0041090994116956825,0.010470648949549893,0.6384976951421393,Normal_Market,1
2018-05-31,484.4117736816406,615.9000244140625,621.0,605.125,605.8499755859375,19720340.0,0.01658824122386604,0.01059400593602885,0.6339030411072261,Normal_Market,1
2018-06-01,480.0859375,610.4000244140625,623.125,608.5999755859375,615.2000122070312,4998356.0,-0.00893008059808964,0.010642991623121396,0.6485248465935336,Normal_Market,1
2018-06-04,487.400390625,619.7000122070312,621.5,606.0,610.5499877929688,4270156.0,0.01523571626173692,0.010961529227531833,0.6272139368883134,Normal_Market,1
2018-06-05,480.1056823730469,610.4249877929688,621.0,608.5,621.0,4710862.0,-0.014966562178169385,0.010979405613168495,0.5746527706243846,Weak_Bear,0
2018-06-06,486.6336059570313,618.7249755859375,620.7750244140625,610.0250244140625,612.5999755859375,4038184.0,0.013596847160230352,0.01125751255157952,0.5416472073671439,Weak_Bear,0
2018-06-07,492.5324096679687,626.2249755859375,629.0,619.0,619.0,6676226.0,0.012121653002851174,0.011372332294799815,0.4687767568375479,Weak_Bear,0
2018-06-08,495.5211181640625,630.0250244140625,631.0,623.0250244140625,624.0,6459878.0,0.006068044330541866,0.01125833295964084,0.49274335835743877,Weak_Bear,0
2018-06-11,496.4453430175781,631.2000122070312,635.0,627.5250244140625,632.7750244140625,5171290.0,0.0018651573457453274,0.011223786010471287,0.4645057355031281,Weak_Bear,0
2018-06-12,494.91162109375,629.25,635.625,625.2249755859375,632.875,7839820.0,-0.003089407414934353,0.011300804272445232,0.4570902338562664,Weak_Bear,0
2018-06-13,501.3218688964844,637.4000244140625,642.0,633.4000244140625,633.4000244140625,5766928.0,0.012952308108198807,0.01141444752368988,0.51641571187421,Weak_Bear,0
2018-06-14,499.4684448242187,619.8499755859375,626.5,617.0499877929688,626.5,7598848.0,-0.0036970740501416355,0.01132806649304252,0.49562782799779576,Weak_Bear,0
2018-06-15,516.208740234375,640.625,645.75,617.5,618.5,19957760.0,0.03351622226314577,0.013109116830336913,0.5610477463113298,Weak_Bear,0
2018-06-18,510.6285400390625,633.7000122070312,645.625,631.1749877929688,642.0,8214846.0,-0.010809968449544072,0.0134760502914516,0.5381506466391496,Weak_Bear,0
2018-06-19,500.2339172363281,620.7999877929688,631.7000122070312,619.0250244140625,631.5,7545700.0,-0.020356525316699292,0.014478281879017407,0.5204846239739124,Weak_Bear,0
2018-06-20,500.85845947265625,621.5750122070312,626.1749877929688,619.0,624.25,5371802.0,0.001248500381138884,0.014266335035086276,0.5425366613577112,Weak_Bear,0
2018-06-21,502.228271484375,623.2750244140625,628.25,618.0,622.9749755859375,5798790.0,0.002734928373099743,0.012801708440240275,0.5452862500497229,Weak_Bear,0
2018-06-22,502.7519836425781,623.9249877929688,627.75,620.5999755859375,621.5,4343118.0,0.0010427771352958803,0.012775138800395398,0.5382854526598346,Weak_Bear,0
2018-06-25,512.6632080078125,636.2249755859375,639.4000244140625,627.0,628.5750122070312,7731178.0,0.019713943828574942,0.012945765815657364,0.5367430167204957,Weak_Bear,0
2018-06-26,514.8387451171875,638.9249877929688,641.9500122070312,633.125,634.5,4483504.0,0.004243599063465275,0.012939829924795235,0.5678134639353969,Weak_Bear,0
2018-06-27,511.6761169433594,635.0,646.7249755859375,632.7999877929688,641.9749755859375,6952142.0,-0.0061429490375831675,0.01301261873615543,0.597053506391376,Weak_Bear,0
2018-06-28,519.5729370117188,644.7999877929688,649.0,638.125,638.1500244140625,10996818.0,0.015433239517867792,0.012954595125789049,0.5946276121900087,Weak_Bear,0
2018-06-29,526.663818359375,653.5999755859375,657.5,641.625,649.0250244140625,9966600.0,0.013647518649525736,0.012788908325179633,0.6092889224919564,Normal_Market,1
2018-07-02,537.7435302734375,667.3499755859375,670.0,657.0,657.0,4830144.0,0.021037541459706155,0.013102009778583758,0.6117343842163006,Normal_Market,1
2018-07-03,545.4185791015625,676.875,678.9500122070312,665.875,665.9500122070312,8127452.0,0.014272693944308967,0.01236654200292315,0.6248649756934339,Normal_Market,1
2018-07-04,541.9738159179688,672.5999755859375,676.3250122070312,669.4249877929688,676.0250244140625,5025722.0,-0.006315815624154397,0.012562587300029932,0.6587777831185464,Normal_Market,1
2018-07-05,517.316650390625,642.0,673.625,634.0499877929688,673.5499877929688,17019902.0,-0.04549512320181126,0.016837092168352833,0.6454103906157178,Normal_Market,1
2018-07-06,517.4173583984375,642.125,650.9249877929688,634.5,645.125,11215356.0,0.00019467381870752476,0.016824516318091336,0.6529478106859876,Normal_Market,1
2018-07-09,523.2996215820312,649.4249877929688,651.5,639.5250244140625,648.5,6644998.0,0.011368507623712443,0.01694535997503061,0.6183499610267522,Normal_Market,1
2018-07-10,524.3269653320312,650.7000122070312,657.7249755859375,647.1500244140625,654.25,5974488.0,0.0019632036936967356,0.01689090501231098,0.5959747060811694,Weak_Bear,0
2018-07-11,532.002197265625,660.2249755859375,671.0499877929688,645.6749877929688,658.7750244140625,11899832.0,0.014638255213010876,0.016947156412674177,0.6195733721105616,Normal_Market,1
2018-07-12,521.4866333007812,647.1749877929688,663.5499877929688,642.2249755859375,663.0499877929688,13272240.0,-0.019766016040707046,0.017653153451464752,0.6127335722888833,High_Volatility,2
2018-07-13,530.7733764648438,658.7000122070312,665.7999877929688,649.1749877929688,657.5,19496158.0,0.017808209397969677,0.016503625507294,0.6125737086920386,Normal_Market,1
2018-07-16,536.9979858398438,666.4249877929688,692.2000122070312,643.8499755859375,658.7000122070312,35344680.0,0.011727433309594915,0.016386214320469834,0.5825455253213985,Weak_Bear,0
2018-07-17,535.0038452148438,663.9500122070312,674.75,656.3499755859375,664.8499755859375,11161690.0,-0.0037134974014497724,0.015558039189230518,0.5770941687825067,Weak_Bear,0
2018-07-18,532.8482055664062,661.2750244140625,671.7000122070312,657.0,669.9000244140625,6919016.0,-0.004029204028565214,0.015642447142029513,0.6241278956389288,Normal_Market,1
2018-07-19,530.4911499023438,658.3499755859375,665.9500122070312,654.5499877929688,661.5,5118864.0,-0.004423503052913502,0.015735706561504505,0.6679908762479894,Normal_Market,1
2018-07-20,543.1421508789062,674.0499877929688,683.5750122070312,660.6500244140625,663.0,11705738.0,0.023847713536580883,0.016408923771092782,0.6758246130440163,Normal_Market,1
2018-07-23,546.3048706054688,677.9749755859375,684.0,668.125,676.0750122070312,7675702.0,0.005823005490265487,0.015997639131748405,0.6389505038733495,Normal_Market,1
2018-07-24,554.8462524414062,688.5750122070312,691.2000122070312,678.0,687.2000122070312,6172246.0,0.0156348264412709,0.016233814853880923,0.6513627252000604,Normal_Market,1
2018-07-25,557.5054931640625,691.875,696.9000244140625,682.7249755859375,689.5,6936922.0,0.004792752426379776,0.016061870379337786,0.659217474584016,Normal_Market,1
2018-07-26,553.2750854492188,686.625,695.2000122070312,684.5999755859375,689.2750244140625,7362218.0,-0.007588100506121465,0.01605615262262658,0.6973599557283101,Normal_Market,1
2018-07-27,553.3555908203125,686.7249755859375,694.5,684.1500244140625,686.5999755859375,6493232.0,0.00014550695162496297,0.01587979336298275,0.685119547604853,Normal_Market,1
2018-07-30,544.310546875,675.5,686.5,674.0,685.0,6409970.0,-0.016345807461534467,0.01579477968331904,0.6446174073146206,Normal_Market,1
2018-07-31,549.9913940429688,682.5499877929688,685.0,667.7750244140625,674.2750244140625,7943996.0,0.010436775845303226,0.015644209184724915,0.6324865811455505,Normal_Market,1
2018-08-01,545.5393676757812,677.0250244140625,684.2249755859375,675.5,681.9000244140625,4675706.0,-0.008094720054546256,0.015690200064299303,0.6710406091931956,Normal_Market,1
2018-08-02,545.3782958984375,676.8250122070312,683.375,675.0750122070312,679.7999877929688,5940742.0,-0.0002952523445374222,0.011390795704927846,0.7307177633811996,Normal_Market,1
2018-08-03,549.5885009765625,682.0499877929688,683.0999755859375,678.0,683.0999755859375,3970390.0,0.007719788465709421,0.011427691835369179,0.7400610036118802,Normal_Market,1
2018-08-06,548.1985473632812,680.3250122070312,687.5,673.75,683.0250244140625,6178930.0,-0.0025290805954117923,0.011319348291830154,0.7128070027285623,Normal_Market,1
2018-08-07,551.1397094726562,683.9749755859375,689.9749755859375,680.3250122070312,687.0,7351528.0,0.0053651402826975225,0.011338179901629936,0.7282200946409361,Normal_Market,1
2018-08-08,549.0446166992188,681.375,686.25,676.6500244140625,685.9000244140625,3992358.0,-0.0038013823671717573,0.011050195676407098,0.7503700714621768,Normal_Market,1
2018-08-09,555.9743041992188,689.9749755859375,694.7249755859375,686.8250122070312,686.8250122070312,6409524.0,0.012621355877524776,0.010079243529738165,0.7493921252301041,Normal_Market,1
2018-08-10,558.190185546875,692.7249755859375,694.5,686.5250244140625,692.9000244140625,4779520.0,0.003985582302850954,0.009485221629244957,0.7396996524282476,Normal_Market,1
2018-08-13,567.5777587890625,704.375,704.9249877929688,689.3499755859375,695.0,9979746.0,0.01681787585174077,0.009806894282108004,0.7259393050536753,Normal_Market,1
2018-08-14,567.3964233398438,704.1500244140625,712.2750244140625,702.0,706.9749755859375,6151320.0,-0.00031949005472942105,0.00971686660868136,0.7252529828331344,Normal_Market,1
2018-08-16,575.9579467773438,714.7750244140625,717.4500122070312,705.625,707.4749755859375,6626774.0,0.015089138890063136,0.009928285119602285,0.7613203331345153,Normal_Market,1
2018-08-17,576.2802124023438,715.1749877929688,718.8250122070312,711.5,715.4500122070312,6390408.0,0.0005595297830391921,0.009768485860280618,0.8356570461736992,Normal_Market,1
2018-08-20,557.7068481445312,692.125,703.9749755859375,686.75,694.0,16101876.0,-0.0322297449367307,0.011689280852554159,0.8373235767827598,Normal_Market,1
2018-08-21,557.5858154296875,691.9749755859375,698.0,686.875,695.0,8361482.0,-0.0002170185201175734,0.011646652777418168,0.8421015830850741,Normal_Market,1
2018-08-23,563.0048828125,698.7000122070312,700.75,692.6749877929688,696.5,7717182.0,0.009718804232199618,0.011328513775654248,0.8395813587704278,Normal_Market,1
2018-08-24,555.3097534179688,689.1500244140625,700.9500122070312,688.0499877929688,698.25,7053000.0,-0.013667962089582764,0.011730299140047971,0.8379469471792073,Normal_Market,1
2018-08-27,570.2570190429688,707.7000122070312,709.9749755859375,690.7000122070312,691.5,7012950.0,0.026916987380463997,0.013040190752584486,0.842288274169484,Normal_Market,1
2018-08-28,574.00390625,712.3499755859375,719.2000122070312,705.75,708.5999755859375,6496890.0,0.006570523609370715,0.013081708982110498,0.7931266595414839,Normal_Market,1
2018-08-29,568.1216430664062,705.0499877929688,716.7999877929688,702.5750122070312,716.7999877929688,5646496.0,-0.01024777552825884,0.012699165266801376,0.7561006378837781,Normal_Market,1
2018-08-30,570.5792846679688,708.0999755859375,710.7750244140625,698.0750122070312,706.4000244140625,11507962.0,0.004325907367826121,0.012563855658706926,0.7524977489946675,Normal_Market,1
2018-08-31,580.6114501953125,720.5499877929688,727.1500244140625,710.5499877929688,712.5499877929688,10875864.0,0.017582421579117824,0.012796991863061541,0.7660565689031843,Normal_Market,1
2018-09-03,577.8516235351562,717.125,733.9500122070312,715.0,724.5,10976328.0,-0.004753310771304697,0.01289946187293104,0.8466850312660891,Normal_Market,1
2018-09-04,593.987548828125,737.1500244140625,748.5,716.0,722.0,15370124.0,0.02792399404236856,0.014031994034696647,0.9138025996693181,Normal_Market,1
2018-09-05,588.1455078125,729.9000244140625,744.0499877929688,725.4000244140625,741.9500122070312,8658978.0,-0.009835292048041677,0.014303011947565343,0.9365000458561183,Normal_Market,1
2018-09-06,585.9295654296875,727.1500244140625,735.5,724.0999755859375,732.5499877929688,5598659.0,-0.0037676771366567108,0.01438989691713127,0.931960248354491,Normal_Market,1
2018-09-07,590.4822387695312,732.7999877929688,735.1500244140625,723.7999877929688,734.3499755859375,6510605.0,0.007770001052097575,0.014327606949472896,0.9128123600635357,Normal_Market,1
2018-09-10,588.9111938476562,730.8499755859375,747.0,729.4000244140625,737.75,5629871.0,-0.002660613340629503,0.014236361062271151,0.9065645802160611,Normal_Market,1
2018-09-11,591.6910400390625,734.2999877929688,744.75,732.0,735.9000244140625,6963561.0,0.004720314744306453,0.014240045199408599,0.8458421578293178,Normal_Market,1
2018-09-12,598.6209106445312,742.9000244140625,746.5,736.25,744.4000244140625,4636617.0,0.01171197489319975,0.014023685994967658,0.793615252959412,Normal_Market,1
2018-09-14,591.2073974609375,733.7000122070312,745.0,729.0499877929688,741.9000244140625,7896514.0,-0.012384320446827801,0.014417076097048558,0.7947448186186905,Normal_Market,1
2018-09-17,584.9625854492188,725.9500122070312,740.0,724.5999755859375,735.0,5427054.0,-0.01056281101782286,0.014346841971306614,0.8149245378718063,Normal_Market,1
2018-09-18,579.4429321289062,719.0999755859375,730.0,717.0,730.0,7729732.0,-0.009435908308689012,0.01453127196001599,0.8474503597774752,Normal_Market,1
2018-09-19,579.9668579101562,719.75,727.0,713.2000122070312,727.0,4849498.0,0.0009041887512979407,0.012342456584655477,0.8630328811966292,Normal_Market,1
2018-09-21,568.3231201171875,705.2999877929688,717.4000244140625,692.0,713.8499755859375,14350769.0,-0.02007655719315693,0.013294921574053294,0.8413122072849817,Normal_Market,1
2018-09-24,578.7581176757812,718.25,729.9500122070312,706.5,706.5,8637881.0,0.018361029472885093,0.013725402081176412,0.8290023604448452,Normal_Market,1
2018-09-25,585.1641235351562,726.2000122070312,736.0,717.0,718.25,9602273.0,0.011068537379830934,0.01340019239957323,0.8509563695802354,Normal_Market,1
2018-09-26,578.435791015625,717.8499755859375,731.8499755859375,712.0,731.2000122070312,6599606.0,-0.011498197255982334,0.012468029804744474,0.856890150742548,Normal_Market,1
2018-09-27,584.0360107421875,724.7999877929688,730.7999877929688,717.4500122070312,722.0,14592616.0,0.009681661843105482,0.012563046929569137,0.8127460340927669,Normal_Market,1
2018-09-28,588.266357421875,730.0499877929688,734.5499877929688,715.2000122070312,721.0,7490031.0,0.007243297676647664,0.012350139470009668,0.8002182605817498,Normal_Market,1
2018-10-01,601.6425170898438,746.6500244140625,754.9000244140625,733.0,737.5,8252398.0,0.02273827068165324,0.013203840100724397,0.8121473972992551,Normal_Market,1
2018-10-03,587.0172729492188,728.5,751.9500122070312,726.2999877929688,743.7999877929688,7792464.0,-0.02430886070247762,0.01402215700526504,0.8202275028157087,Normal_Market,1
2018-10-04,569.85400390625,707.2000122070312,729.75,702.5,728.5,6173037.0,-0.029238098832661596,0.015508116483129738,0.8374452689240697,Normal_Market,1
2018-10-05,583.8748168945312,724.5999755859375,731.5,709.2999877929688,713.0,8543578.0,0.024604219488098655,0.01520168461773292,0.8395425963356936,Normal_Market,1
2018-10-08,575.696044921875,714.4500122070312,728.7000122070312,709.25,725.0499877929688,7259306.0,-0.014007749154445248,0.015360754282614214,0.8039883569688799,Normal_Market,1
2018-10-09,578.3551635742188,717.75,722.4000244140625,702.6500244140625,717.0999755859375,6777212.0,0.004618962863822684,0.015394419825113984,0.799361955880306,Normal_Market,1
2018-10-10,564.4150390625,700.4500122070312,719.9000244140625,695.4000244140625,719.9000244140625,8866251.0,-0.02410305187831152,0.016121739269459347,0.7933257643879845,Normal_Market,1
2018-10-11,542.5780639648438,673.3499755859375,692.9000244140625,663.2999877929688,685.0,10985897.0,-0.03868956988447314,0.018078236337837613,0.755723490907056,High_Volatility,2
2018-10-12,546.9696655273438,678.7999877929688,684.0499877929688,661.5,676.4000244140625,8909221.0,0.008093953394298303,0.018178683524095764,0.7464471653199217,High_Volatility,2
2018-10-15,563.08544921875,698.7999877929688,705.0,681.5,688.5999755859375,6222176.0,0.029463761351132156,0.019368512785664437,0.7078974812676964,High_Volatility,2
2018-10-16,560.2249755859375,695.25,713.9000244140625,689.4000244140625,710.0,11588963.0,-0.005079999202219243,0.01924828570901978,0.7158689957506265,High_Volatility,2
2018-10-17,568.36328125,705.3499755859375,721.7999877929688,701.3499755859375,710.0,20360697.0,0.01452685263728326,0.019511701051038662,0.677939959394276,High_Volatility,2
2018-10-19,550.797119140625,683.5499877929688,687.7000122070312,678.0,687.0,10421001.0,-0.03090657452526102,0.02054851872130822,0.7054763891791426,High_Volatility,2
2018-10-22,547.8964233398438,679.9500122070312,695.0499877929688,673.7999877929688,688.7000122070312,6672840.0,-0.005266359790165653,0.020543723383722488,0.765798000871786,High_Volatility,2
2018-10-23,529.886962890625,657.5999755859375,682.0,653.2999877929688,675.9500122070312,9041701.0,-0.032870191667683235,0.02130051470380766,0.7282755373161982,High_Volatility,2
2018-10-24,523.6017456054688,649.7999877929688,666.5,647.1500244140625,663.0,7058164.0,-0.011861430315003973,0.02074945773966788,0.7375550383735,High_Volatility,2
2018-10-25,528.448486328125,648.75,656.3499755859375,636.25,643.0,8270469.0,0.009256540420910397,0.020680412250411173,0.7418484921778332,High_Volatility,2
2018-10-26,516.1077880859375,633.5999755859375,648.7000122070312,629.9000244140625,645.2999877929688,5464141.0,-0.023352698629029445,0.02104671511754008,0.7189988241279904,High_Volatility,2
2018-10-29,525.190185546875,644.75,650.5499877929688,631.5,633.7000122070312,7137446.0,0.017597869419139878,0.02141787955322804,0.6805308833326806,High_Volatility,2
2018-10-30,537.2864379882812,659.5999755859375,663.7999877929688,637.4500122070312,641.0999755859375,8793411.0,0.023032137260544205,0.022173545842126302,0.6639925279630269,High_Volatility,2
2018-10-31,559.1168212890625,686.4000244140625,692.9500122070312,663.0499877929688,663.9000244140625,11947995.0,0.04063081022949144,0.023634180580417503,0.616987314551947,High_Volatility,2
2018-11-01,543.0699462890625,666.7000122070312,689.7000122070312,659.5999755859375,689.7000122070312,5860244.0,-0.028700397464349936,0.023858069835939563,0.5549657595734617,High_Volatility,2
2018-11-02,539.4451293945312,662.25,675.7999877929688,660.0999755859375,665.9500122070312,6654067.0,-0.006674677763519377,0.02310410642106345,0.5780124520471922,High_Volatility,2
2018-11-05,542.4996337890625,666.0,668.5999755859375,657.0,663.5,5799426.0,0.005662307856889148,0.022309817817158753,0.6008978644158449,High_Volatility,2
2018-11-06,542.8663330078125,666.4500122070312,675.0,660.6500244140625,667.9000244140625,6975525.0,0.0006759437166599103,0.022184708138332714,0.564021968716,High_Volatility,2
2018-11-07,550.238037109375,675.5,677.5,672.0,673.0,758956.0,0.013579225038176101,0.022429359647934348,0.5714584267608409,High_Volatility,2
2018-11-09,537.2049560546875,659.5,679.0,655.5,679.0,9694143.0,-0.023686259719803426,0.02240816977005867,0.5866206921044519,High_Volatility,2
2018-11-12,541.033447265625,664.2000122070312,676.4000244140625,662.2999877929688,666.0,7118080.0,0.00712668631923008,0.02076629748276397,0.6171021306331647,High_Volatility,2
2018-11-13,542.2552490234375,665.7000122070312,667.75,656.2999877929688,663.5,4137808.0,0.0022582739828516107,0.02068835939414315,0.5942960335630298,High_Volatility,2
2018-11-14,532.0732421875,653.2000122070312,665.7000122070312,640.5,665.7000122070312,7323026.0,-0.01877714757814619,0.019838998072740865,0.5499263204744019,High_Volatility,2
2018-11-15,534.6797485351562,656.4000244140625,666.0,646.7000122070312,654.0,5513390.0,0.004898773591658578,0.019899829131684456,0.5555018155228739,High_Volatility,2
2018-11-16,530.1589965820312,650.8499755859375,662.5,644.2000122070312,659.9000244140625,8583785.0,-0.008455064859872352,0.019547018607806967,0.5389335355136539,High_Volatility,2
2018-11-19,530.8513793945312,651.7000122070312,662.0,649.25,659.0,6018930.0,0.0013059908762538264,0.018448080920424135,0.5792153955031945,High_Volatility,2
2018-11-20,522.46142578125,641.4000244140625,656.0,640.0999755859375,651.7000122070312,5384830.0,-0.01580471284232232,0.01870459283226886,0.566257043756607,High_Volatility,2
2018-11-21,504.2966918945313,619.0999755859375,640.0499877929688,612.0999755859375,640.0,14359086.0,-0.034767607693824476,0.018872358635140838,0.5462786507167181,High_Volatility,2
2018-11-22,505.6405944824219,620.75,628.1500244140625,616.75,622.25,6632975.0,0.002664904627555309,0.018764344166365455,0.5621540275842083,High_Volatility,2
2018-11-26,506.2108154296875,621.4500122070312,628.0,599.8499755859375,621.0,15075209.0,0.0011277198735384353,0.018604705843661844,0.565766781655615,High_Volatility,2
2018-11-27,520.4249877929688,638.9000244140625,641.0,625.2999877929688,625.5,12285851.0,0.028079550910455886,0.019044801702126364,0.5727639761866182,High_Volatility,2
2018-11-28,542.825439453125,666.4000244140625,668.7000122070312,640.0,640.9500122070312,17719890.0,0.043042613605377866,0.020991270519459298,0.5300817130126275,High_Volatility,2
2018-11-29,538.467529296875,661.0499877929688,674.9000244140625,658.7999877929688,671.0,13399070.0,-0.008028198090053396,0.020485391968607217,0.5250654006959923,High_Volatility,2
2018-11-30,543.6808471679688,667.4500122070312,672.0,660.9500122070312,661.0,10445773.0,0.009681768328540175,0.01833520747510073,0.5428122362832714,Weak_Bear,0
2018-12-03,546.04296875,670.3499755859375,679.0,665.9500122070312,673.1500244140625,8260890.0,0.004344684191719406,0.017183071837722507,0.544927267992217,Weak_Bear,0
2018-12-04,558.1800537109375,685.25,688.25,671.2999877929688,672.5499877929688,7827923.0,0.022227344102098145,0.01776125349725136,0.5519905128999476,Weak_Bear,0
2018-12-05,555.0439453125,681.4000244140625,683.6500244140625,672.5,683.0,5177288.0,-0.005618453002015689,0.017813121404021803,0.5557973201887508,Weak_Bear,0
2018-12-06,544.5360717773438,668.5,685.4500122070312,664.5499877929688,676.0999755859375,8039771.0,-0.018931606450080518,0.01837948108884463,0.5286873389599501,Weak_Bear,0
2018-12-07,556.1842651367188,682.7999877929688,685.75,665.5999755859375,672.0,5553948.0,0.02139104085677146,0.018755398387208203,0.525498438198908,High_Volatility,2
2018-12-10,545.1062622070312,669.2000122070312,683.7999877929688,665.2000122070312,669.9000244140625,5121196.0,-0.019917864679189323,0.01851486001303477,0.5219197629345416,Weak_Bear,0
2018-12-11,549.4235229492188,674.5,681.9000244140625,660.5999755859375,669.2000122070312,7120933.0,0.00792003512252415,0.01852976352408192,0.5299592132584432,Weak_Bear,0
2018-12-12,552.6817016601562,678.5,680.6500244140625,670.5999755859375,677.0999755859375,6926183.0,0.005930176948828247,0.018561758175311808,0.5131425738436338,Weak_Bear,0
2018-12-13,568.3619995117188,697.75,700.0,680.0,682.0,7521474.0,0.028371299075872658,0.018893374229393797,0.49676319490156856,High_Volatility,2
2018-12-14,575.1229858398438,706.0499877929688,713.7000122070312,694.4000244140625,697.4500122070312,9560576.0,0.011895563626585393,0.018985714192323127,0.5059200831974943,High_Volatility,2
2018-12-17,565.6333618164062,694.4000244140625,711.8499755859375,692.75,711.8499755859375,4778465.0,-0.016500164759681635,0.019341437430839215,0.4739874998799354,High_Volatility,2
2018-12-18,551.134033203125,676.5999755859375,686.5,674.5499877929688,686.5,8021298.0,-0.025633793181363718,0.02040528446133652,0.46379323982049064,High_Volatility,2
2018-12-19,541.562744140625,664.8499755859375,671.5499877929688,661.0999755859375,671.5499877929688,8295459.0,-0.01736653606178662,0.02048015761111501,0.46202368194848914,High_Volatility,2
2018-12-20,543.35498046875,667.0499877929688,671.5499877929688,656.4000244140625,660.0,11705260.0,0.003309378917800254,0.018562835213019387,0.4254694300607122,Weak_Bear,0
2018-12-21,526.3712768554688,646.2000122070312,659.5,643.4500122070312,659.5,12802132.0,-0.03125710488312716,0.020162398377252328,0.4037223834926044,High_Volatility,2
2018-12-24,528.6521606445312,649.0,658.7999877929688,647.5999755859375,657.0,8379825.0,0.0043332223648075985,0.020166138014885638,0.4314345884128779,High_Volatility,2
2018-12-26,524.6199340820312,644.0499877929688,647.0,637.3499755859375,647.0,6178552.0,-0.007627371762907287,0.019333027252842538,0.43435589322842516,High_Volatility,2
2018-12-27,535.0056762695312,656.7999877929688,663.25,649.0,652.75,15333902.0,0.019796697595322543,0.01723011934113909,0.45748371914080127,Weak_Bear,0
2018-12-28,535.1279296875,656.9500122070312,663.5,653.2999877929688,663.3499755859375,4736598.0,0.00022850863718160142,0.01714105346640695,0.4709815351187418,Weak_Bear,0
2018-12-31,536.7569580078125,658.9500122070312,662.0,655.7999877929688,660.0,3373319.0,0.0030441848199995736,0.017003953025437852,0.5008198490848669,Weak_Bear,0
2019-01-01,541.725830078125,665.0499877929688,666.2999877929688,654.1500244140625,660.9500122070312,2943390.0,0.009257210355976708,0.01711279813851923,0.5265243683133627,Weak_Bear,0
2019-01-02,544.9840698242188,669.0499877929688,674.0,662.0499877929688,666.0,7416655.0,0.006014554900629188,0.016359030887530008,0.5183876066561494,Weak_Bear,0
2019-01-03,545.0655517578125,669.1500244140625,677.0,663.0999755859375,672.0,6827249.0,0.0001495125052370927,0.01632539637966002,0.49783222749577366,Weak_Bear,0
2019-01-04,538.467529296875,661.0499877929688,673.9000244140625,651.0,671.75,7889310.0,-0.012105007259510692,0.015993901603646356,0.4365859263748774,Weak_Bear,0
2019-01-07,547.1427001953125,671.7000122070312,673.5999755859375,661.5,665.0,8046340.0,0.016110852421807875,0.015654582218951416,0.4137343429016773,Weak_Bear,0
2019-01-08,545.7987060546875,670.0499877929688,677.4500122070312,668.5499877929688,674.9500122070312,8621545.0,-0.002456386862413118,0.01499973299013616,0.43550161475565446,Weak_Bear,0
2019-01-09,550.7266235351562,676.0999755859375,689.7999877929688,664.0,686.2000122070312,18130292.0,0.009028818547574646,0.015031896460441226,0.4625706511497589,Weak_Bear,0
2019-01-10,553.6593017578125,679.7000122070312,682.0,672.5499877929688,681.5999755859375,9572493.0,0.005325107044637178,0.01502041677894462,0.46254577934487395,Weak_Bear,0
2019-01-11,556.7545776367188,683.5,685.5,672.5,680.2000122070312,12281903.0,0.005590578662869161,0.013564559301122004,0.4871106614859012,Weak_Bear,0
2019-01-14,571.742431640625,701.9000244140625,710.2000122070312,695.9500122070312,707.0,19312937.0,0.026920037312537115,0.01468293812976108,0.5032167876922577,Weak_Bear,0
2019-01-15,591.8621826171875,726.5999755859375,730.0,707.2000122070312,707.2000122070312,19671304.0,0.035190235782970536,0.016138421596385358,0.5099279803915793,Weak_Bear,0
2019-01-16,600.1708374023438,736.7999877929688,737.7999877929688,728.5,729.9000244140625,9658944.0,0.01403815791780394,0.014903141180048114,0.47350456988134243,Weak_Bear,0
2019-01-17,597.360595703125,733.3499755859375,739.0,729.0999755859375,735.7999877929688,6903771.0,-0.004682402949436892,0.014181595285951414,0.419539904961188,Weak_Bear,0
2019-01-18,595.4055786132812,730.9500122070312,736.2000122070312,726.2999877929688,730.0,5902151.0,-0.0032727587053890117,0.014299037116926178,0.390863956166324,Weak_Bear,0
2019-01-21,606.8502197265625,745.0,751.0,734.0,738.2000122070312,8129422.0,0.01922158865211876,0.011870418001924114,0.4047698642612681,Weak_Bear,0
2019-01-22,607.1353149414062,745.3499755859375,749.0,734.0,741.25,6723375.0,0.00046979502614696855,0.011950779067413883,0.4408444605548135,Weak_Bear,0
2019-01-23,595.9758911132812,731.6500244140625,742.5999755859375,729.2000122070312,742.3499755859375,7212099.0,-0.018380455811900842,0.012851965871423338,0.4707215855559894,Weak_Bear,0
2019-01-24,599.5386352539062,732.0,736.0999755859375,721.0,728.0999755859375,7429783.0,0.005978000442215636,0.012463638974413197,0.4980942952692432,Weak_Bear,0
2019-01-25,598.187255859375,730.3499755859375,737.9000244140625,724.25,728.0,5543112.0,-0.002254032209215273,0.012534036839441346,0.5020904195740518,Weak_Bear,0
2019-01-28,596.2215576171875,727.9500122070312,732.5999755859375,719.0,731.0,7944693.0,-0.0032860918097686875,0.012682599153258731,0.5265352748011067,Weak_Bear,0
2019-01-29,596.1805419921875,727.9000244140625,732.8499755859375,716.5,725.5,6760819.0,-6.879258972780633e-05,0.01270253463961475,0.5257897712299487,Weak_Bear,0
2019-01-30,594.5426635742188,725.9000244140625,734.7999877929688,721.0999755859375,727.9000244140625,5763026.0,-0.002747285935390753,0.012811842667350293,0.49312512626899846,Weak_Bear,0
2019-01-31,613.9127807617188,749.5499877929688,751.2999877929688,726.0,726.0,13825233.0,0.032579860747170786,0.01421577895186556,0.48461494271756633,Weak_Bear,0
2019-02-01,620.0557250976562,757.0499877929688,762.5,744.5,751.3499755859375,6276585.0,0.01000621672726143,0.013574045048999107,0.47157067130176444,Weak_Bear,0
2019-02-04,619.1138305664062,755.9000244140625,762.5,749.2000122070312,757.0,3945391.0,-0.001519048197001438,0.013534949878893254,0.46005562593811616,Weak_Bear,0
2019-02-05,618.2537841796875,754.8499755859375,759.9500122070312,747.0,747.0,4694366.0,-0.0013891571214487142,0.013500737607808776,0.4690893038699885,Weak_Bear,0
2019-02-06,625.1747436523438,763.2999877929688,766.9500122070312,754.3499755859375,755.5499877929688,5880482.0,0.01119436653645245,0.013532106524696717,0.5007925020057364,Weak_Bear,0
2019-02-07,625.748046875,764.0,769.4500122070312,761.0,763.0499877929688,3961797.0,0.0009170287643209818,0.013587105181013321,0.50627509635462,Weak_Bear,0
2019-02-08,623.2090454101562,760.9000244140625,772.25,754.9000244140625,760.0,5915169.0,-0.004057545968419007,0.013780723948244575,0.5193180033722052,Weak_Bear,0
2019-02-11,624.7651977539062,762.7999877929688,768.75,759.0,766.9000244140625,5500216.0,0.0024969989688223837,0.012856492307797401,0.5234714456476638,Weak_Bear,0
2019-02-12,614.6497802734375,750.4500122070312,760.3499755859375,741.0,760.3499755859375,7310690.0,-0.016190750568108925,0.011463783276725504,0.5372111787152264,Weak_Bear,0
2019-02-14,606.1319580078125,740.0499877929688,753.0,737.25,751.0,4610535.0,-0.013858009128117965,0.011612057656007209,0.5399603092822467,Weak_Bear,0
2019-02-15,607.6880493164062,741.9500122070312,746.5,732.5999755859375,742.2999877929688,5586389.0,0.0025672484151935127,0.011552869216143187,0.5039066823674037,Weak_Bear,0
2019-02-18,606.950927734375,741.0499877929688,747.6500244140625,736.0,742.3499755859375,5346825.0,-0.0012129933818189054,0.0115226636649844,0.4836928388580918,Weak_Bear,0
2019-02-19,593.2320556640625,724.2999877929688,740.5499877929688,721.2999877929688,739.0999755859375,9401334.0,-0.022602934509915462,0.011837105863344589,0.46285697980213175,Weak_Bear,0
2019-02-20,606.6644287109375,740.7000122070312,743.0,726.0499877929688,727.0,5210675.0,0.022642695920804368,0.012972581364059139,0.4758902014687164,Weak_Bear,0
2019-02-21,600.7262573242188,733.4500122070312,738.0,727.0999755859375,738.0,7202786.0,-0.009788230701668788,0.01246267252914481,0.4875137986813975,Weak_Bear,0
2019-02-22,601.9549560546875,734.9500122070312,738.2000122070312,728.0,732.5,3750833.0,0.002045355460142062,0.012402078100224381,0.4855568722580587,Weak_Bear,0
2019-02-25,618.2947998046875,754.9000244140625,758.0,735.5499877929688,735.5499877929688,6547552.0,0.027144628656426528,0.013755113790508238,0.4819235576876405,Weak_Bear,0
2019-02-26,608.138671875,742.5,752.5999755859375,740.1500244140625,748.5999755859375,8319610.0,-0.01642602838143825,0.014310589935566068,0.5034681341273506,Weak_Bear,0
2019-02-27,602.2006225585938,735.25,746.4000244140625,732.75,745.0,5936354.0,-0.009764301451341995,0.01451455759558137,0.5271156155864262,Weak_Bear,0
2019-02-28,601.4224853515625,734.2999877929688,742.4000244140625,732.2999877929688,738.7000122070312,8559921.0,-0.0012921560986189906,0.014500525901413812,0.515900270016932,Weak_Bear,0
2019-03-01,607.6471557617188,741.9000244140625,743.4000244140625,735.5,735.5,3998826.0,0.010349913017498213,0.012661587232564078,0.47163223116962305,Weak_Bear,0
2019-03-05,599.9481811523438,732.5,742.5,730.25,740.5,4826505.0,-0.012670140123874907,0.012692487611692737,0.43818471208506654,Weak_Bear,0
2019-03-06,599.9481811523438,732.5,736.0999755859375,727.0,736.0999755859375,6076668.0,0.0,0.01269735676200197,0.4235268202300151,Weak_Bear,0
2019-03-07,592.1262817382812,722.9500122070312,734.5,720.5499877929688,734.0,5951551.0,-0.013037625014611587,0.012956766431497855,0.45504909388666204,Weak_Bear,0
2019-03-08,583.4445190429688,712.3499755859375,722.9500122070312,710.6500244140625,722.9500122070312,7193994.0,-0.014662012079291298,0.012852395769016195,0.47572481329304395,Weak_Bear,0
2019-03-11,582.5435791015625,711.25,718.5,709.4000244140625,713.2999877929688,9932198.0,-0.0015441741450996638,0.01282093249856508,0.4591913016775576,Weak_Bear,0
2019-03-12,579.0216674804688,706.9500122070312,714.9500122070312,705.5999755859375,709.0,11997387.0,-0.006045747901857412,0.012833242283689138,0.47663085254776855,Weak_Bear,0
2019-03-13,580.2501831054688,708.4500122070312,718.5999755859375,706.2999877929688,710.0,11348867.0,0.0021217092450886987,0.01282414100005813,0.5080654142947111,Weak_Bear,0
2019-03-14,580.168212890625,708.3499755859375,714.9000244140625,706.2000122070312,714.0,6415187.0,-0.00014126702107197797,0.012493426869430405,0.5371183133313376,Weak_Bear,0
2019-03-15,588.5225219726562,718.5499877929688,723.75,709.5999755859375,712.0,14638664.0,0.014399804912452518,0.012772810319912111,0.5295717371303859,Weak_Bear,0
2019-03-18,581.6835327148438,710.2000122070312,723.7000122070312,705.3499755859375,721.5499877929688,8065544.0,-0.011620607542577988,0.012934093660510524,0.520393385664338,Weak_Bear,0
2019-03-19,591.5530395507812,722.25,726.5,707.4000244140625,712.7999877929688,8917337.0,0.01696714154838519,0.01362072204941012,0.4982812322146127,Weak_Bear,0
2019-03-20,605.2308959960938,738.9500122070312,742.2999877929688,727.1500244140625,727.25,13471173.0,0.02312194432421366,0.013675838930866492,0.5065649955442567,Weak_Bear,0
2019-03-22,608.6299438476562,743.0999755859375,746.3499755859375,732.2999877929688,745.0,8883260.0,0.005616117541336507,0.012763055638987397,0.5270172751854806,Weak_Bear,0
2019-03-25,602.2006225585938,735.25,742.4000244140625,730.5499877929688,742.4000244140625,7644966.0,-0.010563596737316994,0.012796250348514263,0.5704860876005906,Weak_Bear,0
2019-03-26,596.0577392578125,727.75,735.25,719.0999755859375,735.25,9406261.0,-0.010200725589890158,0.012994749125454508,0.5691890681734443,Weak_Bear,0
2019-03-27,597.6549072265625,729.7000122070312,732.2999877929688,727.1500244140625,730.0,7387487.0,0.0026795524385585523,0.011305918528305939,0.6029927125435779,Weak_Bear,0
2019-03-28,604.2890014648438,737.7999877929688,745.0,730.0,730.0,9277241.0,0.011100208762723884,0.01108391911523725,0.6334554397977776,Normal_Market,1
2019-04-01,618.4585571289062,755.0999755859375,760.0,742.0,742.0,6584982.0,0.023448309715573767,0.0120323329724315,0.6221439727760512,Normal_Market,1
2019-04-02,621.9804077148438,759.4000244140625,765.7999877929688,754.5999755859375,759.0,7283600.0,0.005694561980494006,0.012051424737825764,0.6035554029471298,Weak_Bear,0
2019-04-03,616.9842529296875,753.2999877929688,758.5,746.7999877929688,756.0,6897127.0,-0.00803265621100857,0.01206205536877518,0.6018872952681387,Weak_Bear,0
2019-04-04,612.5614624023438,747.9000244140625,753.7999877929688,745.0999755859375,751.4000244140625,7688525.0,-0.0071684009864799725,0.011797771084438824,0.5843624606403975,Weak_Bear,0
2019-04-05,621.8983764648438,759.2999877929688,760.9500122070312,748.0,750.9000244140625,6276040.0,0.015242411799597289,0.012207719485233947,0.569156823233134,Weak_Bear,0
2019-04-08,628.409912109375,767.25,770.0,755.4000244140625,763.0499877929688,4919911.0,0.010470417500598517,0.011822586033657965,0.5770610200377305,Weak_Bear,0
2019-04-09,622.9631958007812,760.5999755859375,773.0,758.2000122070312,770.0,6730692.0,-0.008667457663598666,0.011419176206254253,0.6070539152523873,Weak_Bear,0
2019-04-10,616.4928588867188,752.7000122070312,766.7000122070312,751.2999877929688,764.0,7031088.0,-0.010386387121546159,0.01178373543887228,0.6079366857233139,Weak_Bear,0
2019-04-11,608.302490234375,742.7000122070312,751.75,740.0499877929688,751.75,8200995.0,-0.013285423398308516,0.012177672530427926,0.6339010089708081,Normal_Market,1
2019-04-12,612.4385375976562,747.75,751.5499877929688,740.5999755859375,743.0999755859375,7043212.0,0.00679932669959582,0.012214084578427927,0.6554125948037461,Normal_Market,1
2019-04-15,595.8529052734375,727.5,731.3499755859375,712.5999755859375,724.7000122070312,31574803.0,-0.027081300907805916,0.013918989682007074,0.6534275381719925,Normal_Market,1
2019-04-16,593.0681762695312,724.0999755859375,727.9000244140625,714.0999755859375,727.9000244140625,12524411.0,-0.004673517539749761,0.013633834413619381,0.6401682876772608,Normal_Market,1
2019-04-18,587.2939453125,717.0499877929688,722.5,712.75,722.5,13801105.0,-0.009736200976676601,0.013552126037639967,0.6473786823204276,Normal_Market,1
2019-04-22,590.5701293945312,721.0499877929688,725.75,715.0,717.0499877929688,6455426.0,0.005578440077886437,0.01305698436060053,0.6538046593817821,Normal_Market,1
2019-04-23,596.4263305664062,728.2000122070312,730.0,718.4000244140625,723.9000244140625,5516668.0,0.009916182482644142,0.012126830035305411,0.6331592775316026,Normal_Market,1
2019-04-24,603.1834106445312,736.4500122070312,737.9000244140625,724.0,728.2000122070312,8285120.0,0.011329278624751637,0.012347788875560215,0.5708563424389025,Weak_Bear,0
2019-04-25,596.7129516601562,728.5499877929688,737.6500244140625,727.0499877929688,736.4500122070312,8005235.0,-0.010727183258340989,0.01235494395823023,0.5753988431674031,Weak_Bear,0
2019-04-26,604.4530029296875,738.0,739.7999877929688,729.0,731.0,6895168.0,0.012971146759923835,0.012471949313550036,0.5438318086860356,Weak_Bear,0
2019-04-30,615.38720703125,751.3499755859375,753.7999877929688,738.0,738.0,9920046.0,0.018089419770546566,0.013058116447850078,0.5602145823824747,Weak_Bear,0
2019-05-02,598.555908203125,730.7999877929688,748.4000244140625,729.5,747.0,6351352.0,-0.027350745410068766,0.014344336151580027,0.5739477858879435,Weak_Bear,0
2019-05-03,592.6587524414062,723.5999755859375,731.0,718.2000122070312,722.9000244140625,6348116.0,-0.009852305659169058,0.013329883197768748,0.5659600492145266,Weak_Bear,0
2019-05-06,588.3997192382812,718.4000244140625,721.7999877929688,710.6500244140625,715.0,8858265.0,-0.0071863162158329885,0.013247253007672335,0.5590623560188134,Weak_Bear,0
2019-05-07,593.4368896484375,724.5499877929688,727.9000244140625,718.7000122070312,720.4000244140625,5747536.0,0.008560796760197498,0.013413451602235374,0.574709716154176,Weak_Bear,0
2019-05-08,589.1777954101562,719.3499755859375,726.0,716.5,721.0,6247642.0,-0.007176996092717491,0.013413630837800249,0.5681506453101614,Weak_Bear,0
2019-05-09,590.5701293945312,721.0499877929688,730.2999877929688,715.7999877929688,719.1500244140625,7396525.0,0.0023631813609095165,0.012846618748044322,0.5561471242507317,Weak_Bear,0
2019-05-10,587.130126953125,716.8499755859375,726.0,715.0,720.7999877929688,8352335.0,-0.00582488390486835,0.012492415706992792,0.5538478657090937,Weak_Bear,0
2019-05-13,589.4644775390625,719.7000122070312,726.4500122070312,712.0999755859375,716.5499877929688,6808993.0,0.003975865789840327,0.012527266182463246,0.5677490598828338,Weak_Bear,0
2019-05-14,584.6730346679688,713.8499755859375,717.75,703.5999755859375,716.5,10513001.0,-0.008128467539040507,0.01246422267391258,0.5506406986176122,Weak_Bear,0
2019-05-15,586.5158081054688,716.0999755859375,725.2000122070312,712.5999755859375,714.9000244140625,6668929.0,0.003151801653631159,0.012260881198774711,0.5947231394913561,Weak_Bear,0
2019-05-16,600.4395141601562,733.0999755859375,737.0,719.0999755859375,720.0,6468556.0,0.023739694416188284,0.013413551427669172,0.6293594491829558,Normal_Market,1
2019-05-17,592.9044189453125,723.9000244140625,735.7999877929688,720.0999755859375,733.1500244140625,8155948.0,-0.012549299366786726,0.012265314464195605,0.6473904523012968,Normal_Market,1
2019-05-20,591.6759033203125,722.4000244140625,726.4000244140625,706.0,719.7000122070312,11213708.0,-0.0020720298006638993,0.01222885359975705,0.6427176518806996,Normal_Market,1
2019-05-21,580.9463500976562,709.2999877929688,722.6500244140625,707.7000122070312,722.6500244140625,8645535.0,-0.01813417305393905,0.012713649565343498,0.6402080293213134,Normal_Market,1
2019-05-22,581.3150634765625,709.75,718.25,707.0,710.0,5795713.0,0.0006346771588190414,0.012637770780423595,0.6302481108211673,Normal_Market,1
2019-05-23,574.1892700195312,701.0499877929688,716.7000122070312,697.4500122070312,715.0,7233736.0,-0.012258057471305372,0.012628815794328042,0.597914457575437,Weak_Bear,0
2019-05-24,580.864501953125,709.2000122070312,711.75,700.4500122070312,703.7999877929688,7016424.0,0.011625490551864015,0.012645214199137262,0.5866792678832329,Weak_Bear,0
2019-05-27,579.9635620117188,708.0999755859375,713.7999877929688,705.5,707.4000244140625,10247544.0,-0.001551032880089731,0.012469796893182724,0.5485243379016642,Weak_Bear,0
2019-05-28,596.3443603515625,728.0999755859375,733.4500122070312,709.7999877929688,712.0,23860490.0,0.02824453019604145,0.013790644441590281,0.5141682368627822,Weak_Bear,0
2019-05-29,596.0986328125,727.7999877929688,733.6500244140625,723.6500244140625,725.5,10293077.0,-0.0004120564482535949,0.01307395655677847,0.5442562263498536,Weak_Bear,0
2019-05-30,600.8082275390625,733.5499877929688,737.25,722.5499877929688,727.0,15089296.0,0.007900697078169427,0.01171216977568595,0.561374253841239,Weak_Bear,0
2019-05-31,604.2481689453125,737.75,742.9500122070312,733.2000122070312,736.5,8290306.0,0.005725523134628485,0.011521228014421481,0.541405730818634,Weak_Bear,0
2019-06-03,609.8994750976562,744.6500244140625,750.9000244140625,729.0,729.7999877929688,7744761.0,0.009352624373207163,0.011493862729048638,0.5168883701242731,Weak_Bear,0
2019-06-04,602.2415771484375,735.2999877929688,739.4500122070312,733.1500244140625,737.25,11733702.0,-0.012556000229369868,0.011811291081501665,0.5351291806210267,Weak_Bear,0
2019-06-06,602.487060546875,735.5999755859375,744.6500244140625,733.6500244140625,736.5,7563925.0,0.0004076161589503524,0.011662426793413217,0.48913952176989667,Weak_Bear,0
2019-06-07,605.3538818359375,739.0999755859375,743.9500122070312,735.8499755859375,735.8499755859375,3218358.0,0.0047583117991949475,0.011687466947509844,0.47146869475283715,Weak_Bear,0
2019-06-10,617.14794921875,753.5,754.0999755859375,740.0999755859375,740.0999755859375,4435148.0,0.019482930128478015,0.01223259981424646,0.42815777278647926,Weak_Bear,0
2019-06-11,618.2947998046875,754.9000244140625,759.0,750.5,755.0,5733127.0,0.0018583073757099111,0.01222892670558969,0.4191729819478415,Weak_Bear,0
2019-06-12,617.3938598632812,753.7999877929688,756.9500122070312,745.0,756.9500122070312,8738342.0,-0.0014571365337228137,0.012013972637110681,0.3820239948344659,Weak_Bear,0
2019-06-13,616.8539428710938,742.6500244140625,747.2000122070312,740.0,740.0,4808577.0,-0.0008745098182658673,0.0120413751946976,0.31161933559769533,Weak_Bear,0
2019-06-14,615.0265502929688,740.4500122070312,745.5,738.25,743.8499755859375,5556353.0,-0.0029624396491972904,0.011009436020184284,0.3281022093203627,Weak_Bear,0
2019-06-17,615.1095581054688,740.5499877929688,744.5,737.7999877929688,743.0,3085588.0,0.00013496622619046938,0.010526948046890968,0.3331321920965475,Weak_Bear,0
2019-06-18,623.0834350585938,750.1500244140625,752.4500122070312,740.2000122070312,740.2000122070312,6202838.0,0.012963344249899977,0.010763147870266571,0.29704923808316813,Weak_Bear,0
2019-06-19,624.537109375,751.9000244140625,755.4000244140625,748.5999755859375,752.5,4596253.0,0.0023330331615534217,0.00959296122001065,0.31588002924252373,Weak_Bear,0
2019-06-20,627.0289916992188,754.9000244140625,756.9000244140625,735.9000244140625,737.7999877929688,7148684.0,0.003989966787902199,0.009566432519275182,0.3081537406691337,Weak_Bear,0
2019-06-21,623.125,750.2000122070312,755.0,747.1500244140625,755.0,13200318.0,-0.006226174149681851,0.009116883854338257,0.29931222758440496,Weak_Bear,0
2019-06-24,619.2210083007812,745.5,751.9000244140625,742.6500244140625,751.9000244140625,4758178.0,-0.0062651822655466205,0.00922055585773236,0.2901441113741445,Weak_Bear,0
2019-06-25,621.3806762695312,748.0999755859375,750.9000244140625,737.2999877929688,744.0,3677911.0,0.003487717535095358,0.009151268048768015,0.2872201542329432,Weak_Bear,0
2019-06-26,613.9883422851562,739.2000122070312,751.4500122070312,738.0,743.0,5447130.0,-0.011896626764699159,0.00772865419052978,0.27408897292258383,Weak_Bear,0
2019-06-27,606.803466796875,730.5499877929688,744.7000122070312,728.1500244140625,742.0,11122346.0,-0.011701973789177145,0.008268153439412802,0.30973343185474805,Weak_Bear,0
2019-06-28,608.0078125,732.0,739.5,728.5,735.5,5919494.0,0.0019847376770643077,0.008109679094188825,0.3335584297609581,Weak_Bear,0
2019-07-01,607.4263916015625,731.2999877929688,737.5,729.8499755859375,735.0,3224968.0,-0.0009562720848056427,0.008025780347879359,0.29396020284726926,Weak_Bear,0
2019-07-02,614.6527709960938,740.0,741.6500244140625,730.0999755859375,734.0,4837606.0,0.011896716202070001,0.00819530151505287,0.29354129827452025,Weak_Bear,0
2019-07-03,607.4263916015625,731.2999877929688,743.2000122070312,730.0,741.0,5958379.0,-0.011756848314244728,0.008130395814174667,0.3109248459184448,Weak_Bear,0
2019-07-04,609.5030517578125,733.7999877929688,736.4000244140625,728.5999755859375,729.0,3274064.0,0.003418784868360003,0.008157210394775757,0.30141521334117183,Weak_Bear,0
2019-07-05,596.3793334960938,718.0,736.4000244140625,713.5,735.0,4926289.0,-0.021531833555008206,0.009466800430120508,0.2863298050955669,Weak_Bear,0
2019-07-08,596.0469360351562,717.5999755859375,724.9500122070312,712.2999877929688,716.4500122070312,7177092.0,-0.0005573591207276296,0.00819247926555812,0.2655118407248463,Weak_Bear,0
2019-07-09,594.302734375,715.5,719.8499755859375,709.0499877929688,718.0,5022638.0,-0.0029262824027894707,0.008152682424897986,0.26825297523304065,Weak_Bear,0
2019-07-10,595.7562866210938,717.25,722.7000122070312,706.5,709.0,7573816.0,0.0024458111363434565,0.008211478683825494,0.2632582829883323,Weak_Bear,0
2019-07-11,599.2864379882812,721.5,723.5,709.5999755859375,719.4500122070312,6252688.0,0.005925495788234425,0.008388508111557232,0.3012821815063236,Weak_Bear,0
2019-07-12,603.6470947265625,726.75,730.5999755859375,719.5999755859375,722.5,7874441.0,0.007276414852502411,0.008598582361504467,0.33002203644974376,Weak_Bear,0
2019-07-15,647.3373413085938,779.3499755859375,781.6500244140625,754.2000122070312,763.0,31064152.0,0.07237713386464972,0.018513181273897075,0.3554247230904639,Weak_Bear,0
2019-07-16,651.9056396484375,784.8499755859375,787.7999877929688,776.0,777.0,9924322.0,0.007057059817697109,0.018387766234087517,0.34514890661550784,Weak_Bear,0
2019-07-17,659.6304321289062,794.1500244140625,795.0,776.75,783.9000244140625,6754348.0,0.01184955614839378,0.018508169162342773,0.4005573701610001,Weak_Bear,0
2019-07-18,658.4259643554688,792.7000122070312,798.5,786.2000122070312,789.0499877929688,6534471.0,-0.001825973628218125,0.018535721195598223,0.3985589969189743,Weak_Bear,0
2019-07-19,652.3626098632812,785.4000244140625,794.5,781.25,788.7000122070312,6812754.0,-0.009208862986019861,0.01862230080579152,0.4109346409047948,Weak_Bear,0
2019-07-22,651.531982421875,784.4000244140625,792.0,782.0499877929688,785.9500122070312,7107151.0,-0.001273260344550331,0.018532514710176716,0.40059205060480096,Weak_Bear,0
2019-07-23,656.2249145507812,790.0499877929688,804.0,785.5499877929688,787.0,10782564.0,0.007202919051589207,0.01855938167544099,0.4167735718529062,Weak_Bear,0
2019-07-24,653.1100463867188,786.2999877929688,793.75,783.5999755859375,788.0,5745146.0,-0.004746647216518407,0.018326972829877077,0.4093239070467653,Weak_Bear,0
2019-07-25,659.9210205078125,794.5,800.2000122070312,787.6500244140625,788.25,9773568.0,0.010428524501766567,0.01804274842150002,0.46137385604687214,Weak_Bear,0
2019-07-26,653.6914672851562,787.0,795.0,782.2000122070312,792.2999877929688,4941763.0,-0.0094398466317418,0.01830071205666445,0.4792519666113559,Weak_Bear,0
2019-07-29,657.3877563476562,791.4500122070312,796.9500122070312,786.2000122070312,789.5,6244316.0,0.005654485713039836,0.01827028790161725,0.4501585727878551,Weak_Bear,0
2019-07-30,658.4259643554688,792.7000122070312,797.7999877929688,788.5499877929688,791.9000244140625,8673253.0,0.0015792931915565855,0.01818440935665722,0.40702980542265527,Weak_Bear,0
2019-07-31,659.2151489257812,793.6500244140625,799.7999877929688,781.5999755859375,790.8499755859375,7350584.0,0.0011985927242177397,0.017836081939571057,0.4149765346418375,Weak_Bear,0
2019-08-01,638.6159057617188,768.8499755859375,788.4000244140625,764.4000244140625,786.4500122070312,10066407.0,-0.03124813378095126,0.019525145189356424,0.38827156895010767,High_Volatility,2
2019-08-02,644.2225341796875,775.5999755859375,779.9000244140625,762.25,765.0499877929688,10838336.0,0.008779343526186256,0.01872043454000703,0.4015513878424465,Weak_Bear,0
2019-08-05,645.1362915039062,776.7000122070312,785.9000244140625,768.6500244140625,772.5999755859375,9976238.0,0.001418387708809865,0.018700169455931743,0.41081916215966274,Weak_Bear,0
2019-08-06,643.2672729492188,774.4500122070312,783.7000122070312,769.7999877929688,778.7999877929688,9331718.0,-0.0028970910167377406,0.018699591160680998,0.4366930421796576,Weak_Bear,0
2019-08-07,644.6378173828125,776.0999755859375,783.4500122070312,772.3499755859375,778.9000244140625,5130457.0,0.002130598728130817,0.018701216048572535,0.45267773051531995,Weak_Bear,0
2019-08-08,655.1450805664062,788.75,792.75,781.25,782.7000122070312,8009009.0,0.016299483058956454,0.01889700788500803,0.47843976285248596,Weak_Bear,0
2019-08-09,656.05859375,789.8499755859375,796.75,784.7999877929688,792.0,4362520.0,0.0013943677678294186,0.018899434910355013,0.5077777389403972,Weak_Bear,0
2019-08-13,635.21044921875,764.75,786.0,760.1500244140625,784.1500244140625,7517099.0,-0.031777869735815756,0.012394587183681055,0.47363504503672227,Weak_Bear,0
2019-08-14,643.5581665039062,774.7999877929688,778.25,768.0,775.0999755859375,5940968.0,0.01314165611636775,0.012671024566933435,0.43782744993324996,Weak_Bear,0
2019-08-16,643.3504028320312,774.5499877929688,780.0499877929688,762.5,780.0,5128088.0,-0.00032283588755255277,0.01233100973439512,0.45596787981996967,Weak_Bear,0
2019-08-19,645.9252319335938,777.6500244140625,783.0,773.3499755859375,775.5999755859375,3881451.0,0.0040022188378652235,0.012383586670238577,0.45341675122107816,Weak_Bear,0
2019-08-20,658.467529296875,792.75,798.0,783.8499755859375,785.2000122070312,8435344.0,0.0194175683859501,0.013009310940434178,0.4471850356507153,Weak_Bear,0
2019-08-21,664.0325317382812,799.4500122070312,803.75,793.0,793.0,5926896.0,0.00845144550612642,0.013118965702980913,0.445145861690717,Weak_Bear,0
2019-08-22,660.9178466796875,795.7000122070312,801.2999877929688,792.3499755859375,799.9000244140625,5222488.0,-0.004690560943513167,0.013094121120596486,0.4611043855568772,Weak_Bear,0
2019-08-23,666.3167724609375,802.2000122070312,809.9500122070312,795.7999877929688,796.4500122070312,6895015.0,0.00816883037486904,0.013143323458069456,0.47029672059359223,Weak_Bear,0
2019-08-26,666.6074829101562,802.5499877929688,806.7999877929688,786.9000244140625,795.9000244140625,5412074.0,0.0004362946592879613,0.012958045015197093,0.499437903174349,Weak_Bear,0
2019-08-27,651.739501953125,784.6500244140625,794.9500122070312,781.0999755859375,791.0,16061642.0,-0.022303951482997575,0.013775330963777924,0.5135652274556048,Weak_Bear,0
2019-08-28,666.56591796875,802.5,805.0,786.2999877929688,787.4000244140625,5881134.0,0.022748990925351986,0.014650963362011741,0.5047673067806233,Weak_Bear,0
2019-08-29,670.2621459960938,806.9500122070312,809.7000122070312,795.5,795.5,7830413.0,0.0055451800455195155,0.01468890727612611,0.5022448880457783,Weak_Bear,0
2019-08-30,676.8655395507812,814.9000244140625,817.3499755859375,802.0,810.0,8174186.0,0.00985195657271376,0.01482207211417721,0.5332419475142607,Weak_Bear,0
2019-09-03,676.3255615234375,814.25,822.4000244140625,812.0499877929688,815.0,5647088.0,-0.000797762621660647,0.012701198982863112,0.5318760461256339,Weak_Bear,0
2019-09-04,682.1815795898438,821.2999877929688,822.4500122070312,810.25,810.75,6199015.0,0.008658578648447657,0.012698310095181405,0.5522059621500688,Weak_Bear,0
2019-09-05,692.7717895507812,834.0499877929688,837.5,826.6500244140625,830.0999755859375,7926895.0,0.015524033890367939,0.012997332056374255,0.5758624031452984,Weak_Bear,0
2019-09-06,697.8385009765625,840.1500244140625,847.0,835.0499877929688,843.2999877929688,6106841.0,0.00731368035217872,0.012927014955003922,0.6134983598691242,Normal_Market,1
2019-09-09,688.6602783203125,829.0999755859375,840.2999877929688,827.5499877929688,836.7999877929688,4377870.0,-0.013152359239861244,0.013492600497852543,0.6152965257739333,Weak_Bear,0
2019-09-11,681.1846923828125,820.0999755859375,828.5499877929688,814.1500244140625,822.2999877929688,7981036.0,-0.010855259367846037,0.013492014389532877,0.6150717000699997,Weak_Bear,0
2019-09-12,678.1114501953125,816.4000244140625,819.8499755859375,810.8499755859375,816.4000244140625,4400017.0,-0.00451161369576536,0.013571235672529686,0.6645942493102404,Normal_Market,1
2019-09-13,688.826416015625,829.2999877929688,831.0499877929688,817.5,818.0999755859375,4832021.0,0.015801186983682936,0.011379209895722725,0.6711051194303111,Normal_Market,1
2019-09-16,687.497314453125,827.7000122070312,837.9500122070312,820.5499877929688,832.0499877929688,4846496.0,-0.0019295159587344735,0.011248701453167581,0.6425684964804141,Normal_Market,1
2019-09-17,690.446044921875,831.25,835.0,820.5499877929688,831.5,5540901.0,0.004289079254215844,0.011216287096835868,0.6309723664598443,Normal_Market,1
2019-09-18,689.283203125,829.8499755859375,832.9500122070312,824.0,829.9000244140625,3199389.0,-0.0016841892359693578,0.011277417486404467,0.6202305571805719,Normal_Market,1
2019-09-19,681.6831665039062,820.7000122070312,827.0,815.2000122070312,824.8499755859375,6601607.0,-0.01102600003400267,0.011041543113229408,0.6109604955846833,Weak_Bear,0
2019-09-20,668.642578125,805.0,835.0,802.0,822.9000244140625,22462366.0,-0.019129984455662052,0.011858234700650222,0.5891715029678631,Weak_Bear,0
2019-09-23,634.878173828125,764.3499755859375,806.9000244140625,741.9000244140625,806.9000244140625,17279260.0,-0.050496940221121944,0.01643581747765676,0.5770594512326546,Weak_Bear,0
2019-09-24,659.5472412109375,794.0499877929688,798.6500244140625,765.0,765.0,13717998.0,0.03885637969575395,0.01869959051276353,0.5710741624307175,Weak_Bear,0
2019-09-25,658.3844604492188,792.6500244140625,801.0,781.6500244140625,787.7000122070312,9313576.0,-0.0017629984466068782,0.01870123241824541,0.6074279214792826,Weak_Bear,0
2019-09-26,649.9951782226562,782.5499877929688,797.0,778.0999755859375,787.75,18442824.0,-0.012742223929219754,0.01822949726466525,0.6515045036485607,Normal_Market,1
2019-09-27,649.7045288085938,782.2000122070312,794.25,780.0999755859375,787.0499877929688,5087642.0,-0.00044715626176994316,0.017427922927908006,0.6680913475818274,Normal_Market,1
2019-09-30,669.1824340820312,805.6500244140625,808.0,784.1500244140625,785.0999755859375,8178091.0,0.02997963598800113,0.018728743937085457,0.625398614934082,High_Volatility,2
2019-10-01,659.1319580078125,793.5499877929688,807.5499877929688,791.5499877929688,807.0,5881438.0,-0.015019037503585686,0.018871389028474562,0.631579345567476,High_Volatility,2
2019-10-03,652.528564453125,785.5999755859375,797.8499755859375,784.1500244140625,792.5499877929688,5497672.0,-0.010018317993025105,0.018974507930722445,0.6328843273547912,High_Volatility,2
2019-10-04,659.048828125,793.4500122070312,797.5999755859375,787.0499877929688,790.0,8201713.0,0.009992303827096816,0.019014825638805116,0.6342295782283313,High_Volatility,2
2019-10-07,655.8095092773438,789.5499877929688,802.0,786.0999755859375,794.8499755859375,3679845.0,-0.004915142413456919,0.01859340913367128,0.6013506557723294,Weak_Bear,0
2019-10-09,650.908935546875,783.6500244140625,795.9000244140625,778.7999877929688,795.4500122070312,6335025.0,-0.007472556681693776,0.018473184301358338,0.6199072649670675,Normal_Market,1
2019-10-10,650.41064453125,783.0499877929688,794.7000122070312,776.5999755859375,785.4000244140625,10402917.0,-0.0007655310726474296,0.018333027743514363,0.6267650310044255,Normal_Market,1
2019-10-11,676.7825317382812,814.7999877929688,823.7999877929688,776.5999755859375,781.5,20636344.0,0.040546518463020265,0.020592300132267576,0.6065471173362478,High_Volatility,2
2019-10-14,652.9439086914062,786.0999755859375,797.0,780.0,786.75,15150858.0,-0.03522346090352946,0.022031612674586976,0.6196187339775842,High_Volatility,2
2019-10-15,638.1590576171875,768.2999877929688,775.9500122070312,765.0,773.0999755859375,13762133.0,-0.02264337085837853,0.022105107763503173,0.6111115875720904,High_Volatility,2
2019-10-16,640.775634765625,771.4500122070312,775.9500122070312,761.5499877929688,765.25,10767032.0,0.004100195895060166,0.02216983604865462,0.5898443855242346,High_Volatility,2
2019-10-17,639.1558227539062,769.5,770.5499877929688,765.0999755859375,767.0,9860495.0,-0.002527892641097762,0.022099647359422013,0.5932535993867292,High_Volatility,2
2019-10-18,637.7853393554688,767.8499755859375,773.7999877929688,760.0,763.7999877929688,10037200.0,-0.002144208578954254,0.02209776588083093,0.5882670075230796,High_Volatility,2
2019-10-22,534.5401611328125,643.5499877929688,691.0999755859375,638.3499755859375,691.0999755859375,90152532.0,-0.16188076434462018,0.04175413024467735,0.554155727544458,High_Volatility,2
2019-10-23,547.1983032226562,650.5999755859375,656.6500244140625,615.0999755859375,630.0,60516887.0,0.02368043228598249,0.04241749996249377,0.5192241197141485,High_Volatility,2
2019-10-24,534.3719482421875,635.3499755859375,653.2000122070312,632.0,650.0,25666433.0,-0.023440048890739473,0.04144622594985839,0.5170494355169994,High_Volatility,2
2019-10-25,536.1383056640625,637.4500122070312,652.5,636.0,647.0,16549337.0,0.003305483058542613,0.04008476359614639,0.5235784172998447,High_Volatility,2
2019-10-27,545.726318359375,648.8499755859375,652.5,645.5499877929688,651.0999755859375,2945281.0,0.017883468862454732,0.04052191657046046,0.5119069704665591,High_Volatility,2
2019-10-29,547.2404174804688,650.6500244140625,653.75,647.0,651.0,16709764.0,0.002774466010079246,0.04058466274002205,0.5689766427961227,High_Volatility,2
2019-10-30,555.6089477539062,660.5999755859375,671.4000244140625,656.2000122070312,660.4000244140625,22879467.0,0.015292237207125137,0.04088443584894249,0.5838756119922397,High_Volatility,2
2019-10-31,576.6356201171875,685.5999755859375,695.4500122070312,666.0999755859375,668.4000244140625,27405901.0,0.037844373184203084,0.04129384639020267,0.5879799479245092,High_Volatility,2
2019-11-01,578.5701293945312,687.9000244140625,694.0,682.5999755859375,690.0,9713519.0,0.0033548209820104535,0.04129946853717541,0.5814840789440722,High_Volatility,2
2019-11-04,596.316650390625,709.0,732.5,678.1500244140625,681.7999877929688,29381982.0,0.030673068128604042,0.04206620481713132,0.5599493119659062,High_Volatility,2
2019-11-05,585.4669189453125,696.0999755859375,708.75,691.5,708.75,12897805.0,-0.01819458074532254,0.042059792414890156,0.5475491299661125,High_Volatility,2
2019-11-06,599.0921020507812,712.2999877929688,721.5,692.0,695.7999877929688,21372589.0,0.02327233642852744,0.04253196325622691,0.5191877894756822,High_Volatility,2
2019-11-07,605.6524658203125,720.0999755859375,724.3499755859375,712.0999755859375,717.0,13733737.0,0.010950509524452423,0.042642540445144476,0.5298936059372126,High_Volatility,2
2019-11-08,595.601806640625,708.1500244140625,724.25,705.5,722.0,8585630.0,-0.016594763080960306,0.0427523413510002,0.5443230638483643,High_Volatility,2
2019-11-11,592.4478149414062,704.4000244140625,707.2000122070312,698.0,698.9000244140625,6951494.0,-0.005295470336143193,0.04147939309080417,0.5477671430474476,High_Volatility,2
2019-11-13,581.4717407226562,691.3499755859375,700.0,687.75,696.5,9973690.0,-0.018526651532735472,0.04102025672799038,0.5956422646155003,High_Volatility,2
2019-11-14,593.2046508789062,705.2999877929688,709.7999877929688,696.3499755859375,696.3499755859375,10539902.0,0.020177954205768067,0.041163000331058276,0.6273458693382152,High_Volatility,2
2019-11-15,592.0271606445312,703.9000244140625,712.9500122070312,702.2999877929688,709.0499877929688,7362623.0,-0.001984964603076511,0.041132064859252096,0.6424303078232854,High_Volatility,2
2019-11-18,593.1205444335938,705.2000122070312,710.0,699.2999877929688,705.0,7490916.0,0.0018468473437471822,0.04114672357476113,0.6384839234105035,High_Volatility,2
2019-11-19,599.5546875,712.8499755859375,714.0,705.0,709.9000244140625,6495885.0,0.010847951781118192,0.04126085654570961,0.6218854666007403,High_Volatility,2
2019-11-20,599.6808471679688,713.0,715.0,705.0,712.7999877929688,6142171.0,0.00021042228607170976,0.017077391736945776,0.5893581224007721,Weak_Bear,0
2019-11-21,599.89111328125,713.25,721.4500122070312,710.5,715.5,9692973.0,0.0003506300297471121,0.01658903939679182,0.5221001136670071,Weak_Bear,0
2019-11-22,583.0277099609375,693.2000122070312,712.0,685.0999755859375,711.75,14415826.0,-0.02811077368370074,0.01703351414878618,0.543153496319773,Weak_Bear,0
2019-11-25,587.14892578125,698.0999755859375,705.1500244140625,693.2000122070312,693.3499755859375,7334511.0,0.007068644851526251,0.017040362862884507,0.5758946341868293,Weak_Bear,0
2019-11-26,580.8409423828125,690.5999755859375,707.25,686.0,705.0,27253106.0,-0.010743412993635681,0.01707625171024337,0.5831076282592766,Weak_Bear,0
2019-11-27,585.1724853515625,695.75,697.6500244140625,690.0999755859375,694.25,3861635.0,0.007457365093756163,0.01710132087916914,0.6188570228101116,Normal_Market,1
2019-11-28,590.3029174804688,701.8499755859375,703.3499755859375,694.0499877929688,699.0999755859375,4837683.0,0.008767384416278556,0.016925752151530592,0.6581711635060361,Normal_Market,1
2019-11-29,585.6770629882812,696.3499755859375,702.2999877929688,691.5499877929688,700.9000244140625,4262379.0,-0.007836407978350501,0.014969272893163538,0.6597883354275378,Normal_Market,1
2019-12-02,582.6073608398438,692.7000122070312,704.0,690.2999877929688,703.0999755859375,9383736.0,-0.00524128797664547,0.01501794086473398,0.648824542791036,Normal_Market,1
2019-12-03,587.3591918945312,698.3499755859375,699.7000122070312,688.5499877929688,692.7000122070312,5239013.0,0.008156146616200788,0.013389009893008189,0.6149684319743495,Normal_Market,1
2019-12-04,596.1905517578125,708.8499755859375,710.5,693.3499755859375,697.0,7427886.0,0.015035705553182233,0.013159877817389582,0.5963597488691844,Weak_Bear,0
2019-12-05,601.2368774414062,714.8499755859375,715.9000244140625,703.7999877929688,706.4500122070312,4814422.0,0.008464283220717128,0.012223523185662112,0.5068068392564289,Weak_Bear,0
2019-12-06,601.4471435546875,715.0999755859375,720.0,709.5999755859375,715.9500122070312,5226096.0,0.00034972258218091135,0.011962146850463718,0.4974798550760985,Weak_Bear,0
2019-12-09,603.2554321289062,717.25,722.3499755859375,714.25,716.0,6435865.0,0.0030065627438702336,0.011342019942806047,0.5028495888724944,Weak_Bear,0
2019-12-10,600.9844970703125,714.5499877929688,718.5,710.0,713.0,4457939.0,-0.0037644668205962795,0.01130452962862875,0.5034985283742601,Weak_Bear,0
2019-12-11,606.451416015625,721.0499877929688,722.7000122070312,713.0,716.5999755859375,6043554.0,0.009096605606238928,0.010479330838917212,0.5140957011355977,Weak_Bear,0
2019-12-12,590.5133056640625,702.0999755859375,720.7000122070312,699.5499877929688,718.5,11112042.0,-0.026280935175773235,0.011384708925423169,0.5736910627384978,Weak_Bear,0
2019-12-13,598.2510375976562,711.2999877929688,712.9000244140625,700.3499755859375,700.3499755859375,10302412.0,0.01310339980382369,0.011751778308865389,0.592262158953459,Weak_Bear,0
2019-12-16,600.5219116210938,714.0,720.2000122070312,710.2000122070312,712.2999877929688,5616324.0,0.0037958547177059376,0.011770821474840631,0.573651286445207,Weak_Bear,0
2019-12-17,613.7267456054688,729.7000122070312,731.25,715.0,719.7000122070312,10525565.0,0.021988929510879718,0.012516980204143843,0.5456170756394958,Weak_Bear,0
2019-12-18,616.0396728515625,732.4500122070312,737.2999877929688,722.75,731.0,12215295.0,0.003768659688786924,0.012526804205809079,0.5272973436346139,Weak_Bear,0
2019-12-19,614.6939086914062,730.8499755859375,735.9500122070312,724.5999755859375,733.5,7199210.0,-0.0021845413850164475,0.012551015323797094,0.4681773852938364,Weak_Bear,0
2019-12-20,615.2826538085938,731.5499877929688,735.0,728.25,731.0,7794167.0,0.0009577858326932365,0.010478560325913648,0.4699945920985339,Weak_Bear,0
2019-12-23,619.0255126953125,736.0,737.2999877929688,731.6500244140625,732.1500244140625,4975608.0,0.0060831535938004055,0.010459474708988066,0.49482090613126656,Weak_Bear,0
2019-12-24,616.8388061523438,733.4000244140625,736.9500122070312,728.2999877929688,736.9500122070312,2890759.0,-0.0035324982543086803,0.010089453811473506,0.6203187629988427,Normal_Market,1
2019-12-26,613.0960083007812,728.9500122070312,734.5499877929688,726.5499877929688,732.0,3821806.0,-0.006067708150382045,0.010231439522701972,0.6209618520000753,Normal_Market,1
2019-12-27,619.8244018554688,736.9500122070312,737.5,728.8499755859375,729.75,3399094.0,0.010974453370419912,0.010315477607946523,0.68199074160832,Normal_Market,1
2019-12-30,616.4180908203125,732.9000244140625,737.9500122070312,727.25,736.0999755859375,5368416.0,-0.005495606537850639,0.0102047887218865,0.6959387628523368,Normal_Market,1
2019-12-31,614.9462280273438,731.1500244140625,737.75,725.4500122070312,729.7000122070312,6927885.0,-0.0023877670283979358,0.01010872554387431,0.686435030337785,Normal_Market,1
2020-01-01,619.7403564453125,736.8499755859375,740.0,732.5499877929688,735.0,2112415.0,0.007796012398266994,0.010098911053573472,0.6478631263879342,Normal_Market,1
2020-01-02,617.9320068359375,734.7000122070312,740.7999877929688,730.9000244140625,738.9000244140625,5658200.0,-0.0029179148825280166,0.009739548255845294,0.6166780668526191,Weak_Bear,0
2020-01-03,627.43603515625,746.0,748.0,733.9000244140625,733.9000244140625,7882938.0,0.015380378771730818,0.010103199438711137,0.5413173494452479,Weak_Bear,0
2020-01-06,621.4224243164062,738.8499755859375,753.7999877929688,736.5,746.0999755859375,6519403.0,-0.009584420567024354,0.010436789871899471,0.5505124834943746,Weak_Bear,0
2020-01-07,612.2127685546875,727.9000244140625,742.5999755859375,725.0999755859375,738.0,7899363.0,-0.014820282309332189,0.011060734567604672,0.5576380565793893,Weak_Bear,0
2020-01-08,604.054443359375,718.2000122070312,729.0,708.2999877929688,724.9500122070312,8639443.0,-0.013325963805970065,0.011467362376727658,0.5501886033845597,Weak_Bear,0
2020-01-09,611.9183959960938,727.5499877929688,731.5,714.2999877929688,721.7000122070312,13521186.0,0.013018615661502864,0.01165735610660574,0.542769101882793,Weak_Bear,0
2020-01-10,620.8338012695312,738.1500244140625,742.9000244140625,730.5,740.4500122070312,9341405.0,0.014569598383988414,0.010203664279577989,0.6226398622989449,Normal_Market,1
2020-01-13,650.6074829101562,773.5499877929688,777.5,755.0,760.0,36952038.0,0.04795757186503269,0.014267177026393038,0.6290030233358287,Normal_Market,1
2020-01-14,652.373779296875,775.6500244140625,776.9500122070312,767.2000122070312,769.9500122070312,11414418.0,0.0027148417949607317,0.014271229474090754,0.6430697725148204,Normal_Market,1
2020-01-15,645.5610961914062,767.5499877929688,773.8499755859375,762.1500244140625,773.8499755859375,6047430.0,-0.010442913743117344,0.013988654500884346,0.6211414411673416,Normal_Market,1
2020-01-16,645.0984497070312,767.0,772.5,760.25,770.7000122070312,5740586.0,-0.0007166579385041727,0.01400526624250935,0.618451646623722,Normal_Market,1
2020-01-17,645.8132934570312,767.8499755859375,772.9000244140625,762.25,770.7000122070312,3762957.0,0.0011081157462471403,0.013967855750102025,0.5666744096358214,Weak_Bear,0
2020-01-20,646.318115234375,768.4500122070312,774.4000244140625,762.9500122070312,771.5999755859375,3887680.0,0.0007816837814555999,0.013968976660850055,0.5724227347509668,Weak_Bear,0
2020-01-21,641.3137817382812,762.5,770.5,760.75,768.4500122070312,4448374.0,-0.007742833409951744,0.014126390710444362,0.5894581616370603,Weak_Bear,0
2020-01-22,647.7899780273438,770.2000122070312,778.0,766.0,768.4500122070312,9733935.0,0.010098327017873832,0.014181072403420071,0.5858367023302001,Weak_Bear,0
2020-01-23,659.6909790039062,784.3499755859375,785.5,776.7000122070312,777.0999755859375,12528017.0,0.018371696661321435,0.0144502793113936,0.5671484269995097,Weak_Bear,0
2020-01-24,658.3453369140625,782.75,786.5,773.5999755859375,775.75,7540490.0,-0.0020398067165865452,0.014401571468846696,0.5968348942356198,Weak_Bear,0
2020-01-27,654.434326171875,778.0999755859375,784.7999877929688,774.4000244140625,779.0499877929688,3741610.0,-0.0059406674930212455,0.014415915234080272,0.5995645579613297,Weak_Bear,0
2020-01-28,654.3502197265625,778.0,781.7999877929688,772.0,781.0,5121009.0,-0.00012851777779521179,0.014379506265621171,0.6342241334309481,Normal_Market,1
2020-01-29,664.1907348632812,789.7000122070312,792.7999877929688,784.25,786.5999755859375,6832757.0,0.015038605994249998,0.014590806744431514,0.6131019853499922,Normal_Market,1
2020-01-30,656.62109375,780.7000122070312,789.7000122070312,778.0,789.7000122070312,3859680.0,-0.011396788175371597,0.014908918054643101,0.6061579370697293,Weak_Bear,0
2020-01-31,652.6260375976562,775.9500122070312,784.9500122070312,771.5999755859375,780.5499877929688,6092028.0,-0.006084264106606341,0.014753555225755497,0.559264135008354,Weak_Bear,0
2020-02-03,645.4349365234375,767.4000244140625,790.9500122070312,764.5,782.0,6416745.0,-0.011018716171192766,0.01481654784573497,0.5462917252538468,Weak_Bear,0
2020-02-04,662.6347045898438,787.8499755859375,789.9000244140625,770.0999755859375,770.0999755859375,5771311.0,0.026648337567611202,0.015234485144475604,0.5706505227162286,Weak_Bear,0
2020-02-05,659.8593139648438,784.5499877929688,786.0,774.4000244140625,781.0,6310409.0,-0.00418841724675123,0.014816498930262894,0.5799496101967113,Weak_Bear,0
2020-02-06,648.7571411132812,771.3499755859375,786.7999877929688,770.0,784.3499755859375,7341622.0,-0.01682506045849952,0.015407648894298211,0.5703152334902422,Weak_Bear,0
2020-02-07,653.761474609375,777.2999877929688,778.8499755859375,771.0,775.9500122070312,2853344.0,0.007713723948388873,0.015212623847674796,0.6102291160835737,Weak_Bear,0
2020-02-10,650.3130493164062,773.2000122070312,778.0,769.75,774.0,3827682.0,-0.005274745341990683,0.010930957938145563,0.6386048949363977,Normal_Market,1
2020-02-11,650.6074829101562,773.5499877929688,779.0999755859375,769.2000122070312,779.0,4312817.0,0.0004527567054966042,0.010913445745956783,0.6654735295061872,Normal_Market,1
2020-02-12,656.9154052734375,781.0499877929688,783.25,775.0999755859375,775.7999877929688,2948825.0,0.009695434695995209,0.010835677526926058,0.6125280811791696,Normal_Market,1
2020-02-13,666.3355712890625,792.25,794.0,782.2000122070312,785.0,4387430.0,0.014339998636055507,0.01123125253695675,0.5801191751744873,Weak_Bear,0
2020-02-14,661.4573364257812,786.4500122070312,799.2000122070312,784.5999755859375,794.5,5321680.0,-0.007320988212957125,0.011410579939130715,0.5402355093228264,Weak_Bear,0
2020-02-17,663.9804077148438,789.4500122070312,793.4500122070312,783.2999877929688,790.2999877929688,2929629.0,0.0038144127370269842,0.011424046339222236,0.5305082380143393,Weak_Bear,0
2020-02-18,670.8771362304688,797.6500244140625,799.0499877929688,783.6500244140625,785.0,5083346.0,0.010386945812694615,0.011378701180156433,0.5087090468759649,Weak_Bear,0
2020-02-19,673.2321166992188,800.4500122070312,804.8499755859375,796.1500244140625,800.0,3985192.0,0.003510300681853984,0.011236051648765974,0.48242553112460584,Weak_Bear,0
2020-02-20,670.3304443359375,797.0,806.0999755859375,793.8499755859375,803.25,4564569.0,-0.00431006229695019,0.010623291636301357,0.5012284370106102,Weak_Bear,0
2020-02-24,669.36328125,795.8499755859375,811.5999755859375,792.1500244140625,800.0999755859375,6627536.0,-0.0014428153966594692,0.010615569625743804,0.5654266724723153,Weak_Bear,0
2020-02-25,671.5081787109375,798.4000244140625,806.0,795.4000244140625,799.0,6996695.0,0.0032043847056146824,0.010502511421199987,0.5786383172672963,Weak_Bear,0
2020-02-26,658.3453369140625,782.75,801.4500122070312,780.5,793.9500122070312,8760569.0,-0.01960190838202902,0.011501091022993473,0.6380638612999475,Normal_Market,1
2020-02-27,654.2240600585938,777.8499755859375,780.75,772.2000122070312,778.0,5223386.0,-0.006260053234047214,0.011048242028330576,0.5913373028680643,Weak_Bear,0
2020-02-28,615.4088745117188,731.7000122070312,756.7999877929688,722.0499877929688,750.0,14123957.0,-0.059330110151251,0.017056564350684682,0.5573724995596495,Weak_Bear,0
2020-03-02,623.2728271484375,741.0499877929688,765.9000244140625,733.75,737.0,9821523.0,0.012778419295558896,0.017400580439019396,0.5211515832575954,Weak_Bear,0
2020-03-03,628.2771606445312,747.0,759.0,741.25,755.0,7826587.0,0.008029121883893486,0.01741097177444176,0.5173251128925457,Weak_Bear,0
2020-03-04,638.1597290039062,758.75,761.5,745.5499877929688,753.9000244140625,11013444.0,0.015729631726922433,0.01664622594548647,0.5296730455999443,Weak_Bear,0
2020-03-05,634.6692504882812,754.5999755859375,773.5499877929688,751.75,763.75,7755293.0,-0.005469600096943195,0.016658584537692995,0.5048979248332441,Weak_Bear,0
2020-03-06,621.5065307617188,738.9500122070312,744.0,729.0999755859375,741.0,9216022.0,-0.02073949496755323,0.016865997687749698,0.5026156180759813,Weak_Bear,0
2020-03-09,592.48974609375,704.4500122070312,725.8499755859375,697.0,724.5,10308654.0,-0.046687819406186715,0.019410969715702723,0.5313053263586307,Weak_Bear,0
2020-03-11,576.9720458984375,686.0,695.9500122070312,669.0499877929688,690.6500244140625,16165009.0,-0.02619066456022201,0.019996757473607466,0.5213171059024972,High_Volatility,2
2020-03-12,530.881591796875,631.2000122070312,670.0,627.5,668.0,13965574.0,-0.07988333998017583,0.025883146960072434,0.5242736567003695,High_Volatility,2
2020-03-13,540.2594604492188,642.3499755859375,667.0,570.0,592.0,16903113.0,0.017664708660555473,0.026257500938221903,0.6623020391247465,High_Volatility,2
2020-03-16,490.4683837890625,583.1500244140625,622.1500244140625,580.0,622.0,19140152.0,-0.09216141558864255,0.031473265152605984,0.7075403887602085,High_Volatility,2
2020-03-17,466.7503051757813,554.9500122070312,592.0,550.0,588.0999755859375,16059887.0,-0.04835801735078138,0.03229292079593085,0.7134657006938016,High_Volatility,2
2020-03-18,449.3821105957031,534.2999877929688,578.0,528.0,568.0,15390183.0,-0.037210890678554986,0.032219738223762194,0.7470441124742863,High_Volatility,2
2020-03-19,458.84417724609375,545.5499877929688,558.0,509.25,509.25,16583991.0,0.02105572613437512,0.03281157902658329,0.7718485736050097,High_Volatility,2
2020-03-20,492.1925354003906,585.2000122070312,617.4500122070312,548.0,549.5,21354894.0,0.07267904837421746,0.03839916480091233,0.7654144567963101,High_Volatility,2
2020-03-23,442.7798461914063,526.4500122070312,560.9500122070312,515.9000244140625,540.0,17146150.0,-0.1003930081320471,0.0427754819544176,0.7499766490015549,High_Volatility,2
2020-03-24,496.0613403320313,589.7999877929688,601.1500244140625,522.0,522.0,20027097.0,0.12033405449441426,0.05295610540202748,0.7270815281242429,High_Volatility,2
2020-03-25,509.8548583984375,606.2000122070312,635.0,565.7000122070312,597.0,18339548.0,0.027806073452879332,0.05364675971229259,0.7346809223607349,High_Volatility,2
2020-03-26,540.80615234375,643.0,650.8499755859375,612.0999755859375,615.0,14843813.0,0.06070608808659217,0.056025044589355026,0.7528862070332156,High_Volatility,2
2020-03-27,548.9644775390625,652.7000122070312,674.9000244140625,642.25,665.0499877929688,13495283.0,0.015085488876108277,0.05626863889482753,0.7543466674479797,High_Volatility,2
2020-03-30,527.0968627929688,626.7000122070312,663.5,621.0999755859375,625.0999755859375,14624804.0,-0.039834298284878944,0.05548189055500762,0.7244757008192864,High_Volatility,2
2020-03-31,539.5444946289062,641.5,662.0,633.7000122070312,650.0,15175521.0,0.02361545422596567,0.055729903711676486,0.6748503704015645,High_Volatility,2
2020-04-01,506.995361328125,602.7999877929688,637.5,594.0,634.3499755859375,13083824.0,-0.06032706037185731,0.056926126806903565,0.6590640225274675,High_Volatility,2
2020-04-03,492.613037109375,585.7000122070312,606.0,582.1500244140625,603.5,10221655.0,-0.02836776293391341,0.05676639420019742,0.6556070823892594,High_Volatility,2
2020-04-07,537.4418334960938,639.0,644.25,612.9000244140625,615.0,15145605.0,0.09100205031066899,0.061215302607796854,0.6450393126845353,High_Volatility,2
2020-04-08,531.2179565429688,631.5999755859375,655.6500244140625,626.3499755859375,630.0,11806896.0,-0.011580559169795723,0.061137461418099656,0.6449198004555186,High_Volatility,2
2020-04-09,535.1290283203125,636.25,652.7999877929688,632.0999755859375,646.7999877929688,11931114.0,0.007362461545532106,0.06043728115213147,0.6670615526105033,High_Volatility,2
2020-04-13,536.0962524414062,637.4000244140625,651.7000122070312,626.0499877929688,629.0,8330276.0,0.001807459640396747,0.060204183807008316,0.6509312680788342,High_Volatility,2
2020-04-15,537.4840087890625,639.0499877929688,653.2999877929688,635.5999755859375,651.4000244140625,11963447.0,0.002588632808635305,0.05734164691728106,0.6629451981592208,High_Volatility,2
2020-04-16,524.69970703125,623.8499755859375,634.9000244140625,603.5,619.9500122070312,17783287.0,-0.023785455099613495,0.05750113339993321,0.6840567424819489,High_Volatility,2
2020-04-17,528.8209838867188,628.75,646.0,626.0,644.0,8878320.0,0.007854543847159556,0.053246591340476074,0.6763008502387188,High_Volatility,2
2020-04-20,549.468994140625,653.2999877929688,661.0,639.0,640.0,13322913.0,0.03904536862767416,0.052204557807970516,0.652413778835673,High_Volatility,2
2020-04-21,532.5637817382812,633.2000122070312,646.5,627.7999877929688,627.7999877929688,11660575.0,-0.030766453762843704,0.05192036584601078,0.6270932801346281,High_Volatility,2
2020-04-22,539.8389892578125,641.8499755859375,645.0,628.0499877929688,633.2000122070312,8266728.0,0.013660725285871145,0.05186224668655854,0.6294244617988759,High_Volatility,2
2020-04-23,571.3368530273438,679.2999877929688,683.6500244140625,638.0999755859375,647.0499877929688,14451289.0,0.05834677449443859,0.05103463448917727,0.6279554824760427,High_Volatility,2
2020-04-24,553.4221801757812,658.0,675.0,654.7999877929688,668.5499877929688,7319940.0,-0.03135571030756723,0.04527686985014809,0.6465578979198114,High_Volatility,2
2020-04-27,558.9732055664062,664.5999755859375,681.0,661.0499877929688,661.0499877929688,7183306.0,0.010030363056395375,0.037447819530746246,0.6845125508737407,High_Volatility,2
2020-04-28,555.6930541992188,660.7000122070312,677.0,653.0499877929688,673.0,7296571.0,-0.0058681728113670895,0.03720251526708599,0.7084338389533731,High_Volatility,2
2020-04-29,569.02392578125,676.5499877929688,682.0,658.0,666.0,8639056.0,0.02398963147243527,0.035156555527769695,0.7254302999850832,High_Volatility,2
2020-04-30,601.7835693359375,715.5,720.0,698.0999755859375,700.0,16253821.0,0.05757164518119273,0.03714466735621795,0.6998736571314632,High_Volatility,2
2020-05-04,566.626953125,673.7000122070312,701.2000122070312,670.3499755859375,689.7999877929688,9122740.0,-0.05842069807544348,0.038538341684551454,0.6604565457436231,High_Volatility,2
2020-05-05,566.626953125,673.7000122070312,685.5999755859375,670.0,681.75,6393053.0,0.0,0.03827692916861704,0.6174053504023396,High_Volatility,2
2020-05-06,560.066650390625,665.9000244140625,681.4500122070312,664.0499877929688,676.9000244140625,7934250.0,-0.011577816230227578,0.03547209748556553,0.5801964862818425,High_Volatility,2
2020-05-07,559.2677001953125,664.9500122070312,674.3499755859375,662.4500122070312,665.5499877929688,4779548.0,-0.0014265269941626801,0.03461642693240471,0.5904967617782237,High_Volatility,2
2020-05-08,567.0474853515625,674.2000122070312,680.9000244140625,668.5,672.25,8400321.0,0.013910664165895925,0.028516081072139852,0.5402261981713499,High_Volatility,2
2020-05-11,574.36474609375,682.9000244140625,698.5499877929688,678.0,682.5,7370186.0,0.012904141066159447,0.028379291248339756,0.5607141387761642,High_Volatility,2
2020-05-12,578.3599243164062,687.6500244140625,691.0,675.5,678.5,7356039.0,0.006955820756457287,0.028377122444686428,0.5852839867099687,High_Volatility,2
2020-05-13,583.8267822265625,694.1500244140625,699.9000244140625,683.75,694.7999877929688,8287101.0,0.009452345642063209,0.02839364386815148,0.6157809901700878,High_Volatility,2
2020-05-14,553.5484008789062,658.1500244140625,671.75,652.5999755859375,659.0,16888262.0,-0.051861925950334786,0.03108518397769792,0.6413693706725604,High_Volatility,2
2020-05-15,548.6281127929688,652.2999877929688,664.7999877929688,646.7000122070312,664.7999877929688,9255353.0,-0.008888632101773264,0.03061136589169276,0.6183330308945948,High_Volatility,2
2020-05-18,558.384521484375,663.9000244140625,670.5499877929688,653.0,659.8499755859375,10435442.0,0.017783282452913607,0.030779783656919295,0.6141262825619883,High_Volatility,2
2020-05-19,562.33740234375,668.5999755859375,674.7999877929688,655.0,664.0,5902208.0,0.007079137596555984,0.02962744549113849,0.6049137047229767,High_Volatility,2
2020-05-20,563.1365356445312,669.5499877929688,673.0,659.6500244140625,668.5,5794636.0,0.0014210922080775124,0.028635749921780387,0.6417325088366296,High_Volatility,2
2020-05-21,565.3652954101562,672.2000122070312,679.4500122070312,665.4000244140625,666.5,7213225.0,0.003957760906196706,0.02853093632112191,0.6677108427269571,High_Volatility,2
2020-05-22,582.312744140625,692.3499755859375,695.8499755859375,673.5,675.0,11867731.0,0.02997610371215642,0.02623121764727015,0.6912902788268732,High_Volatility,2
2020-05-26,572.3882446289062,680.5499877929688,699.4500122070312,679.0,693.0,7099606.0,-0.017043246282314017,0.02547839303151467,0.767499465050702,Normal_Market,1
2020-05-27,593.330810546875,705.4500122070312,709.2000122070312,675.0,686.0499877929688,8774636.0,0.036588043368267265,0.026587045083799606,0.7902868993146343,High_Volatility,2
2020-05-28,594.9708862304688,707.4000244140625,710.0,690.0,707.0,9440091.0,0.0027641842534387173,0.02649987118177531,0.7567783748873604,High_Volatility,2
2020-05-29,589.088623046875,691.0,700.7999877929688,674.9500122070312,692.5,28290128.0,-0.009886640371366329,0.026219732247039478,0.7325254991121696,High_Volatility,2
2020-06-01,596.3775024414062,699.5499877929688,706.6500244140625,691.5,698.75,12276438.0,0.01237314575323456,0.02292430485068949,0.7012215230283967,Normal_Market,1
2020-06-02,603.6665649414062,708.0999755859375,711.6500244140625,697.5499877929688,700.5,7059304.0,0.01222222915881388,0.01849561358449393,0.6466462738420129,Normal_Market,1
2020-06-03,598.08251953125,701.5499877929688,711.9000244140625,696.0,710.7000122070312,11378568.0,-0.00925021482794608,0.018697954750190923,0.6117421252623886,Weak_Bear,0
2020-06-04,603.3681030273438,707.75,709.4500122070312,697.5,702.0,10782424.0,0.008837548872413725,0.01842278554602396,0.5859453100946762,Weak_Bear,0
2020-06-05,599.7876586914062,703.5499877929688,711.7000122070312,700.5999755859375,707.0,7718679.0,-0.005934096147895418,0.018518616249048915,0.6280108468515521,Normal_Market,1
2020-06-08,614.5360717773438,720.8499755859375,725.7999877929688,704.0,707.6500244140625,10719105.0,0.024589390715565873,0.01897773442372207,0.6539206608929545,Normal_Market,1
2020-06-09,611.7655029296875,717.5999755859375,729.5999755859375,715.0499877929688,720.0,10078029.0,-0.0045083909226733,0.018956899298369204,0.7327864117381797,Normal_Market,1
2020-06-10,610.2734985351562,715.8499755859375,719.4500122070312,709.2000122070312,715.0,7263049.0,-0.0024388501597200074,0.018978744289330794,0.7303355866980258,Normal_Market,1
2020-06-11,600.128662109375,703.9500122070312,713.4000244140625,700.25,712.0,8825715.0,-0.016623426136202823,0.019393289237342598,0.7256237089506749,Normal_Market,1
2020-06-12,589.983642578125,692.0499877929688,695.1500244140625,675.5,675.7999877929688,9795316.0,-0.016904740886048653,0.015512287155643414,0.7144177300115105,Normal_Market,1
2020-06-15,586.1472778320312,687.5499877929688,704.4000244140625,685.25,693.0,7857344.0,-0.006502493406985832,0.01542247901239899,0.703077383650986,Normal_Market,1
2020-06-16,597.7843627929688,701.2000122070312,712.0,699.1500244140625,702.0,10131760.0,0.019853517027289325,0.015530489468211664,0.6865923376718406,Normal_Market,1
2020-06-17,599.8728637695312,703.6500244140625,710.2999877929688,698.0,699.9000244140625,7291916.0,0.0034937363814679934,0.01550802407738706,0.659054437206857,Normal_Market,1
2020-06-18,608.6112060546875,713.9000244140625,716.5999755859375,706.0,708.2000122070312,6670195.0,0.014566990462354878,0.015699408365243965,0.6497679583946386,Normal_Market,1
2020-06-19,601.49267578125,705.5499877929688,711.9000244140625,701.0,709.0,22438862.0,-0.011696350975170633,0.01608739698440328,0.6757719244434813,Normal_Market,1
2020-06-22,599.91552734375,703.7000122070312,708.7000122070312,700.0,707.0999755859375,7804096.0,-0.0026220575927238254,0.01483708053454735,0.6553083563046317,Normal_Market,1
2020-06-23,614.3656005859375,720.6500244140625,724.5,692.0999755859375,695.7000122070312,12157390.0,0.024086846536825357,0.014967762319125706,0.7005050327057877,Normal_Market,1
2020-06-24,608.8243408203125,714.1500244140625,726.7999877929688,709.4000244140625,716.9000244140625,10220838.0,-0.009019482471577467,0.013034935267298238,0.6845890309887078,Normal_Market,1
2020-06-25,597.1874389648438,700.5,705.5999755859375,693.5,704.8499755859375,14945284.0,-0.019113726366113304,0.01380692085750916,0.6617597997961233,Normal_Market,1
2020-06-26,637.8524169921875,748.2000122070312,751.5999755859375,710.0,710.2000122070312,26030458.0,0.06809416168871851,0.020279547441464953,0.6440172793047498,Normal_Market,1
2020-06-29,623.8285522460938,731.75,744.7000122070312,730.0999755859375,735.4000244140625,8954428.0,-0.021986065071641026,0.02099137372534708,0.6255905507059785,Normal_Market,1
2020-06-30,627.4091186523438,735.9500122070312,738.9500122070312,724.25,732.7999877929688,10411290.0,0.005739664196770411,0.02088242220004435,0.6220306336957176,Normal_Market,1
2020-07-01,623.95654296875,731.9000244140625,742.2999877929688,729.75,737.25,5477468.0,-0.005502909634163111,0.020791524422444512,0.6264978878129523,Normal_Market,1
2020-07-02,645.0135498046875,756.5999755859375,765.4500122070312,735.4000244140625,737.3499755859375,17263756.0,0.03374755353273384,0.021918060862685305,0.630425240337558,Normal_Market,1
2020-07-03,650.2138061523438,762.7000122070312,764.0,752.5,755.0,7796572.0,0.008062243574930905,0.02182200358820032,0.6241486405451813,Normal_Market,1
2020-07-06,651.3222045898438,764.0,775.0,761.5,765.2000122070312,8810958.0,0.0017046676447227682,0.021293836039118726,0.62252016751994,Normal_Market,1
2020-07-07,677.0255737304688,794.1500244140625,796.9500122070312,765.5499877929688,769.4000244140625,19362533.0,0.03946336998722644,0.022688924031693217,0.6665813749748545,Normal_Market,1
2020-07-08,660.4440307617188,774.7000122070312,784.9000244140625,772.2000122070312,784.9000244140625,8476642.0,-0.024491752767010433,0.023603287418800155,0.6664334333390444,Normal_Market,1
2020-07-09,666.4118041992188,781.7000122070312,790.0,775.0,780.0,6854166.0,0.009036001779919367,0.02310290760934041,0.6673805317841924,Normal_Market,1
2020-07-10,666.5394897460938,781.8499755859375,789.9000244140625,773.5,773.5,5206452.0,0.00019160156838515796,0.022539695054688672,0.6646546126060797,Normal_Market,1
2020-07-13,679.4978637695312,797.0499877929688,805.3499755859375,786.0499877929688,788.0,10804688.0,0.019441269756385715,0.022507292708495996,0.6686091849839233,Normal_Market,1
2020-07-14,667.733154296875,783.25,806.4000244140625,781.3499755859375,792.9500122070312,8961822.0,-0.017313828490042926,0.02297637890093004,0.6585998477689436,Normal_Market,1
2020-07-15,708.398193359375,830.9500122070312,848.4500122070312,794.7999877929688,799.0,30060599.0,0.060900134733193445,0.026053563049184585,0.65839300078706,High_Volatility,2
2020-07-16,776.6420288085938,911.0,955.5,894.25,900.0999755859375,90432109.0,0.0963354171269013,0.03261742751647712,0.6919425697766468,High_Volatility,2
2020-07-17,769.9498291015625,903.1500244140624,919.9000244140624,892.1500244140625,911.0,31682878.0,-0.008616839494634876,0.03250300478706844,0.6967164335758945,High_Volatility,2
2020-07-20,796.5056762695312,934.2999877929688,945.0,906.75,908.5,18421053.0,0.03449036049395082,0.032628933049723204,0.7097999643661965,High_Volatility,2
2020-07-21,798.5942993164062,936.75,949.7000122070312,929.2000122070312,945.0,12877784.0,0.0026222324700273525,0.03265908556294944,0.7313656751777299,High_Volatility,2
2020-07-22,782.5243530273438,917.9000244140624,939.0,910.0,938.9500122070312,14354201.0,-0.020122791137901053,0.03315601391884982,0.7251339903502462,High_Volatility,2
2020-07-23,774.0419311523438,907.9500122070312,915.7999877929688,900.6500244140625,915.6500244140624,13051307.0,-0.010839818393107103,0.03278198199124579,0.7257416976323224,High_Volatility,2
2020-07-24,786.7443237304688,922.8499755859376,925.75,903.25,903.25,18209580.0,0.01641047088910863,0.030190474955834483,0.7244695599141383,High_Volatility,2
2020-07-27,808.56884765625,948.4500122070312,952.7999877929688,918.6500244140624,921.5499877929688,16827870.0,0.027740300460379563,0.029370570232630268,0.747754518202054,High_Volatility,2
2020-07-28,820.844970703125,962.8499755859376,967.5499877929688,941.2000122070312,946.0,15818463.0,0.015182532795394055,0.02931595041619839,0.7499565779069628,High_Volatility,2
2020-07-29,813.4281005859375,954.1500244140624,960.0,943.5999755859376,953.25,11152710.0,-0.00903565275040219,0.02944949002841033,0.7503899504498022,High_Volatility,2
2020-07-30,819.6514282226562,961.4500122070312,972.6500244140624,958.75,962.0,12492320.0,0.007650740897979569,0.029092576340661754,0.7258307541714795,High_Volatility,2
2020-07-31,823.5303955078125,966.0,986.4500122070312,953.2999877929688,969.25,12704346.0,0.004732459618312923,0.029128456486919342,0.7370204199915966,High_Volatility,2
2020-08-03,815.7724609375,956.9000244140624,965.4000244140624,947.4500122070312,960.0,8479792.0,-0.009420337868074391,0.02944541673430831,0.7351478356242256,High_Volatility,2
2020-08-04,809.7622680664062,949.8499755859376,970.7000122070312,940.5499877929688,960.4500122070312,11133170.0,-0.00736748684086086,0.0289812945370771,0.7436293249181748,High_Volatility,2
2020-08-05,805.371826171875,944.7000122070312,960.9500122070312,938.2999877929688,952.0,9614176.0,-0.005421889939395408,0.028108954885515746,0.7709465282552993,High_Volatility,2
2020-08-06,827.6650390625,970.8499755859376,974.4000244140624,942.5,953.5,10976491.0,0.027680646586049518,0.02837173581254337,0.7994534992460479,High_Volatility,2
2020-08-07,810.6575317382812,950.9000244140624,969.4500122070312,949.0,969.4500122070312,8010948.0,-0.020548780631695185,0.029165602800126256,0.8143656718675689,High_Volatility,2
2020-08-10,811.0411376953125,951.3499755859376,956.7999877929688,945.2999877929688,948.9000244140624,5716319.0,0.0004732034700383192,0.029158534226830294,0.8225088990648565,High_Volatility,2
2020-08-11,808.56884765625,948.4500122070312,962.0,946.0999755859376,949.9000244140624,6802442.0,-0.0030482917871316184,0.02864378352810355,0.8463894612042884,High_Volatility,2
2020-08-12,814.110107421875,954.9500122070312,958.7999877929688,942.2000122070312,948.0,6908726.0,0.0068531699949696545,0.026016984540672482,0.8590548408618004,Normal_Market,1
2020-08-13,810.9131469726562,951.2000122070312,968.5,948.25,954.7999877929688,5097703.0,-0.003926938653719514,0.015482397046590884,0.8542513554199017,Normal_Market,1
2020-08-14,812.959228515625,953.5999755859376,963.0,952.0499877929688,955.8499755859376,4663873.0,0.0025231821072420058,0.01526886465524243,0.8557055832318119,Normal_Market,1
2020-08-17,816.2840576171875,957.5,972.4500122070312,954.0999755859376,954.0999755859376,9008210.0,0.004089785791143941,0.013343060970616258,0.8618792386672827,Normal_Market,1
2020-08-18,824.8518676757812,967.5499877929688,969.2000122070312,958.7000122070312,963.9000244140624,6141761.0,0.010496113428460241,0.013499025342178212,0.7826805377016672,Normal_Market,1
2020-08-19,817.8185424804688,959.2999877929688,971.5499877929688,957.4500122070312,970.9000244140624,6622744.0,-0.008526773680140431,0.012739831130723805,0.7901366629909043,Normal_Market,1
2020-08-20,814.2807006835938,955.1500244140624,965.5,951.2999877929688,958.9000244140624,5656501.0,-0.004325949600194501,0.01246698189022811,0.7812637733618033,Normal_Market,1
2020-08-21,808.8670654296875,948.7999877929688,963.4500122070312,946.5499877929688,963.0499877929688,6513773.0,-0.00664836493037535,0.012186684196055989,0.8016318367473483,Normal_Market,1
2020-08-24,807.6737670898438,947.4000244140624,952.0,939.2000122070312,947.0,5798574.0,-0.001475271266249245,0.010505470009807998,0.8055526310110043,Normal_Market,1
2020-08-25,799.7451782226562,938.0999755859376,948.6500244140624,933.5999755859376,947.5,6233918.0,-0.009816573461033928,0.01008224441577441,0.815639093445613,Normal_Market,1
2020-08-26,810.5722045898438,950.7999877929688,954.25,938.4000244140624,941.25,5153601.0,0.013538095210838819,0.010422941041618948,0.8503685000238379,Normal_Market,1
2020-08-27,807.3751831054688,947.0499877929688,960.9500122070312,945.2000122070312,960.0,6154280.0,-0.003944153853625787,0.010289316024349182,0.8689643376676117,Normal_Market,1
2020-08-28,797.3155517578125,935.25,952.5,933.0499877929688,951.4500122070312,7593610.0,-0.012459673715710662,0.010526621925419874,0.8151001268993079,Normal_Market,1
2020-08-31,791.6463623046875,928.5999755859376,950.5,914.5999755859376,935.25,12808355.0,-0.007110346011220181,0.010448263172774388,0.7655625803753964,Normal_Market,1
2020-09-01,779.3274536132812,914.1500244140624,935.0,912.0999755859376,926.25,6907773.0,-0.015561125873859494,0.010845653785078341,0.753571005228468,Normal_Market,1
2020-09-02,787.7247314453125,924.0,926.4000244140624,913.5,915.0,5678118.0,0.010775031462189721,0.011165527237723901,0.7683738723493064,Normal_Market,1
2020-09-03,797.5712890625,935.5499877929688,949.4000244140624,924.0,926.5,8827948.0,0.012499998062928785,0.009501791814967126,0.7739182779916601,Normal_Market,1
2020-09-04,783.5900268554688,919.1500244140624,929.5,914.4500122070312,915.0,8650342.0,-0.017529796268701436,0.009207817846158746,0.7913560144007267,Normal_Market,1
2020-09-07,788.619873046875,925.0499877929688,927.5499877929688,913.0499877929688,918.9000244140624,6700385.0,0.006418976785081076,0.009374661241005326,0.8053107070856058,Normal_Market,1
2020-09-08,800.7682495117188,939.2999877929688,952.0,925.5499877929688,929.9500122070312,12891964.0,0.015404603510570825,0.01008108809053676,0.8071460471212505,Normal_Market,1
2020-09-09,790.9216918945312,927.75,946.0,926.0,935.0,5528947.0,-0.012296388653260881,0.010260112941663218,0.8416009060131738,Normal_Market,1
2020-09-10,801.4075927734375,940.0499877929688,942.0,924.7999877929688,935.2999877929688,5171884.0,0.013257824366643467,0.010744925841534216,0.8177922328808092,Normal_Market,1
2020-09-11,806.2244262695312,945.7000122070312,954.1500244140624,931.0,934.9000244140624,6671903.0,0.006010466508589163,0.010825152450237453,0.8057388360433846,Normal_Market,1
2020-09-14,834.1016845703125,978.4000244140624,991.0499877929688,948.2999877929688,957.0,21871587.0,0.03457754118139489,0.013339417948686316,0.7586985886625592,Normal_Market,1
2020-09-15,837.5543212890625,982.4500122070312,994.0,971.6500244140624,979.5,11608203.0,0.004139347495178081,0.013180144500348918,0.7862585713634775,Normal_Market,1
2020-09-16,854.0078735351562,1001.75,1005.6500244140624,982.0,986.0,10059251.0,0.019644758349250058,0.013623604909128928,0.8499880318153292,Normal_Market,1
2020-09-17,861.8936767578125,1011.0,1021.0,995.0,995.0,15628241.0,0.00923387648642282,0.013616269942536034,0.8483530950423412,Normal_Market,1
2020-09-18,854.3487548828125,1002.1500244140624,1018.7999877929688,999.0999755859376,1011.0,12897633.0,-0.008753889346748367,0.013702117115546445,0.8920319587596526,Normal_Market,1
2020-09-21,860.9558715820312,1009.9000244140624,1031.0,1000.5,1001.0,14140637.0,0.007733512411011834,0.013704636649287389,0.9267619279333675,Normal_Market,1
2020-09-22,858.9098510742188,1007.5,1022.5,991.2000122070312,1009.0,12625762.0,-0.0023764522379676745,0.013428389213388783,0.9120200529534002,Normal_Market,1
2020-09-23,869.3531494140625,1019.75,1037.0,1008.0999755859376,1020.1500244140624,13486204.0,0.012158782818455949,0.013378436742885151,0.9449716457115558,Normal_Market,1
2020-09-24,831.5440673828125,975.4000244140624,1009.0,970.0,1003.0,14427432.0,-0.043491050853997626,0.016986718314286036,0.9573634328126691,Normal_Market,1
2020-09-25,862.2772216796875,1011.4500122070312,1014.9000244140624,975.0,975.7999877929688,13311078.0,0.03695914083495788,0.018369802014284113,0.9590543053046549,Normal_Market,1
2020-09-28,861.3821411132812,1010.4000244140624,1016.1500244140624,998.5,1014.7999877929688,8554526.0,-0.0010380426896383632,0.01822463947581497,0.9131268565839454,Normal_Market,1
2020-09-29,860.1886596679688,1009.0,1028.0,1004.0999755859376,1018.0,8708463.0,-0.0013855423607576078,0.017675318684396625,0.9059818441700894,Normal_Market,1
2020-09-30,859.54931640625,1008.25,1023.9500122070312,1005.0,1009.0,8048817.0,-0.0007432593472757043,0.01766822760237819,0.9118015085975538,Normal_Market,1
2020-10-01,867.5629272460938,1017.6500244140624,1026.5,1011.75,1020.5999755859376,5563358.0,0.009323037883792962,0.01760689304256241,0.9293711131374716,Normal_Market,1
2020-10-05,894.0335083007812,1048.699951171875,1054.9000244140625,1018.0499877929688,1018.0499877929688,14212509.0,0.030511424846971114,0.017739576514834942,0.9702565465265351,Normal_Market,1
2020-10-06,900.0437622070312,1055.75,1060.0,1031.3499755859375,1055.0,9090819.0,0.0067226271168217,0.017739395232236867,0.9436302265904024,Normal_Market,1
2020-10-07,909.2509155273438,1066.550048828125,1072.0,1035.5,1044.9000244140625,9284008.0,0.010229672941385992,0.01764445672316467,0.9377187631614273,Normal_Market,1
2020-10-08,932.396728515625,1093.699951171875,1124.0,1088.4000244140625,1090.0,21482613.0,0.02545591386603907,0.017544522462053628,0.9325915511237896,Normal_Market,1
2020-10-09,943.5646362304688,1106.800048828125,1113.300048828125,1088.449951171875,1095.0999755859375,10567867.0,0.011977635027337508,0.017528226700698576,0.9552777402674915,Normal_Market,1
2020-10-12,965.13330078125,1132.0999755859375,1140.0,1112.0999755859375,1123.0,14633537.0,0.022858703815933357,0.017812706848360102,0.9456579836187409,Normal_Market,1
2020-10-13,987.04296875,1157.800048828125,1166.050048828125,1135.550048828125,1135.550048828125,17523825.0,0.022701183298736716,0.017105641526789922,0.8996523164555842,Normal_Market,1
2020-10-14,969.3106689453124,1137.0,1164.9000244140625,1131.0999755859375,1162.0,16649573.0,-0.01796507382768142,0.01809408963216059,0.8861069300721282,Normal_Market,1
2020-10-15,944.8008422851562,1108.25,1186.0,1092.5,1180.0,44288251.0,-0.02528583192716205,0.019257139807806925,0.9023793375348483,Normal_Market,1
2020-10-16,961.211669921875,1127.5,1135.949951171875,1096.9000244140625,1113.8499755859375,18365685.0,0.01736961579863383,0.01943106140932182,0.9282734400727607,Normal_Market,1
2020-10-19,959.847900390625,1125.9000244140625,1139.0,1115.300048828125,1135.0,12902123.0,-0.0014188025113769376,0.01921292103892554,0.9462850288489532,Normal_Market,1
2020-10-20,969.737060546875,1137.5,1144.699951171875,1110.0,1118.9000244140625,10448776.0,0.010302840848248396,0.019233596298137975,0.940118321347676,Normal_Market,1
2020-10-21,978.9864501953124,1148.3499755859375,1154.3499755859375,1135.0,1141.1500244140625,19811433.0,0.009538038737244126,0.019140110816428843,0.9516043015703942,Normal_Market,1
2020-10-22,962.5331420898438,1129.050048828125,1158.0,1123.800048828125,1142.0,11271335.0,-0.01680647173634131,0.01979314319357884,0.9409354175700392,Normal_Market,1
2020-10-23,967.2293090820312,1122.5,1135.0,1120.1500244140625,1133.0,9069862.0,0.004878966538223617,0.01613613254895823,0.9607054621351955,Normal_Market,1
2020-10-26,958.5693969726562,1112.449951171875,1129.5999755859375,1103.1500244140625,1122.25,6309368.0,-0.008953318544072886,0.014980358451786873,0.9382750063305988,Normal_Market,1
2020-10-27,939.9574584960938,1090.8499755859375,1109.699951171875,1077.1500244140625,1105.699951171875,10172479.0,-0.019416370411305173,0.01593048989917381,0.9083226984520909,Normal_Market,1
2020-10-28,927.635498046875,1076.550048828125,1104.75,1070.050048828125,1095.5,7608392.0,-0.013109061838749159,0.01636793070550416,0.9150246971812637,Normal_Market,1
2020-10-29,926.1704711914062,1074.8499755859375,1082.0,1060.0999755859375,1070.0,6935616.0,-0.0015793130583654502,0.01638149848042593,0.911107397745228,Normal_Market,1
2020-10-30,913.8916625976562,1060.5999755859375,1083.5999755859375,1052.3499755859375,1072.0,8800386.0,-0.013257611828149551,0.016759436778638344,0.908071915748463,Normal_Market,1
2020-11-02,923.9733276367188,1072.300048828125,1079.949951171875,1051.0999755859375,1065.0,7183119.0,0.011031575679776084,0.015585304400291341,0.899717196328382,Normal_Market,1
2020-11-03,915.5718383789062,1062.550048828125,1079.4000244140625,1057.5,1072.0,7204782.0,-0.00909278331583585,0.015721088610786315,0.8585409535103115,Normal_Market,1
2020-11-04,942.6286010742188,1093.949951171875,1116.0,1066.800048828125,1068.0,15702690.0,0.02955176378428015,0.016871485524607936,0.8862583585037258,Normal_Market,1
2020-11-05,951.288330078125,1104.0,1123.0,1099.0,1109.9000244140625,9568890.0,0.009186787875985925,0.016050163175219484,0.8903109003375237,Normal_Market,1
2020-11-06,958.8280029296876,1112.75,1121.0999755859375,1091.699951171875,1108.0,8807127.0,0.00792574933715784,0.015931104449069842,0.9013261474845377,Normal_Market,1
2020-11-09,979.3358764648438,1136.550048828125,1146.0,1121.1500244140625,1129.300048828125,10160320.0,0.021388479969811636,0.015827614887017588,0.8484562328815503,Normal_Market,1
2020-11-10,940.1298217773438,1091.050048828125,1113.8499755859375,1078.0,1113.8499755859375,15622869.0,-0.04003330790762405,0.017406719579308567,0.8131748338928554,Normal_Market,1
2020-11-11,967.2293090820312,1122.5,1126.3499755859375,1087.0,1096.0,12514800.0,0.028825260806486286,0.018309628130339553,0.8078098007785326,Normal_Market,1
2020-11-12,963.1361083984376,1117.75,1142.0,1113.75,1128.0999755859375,9180976.0,-0.004231882393512687,0.0173565952556386,0.8315891006190401,Normal_Market,1
2020-11-13,968.69384765625,1124.199951171875,1133.0,1117.0,1120.0,6363212.0,0.0057704609030329035,0.016974095647391725,0.8011803906131185,Normal_Market,1
2020-11-14,976.6646728515624,1133.449951171875,1139.6500244140625,1131.0999755859375,1137.0,1136144.0,0.008228425538778561,0.01705284127991301,0.8303220767298752,Normal_Market,1
2020-11-17,968.2631225585938,1123.699951171875,1145.0,1112.6500244140625,1144.75,12813968.0,-0.008602287485671711,0.017034422781814322,0.8428340117236568,Normal_Market,1
2020-11-18,956.9323120117188,1110.550048828125,1132.699951171875,1101.449951171875,1128.5,9839468.0,-0.01170220189418536,0.01707461945556267,0.8876621595519839,Normal_Market,1
2020-11-19,945.0411376953124,1096.75,1114.699951171875,1093.800048828125,1100.0,10092343.0,-0.012426348412677202,0.016888280464724965,0.8749657563769441,Normal_Market,1
2020-11-20,950.7279663085938,1103.3499755859375,1109.0,1091.0999755859375,1106.0,8063554.0,0.006017546100850035,0.016910268095344627,0.8895712298556286,Normal_Market,1
2020-11-23,982.17919921875,1139.8499755859375,1144.800048828125,1101.949951171875,1105.0,10546363.0,0.03308121147658305,0.01838177752994013,0.8245805124283433,Normal_Market,1
2020-11-24,982.3516235351562,1140.050048828125,1154.9000244140625,1133.3499755859375,1145.0,8515426.0,0.00017555280802472595,0.01772562919739518,0.7568025482566366,Normal_Market,1
2020-11-25,961.3267211914062,1115.6500244140625,1143.5,1111.25,1137.0,8958701.0,-0.02140262390781056,0.018197236382887175,0.7656535277157627,Normal_Market,1
2020-11-26,959.2157592773438,1113.199951171875,1119.949951171875,1098.300048828125,1119.949951171875,10962256.0,-0.002195883946143007,0.018204038228441796,0.746065464023878,Normal_Market,1
2020-11-27,947.841552734375,1100.0,1121.0,1091.0,1118.0,25306145.0,-0.011857818674223863,0.018145241883493354,0.7416767621977298,Normal_Market,1
2020-12-01,980.4559326171876,1137.8499755859375,1140.25,1105.050048828125,1105.050048828125,8933802.0,0.034409105391850714,0.0194639323509344,0.7674977898822005,Normal_Market,1
2020-12-02,983.0841674804688,1140.9000244140625,1147.449951171875,1121.0,1134.0,6741637.0,0.0026806251824755822,0.019251021296189885,0.7658523526966445,Normal_Market,1
2020-12-03,970.6328735351562,1126.449951171875,1147.0,1122.699951171875,1147.0,16212632.0,-0.012665542134834396,0.018574411018248502,0.6843002499104879,Normal_Market,1
2020-12-04,977.6986694335938,1134.6500244140625,1137.0,1115.0,1125.0,10564055.0,0.007279576131295817,0.01853842591313562,0.5916657796881771,Weak_Bear,0
2020-12-07,985.3245239257812,1143.5,1153.0,1136.0,1147.300048828125,7792141.0,0.007799800419699299,0.018536161348557737,0.6606690925483737,Normal_Market,1
2020-12-08,993.8118896484376,1153.3499755859375,1167.0,1145.0,1145.0,12308330.0,0.008613777000942457,0.018028892421855264,0.6362692366750828,Normal_Market,1
2020-12-09,1012.6393432617188,1175.199951171875,1179.5,1157.0,1168.050048828125,10039346.0,0.01894468541721861,0.015649664906171996,0.6222168162922415,Normal_Market,1
2020-12-10,1006.2200317382812,1167.75,1171.6500244140625,1150.0,1157.4000244140625,9488782.0,-0.0063391883459326115,0.01463709776119539,0.6766991364257666,Normal_Market,1
2020-12-11,1002.299560546875,1163.199951171875,1171.949951171875,1155.25,1159.699951171875,10574009.0,-0.0038962364768603264,0.014629671847711459,0.7151422121311327,Normal_Market,1
2020-12-14,1003.4628295898438,1164.550048828125,1172.5999755859375,1148.199951171875,1169.4000244140625,6728187.0,0.0011606001726012227,0.014605020843701872,0.7265514711838411,Normal_Market,1
2020-12-15,994.8890380859376,1154.5999755859375,1163.699951171875,1152.0,1156.0,6905926.0,-0.008544204380156906,0.014701634337914977,0.8074265171904553,Normal_Market,1
2020-12-16,1004.4535522460938,1165.699951171875,1168.9000244140625,1153.5999755859375,1160.0,7788404.0,0.009613649154841752,0.014637833628849429,0.8146360092268521,Normal_Market,1
2020-12-17,998.8528442382812,1159.199951171875,1168.9000244140625,1156.199951171875,1165.9000244140625,6658153.0,-0.00557587555471184,0.014399547590061991,0.8168685449609158,Normal_Market,1
2020-12-18,1025.2200927734375,1189.800048828125,1195.0,1175.5999755859375,1182.8499755859375,15995676.0,0.0263975306144959,0.014925130982339701,0.8195941582355721,Normal_Market,1
2020-12-21,1014.4489135742188,1177.300048828125,1209.75,1152.050048828125,1188.0,10858352.0,-0.010506211568757307,0.015271657218090564,0.841831337635351,Normal_Market,1
2020-12-22,1051.6734619140625,1220.5,1223.8499755859375,1176.0999755859375,1182.0,10901851.0,0.03669435477898064,0.015658246107276123,0.8043929133635841,Normal_Market,1
2020-12-23,1079.720703125,1253.050048828125,1258.8499755859375,1230.550048828125,1238.0,15878346.0,0.026669153712304494,0.016458901629069066,0.767021217888986,Normal_Market,1
2020-12-24,1065.072509765625,1236.050048828125,1249.9000244140625,1226.0,1249.9000244140625,7313885.0,-0.013566650446712014,0.015883949535247813,0.7888705205279946,Normal_Market,1
2020-12-28,1068.7347412109375,1240.300048828125,1248.0,1236.0,1238.449951171875,4607051.0,0.003438480865606497,0.015794544994975145,0.8084274790147363,Normal_Market,1
2020-12-29,1077.351318359375,1250.300048828125,1254.449951171875,1235.0,1235.0,6878105.0,0.008062409516766067,0.015258860129320718,0.7724588270546374,Normal_Market,1
2020-12-30,1074.3355712890625,1246.800048828125,1253.300048828125,1238.1500244140625,1253.0,5194690.0,-0.0027992234463545262,0.01388799216915382,0.8008023544530954,Normal_Market,1
2020-12-31,1082.090576171875,1255.800048828125,1258.4000244140625,1239.0,1243.0,7430470.0,0.0072184195423292685,0.013890795025150848,0.7974029988491114,Normal_Market,1
2021-01-01,1086.09716796875,1260.449951171875,1265.5,1255.800048828125,1257.9000244140625,4253550.0,0.0037026399500208473,0.013269712667293553,0.8336313782252146,Normal_Market,1
2021-01-04,1110.0518798828125,1288.25,1290.0,1261.1500244140625,1269.0,7208454.0,0.02205577237519485,0.013763369835894804,0.8399281318850769,Normal_Market,1
2021-01-05,1114.8341064453125,1293.800048828125,1299.0,1275.050048828125,1282.0,8145280.0,0.004308110863255221,0.01376758767694359,0.8962617313412485,Normal_Market,1
2021-01-06,1104.7525634765625,1282.0999755859375,1302.0,1268.050048828125,1300.0,7161715.0,-0.00904308803477083,0.01417046039950516,0.8686222262840244,Normal_Market,1
2021-01-07,1087.5621337890625,1262.1500244140625,1297.6500244140625,1255.5,1296.0,10954918.0,-0.015560434305219584,0.014530496679230202,0.7917104716606391,Normal_Market,1
2021-01-08,1130.6026611328125,1312.0999755859375,1316.800048828125,1278.25,1278.25,13186251.0,0.03957523529602569,0.01637513105689865,0.8422564267724555,Normal_Market,1
2021-01-11,1185.835693359375,1376.199951171875,1383.3499755859375,1340.0,1342.0999755859375,20528626.0,0.048852735028256156,0.01877455400740728,0.8886171544482231,Normal_Market,1
2021-01-12,1182.0015869140625,1371.75,1378.0,1360.0,1378.0,8309868.0,-0.003233252689882171,0.01889162581279861,0.8660489133826458,Normal_Market,1
2021-01-13,1195.2713623046875,1387.1500244140625,1392.800048828125,1360.0,1373.8499755859375,14442997.0,0.011226529251343376,0.018471587692933986,0.8692787604138719,Normal_Market,1
2021-01-14,1180.9244384765625,1370.5,1384.0,1318.449951171875,1360.0,27521697.0,-0.012003068324553223,0.019079415306358243,0.8504792754701488,Normal_Market,1
2021-01-15,1158.9085693359375,1344.949951171875,1364.449951171875,1340.0,1360.0,15018441.0,-0.018642910946128244,0.019789933506456085,0.8830112173225774,Normal_Market,1
2021-01-18,1130.5596923828125,1312.050048828125,1340.0,1306.0,1338.0,8861765.0,-0.024461702763462267,0.020507721060137696,0.8508282773531382,Normal_Market,1
2021-01-19,1134.5234375,1316.6500244140625,1331.0,1312.0,1320.0,5585744.0,0.0035060025082207513,0.02018330930722801,0.9027818513150393,Normal_Market,1
2021-01-20,1154.16943359375,1339.449951171875,1348.4000244140625,1320.550048828125,1320.550048828125,8225838.0,0.017316518499645328,0.019055799762541906,0.8692202348141715,Normal_Market,1
2021-01-21,1154.384765625,1339.699951171875,1361.050048828125,1335.0,1350.0,6142421.0,0.00018656882168466282,0.018366087806740462,0.8103578204630946,Normal_Market,1
2021-01-22,1155.3759765625,1340.8499755859375,1356.0,1326.550048828125,1327.0,9646591.0,0.0008586486646533498,0.017938566976327355,0.840565215384378,Normal_Market,1
2021-01-25,1141.8043212890625,1325.0999755859375,1347.9000244140625,1313.0,1345.0,6542611.0,-0.011746527146787478,0.018291630440180222,0.822142626731243,Normal_Market,1
2021-01-27,1121.0382080078125,1301.0,1327.550048828125,1285.0999755859375,1319.5999755859375,8133665.0,-0.01818710342399621,0.018877060816875565,0.7994843838101354,Normal_Market,1
2021-01-28,1099.66845703125,1276.199951171875,1296.449951171875,1272.550048828125,1291.800048828125,4660690.0,-0.01906246444047477,0.01944355592259397,0.7982259459206367,Normal_Market,1
2021-01-29,1067.6573486328125,1239.050048828125,1291.1500244140625,1231.0,1286.25,12183519.0,-0.029109781401621015,0.020532226253351788,0.7906928009298508,Normal_Market,1
2021-02-01,1086.48486328125,1260.9000244140625,1277.949951171875,1241.0,1250.550048828125,8880279.0,0.017634416765404337,0.020914127718765347,0.8507976717808543,Normal_Market,1
2021-02-02,1095.4034423828125,1271.25,1294.4000244140625,1263.5999755859375,1280.0,6892490.0,0.00820865472035015,0.020375606875409173,0.7810526311096824,Normal_Market,1
2021-02-03,1106.9495849609375,1284.6500244140625,1304.0,1273.0,1277.6500244140625,8182968.0,0.010540538884019623,0.02049979054020857,0.8084173256664792,Normal_Market,1
2021-02-04,1102.3828125,1279.3499755859375,1293.4000244140625,1272.050048828125,1285.0,5032240.0,-0.004125546929130142,0.020416926325236184,0.7121240692554204,Normal_Market,1
2021-02-05,1096.1358642578125,1272.0999755859375,1288.75,1262.0,1286.4000244140625,5477481.0,-0.00566676854115733,0.020135728192809878,0.688594115881202,Normal_Market,1
2021-02-08,1123.235595703125,1303.550048828125,1310.0,1275.5,1285.5,6921922.0,0.024722967589114964,0.018855164809264635,0.7192375139019048,Normal_Market,1
2021-02-09,1124.9588623046875,1305.550048828125,1332.0,1297.8499755859375,1306.9000244140625,7965949.0,0.0015341987096515464,0.014944750662397397,0.7227182481984373,Normal_Market,1
2021-02-10,1117.1605224609375,1296.5,1304.3499755859375,1283.5999755859375,1295.800048828125,5951207.0,-0.006932111124289153,0.0149768264747156,0.7235849942980234,Normal_Market,1
2021-02-11,1113.843017578125,1292.6500244140625,1296.0,1283.050048828125,1289.0,4673317.0,-0.002969586568906446,0.014613550257905622,0.7318743474126713,Normal_Market,1
2021-02-12,1128.620849609375,1309.800048828125,1323.75,1301.550048828125,1305.0,5797875.0,0.013267427993023606,0.014921602283116363,0.7443687178612541,Normal_Market,1
2021-02-15,1128.491455078125,1309.6500244140625,1328.4000244140625,1307.0999755859375,1320.0,4363513.0,-0.00011464836157759617,0.01441057725184155,0.8202354351501614,Normal_Market,1
2021-02-16,1111.904541015625,1290.4000244140625,1319.75,1286.0,1314.0,6896421.0,-0.014698307185101123,0.013731537612528764,0.8027834316500275,Normal_Market,1
2021-02-17,1104.063232421875,1281.300048828125,1294.5,1275.0,1290.4000244140625,4575741.0,-0.0070521418921337675,0.013762552728632322,0.7544398152136347,Normal_Market,1
2021-02-18,1113.6707763671875,1292.449951171875,1306.0,1275.0,1276.0,6437551.0,0.008701987044924309,0.013276462968170331,0.6886520998751926,Normal_Market,1
2021-02-19,1112.6798095703125,1291.300048828125,1299.5,1276.800048828125,1296.0999755859375,5389696.0,-0.0008898202394316268,0.013270591145495924,0.6567259022582598,Normal_Market,1
2021-02-22,1090.1903076171875,1265.199951171875,1308.550048828125,1260.0,1295.0,7371303.0,-0.02021201585549559,0.013874862533521375,0.6917337249547727,Normal_Market,1
2021-02-23,1091.18115234375,1266.3499755859375,1291.0,1257.550048828125,1271.1500244140625,6612942.0,0.0009088731752973089,0.013733612346982064,0.6811948208714085,Normal_Market,1
2021-02-24,1098.031494140625,1274.300048828125,1276.5999755859375,1252.0,1260.050048828125,4537258.0,0.006277914333620238,0.01331554397502621,0.6384016316388171,Normal_Market,1
2021-02-25,1098.246826171875,1274.550048828125,1299.75,1272.0,1288.449951171875,8788221.0,0.00019610733608188546,0.012614836340242143,0.6311390316547607,Normal_Market,1
2021-02-26,1079.936279296875,1253.300048828125,1274.300048828125,1244.75,1269.0,15132388.0,-0.016672524280197054,0.011346529015737055,0.615100862649601,Weak_Bear,0
2021-03-01,1091.7412109375,1267.0,1284.5,1259.0,1263.300048828125,5756286.0,0.010931137204049701,0.010908439986159976,0.6866784779022402,Normal_Market,1
2021-03-02,1124.053955078125,1304.5,1310.0,1279.199951171875,1282.25,10461434.0,0.029597439225434563,0.012636412940835454,0.7122437616085182,Normal_Market,1
2021-03-03,1157.702392578125,1343.550048828125,1347.0,1308.0,1319.199951171875,9056399.0,0.02993489533841931,0.014043266887498013,0.7144697687825909,Normal_Market,1
2021-03-04,1146.3282470703125,1330.3499755859375,1363.8499755859375,1325.9000244140625,1335.0,12041941.0,-0.00982475771038449,0.014237779694827356,0.688162733278986,Normal_Market,1
2021-03-05,1134.566162109375,1316.699951171875,1340.0,1305.050048828125,1328.5,6486176.0,-0.0102606604966754,0.014404933717973616,0.697530254611041,Normal_Market,1
2021-03-08,1150.9814453125,1335.75,1346.0999755859375,1317.199951171875,1324.800048828125,5119392.0,0.01446833490310162,0.01371277607292366,0.7192598915397581,Normal_Market,1
2021-03-09,1159.42578125,1345.550048828125,1350.449951171875,1318.75,1329.5,6518173.0,0.007336639501783981,0.01377899969534036,0.7120751101002227,Normal_Market,1
2021-03-10,1178.899658203125,1368.1500244140625,1374.0,1355.0,1356.9000244140625,7925984.0,0.016796139320043313,0.01402506001545427,0.7074262632276247,Normal_Market,1
2021-03-12,1184.6724853515625,1374.8499755859375,1391.699951171875,1370.050048828125,1373.0,9462061.0,0.004896792622059554,0.013965326647856961,0.7003655044408827,Normal_Market,1
2021-03-15,1183.595458984375,1373.5999755859375,1379.9000244140625,1358.5,1370.0,6658635.0,-0.0009091342801532676,0.013784959057700793,0.7043569857239993,Normal_Market,1
2021-03-16,1192.55712890625,1384.0,1406.0,1380.5,1386.050048828125,9352771.0,0.007571564975050515,0.013816197734833856,0.7879154661483865,Normal_Market,1
2021-03-17,1195.14208984375,1387.0,1400.0,1382.0,1392.25,7626744.0,0.0021675782860572923,0.013188896287114796,0.7800969892752722,Normal_Market,1
2021-03-18,1152.1446533203125,1337.0999755859375,1393.75,1313.5,1393.75,10961755.0,-0.03597684065252771,0.015764218007371864,0.8046121449733207,Normal_Market,1
2021-03-19,1158.4776611328125,1344.449951171875,1355.199951171875,1318.0,1330.0,12767112.0,0.0054967124086799934,0.01571139854824023,0.7736265727776431,Normal_Market,1
2021-03-22,1181.18310546875,1370.800048828125,1376.0,1336.0999755859375,1350.0999755859375,4862758.0,0.019599380374529796,0.016168115334590172,0.7594930341465326,Normal_Market,1
2021-03-23,1181.8292236328125,1371.550048828125,1383.25,1359.5999755859375,1372.449951171875,7165335.0,0.0005470093172439405,0.015230855500358015,0.7502250257089559,Normal_Market,1
2021-03-24,1166.4915771484375,1353.75,1370.449951171875,1346.25,1357.8499755859375,6134303.0,-0.01297788731034144,0.015696014322883523,0.7472927163984898,Normal_Market,1
2021-03-25,1149.301025390625,1333.800048828125,1352.5,1327.5999755859375,1346.75,8749994.0,-0.014736970325868848,0.016192967161747816,0.7153777214265403,Normal_Market,1
2021-03-26,1151.369140625,1336.199951171875,1356.699951171875,1332.0,1344.699951171875,4922071.0,0.0017994547892028478,0.016185401945410845,0.717154997347686,Normal_Market,1
2021-03-30,1193.677490234375,1385.300048828125,1400.0,1336.1500244140625,1346.9000244140625,10546381.0,0.036746120871720356,0.01723073025085865,0.6827916459542246,Normal_Market,1
2021-03-31,1178.8134765625,1368.050048828125,1388.0,1363.300048828125,1382.0,8220987.0,-0.012452286143853186,0.01760773978003816,0.7301089720274632,Normal_Market,1
2021-04-01,1193.591064453125,1385.199951171875,1391.5999755859375,1371.0,1380.0,5675155.0,0.012535984856329785,0.016691297871082398,0.7179789857937806,Normal_Market,1
2021-04-05,1214.874267578125,1409.9000244140625,1425.0,1387.0,1391.0,9479572.0,0.017831235302311343,0.015867675462587116,0.7427563231466271,Normal_Market,1
2021-04-06,1215.8653564453125,1411.050048828125,1426.0,1406.449951171875,1423.0,5793571.0,0.0008157954231455822,0.015607789657624828,0.7415606861503824,Normal_Market,1
2021-04-07,1232.366455078125,1430.199951171875,1434.949951171875,1406.5999755859375,1410.25,5879234.0,0.013571485152809037,0.015445805611371072,0.7516404592312546,Normal_Market,1
2021-04-08,1240.6815185546875,1439.8499755859375,1451.699951171875,1421.0,1430.0,5654434.0,0.006747232888642207,0.015272652691125313,0.7675321549847056,Normal_Market,1
2021-04-09,1241.7156982421875,1441.050048828125,1455.0,1430.050048828125,1455.0,6052712.0,0.0008335577438960406,0.015264193187117315,0.7382220079608778,Normal_Market,1
2021-04-12,1228.5318603515625,1425.75,1477.550048828125,1415.0,1474.0,20384532.0,-0.010617436752461518,0.015242480481624025,0.7180527381336838,Normal_Market,1
2021-04-13,1203.8880615234375,1397.1500244140625,1435.25,1375.0,1433.0,14855206.0,-0.020059552074679465,0.016010080093877648,0.7055358713478581,Normal_Market,1
2021-04-15,1172.5230712890625,1360.75,1366.4000244140625,1320.0,1332.300048828125,25342491.0,-0.026053078551742437,0.01711117731338991,0.7165623887029069,Normal_Market,1
2021-04-16,1166.4915771484375,1353.75,1370.8499755859375,1346.5999755859375,1365.0,10879878.0,-0.0051440302441077,0.017038188255977495,0.7557807933031447,Normal_Market,1
2021-04-19,1174.0743408203125,1362.550048828125,1379.699951171875,1332.3499755859375,1340.0,12508028.0,0.006500487290625356,0.017107539993325007,0.7244362552578896,Normal_Market,1
2021-04-20,1164.42333984375,1351.3499755859375,1379.0,1342.4000244140625,1379.0,8560766.0,-0.008220093601414957,0.015108420483108344,0.7386932208215464,Normal_Market,1
2021-04-22,1164.2080078125,1351.0999755859375,1364.800048828125,1345.1500244140625,1355.550048828125,6622446.0,-0.00018492589755103594,0.015065612402070728,0.7251203575712187,Normal_Market,1
2021-04-23,1149.301025390625,1333.800048828125,1348.4000244140625,1331.0,1343.0,7316262.0,-0.012804397772426146,0.014622880762403591,0.6947277247154182,Normal_Market,1
2021-04-26,1157.702392578125,1343.550048828125,1351.300048828125,1321.0,1332.25,7088606.0,0.007309979719755777,0.014744703389962983,0.7159203568790846,Normal_Market,1
2021-04-27,1161.967529296875,1348.5,1353.0,1340.1500244140625,1346.0,3636115.0,0.0036841391588142702,0.014496658498705758,0.7173631287438584,Normal_Market,1
2021-04-28,1168.43017578125,1356.0,1359.5,1344.5999755859375,1358.0,4879234.0,0.005561813322172204,0.014123354625360213,0.6666647311694203,Normal_Market,1
2021-04-29,1168.73193359375,1356.3499755859375,1369.0,1351.4000244140625,1368.0,5412357.0,0.0002582591743647278,0.014122508530225597,0.6634456525458564,Normal_Market,1
2021-04-30,1167.00830078125,1354.3499755859375,1373.9000244140625,1345.9000244140625,1346.300048828125,8354677.0,-0.0014747888399010423,0.011315469067777998,0.6621387836488603,Normal_Market,1
2021-05-03,1165.026611328125,1352.050048828125,1361.0,1338.0,1340.800048828125,4560337.0,-0.0016980937083295178,0.010997057130685464,0.6827778273717263,Normal_Market,1
2021-05-04,1145.5096435546875,1329.4000244140625,1354.949951171875,1324.0999755859375,1354.0,4887060.0,-0.01675237937371088,0.011114964873536491,0.6603745156667519,Normal_Market,1
2021-05-05,1155.9359130859375,1341.5,1343.9000244140625,1327.800048828125,1341.0999755859375,3939788.0,0.009101860983811383,0.010446761280701792,0.65912087056048,Normal_Market,1
2021-05-06,1173.255615234375,1361.5999755859375,1364.699951171875,1337.4000244140625,1345.0,4810090.0,0.014983271955103517,0.01113611201078306,0.6242612420781214,Normal_Market,1
2021-05-07,1165.4573974609375,1352.550048828125,1373.050048828125,1348.5,1365.300048828125,4991435.0,-0.006646648583803927,0.010578368966103143,0.6105129615130663,Weak_Bear,0
2021-05-10,1154.2554931640625,1339.550048828125,1352.9000244140625,1335.050048828125,1349.8499755859375,7195348.0,-0.009611594830732928,0.010438217607793277,0.6073447612175643,Weak_Bear,0
2021-05-11,1146.5869140625,1330.6500244140625,1341.0,1325.0999755859375,1336.9000244140625,6420988.0,-0.006643744948132135,0.01040674468661293,0.6063707798802522,Weak_Bear,0
2021-05-12,1143.441650390625,1327.0,1330.0,1314.5,1330.0,5241898.0,-0.0027431532954889093,0.010288529188983484,0.5983923779530137,Weak_Bear,0
2021-05-14,1134.3077392578125,1316.4000244140625,1326.8499755859375,1311.300048828125,1326.8499755859375,4824609.0,-0.007988086781421821,0.009598874723053102,0.5633751795620041,Weak_Bear,0
2021-05-17,1145.5096435546875,1329.4000244140625,1334.949951171875,1320.300048828125,1320.300048828125,5017129.0,0.009875542508600343,0.008320128969851293,0.5827901811926574,Weak_Bear,0
2021-05-18,1154.643310546875,1340.0,1344.5999755859375,1329.5,1338.0,5620150.0,0.007973452727856989,0.008502233015990493,0.5714550654705586,Weak_Bear,0
2021-05-19,1152.0584716796875,1337.0,1357.449951171875,1333.25,1342.0,4435878.0,-0.002238647072716593,0.00834798769023999,0.554649254839517,Weak_Bear,0
2021-05-20,1154.0404052734375,1339.300048828125,1349.0999755859375,1335.0,1348.4000244140625,4490092.0,0.0017203411480151143,0.008184348262869191,0.46627337764800253,Weak_Bear,0
2021-05-21,1167.1378173828125,1354.5,1357.5,1346.3499755859375,1347.5,4969733.0,0.011349179846325885,0.008597427148940339,0.4336101288927921,Weak_Bear,0
2021-05-24,1161.580078125,1348.050048828125,1363.0,1345.0999755859375,1356.6500244140625,4225371.0,-0.00476185346326552,0.008134724497547088,0.42436578176771667,Weak_Bear,0
2021-05-25,1173.255615234375,1361.5999755859375,1368.0,1354.449951171875,1358.0,4099340.0,0.010051426784300155,0.00827626332106911,0.4027430816462124,Weak_Bear,0
2021-05-26,1203.974365234375,1397.25,1400.0,1362.050048828125,1367.9000244140625,6850024.0,0.026182487090729678,0.010043528337632975,0.3656725416482883,Weak_Bear,0
2021-05-27,1208.2825927734375,1402.25,1416.25,1391.699951171875,1404.199951171875,15365391.0,0.0035783382632268435,0.010014437503375937,0.3532341933624148,Weak_Bear,0
2021-05-28,1210.6953125,1405.050048828125,1414.0,1396.0999755859375,1409.75,4261312.0,0.001996817417541763,0.010008572644360537,0.3602525924097741,Weak_Bear,0
2021-05-31,1213.917724609375,1393.75,1401.5,1383.0,1401.5,4429904.0,0.0026616210338841206,0.009979760316365558,0.398948262954372,Weak_Bear,0
2021-06-01,1208.212890625,1387.199951171875,1401.0,1378.6500244140625,1400.0,4791325.0,-0.00469952276725405,0.01006084405778709,0.42991120336128147,Weak_Bear,0
2021-06-02,1200.76611328125,1378.6500244140625,1391.949951171875,1365.0,1380.75,9272276.0,-0.006163464569474919,0.009277421147697022,0.44568772412882957,Weak_Bear,0
2021-06-03,1210.3470458984375,1389.6500244140625,1399.0,1377.050048828125,1388.0999755859375,5115645.0,0.007979016488903312,0.00923803707987338,0.44031291136742146,Weak_Bear,0
2021-06-04,1206.8631591796875,1385.6500244140625,1396.9000244140625,1377.6500244140625,1393.949951171875,4194328.0,-0.002878419648774333,0.008804934841567247,0.43152307838186477,Weak_Bear,0
2021-06-07,1210.3470458984375,1389.6500244140625,1392.0,1377.300048828125,1391.0,5154576.0,0.002886728865862498,0.00859920887143547,0.44420568022847734,Weak_Bear,0
2021-06-08,1230.6407470703125,1412.949951171875,1421.75,1395.550048828125,1396.0,7360630.0,0.016766844881924703,0.008757877344954274,0.45310040503883203,Weak_Bear,0
2021-06-09,1232.6873779296875,1415.300048828125,1425.0,1404.5999755859375,1413.4000244140625,5394317.0,0.0016630611851973232,0.0084559817646315,0.4858907787530429,Weak_Bear,0
2021-06-10,1240.5262451171875,1424.300048828125,1429.0,1419.0,1424.0,3496575.0,0.006359168859719766,0.008337299802830619,0.46258735233112636,Weak_Bear,0
2021-06-11,1260.2100830078125,1446.9000244140625,1451.5999755859375,1429.449951171875,1430.0999755859375,6140828.0,0.015867328859910934,0.008220147896734017,0.5039889996224349,Weak_Bear,0
2021-06-14,1273.1876220703125,1461.800048828125,1477.0,1453.449951171875,1471.0,7132294.0,0.010297917178638816,0.008233031376316886,0.5550231131850298,Weak_Bear,0
2021-06-15,1283.7264404296875,1473.9000244140625,1476.0,1463.0,1464.0,5403104.0,0.008277506140248247,0.008238449277767373,0.5838723804652934,Weak_Bear,0
2021-06-16,1289.5618896484375,1480.5999755859375,1489.449951171875,1467.5,1472.699951171875,7661710.0,0.004545710857834173,0.008047220722060917,0.5739735539135041,Weak_Bear,0
2021-06-17,1302.365234375,1495.300048828125,1502.6500244140625,1475.0999755859375,1475.0999755859375,7677951.0,0.009928445334293379,0.008043740126347817,0.5445497287571038,Weak_Bear,0
2021-06-18,1309.3331298828125,1503.300048828125,1515.800048828125,1487.4000244140625,1509.0,13533974.0,0.005350185434853438,0.007948767861228,0.5233518927493043,Weak_Bear,0
2021-06-21,1306.7200927734375,1500.300048828125,1505.800048828125,1484.199951171875,1493.0,5454052.0,-0.001995700750051954,0.007777645193493809,0.533853780350319,Weak_Bear,0
2021-06-22,1316.77978515625,1511.8499755859375,1521.449951171875,1502.0999755859375,1509.699951171875,6427862.0,0.007698429402322349,0.007729713492192083,0.548893942142683,Weak_Bear,0
2021-06-23,1309.202392578125,1503.1500244140625,1525.0,1498.6500244140625,1525.0,5529809.0,-0.0057544873209196545,0.006502019586423284,0.5935593178071414,Weak_Bear,0
2021-06-24,1358.0201416015625,1559.199951171875,1568.75,1511.199951171875,1517.0,10785137.0,0.03728816056263384,0.009839873332237445,0.651091099399262,Normal_Market,1
2021-06-25,1371.084716796875,1574.199951171875,1578.0,1543.0,1572.0,9780240.0,0.00962031032905375,0.009828212848427482,0.6803578433230595,Normal_Market,1
2021-06-28,1368.994384765625,1571.800048828125,1580.1500244140625,1560.5999755859375,1572.9000244140625,5019178.0,-0.0015245826940099017,0.00995322109796991,0.6688889499657101,Normal_Market,1
2021-06-29,1361.37353515625,1563.050048828125,1573.6500244140625,1559.199951171875,1561.0,5913567.0,-0.005566750086180794,0.010004391378435635,0.6644814283147651,Normal_Market,1
2021-06-30,1376.8333740234375,1580.800048828125,1591.0,1572.050048828125,1572.050048828125,6058722.0,0.011356059500167381,0.009640728244667164,0.6769524157916901,Normal_Market,1
2021-07-01,1359.0654296875,1560.4000244140625,1576.8499755859375,1559.050048828125,1576.8499755859375,4814317.0,-0.012904934374168509,0.010601732245563844,0.6386720435620845,Normal_Market,1
2021-07-02,1365.5108642578125,1567.800048828125,1569.449951171875,1542.5999755859375,1558.949951171875,5166064.0,0.00474254912936356,0.010406123827711713,0.632480650388473,Normal_Market,1
2021-07-05,1375.221923828125,1578.949951171875,1585.0,1561.050048828125,1569.1500244140625,4058338.0,0.00711166774611538,0.010377203373816634,0.6523350163493689,Normal_Market,1
2021-07-06,1360.6334228515625,1562.199951171875,1586.75,1557.0999755859375,1573.699951171875,4089574.0,-0.010608106752656554,0.010744546541906501,0.6130516507990297,Weak_Bear,0
2021-07-07,1362.7236328125,1564.5999755859375,1570.550048828125,1544.6500244140625,1566.050048828125,4797120.0,0.001536203598877517,0.010746711791629254,0.6551521348523307,Normal_Market,1
2021-07-08,1359.3704833984375,1560.75,1576.0,1549.0,1568.0,3326813.0,-0.002460623220529312,0.010871744841709823,0.6634589229055879,Normal_Market,1
2021-07-09,1361.242919921875,1562.9000244140625,1569.9000244140625,1551.0,1556.0,3436594.0,0.0013774291455530552,0.010562603201002453,0.6419025805708782,Normal_Market,1
2021-07-12,1348.134765625,1547.8499755859375,1578.0,1533.75,1570.550048828125,4588982.0,-0.009629548190874915,0.01086445621507364,0.6323750049236936,Normal_Market,1
2021-07-13,1345.6090087890625,1544.949951171875,1556.4000244140625,1536.300048828125,1556.4000244140625,4456160.0,-0.0018735195474071098,0.010838047748627247,0.6068220430562157,Weak_Bear,0
2021-07-14,1373.4366455078125,1576.9000244140625,1582.800048828125,1538.0999755859375,1554.0,5657716.0,0.020680328785694257,0.011580314798086154,0.6083860555393531,Normal_Market,1
2021-07-15,1376.8333740234375,1580.800048828125,1596.8499755859375,1556.0,1557.9000244140625,10021355.0,0.0024731599573484253,0.011472448362708616,0.5889633488508562,Weak_Bear,0
2021-07-16,1354.754150390625,1555.449951171875,1574.6500244140625,1549.5999755859375,1573.75,6265593.0,-0.0160362350661879,0.012200334773871549,0.5773892837603658,Weak_Bear,0
2021-07-19,1342.7783203125,1541.699951171875,1552.9000244140625,1537.550048828125,1544.699951171875,5669162.0,-0.008839854873057162,0.012405963004628135,0.6032701186053985,Weak_Bear,0
2021-07-20,1350.0511474609375,1550.050048828125,1557.699951171875,1538.0,1538.300048828125,5069939.0,0.00541625303180715,0.012355707356268595,0.6042026947421302,Weak_Bear,0
2021-07-22,1385.0205078125,1590.199951171875,1592.8499755859375,1561.4000244140625,1561.4000244140625,7854575.0,0.02590224853134626,0.013386416311229641,0.6476008192851291,Normal_Market,1
2021-07-23,1385.2381591796875,1590.449951171875,1598.5,1585.050048828125,1588.550048828125,4179719.0,0.00015714667469524102,0.010664728697571787,0.6635776037519725,Normal_Market,1
2021-07-26,1396.952880859375,1603.9000244140625,1611.6500244140625,1594.0999755859375,1594.0999755859375,4586710.0,0.008456828598069288,0.01061857185030026,0.6814826272508512,Normal_Market,1
2021-07-27,1395.777099609375,1602.550048828125,1609.300048828125,1597.9000244140625,1605.0,5892859.0,-0.0008416756685999394,0.010611161519838626,0.6610387612508352,Normal_Market,1
2021-07-28,1398.433349609375,1605.5999755859375,1607.5999755859375,1585.5,1605.0999755859375,4686788.0,0.0019030617429842689,0.010497885803978724,0.559390265342692,Weak_Bear,0
2021-07-29,1408.362548828125,1617.0,1620.0,1600.0999755859375,1600.0999755859375,4660873.0,0.007100230569818455,0.01032711228151369,0.5536673148592469,Weak_Bear,0
2021-07-30,1402.7012939453125,1610.5,1623.4000244140625,1606.1500244140625,1610.0,6234257.0,-0.004019742563818651,0.009870169566427127,0.5270545694048183,Weak_Bear,0
2021-08-02,1421.0352783203125,1631.550048828125,1634.75,1619.199951171875,1627.449951171875,5553389.0,0.013070483683260026,0.010179331869089422,0.5326045922823136,Weak_Bear,0
2021-08-03,1441.6336669921875,1655.199951171875,1658.6500244140625,1635.5999755859375,1647.0,5513668.0,0.014495339409323238,0.010501601289734886,0.5704961109155321,Weak_Bear,0
2021-08-04,1436.451416015625,1649.25,1679.9000244140625,1639.050048828125,1669.0999755859375,6740391.0,-0.0035947072375014377,0.010155302776521456,0.5440593761114486,Weak_Bear,0
2021-08-05,1440.1966552734375,1653.550048828125,1666.0,1647.050048828125,1649.5,5420536.0,0.0026072857153782714,0.010151312593592506,0.5825917395472388,Weak_Bear,0
2021-08-06,1437.27880859375,1650.199951171875,1660.6500244140625,1644.0,1657.0,3754855.0,-0.002026005732622349,0.010139878500493365,0.6019307806469255,Weak_Bear,0
2021-08-09,1448.6885986328125,1663.300048828125,1667.449951171875,1646.4000244140625,1661.0,5018477.0,0.007938466754565221,0.010196084322629704,0.6133472743212697,Normal_Market,1
2021-08-10,1460.8388671875,1677.25,1680.0,1661.050048828125,1668.0,6846517.0,0.008387080954564086,0.009793959063400338,0.625286326151463,Normal_Market,1
2021-08-11,1461.10009765625,1677.550048828125,1684.0,1668.0,1674.800048828125,4899639.0,0.0001788222333192202,0.009739029665511503,0.5990943950374141,Weak_Bear,0
2021-08-12,1471.5950927734375,1689.5999755859375,1696.5,1674.0,1679.1500244140625,5659579.0,0.007182940535027438,0.008972222194278175,0.6476913777090327,Normal_Market,1
2021-08-13,1491.2791748046875,1712.199951171875,1722.5,1691.300048828125,1697.0,5612790.0,0.013376017715683197,0.009234230534564892,0.6591250172782223,Normal_Market,1
2021-08-16,1484.485595703125,1704.4000244140625,1719.949951171875,1690.0999755859375,1707.699951171875,4564109.0,-0.004555538102013812,0.008221828912530572,0.6697016799851911,Normal_Market,1
2021-08-17,1516.9293212890625,1741.6500244140625,1748.9000244140625,1686.550048828125,1703.9000244140625,9510390.0,0.021855197301911655,0.008440096152913723,0.7054083566368232,Normal_Market,1
2021-08-18,1509.7872314453125,1733.449951171875,1755.5,1727.0,1729.0,6686090.0,-0.004708254856383709,0.008783048492412526,0.7217810211426043,Normal_Market,1
2021-08-20,1509.3515625,1732.949951171875,1745.0,1716.0999755859375,1716.0999755859375,6206972.0,-0.000288563140711795,0.007455689890113248,0.7734782094901242,Normal_Market,1
2021-08-23,1514.4034423828125,1738.75,1753.1500244140625,1732.0,1735.75,6189051.0,0.003347053137471079,0.00739551745442006,0.8174945638010707,Normal_Market,1
2021-08-24,1498.8131103515625,1720.8499755859375,1757.0,1712.699951171875,1750.0,7602939.0,-0.010294701923497795,0.00802814519039068,0.8509589592610819,Normal_Market,1
2021-08-25,1511.6163330078125,1735.550048828125,1746.9000244140625,1718.0,1718.0,6153253.0,0.00854224090236766,0.008031838311599265,0.8386026845331578,Normal_Market,1
2021-08-26,1504.7791748046875,1727.699951171875,1746.0,1720.0,1734.0,5302248.0,-0.004523077750503313,0.008246843856793558,0.8215343586594993,Normal_Market,1
2021-08-27,1488.31787109375,1708.800048828125,1727.699951171875,1705.199951171875,1725.0,6698514.0,-0.010939348435011431,0.008822230215404165,0.841825043365914,Normal_Market,1
2021-08-30,1478.9549560546875,1698.050048828125,1718.6500244140625,1690.4000244140625,1703.050048828125,6559667.0,-0.006290937722989054,0.008928630929673673,0.79777230753286,Normal_Market,1
2021-08-31,1486.27099609375,1706.449951171875,1715.0,1685.8499755859375,1700.1500244140625,12255438.0,0.004946763259497056,0.008610564777121375,0.7805429444055543,Normal_Market,1
2021-09-01,1461.274169921875,1677.75,1709.5,1673.1500244140625,1709.5,7801974.0,-0.01681848481035575,0.009105572250164975,0.7618319858052172,Normal_Market,1
2021-09-02,1471.1595458984375,1689.0999755859375,1694.300048828125,1662.6500244140625,1677.3499755859375,6830050.0,0.0067649016043929144,0.0091420258130238,0.7721951733422274,Normal_Market,1
2021-09-03,1481.21923828125,1700.6500244140625,1705.949951171875,1684.4000244140625,1696.050048828125,5339139.0,0.0068379343429192385,0.009224049072439958,0.8249611989418669,Normal_Market,1
2021-09-06,1507.1309814453125,1730.4000244140625,1732.0,1699.3499755859375,1705.1500244140625,4876026.0,0.0174935232370661,0.009848886524332336,0.8736836264966542,Normal_Market,1
2021-09-07,1486.445068359375,1706.6500244140625,1734.9000244140625,1704.0,1730.0,3520341.0,-0.013725358539242616,0.010386816570497831,0.9094182567733957,Normal_Market,1
2021-09-08,1474.7744140625,1693.25,1700.8499755859375,1682.949951171875,1700.8499755859375,4584896.0,-0.007851386200067423,0.010441358623679379,0.900467701237844,Normal_Market,1
2021-09-09,1473.3370361328125,1691.5999755859375,1694.9000244140625,1682.1500244140625,1685.9000244140625,3331674.0,-0.0009746425731159691,0.010446564340115759,0.8774404325540732,Normal_Market,1
2021-09-13,1473.5982666015625,1691.9000244140625,1701.5,1675.199951171875,1683.0,4662374.0,0.00017730530241455433,0.010326345861715856,0.894383178888567,Normal_Market,1
2021-09-14,1468.59033203125,1686.1500244140625,1695.949951171875,1678.5999755859375,1695.949951171875,4945167.0,-0.0033984395094749376,0.009863740091363392,0.8650687303179927,Normal_Market,1
2021-09-15,1490.625732421875,1711.449951171875,1715.0999755859375,1690.199951171875,1693.25,4062344.0,0.01500445693398178,0.01041759389173079,0.8568509699252913,Normal_Market,1
2021-09-16,1482.6129150390625,1702.25,1719.25,1691.449951171875,1715.199951171875,3246568.0,-0.005375472332544429,0.009148512095202442,0.8837583722631878,Normal_Market,1
2021-09-17,1473.075927734375,1691.300048828125,1718.0,1684.449951171875,1697.0,7454864.0,-0.006432553775802097,0.009192288872938206,0.8811084407163515,Normal_Market,1
2021-09-20,1470.07080078125,1687.8499755859375,1707.699951171875,1677.949951171875,1685.0,5660743.0,-0.002040035341387303,0.009191592614288414,0.9026224523513188,Normal_Market,1
2021-09-21,1496.72265625,1718.449951171875,1726.75,1684.6500244140625,1700.0,4672222.0,0.018129640731987973,0.01012954740106514,0.9385076805616202,Normal_Market,1
2021-09-22,1495.37255859375,1716.9000244140625,1738.9000244140625,1713.050048828125,1717.0,4553892.0,-0.000902035958774472,0.00986776321941254,0.9253446667629992,Normal_Market,1
2021-09-23,1517.7132568359375,1742.550048828125,1745.0,1721.0999755859375,1732.0,3826090.0,0.014939887798393725,0.010257592367377753,0.8919130264062017,Normal_Market,1
2021-09-24,1536.264892578125,1763.8499755859375,1788.0,1752.449951171875,1758.0,8280446.0,0.012223412860518312,0.010527322858474896,0.8902923849901048,Normal_Market,1
2021-09-27,1499.07421875,1721.1500244140625,1769.0,1718.0999755859375,1768.75,5045337.0,-0.024208503369306578,0.011680236500317213,0.8734163135096796,Normal_Market,1
2021-09-28,1469.417724609375,1687.0999755859375,1710.0,1675.0,1710.0,6557197.0,-0.019783206041228518,0.012452639212095332,0.8436743124992339,Normal_Market,1
2021-09-29,1473.903076171875,1692.25,1701.4000244140625,1655.0,1659.25,7792548.0,0.0030524686665884815,0.012418191742580168,0.8396584058516259,Normal_Market,1
2021-09-30,1459.0533447265625,1675.199951171875,1703.0,1670.0999755859375,1703.0,6914031.0,-0.010075107166396036,0.012032925921937122,0.8517466526255661,Normal_Market,1
2021-10-01,1450.300048828125,1665.1500244140625,1678.949951171875,1661.25,1665.0999755859375,5733906.0,-0.0059992980586175415,0.011993273261979773,0.8554700365479817,Normal_Market,1
2021-10-04,1462.1451416015625,1678.75,1688.0,1665.4000244140625,1672.5,2947154.0,0.008167339429526077,0.01204052172784526,0.8901777198464765,Normal_Market,1
2021-10-05,1474.38232421875,1692.800048828125,1702.949951171875,1663.0,1671.0,4373310.0,0.008369335074207118,0.011479512623374759,0.9394870483472896,Normal_Market,1
2021-10-06,1457.6163330078125,1673.550048828125,1709.0,1670.0,1702.0999755859375,4271698.0,-0.011371535683474487,0.011353940316002613,0.9315578459275705,Normal_Market,1
2021-10-07,1472.814208984375,1691.0,1704.199951171875,1676.6500244140625,1687.0,5476108.0,0.010426526948419612,0.011501094539826121,0.8997701930932774,Normal_Market,1
2021-10-08,1501.4259033203125,1723.8499755859375,1731.5,1698.4000244140625,1705.25,4738376.0,0.019426546920447985,0.01228821096542965,0.884967805930533,Normal_Market,1
2021-10-11,1472.7708740234375,1690.949951171875,1730.0,1663.699951171875,1682.0,8840633.0,-0.01908521042131095,0.013086405455518653,0.896434630371589,Normal_Market,1
2021-10-12,1467.7193603515625,1685.1500244140625,1689.0,1662.0,1677.0,7439300.0,-0.003429938601430149,0.013086844640138862,0.8623737254806325,Normal_Market,1
2021-10-13,1488.6661376953125,1709.199951171875,1713.6500244140625,1680.050048828125,1695.949951171875,7104171.0,0.01427165022796495,0.01304373199656282,0.8415225746799312,Normal_Market,1
2021-10-14,1494.371337890625,1715.75,1783.5999755859375,1698.199951171875,1754.0,19655776.0,0.0038324242426479582,0.013005894634102622,0.8435175050447954,Normal_Market,1
2021-10-18,1560.9134521484375,1792.1500244140625,1799.0,1740.0,1740.0,13438109.0,0.044528500092714474,0.01618478420070468,0.7922754520033349,Normal_Market,1
2021-10-19,1587.04248046875,1822.1500244140625,1834.5,1782.300048828125,1814.0,10324260.0,0.016739575332859413,0.016418618797266235,0.8610097261571695,Normal_Market,1
2021-10-20,1569.7972412109375,1802.3499755859373,1848.0,1794.050048828125,1829.4000244140625,5876115.0,-0.010866274513785523,0.016381959772498053,0.9161890203341925,Normal_Market,1
2021-10-21,1527.3809814453125,1753.6500244140625,1814.0,1746.8499755859375,1814.0,8779629.0,-0.027020215510701995,0.017659699744067236,0.8915200147253571,Normal_Market,1
2021-10-22,1497.8985595703125,1719.800048828125,1763.199951171875,1707.0,1749.9000244140625,7369809.0,-0.01930259852201488,0.017916257514794132,0.8603792966927348,Normal_Market,1
2021-10-25,1487.2291259765625,1707.550048828125,1729.75,1687.199951171875,1722.050048828125,5905209.0,-0.007122934677773252,0.01771397893284388,0.8471107423014147,Normal_Market,1
2021-10-26,1497.0264892578125,1703.699951171875,1726.5999755859375,1695.9000244140625,1710.050048828125,5871709.0,0.006587662324604393,0.01695588319358699,0.8387503446508213,Normal_Market,1
2021-10-27,1519.21337890625,1728.949951171875,1734.1500244140625,1701.1500244140625,1709.0999755859375,5090259.0,0.014820639319105933,0.016585164028503775,0.8042938648951894,Normal_Market,1
2021-10-28,1497.202392578125,1703.9000244140625,1724.75,1692.050048828125,1719.3499755859375,5329972.0,-0.014488410011220254,0.016974526841973966,0.7865824685599031,Normal_Market,1
2021-10-29,1465.437744140625,1667.75,1712.5999755859375,1661.050048828125,1699.0,5875091.0,-0.021216001654126737,0.01752812859148275,0.7440023100261267,Normal_Market,1
2021-11-01,1493.8193359375,1700.050048828125,1707.199951171875,1676.0,1677.5,3636806.0,0.01936731322115559,0.01795603203375903,0.7416748431167445,Normal_Market,1
2021-11-02,1491.93017578125,1697.9000244140625,1706.449951171875,1686.3499755859375,1695.0,3471772.0,-0.0012646510262663835,0.017899116645435753,0.7678844531019717,Normal_Market,1
2021-11-03,1495.9720458984375,1702.5,1717.449951171875,1699.0,1709.0,3530713.0,0.0027091550146245424,0.017823718680411996,0.8075852327574446,Normal_Market,1
2021-11-04,1501.4197998046875,1708.699951171875,1717.0,1705.0,1715.0,483407.0,0.0036416147756144213,0.01759539024715921,0.8023044954349641,Normal_Market,1
2021-11-08,1526.726318359375,1737.5,1741.0,1703.0,1730.0,5245903.0,0.016855058497283304,0.017821842465360727,0.7680355775426195,Normal_Market,1
2021-11-09,1531.119873046875,1742.5,1750.0,1726.0,1734.75,4016134.0,0.0028777618062032495,0.017345490250224114,0.7599164700965764,Normal_Market,1
2021-11-10,1529.054931640625,1740.1500244140625,1750.949951171875,1721.949951171875,1726.0,4780368.0,-0.0013486477725227486,0.016699364514631415,0.731683649576779,Normal_Market,1
2021-11-11,1523.0360107421875,1733.300048828125,1739.75,1709.0,1732.949951171875,4731349.0,-0.003936366688919057,0.01670842651561277,0.7064397557034336,Normal_Market,1
2021-11-12,1564.2464599609375,1780.199951171875,1782.8499755859375,1738.050048828125,1743.0,5069009.0,0.027058092473248863,0.017432315394374356,0.6836818388623709,Normal_Market,1
2021-11-15,1570.3533935546875,1787.1500244140625,1800.0,1775.5,1782.0999755859375,4354074.0,0.0039040737825306593,0.01743258447188277,0.660165536690739,Normal_Market,1
2021-11-16,1574.878662109375,1792.300048828125,1808.949951171875,1777.0,1790.0,6034233.0,0.002881688015742734,0.014384827490444282,0.6493615163830188,Normal_Market,1
2021-11-17,1570.6170654296875,1787.449951171875,1802.0,1780.699951171875,1792.550048828125,4732492.0,-0.0027059841384730055,0.013880873786726174,0.6064093924575554,Weak_Bear,0
2021-11-18,1563.5435791015625,1779.4000244140625,1789.449951171875,1759.0,1781.5999755859375,4326924.0,-0.004503635216894786,0.013700805384886352,0.6552941095106881,Normal_Market,1
2021-11-22,1545.9697265625,1759.4000244140625,1785.4000244140625,1751.1500244140625,1784.0,6621839.0,-0.011239758695539948,0.012468486722854319,0.6695879269022628,Normal_Market,1
2021-11-23,1526.19921875,1736.9000244140625,1747.25,1710.0,1735.0999755859375,8436160.0,-0.012788418474700802,0.01199515094608001,0.6425722044711958,Normal_Market,1
2021-11-24,1490.260498046875,1696.0,1740.5,1688.0,1740.0,7333061.0,-0.023547856833893377,0.013092907950700675,0.6386151786886044,Normal_Market,1
2021-11-25,1513.4578857421875,1722.4000244140625,1726.199951171875,1696.949951171875,1700.0,4476260.0,0.015565995157031054,0.013472474594633833,0.6385631777511189,Normal_Market,1
2021-11-26,1486.4383544921875,1691.6500244140625,1718.3499755859375,1684.0,1702.550048828125,4494181.0,-0.017852846454825433,0.013641352611435472,0.6226814577667341,Weak_Bear,0
2021-11-29,1490.568115234375,1696.3499755859375,1712.0,1669.1500244140625,1691.0,3942776.0,0.0027782926414048337,0.013284596957003755,0.5960891627760527,Weak_Bear,0
2021-11-30,1504.890869140625,1712.6500244140625,1729.9000244140625,1700.050048828125,1704.550048828125,14808963.0,0.009608922772373907,0.012473882501576963,0.5880991600590028,Weak_Bear,0
2021-12-01,1506.867919921875,1714.9000244140625,1741.9000244140625,1713.0,1715.0,5193264.0,0.0013137502670734769,0.0117369225140677,0.5956727754482681,Weak_Bear,0
2021-12-02,1536.17236328125,1748.25,1750.5,1711.3499755859375,1715.0,5559574.0,0.019447254116933044,0.012464209862628963,0.5828827058902459,Weak_Bear,0
2021-12-03,1525.0128173828125,1735.550048828125,1786.6500244140625,1732.550048828125,1771.0999755859375,6754012.0,-0.007264514168579872,0.012613424814596855,0.6329816723412494,Normal_Market,1
2021-12-06,1489.645751953125,1695.300048828125,1733.949951171875,1691.5,1730.0,3991449.0,-0.023191323395159058,0.013701921769617981,0.6549365181601126,Normal_Market,1
2021-12-07,1504.0120849609375,1711.6500244140625,1724.9000244140625,1694.0,1701.0999755859375,4202122.0,0.009644127128195512,0.013316069654063453,0.6169475864361592,Normal_Market,1
2021-12-08,1540.653564453125,1753.3499755859375,1759.800048828125,1732.5999755859375,1733.0,3029169.0,0.024362490074764986,0.014436393389313192,0.6295802943884506,Normal_Market,1
2021-12-09,1549.5284423828125,1763.449951171875,1769.4000244140625,1742.0,1759.0,2082171.0,0.005760463049224063,0.014478291723802928,0.6255989372089772,Normal_Market,1
2021-12-10,1545.837890625,1759.25,1763.75,1746.0,1760.0,1823469.0,-0.0023817257282074955,0.014455879783034545,0.6003690245932382,Weak_Bear,0
2021-12-13,1533.009033203125,1744.6500244140625,1771.3499755859375,1738.800048828125,1767.050048828125,4040584.0,-0.008298966857830159,0.013187467257674702,0.5623079629305848,Weak_Bear,0
2021-12-14,1539.59912109375,1752.1500244140625,1763.0,1710.3499755859375,1730.9000244140625,4768144.0,0.0042987926019297795,0.013195368288041204,0.5120789902786631,Weak_Bear,0
2021-12-15,1523.826416015625,1734.199951171875,1747.949951171875,1721.199951171875,1745.0,3053149.0,-0.010244683087971551,0.013322903382296403,0.4160590875185975,Weak_Bear,0
2021-12-16,1556.6895751953125,1771.5999755859375,1777.5999755859375,1758.0,1762.6500244140625,4481031.0,0.021566209139237458,0.01428404118050836,0.4200607119410296,Weak_Bear,0
2021-12-17,1599.965087890625,1820.8499755859373,1842.0,1806.75,1820.0,18887243.0,0.027799706110245515,0.015558912805987814,0.44596634551651526,Weak_Bear,0
2021-12-20,1580.677978515625,1798.9000244140625,1829.6500244140625,1787.300048828125,1801.699951171875,5773891.0,-0.012054706393892611,0.015594416838636322,0.4884307756794923,Weak_Bear,0
2021-12-21,1591.83740234375,1811.5999755859373,1838.0,1801.0,1801.0,5353584.0,0.007059897069360499,0.015284084659679915,0.47662317277966204,Weak_Bear,0
2021-12-22,1603.3482666015625,1824.699951171875,1829.1500244140625,1812.3499755859373,1825.0,4156428.0,0.0072311809239211655,0.014053128937555608,0.4990855931355215,Weak_Bear,0
2021-12-23,1632.2572021484375,1857.5999755859373,1861.5999755859373,1827.0,1831.25,4112933.0,0.01803035319840407,0.014172413471526769,0.5346357737752059,Weak_Bear,0
2021-12-24,1637.441650390625,1863.5,1875.75,1854.0,1872.949951171875,3780347.0,0.0031762446723246907,0.013223443379129436,0.482973662317869,Weak_Bear,0
2021-12-27,1639.7698974609375,1866.1500244140625,1874.5,1845.050048828125,1860.0,2647733.0,0.001421880938326625,0.013238540960142832,0.42375959568201693,Weak_Bear,0
2021-12-28,1658.969482421875,1888.0,1895.9000244140625,1878.4000244140625,1880.699951171875,3340933.0,0.011708706807379787,0.013286388977035817,0.4176382710381932,Weak_Bear,0
2021-12-29,1656.8165283203125,1885.550048828125,1893.800048828125,1876.4000244140625,1883.5,3236635.0,-0.001297765947098406,0.013336941877649122,0.4276940395721993,Weak_Bear,0
2021-12-30,1663.23095703125,1892.8499755859373,1909.800048828125,1874.3499755859373,1884.5,4584738.0,0.0038715383395169223,0.012886143445401411,0.41174758815190227,Weak_Bear,0
2021-12-31,1658.749755859375,1887.75,1898.3499755859373,1871.6500244140625,1890.0,4619420.0,-0.0026942747505576126,0.012714130917075229,0.40468838528111845,Weak_Bear,0
2022-01-03,1668.1517333984375,1898.449951171875,1914.050048828125,1887.75,1887.75,3329616.0,0.005668110880409083,0.01094593896381886,0.4693178584186361,Weak_Bear,0
2022-01-04,1668.7667236328125,1899.1500244140625,1906.6500244140625,1878.0,1898.449951171875,3921999.0,0.0003686656447745573,0.010967908695306084,0.47668811686168966,Weak_Bear,0
2022-01-05,1620.878173828125,1844.6500244140625,1902.9000244140625,1840.0,1900.0,6995719.0,-0.028696970718853243,0.012426241204776442,0.4974337491262254,Weak_Bear,0
2022-01-06,1597.285400390625,1817.800048828125,1828.0,1800.0,1828.0,6449205.0,-0.014555550082940294,0.012973860058800812,0.4840714563230789,Weak_Bear,0
2022-01-07,1594.209716796875,1814.300048828125,1836.0,1806.800048828125,1815.449951171875,4834389.0,-0.0019255692144921621,0.012966893089935724,0.4583713529646259,Weak_Bear,0
2022-01-10,1626.2381591796875,1850.75,1869.9000244140625,1813.0,1815.0,7857560.0,0.020090482478782645,0.013371311934557368,0.4360971564236356,Weak_Bear,0
2022-01-11,1630.4996337890625,1855.5999755859373,1870.0,1850.1500244140625,1855.0,5142287.0,0.002620449277567438,0.013368269640482341,0.4159000650915388,Weak_Bear,0
2022-01-12,1649.698974609375,1877.449951171875,1889.0,1860.0,1868.9000244140625,5362535.0,0.011775127342835257,0.013128363753376988,0.41594418956392276,Weak_Bear,0
2022-01-13,1666.7017822265625,1896.800048828125,1912.5,1866.3499755859373,1905.0,14277630.0,0.010306612223732303,0.012567497316173607,0.40926941839314324,Weak_Bear,0
2022-01-14,1695.3033447265625,1929.3499755859373,1933.0,1881.0,1882.0,7688506.0,0.01716057593806064,0.011678301609498102,0.43877608092498893,Weak_Bear,0
2022-01-17,1704.2220458984375,1939.5,1953.9000244140625,1930.5,1938.550048828125,5262464.0,0.005260829101539688,0.011135576764922115,0.48914124910404805,Weak_Bear,0
2022-01-18,1687.7464599609375,1920.75,1945.0,1911.449951171875,1922.0999755859373,3690315.0,-0.009667511329965461,0.011502283565501979,0.465490031146589,Weak_Bear,0
2022-01-19,1640.560791015625,1867.050048828125,1916.0,1862.8499755859373,1916.0,5747770.0,-0.0279577946479026,0.013360980313551254,0.49734950941740425,Weak_Bear,0
2022-01-20,1602.4696044921875,1823.699951171875,1848.0,1815.5,1844.0,5533463.0,-0.023218393815115035,0.013807823506928437,0.477325191149147,Weak_Bear,0
2022-01-21,1569.0792236328125,1785.699951171875,1808.0,1776.0,1795.0,8252758.0,-0.02083682633715611,0.014469373278481884,0.45423669267791084,Weak_Bear,0
2022-01-24,1526.1112060546875,1736.800048828125,1768.6500244140625,1728.0,1765.0,7116712.0,-0.02738422441069821,0.015504381071345412,0.4039650072828755,Weak_Bear,0
2022-01-25,1513.2384033203125,1722.1500244140625,1740.0,1700.5,1726.5999755859375,9137653.0,-0.008435035850142159,0.01511585629156766,0.37199118489105454,Weak_Bear,0
2022-01-27,1474.971435546875,1678.5999755859375,1709.699951171875,1665.0,1702.0,11231734.0,-0.0252881288827147,0.015787226253468907,0.3686959425909858,Weak_Bear,0
2022-01-28,1481.6492919921875,1686.199951171875,1727.550048828125,1679.5,1681.0,10998502.0,0.004527447979246091,0.015808772161081147,0.3588555214362732,Weak_Bear,0
2022-01-31,1525.583984375,1736.199951171875,1749.5,1715.3499755859375,1718.0,8788872.0,0.02965255855097726,0.01767136392264084,0.37888921422469835,Weak_Bear,0
2022-02-01,1557.085205078125,1772.050048828125,1780.0,1734.699951171875,1766.0999755859375,5119935.0,0.020648630967393444,0.018406132377206084,0.4221522956094508,Weak_Bear,0
2022-02-02,1570.3092041015625,1787.0999755859375,1792.800048828125,1772.0,1789.0,4253717.0,0.008492790876382328,0.018579668264515924,0.4111002825582537,Weak_Bear,0
2022-02-03,1527.64892578125,1738.550048828125,1779.0,1734.0,1779.0,3832922.0,-0.027166801422857434,0.018470555690264845,0.4631485172625437,Weak_Bear,0
2022-02-04,1529.8897705078125,1741.0999755859375,1753.949951171875,1710.1500244140625,1732.0,4700077.0,0.0014668584442047994,0.018280108075496952,0.4691758672135516,Weak_Bear,0
2022-02-07,1506.9556884765625,1715.0,1732.0,1695.4000244140625,1722.199951171875,4310209.0,-0.01499067610840843,0.01850954439990234,0.42854739897266875,Weak_Bear,0
2022-02-08,1508.976806640625,1717.300048828125,1725.0,1696.0,1710.0,6053401.0,0.0013411928297013542,0.01775682454878984,0.39198733213975145,Weak_Bear,0
2022-02-09,1526.550537109375,1737.300048828125,1743.0,1725.0,1735.0,3867244.0,0.011646123645779438,0.018035332278593597,0.34820946822322746,Weak_Bear,0
2022-02-10,1554.9322509765625,1769.5999755859375,1773.9000244140625,1748.75,1755.6500244140625,4334630.0,0.018592056520402078,0.018392787232106054,0.3395816180261684,Weak_Bear,0
2022-02-11,1512.535400390625,1721.3499755859375,1745.949951171875,1713.0,1740.0,7551371.0,-0.02726604362300067,0.018896367323238288,0.3213209374828741,Weak_Bear,0
2022-02-14,1478.1346435546875,1682.199951171875,1718.550048828125,1678.25,1690.0,7459637.0,-0.022743769717424978,0.01857383736657332,0.3134253145273774,Weak_Bear,0
2022-02-15,1527.3853759765625,1738.25,1746.75,1690.449951171875,1699.0,4669915.0,0.03331951702548186,0.020483636504499532,0.3444483898551199,Weak_Bear,0
2022-02-16,1523.0360107421875,1733.300048828125,1755.449951171875,1726.8499755859375,1738.25,5350642.0,-0.002847588632694742,0.02046321773995455,0.3610575394657369,Weak_Bear,0
2022-02-17,1515.567138671875,1724.800048828125,1749.0,1720.300048828125,1744.0,3937950.0,-0.0049039366223999625,0.019733646776342425,0.40798602721752897,Weak_Bear,0
2022-02-18,1499.882080078125,1706.949951171875,1722.5,1703.5,1710.0,5602215.0,-0.010349299739696893,0.019270482703898577,0.4035573987950883,Weak_Bear,0
2022-02-21,1520.75146484375,1730.699951171875,1737.300048828125,1691.5,1701.0,5120890.0,0.013914017003615387,0.019155876157442745,0.39553136571146247,Weak_Bear,0
2022-02-22,1523.9583740234375,1734.3499755859375,1751.0,1691.050048828125,1699.9000244140625,8878515.0,0.0021087661289986848,0.018158626062299527,0.3772189642876096,Weak_Bear,0
2022-02-23,1531.4273681640625,1742.8499755859375,1758.25,1733.4000244140625,1750.0,5478811.0,0.004901048655880258,0.018073918624184296,0.35223404988972995,Weak_Bear,0
2022-02-24,1474.5760498046875,1678.1500244140625,1714.949951171875,1670.5,1690.0999755859375,13592379.0,-0.037123091529656205,0.019134032172439835,0.3565229649461402,Weak_Bear,0
2022-02-25,1489.030517578125,1694.5999755859375,1728.1500244140625,1677.0,1715.0,9737281.0,0.009802456628365874,0.01923348668795952,0.34863915723966443,Weak_Bear,0
2022-02-28,1507.48291015625,1715.5999755859375,1728.050048828125,1665.0,1682.199951171875,15076542.0,0.012392219205914934,0.018213171095864202,0.36169753245058595,Weak_Bear,0
2022-03-02,1496.2357177734375,1702.800048828125,1714.4000244140625,1691.0,1710.0,6771489.0,-0.00746090871547378,0.017573641765469647,0.4159187276093246,Weak_Bear,0
2022-03-03,1512.09619140625,1720.8499755859375,1733.9000244140625,1705.550048828125,1720.199951171875,7344147.0,0.01060025064527581,0.017645055715903114,0.424792303881834,Weak_Bear,0
2022-03-04,1514.2490234375,1723.300048828125,1736.0,1681.0,1695.25,9074499.0,0.0014237401320664755,0.016603955290187496,0.47168752165049244,Weak_Bear,0
2022-03-07,1528.791259765625,1739.8499755859375,1751.0,1696.0,1697.0,9742588.0,0.009603596306182682,0.016748807460486664,0.4637868989630669,Weak_Bear,0
2022-03-08,1562.489013671875,1778.199951171875,1800.0,1718.449951171875,1718.449951171875,10984500.0,0.022042089586132407,0.01703747159995812,0.4475117468446264,Weak_Bear,0
2022-03-09,1593.375,1813.3499755859373,1831.5999755859373,1791.0,1791.0,10193515.0,0.019767170237915632,0.017494890000876385,0.4067824629627034,Weak_Bear,0
2022-03-10,1604.4027099609375,1825.9000244140625,1844.75,1810.199951171875,1844.75,6547182.0,0.006920975891386183,0.017401806856511926,0.3510930141129447,Weak_Bear,0
2022-03-11,1600.9757080078125,1822.0,1831.4000244140625,1811.0,1814.0,4758657.0,-0.0021359986067390757,0.017014348368139295,0.3567450710286211,Weak_Bear,0
2022-03-14,1661.341796875,1890.699951171875,1895.0,1831.550048828125,1831.550048828125,10289724.0,0.03770581187787325,0.01741114747179146,0.3611965099962347,Weak_Bear,0
2022-03-15,1616.177001953125,1839.300048828125,1888.3499755859373,1830.0,1888.3499755859373,7140443.0,-0.027185733246963606,0.017805485020807692,0.3611934098562267,Weak_Bear,0
2022-03-16,1660.1995849609375,1889.4000244140625,1893.949951171875,1849.0,1865.0,5233979.0,0.02723871392465793,0.01733542707151483,0.4054427674042897,Weak_Bear,0
2022-03-17,1629.62109375,1854.5999755859373,1923.300048828125,1833.050048828125,1923.300048828125,17731459.0,-0.018418563338971627,0.0180108023750547,0.4409998318656008,Weak_Bear,0
2022-03-21,1628.259033203125,1853.050048828125,1886.9000244140625,1841.0999755859373,1861.0,8362085.0,-0.0008358142589702799,0.017933200055724324,0.4975845914806308,Weak_Bear,0
2022-03-22,1658.442138671875,1887.4000244140625,1890.0,1839.0,1850.0,5709382.0,0.018537041621303763,0.017901477047652225,0.523415255006222,Weak_Bear,0
2022-03-23,1645.261962890625,1872.4000244140625,1900.0,1857.0,1897.0,6192824.0,-0.007947323258323036,0.018007856141832097,0.5073988255830675,Weak_Bear,0
2022-03-24,1657.826904296875,1886.699951171875,1894.5999755859373,1856.1500244140625,1856.1500244140625,3784303.0,0.007637046069049136,0.01801815969291957,0.46586387345220537,Weak_Bear,0
2022-03-25,1648.908447265625,1876.550048828125,1894.0,1858.0,1892.0,3438588.0,-0.0053796068866626134,0.01814848444878938,0.38254095479971945,Weak_Bear,0
2022-03-28,1646.5797119140625,1873.9000244140625,1880.9000244140625,1852.6500244140625,1866.0,4008555.0,-0.0014122890542674904,0.01546210872286031,0.3948006435320077,Weak_Bear,0
2022-03-29,1657.2119140625,1886.0,1889.4000244140625,1860.550048828125,1873.9000244140625,3917785.0,0.006457143903515039,0.015432830996360503,0.3779340724356349,Weak_Bear,0
2022-03-30,1672.984375,1903.949951171875,1919.0,1895.0,1910.0,7795839.0,0.009517467744263985,0.015378330346469819,0.3616306762047505,Weak_Bear,0
2022-03-31,1675.5325927734375,1906.8499755859373,1913.0,1894.199951171875,1900.0,5399145.0,0.001523156947259352,0.015113865482809422,0.40548475445739735,Weak_Bear,0
2022-04-01,1672.633056640625,1903.550048828125,1910.300048828125,1878.300048828125,1886.8499755859373,6171518.0,-0.0017305161029502747,0.01515844894014631,0.4382628452969615,Weak_Bear,0
2022-04-04,1654.5318603515625,1882.949951171875,1893.0,1873.0,1889.75,7364074.0,-0.01082197689277864,0.015559589797615101,0.4917818390496104,Weak_Bear,0
2022-04-05,1635.33251953125,1861.0999755859373,1889.5999755859373,1857.1500244140625,1883.800048828125,5472024.0,-0.011604092541459443,0.01591592740985855,0.4682504405694057,Weak_Bear,0
2022-04-06,1606.9947509765625,1828.8499755859373,1857.5,1822.1500244140625,1855.0,5407453.0,-0.017328444347703753,0.01593578879037706,0.42198964066926126,Weak_Bear,0
2022-04-07,1591.31005859375,1811.0,1828.1500244140625,1807.550048828125,1821.050048828125,5797544.0,-0.009760263605889774,0.015519151440538873,0.3982965243211257,Weak_Bear,0
2022-04-08,1594.4732666015625,1814.5999755859373,1838.0,1808.0,1823.0,5131446.0,0.0019878011772311854,0.01544319581682617,0.3222883388298045,Weak_Bear,0
2022-04-11,1552.2523193359375,1766.550048828125,1814.0,1762.550048828125,1814.0,8248407.0,-0.02647955795183332,0.016525413154224355,0.32296459257356236,Weak_Bear,0
2022-04-12,1531.0758056640625,1742.449951171875,1757.5,1727.75,1757.5,6456184.0,-0.013642442925087317,0.01390936186531805,0.30634433717278137,Weak_Bear,0
2022-04-13,1536.435791015625,1748.550048828125,1757.5,1732.0,1754.949951171875,6257693.0,0.0035007968460698535,0.012868684519040803,0.31723667618228785,Weak_Bear,0
2022-04-18,1424.710205078125,1621.4000244140625,1650.0,1590.0,1605.5,30523965.0,-0.07271738044038045,0.018783201293492625,0.41998009167445927,Weak_Bear,0
2022-04-19,1372.5159912109375,1562.0,1636.6500244140625,1550.0,1636.6500244140625,17044923.0,-0.03663496876849104,0.019759574923656098,0.5042554717209852,Weak_Bear,0
2022-04-20,1395.0982666015625,1587.699951171875,1596.300048828125,1563.0,1575.0,10678747.0,0.016453196563998684,0.020471285869164794,0.5648082789904894,Weak_Bear,0
2022-04-21,1422.4256591796875,1618.800048828125,1627.199951171875,1589.25,1595.0,7766514.0,0.019588148901291458,0.02054285138935586,0.5689186769574455,Weak_Bear,0
2022-04-22,1393.121337890625,1585.449951171875,1610.699951171875,1582.4000244140625,1604.3499755859375,8134245.0,-0.020601654012598614,0.02075310850047832,0.5310531324945778,Weak_Bear,0
2022-04-25,1371.7249755859375,1561.0999755859375,1572.800048828125,1554.0999755859375,1572.800048828125,7000570.0,-0.015358577693659115,0.020472059893036954,0.5060967392416565,Weak_Bear,0
2022-04-26,1389.2110595703125,1581.0,1592.0,1566.550048828125,1577.199951171875,5345435.0,0.012747514476730837,0.0210444051848892,0.4503783262928518,Weak_Bear,0
2022-04-27,1364.4320068359375,1552.800048828125,1572.75,1550.3499755859375,1572.75,8819356.0,-0.017836780497586302,0.021081263409880324,0.4739141012209498,Weak_Bear,0
2022-04-28,1390.6170654296875,1582.5999755859375,1601.800048828125,1557.449951171875,1570.0,9245177.0,0.01919117879275789,0.02175845401284791,0.4446043782140676,Weak_Bear,0
2022-04-29,1377.392578125,1567.550048828125,1597.300048828125,1560.800048828125,1590.0,9831395.0,-0.009509797940384979,0.021341152161663886,0.44781631171403347,Weak_Bear,0
2022-05-02,1354.0634765625,1541.0,1552.75,1531.0,1550.9000244140625,7072627.0,-0.01693714771881316,0.021240471322293085,0.47710152682142415,Weak_Bear,0
2022-05-04,1349.274658203125,1535.550048828125,1570.0,1530.1500244140625,1547.25,6220959.0,-0.003536627670906678,0.021205596157642965,0.479864132925041,Weak_Bear,0
2022-05-05,1392.8575439453125,1585.1500244140625,1589.4000244140625,1557.449951171875,1560.050048828125,6144870.0,0.03230097406574606,0.02326019319402812,0.5366729715074056,High_Volatility,2
2022-05-06,1355.68896484375,1542.8499755859375,1561.8499755859375,1535.050048828125,1550.0,6171472.0,-0.026685126029673767,0.02361439177899976,0.5398698922608034,High_Volatility,2
2022-05-09,1379.8529052734375,1570.3499755859375,1586.800048828125,1522.1500244140625,1540.0,6832202.0,0.017824103504798128,0.024266026943933962,0.49536101239073027,High_Volatility,2
2022-05-10,1364.607666015625,1553.0,1569.1500244140625,1546.050048828125,1558.0,6212545.0,-0.01104845248326769,0.02427459415153121,0.48023583793368885,High_Volatility,2
2022-05-11,1341.5419921875,1526.75,1549.949951171875,1511.5999755859375,1549.949951171875,7846080.0,-0.016902787814077058,0.024258840178918214,0.4287288264437834,High_Volatility,2
2022-05-12,1325.76953125,1508.800048828125,1527.5,1504.300048828125,1514.0,7034979.0,-0.011756964023005856,0.023899319424759306,0.47013287188257114,High_Volatility,2
2022-05-13,1321.9034423828125,1504.4000244140625,1529.25,1498.0999755859375,1519.300048828125,6723761.0,-0.0029161093056214726,0.023876412003925603,0.4596455526441807,High_Volatility,2
2022-05-16,1308.4593505859375,1489.0999755859375,1511.8499755859375,1478.6500244140625,1510.0,6145331.0,-0.010170252505463773,0.023754083649112093,0.4892248096370746,High_Volatility,2
2022-05-17,1334.2489013671875,1518.449951171875,1525.0,1480.9000244140625,1494.9000244140625,6516378.0,0.01970986012649245,0.01894932997492666,0.5188426928171748,Weak_Bear,0
2022-05-18,1326.1209716796875,1509.199951171875,1549.699951171875,1505.300048828125,1522.0,6594126.0,-0.006091764197198479,0.01726027131168756,0.5165514784299073,Weak_Bear,0
2022-05-19,1254.0245361328125,1427.1500244140625,1484.699951171875,1417.6500244140625,1481.0,16561140.0,-0.05436640931449599,0.020353851375366185,0.6275549657371065,Weak_Bear,0
2022-05-20,1278.6278076171875,1455.1500244140625,1466.75,1446.699951171875,1453.0,10488908.0,0.019619449839671566,0.020355852154821982,0.6681862407085011,Normal_Market,1
2022-05-23,1290.2705078125,1468.4000244140625,1488.0,1450.050048828125,1455.0999755859375,5887569.0,0.009105620983646201,0.020250006484529837,0.6516968894215535,Normal_Market,1
2022-05-24,1266.194091796875,1441.0,1469.550048828125,1435.25,1468.5999755859375,5693167.0,-0.018659975462388623,0.02036377353893584,0.6414906170096064,Normal_Market,1
2022-05-25,1239.350341796875,1410.449951171875,1442.5,1399.25,1435.0,9630092.0,-0.021200343749752992,0.020327042344380698,0.6165899075235403,Weak_Bear,0
2022-05-26,1251.212646484375,1423.949951171875,1430.0,1407.050048828125,1418.0,13040065.0,0.00957138937025781,0.02037492141299185,0.5869006368127313,Weak_Bear,0
2022-05-27,1284.0755615234375,1461.3499755859375,1467.0,1437.4000244140625,1443.949951171875,8284860.0,0.02626485204685225,0.020856627404034773,0.5501756739182092,Weak_Bear,0
2022-05-30,1341.5860595703125,1526.800048828125,1530.0,1485.0,1487.0,10904213.0,0.04478747183588183,0.023443519647830393,0.5581112848023551,High_Volatility,2
2022-05-31,1335.1923828125,1503.5999755859375,1518.0,1488.1500244140625,1510.699951171875,16033857.0,-0.004765759685860349,0.023165854327414873,0.5737462772352132,High_Volatility,2
2022-06-01,1312.9481201171875,1478.550048828125,1514.75,1472.0999755859375,1513.0,8738508.0,-0.01665996824252125,0.02344221691541738,0.5612240213412563,High_Volatility,2
2022-06-02,1339.0997314453125,1508.0,1513.8499755859375,1475.5999755859375,1484.0,7205840.0,0.01991823662140657,0.022664182233058706,0.601954255241267,High_Volatility,2
2022-06-03,1351.2652587890625,1521.699951171875,1555.0,1518.0,1524.9000244140625,9395707.0,0.009084855338309605,0.021991903758535762,0.6357439031605578,High_Volatility,2
2022-06-06,1358.6802978515625,1530.050048828125,1536.5999755859375,1493.0,1516.0,6624883.0,0.005487478505252996,0.021637806503012277,0.6160496993207022,High_Volatility,2
2022-06-07,1337.9451904296875,1506.699951171875,1519.8499755859375,1502.5999755859375,1519.8499755859375,4904592.0,-0.015261211526113039,0.021765518361166778,0.6053779923147316,High_Volatility,2
2022-06-08,1331.99560546875,1500.0,1520.199951171875,1492.0,1520.199951171875,4697608.0,-0.0044468076895038955,0.02145529781864467,0.5637864247452217,High_Volatility,2
2022-06-09,1345.3155517578125,1515.0,1516.949951171875,1481.5,1485.0,4361061.0,0.00999999266842555,0.021386600454989347,0.5556909208238411,High_Volatility,2
2022-06-10,1311.3941650390625,1476.800048828125,1493.949951171875,1473.5999755859375,1486.0999755859375,6516436.0,-0.025214446286915937,0.022165811995514,0.5309110078639357,High_Volatility,2
2022-06-13,1264.951904296875,1424.5,1443.5999755859375,1411.699951171875,1443.5999755859375,6987685.0,-0.03541441770926601,0.023447281466863056,0.5556708959131904,High_Volatility,2
2022-06-14,1279.2044677734375,1440.550048828125,1448.9000244140625,1403.1500244140625,1410.0,6090247.0,0.011267276983534691,0.02312044657712139,0.5793351127516437,High_Volatility,2
2022-06-15,1262.9093017578125,1422.199951171875,1446.4000244140625,1418.8499755859375,1440.199951171875,4651958.0,-0.012738515558805119,0.023232147819347015,0.552361436758171,High_Volatility,2
2022-06-16,1240.7098388671875,1397.199951171875,1443.75,1392.0,1438.0,6641772.0,-0.017578034194321135,0.020132466803031844,0.5836138077676977,Weak_Bear,0
2022-06-17,1231.9185791015625,1387.300048828125,1396.949951171875,1367.1500244140625,1391.050048828125,9692047.0,-0.007085669421024177,0.01961791163052944,0.6271401028137454,Normal_Market,1
2022-06-20,1255.7611083984375,1414.1500244140625,1422.3499755859375,1382.0,1390.050048828125,4595194.0,0.019353981424862887,0.020043597774057037,0.6437330453994977,Normal_Market,1
2022-06-21,1287.5072021484375,1449.9000244140625,1456.0,1422.75,1424.0,6270787.0,0.025280360681410263,0.0204294293241988,0.6738310934582401,Normal_Market,1
2022-06-22,1276.27392578125,1437.25,1459.5999755859375,1435.0,1436.050048828125,6253366.0,-0.008724826042481704,0.019898417433677092,0.6337344988993031,Normal_Market,1
2022-06-23,1289.771484375,1452.449951171875,1458.0,1433.0,1439.800048828125,6254281.0,0.0105757536223956,0.019920699182827628,0.6647799811536738,Normal_Market,1
2022-06-24,1279.6925048828125,1441.0999755859375,1467.5,1428.9000244140625,1458.0,6114340.0,-0.007814546696286784,0.019152188720567447,0.6631272081713253,Normal_Market,1
2022-06-27,1309.4405517578125,1474.5999755859375,1484.0,1465.1500244140625,1468.050048828125,4511097.0,0.023246246079814403,0.016984047820516202,0.6441062292392279,Normal_Market,1
2022-06-28,1314.3690185546875,1480.1500244140625,1488.25,1453.0,1469.0,4412178.0,0.0037637957601504013,0.016993568113030485,0.6532152776537083,Normal_Market,1
2022-06-29,1299.36181640625,1463.25,1477.0,1457.0,1464.699951171875,5060038.0,-0.011417799671617157,0.016772592732680666,0.6368887764460572,Normal_Market,1
2022-06-30,1298.1630859375,1461.9000244140625,1482.0,1455.0,1465.050048828125,9165177.0,-0.0009225532516150547,0.016077755080257074,0.6594683282895841,Normal_Market,1
2022-07-01,1313.702880859375,1479.4000244140625,1485.0,1442.3499755859375,1454.0,4651635.0,0.011970602992961155,0.016189625908917104,0.6843961506690676,Normal_Market,1
2022-07-04,1321.339599609375,1488.0,1492.25,1462.0,1480.25,4800224.0,0.005813124764561861,0.01619695633191783,0.6886772135151449,Normal_Market,1
2022-07-05,1310.63916015625,1475.949951171875,1509.949951171875,1472.0,1498.800048828125,7379669.0,-0.008098175106754035,0.01594852500535334,0.6908102044373584,Normal_Market,1
2022-07-06,1324.5810546875,1491.6500244140625,1500.0,1470.0,1482.199951171875,5209162.0,0.010637477465260448,0.01612808737801025,0.6571210864212367,Normal_Market,1
2022-07-07,1330.8411865234375,1498.699951171875,1513.949951171875,1495.699951171875,1503.050048828125,3323472.0,0.004726122130302102,0.01599588671254749,0.6962566056144966,Normal_Market,1
2022-07-08,1344.8271484375,1514.449951171875,1516.949951171875,1499.949951171875,1515.0,3652582.0,0.010509114126981745,0.015047783114500581,0.6648720203378325,Normal_Market,1
2022-07-11,1308.153076171875,1473.1500244140625,1499.9000244140625,1466.4000244140625,1495.0,4702638.0,-0.02727047286949491,0.01407907768265882,0.6834042326862031,Normal_Market,1
2022-07-12,1277.4725341796875,1438.5999755859375,1468.5999755859375,1436.0,1461.800048828125,4710356.0,-0.023453327099890897,0.014960041333878744,0.6829129125361367,Normal_Market,1
2022-07-13,1282.66748046875,1444.449951171875,1460.0,1438.5999755859375,1450.0,5264025.0,0.004066581589872165,0.014673825926327703,0.6577888048301658,Normal_Market,1
2022-07-14,1268.814697265625,1428.8499755859375,1452.949951171875,1414.0,1451.0,6157606.0,-0.010799980052556224,0.01429858856252956,0.670887364055195,Normal_Market,1
2022-07-15,1270.146728515625,1430.3499755859375,1446.0,1410.6500244140625,1446.0,5620018.0,0.0010498233137357094,0.014165032031464698,0.7013677786681402,Normal_Market,1
2022-07-18,1323.0269775390625,1489.9000244140625,1493.5999755859375,1448.050048828125,1450.0,5835171.0,0.04163318129806681,0.016341509212532506,0.7106901050184038,Normal_Market,1
2022-07-19,1317.9210205078125,1484.1500244140625,1486.8499755859375,1470.0999755859375,1471.550048828125,3418540.0,-0.003859299256880999,0.015503470735929769,0.708978035094122,Normal_Market,1
2022-07-20,1345.5821533203125,1515.300048828125,1525.800048828125,1500.0,1501.25,5079392.0,0.020988460144479415,0.015912401214289953,0.6974976387235603,Normal_Market,1
2022-07-21,1361.210693359375,1532.9000244140625,1535.449951171875,1503.0999755859375,1517.0,5008061.0,0.011614705204359366,0.015940904996270176,0.6982434483265764,Normal_Market,1
2022-07-22,1337.590087890625,1506.300048828125,1540.0,1492.1500244140625,1534.0,7020642.0,-0.01735264465962716,0.016411507028135063,0.6739899862541758,Normal_Market,1
2022-07-25,1335.1923828125,1503.5999755859375,1517.1500244140625,1480.0999755859375,1480.0999755859375,7859626.0,-0.0017925559555440618,0.015671271302948535,0.7049751288065087,Normal_Market,1
2022-07-26,1288.6171875,1451.1500244140625,1496.6500244140625,1445.0,1496.6500244140625,7268273.0,-0.03488275990190437,0.017589504175485306,0.710577464628499,Normal_Market,1
2022-07-27,1306.2880859375,1471.050048828125,1473.0,1445.0,1451.0,4517285.0,0.01371307057589588,0.017691579823460125,0.671247182051951,Normal_Market,1
2022-07-28,1347.4468994140625,1517.4000244140625,1524.449951171875,1489.8499755859375,1496.4000244140625,6636841.0,0.03150822082789162,0.01900040212554088,0.6728916675599976,Normal_Market,1
2022-07-29,1376.1290283203125,1549.699951171875,1555.699951171875,1528.0,1532.800048828125,7009465.0,0.021286277714337,0.019367399250360032,0.6851920861573464,Normal_Market,1
2022-08-01,1377.328125,1551.050048828125,1564.0,1537.9000244140625,1564.0,2983249.0,0.0008713548330210319,0.019354449797895034,0.7364049921912001,Normal_Market,1
2022-08-02,1370.7122802734375,1543.5999755859375,1547.0,1528.3499755859375,1546.550048828125,4374635.0,-0.004803390424168219,0.019275552095098594,0.7503986343584447,Normal_Market,1
2022-08-03,1390.6922607421875,1566.0999755859375,1570.0,1539.9000244140625,1549.0,6011955.0,0.014576348921864435,0.019383755224775208,0.7659653322169079,Normal_Market,1
2022-08-04,1420.70654296875,1599.9000244140625,1603.8499755859375,1574.949951171875,1587.5,7402209.0,0.021582260197913428,0.019841363522067657,0.7488394506914187,Normal_Market,1
2022-08-05,1435.58056640625,1616.6500244140625,1625.699951171875,1602.300048828125,1608.4000244140625,5361971.0,0.010469455153221618,0.01984062384311639,0.7248958977184616,Normal_Market,1
2022-08-08,1438.0224609375,1619.4000244140625,1622.0,1596.0,1617.0,3763409.0,0.0017009804871925827,0.01849079445611745,0.7067350144481405,Normal_Market,1
2022-08-10,1422.9710693359375,1602.449951171875,1621.199951171875,1588.0999755859375,1621.199951171875,4423829.0,-0.010466729143959186,0.01765148137227215,0.7227834662935467,Normal_Market,1
2022-08-11,1438.510986328125,1619.949951171875,1631.3499755859375,1616.0,1630.0,3462090.0,0.010920753996382704,0.017687559911891977,0.7003824523967522,Normal_Market,1
2022-08-12,1415.5562744140625,1594.0999755859375,1614.0,1590.1500244140625,1613.300048828125,3562286.0,-0.01595727257714985,0.017979000884383273,0.7197861458261425,Normal_Market,1
2022-08-16,1417.642822265625,1596.449951171875,1609.0,1591.0999755859375,1609.0,3004430.0,0.0014740126473786752,0.017973550310886877,0.731689124179583,Normal_Market,1
2022-08-17,1426.3453369140625,1606.25,1612.0,1585.0,1596.449951171875,4067324.0,0.006138721624202592,0.015863189740888784,0.7325143707311184,Normal_Market,1
2022-08-18,1405.6551513671875,1582.949951171875,1598.199951171875,1574.0,1594.0999755859375,4635706.0,-0.014505733647672492,0.016309158678178646,0.7445816097076343,Normal_Market,1
2022-08-19,1418.22021484375,1597.0999755859375,1604.9000244140625,1585.0999755859375,1585.300048828125,4739884.0,0.008938937451580031,0.015839235979111677,0.776858529427892,Normal_Market,1
2022-08-22,1399.1728515625,1575.6500244140625,1599.0,1574.0,1586.0,3950555.0,-0.013430469458756478,0.01608970457590011,0.7470423604332384,Normal_Market,1
2022-08-23,1369.646728515625,1542.4000244140625,1554.5,1533.0,1548.0,5551574.0,-0.021102555709183624,0.016340842132414306,0.6911719114921318,Normal_Market,1
2022-08-24,1365.2955322265625,1537.5,1546.0,1531.0,1535.0,2888426.0,-0.003176874882020231,0.016357607396401606,0.657769413070145,Normal_Market,1
2022-08-25,1348.1129150390625,1518.1500244140625,1548.699951171875,1513.75,1548.0,4331088.0,-0.01258527313824731,0.01440971676907397,0.6564190040144303,Normal_Market,1
2022-08-26,1351.1322021484375,1521.550048828125,1544.949951171875,1517.449951171875,1535.1500244140625,3079136.0,0.0022396396293611343,0.014160070140348216,0.6275343459640311,Normal_Market,1
2022-08-29,1298.02978515625,1461.75,1468.550048828125,1450.0,1468.550048828125,8079050.0,-0.03930216222198635,0.015154420215742093,0.6038733801186625,Weak_Bear,0
2022-08-30,1325.7352294921875,1492.949951171875,1496.0999755859375,1466.0,1473.0999755859375,6725875.0,0.021344228501353202,0.015159062746989051,0.5902187879827183,Weak_Bear,0
2022-09-01,1300.2054443359375,1464.199951171875,1468.0999755859375,1451.050048828125,1460.050048828125,8140604.0,-0.019257076819199415,0.01563627117785144,0.597234197640357,Weak_Bear,0
2022-09-02,1290.259765625,1453.0,1478.0,1448.0,1478.0,5175653.0,-0.007649313232969246,0.015668760237619345,0.6227967587740569,Normal_Market,1
2022-09-05,1297.630126953125,1461.300048828125,1467.0,1446.3499755859375,1451.0,3669352.0,0.005712308113827502,0.015268593088255311,0.5990089692751084,Weak_Bear,0
2022-09-06,1292.1246337890625,1455.0999755859375,1470.0,1445.449951171875,1461.300048828125,3428442.0,-0.004242729148859703,0.014096525262226274,0.5786680699971369,Weak_Bear,0
2022-09-07,1294.3890380859375,1457.6500244140625,1465.75,1438.050048828125,1440.0,3600574.0,0.0017524658517149572,0.013734995523583123,0.5726265506959135,Weak_Bear,0
2022-09-08,1310.5948486328125,1475.9000244140625,1481.0999755859375,1463.5999755859375,1475.0,4061475.0,0.01252004619170699,0.01422029952677496,0.37744285016917006,Weak_Bear,0
2022-09-09,1342.3408203125,1511.6500244140625,1520.0,1480.0,1488.0,4816910.0,0.02422256711355475,0.015514918336914731,0.3861958585917065,Weak_Bear,0
2022-09-12,1364.1412353515625,1536.199951171875,1545.9000244140625,1521.1500244140625,1525.800048828125,5494819.0,0.01624059606113093,0.01580536627198503,0.3505056929596939,Weak_Bear,0
2022-09-13,1371.9110107421875,1544.949951171875,1553.0,1541.300048828125,1551.9000244140625,4947158.0,0.005695726504904464,0.015577255566745116,0.3471087961893916,Weak_Bear,0
2022-09-14,1310.151123046875,1475.4000244140625,1498.949951171875,1472.0,1497.0,14332197.0,-0.04501741527819736,0.01834176987648364,0.37154110578033783,Weak_Bear,0
2022-09-15,1272.3223876953125,1432.800048828125,1475.199951171875,1429.050048828125,1475.0,12784100.0,-0.02887356632843119,0.01900481631865498,0.38845426823933676,Weak_Bear,0
2022-09-16,1222.816650390625,1377.050048828125,1425.0,1368.3499755859375,1425.0,20464045.0,-0.038909743146438136,0.020347823508908507,0.3840674866580495,High_Volatility,2
2022-09-19,1234.5826416015625,1390.300048828125,1406.0,1380.5999755859375,1392.0,6595241.0,0.00962204039925263,0.020376087603592618,0.39476087573936564,High_Volatility,2
2022-09-20,1233.028564453125,1388.550048828125,1413.550048828125,1385.0999755859375,1407.949951171875,7219797.0,-0.0012587874606931893,0.020346543120521466,0.3713198686591758,High_Volatility,2
2022-09-21,1222.993896484375,1377.25,1388.800048828125,1368.4000244140625,1379.9000244140625,7917054.0,-0.008138228308766426,0.02004778775053026,0.34827177995896796,Weak_Bear,0
2022-09-22,1214.7354736328125,1367.949951171875,1383.949951171875,1360.0,1366.3499755859375,9168498.0,-0.006752628018260931,0.020042363701618313,0.3107044351021729,Weak_Bear,0
2022-09-23,1212.515625,1365.449951171875,1394.800048828125,1362.0,1367.5,10426200.0,-0.0018274337754983216,0.019990218363413696,0.3118524663899399,Weak_Bear,0
2022-09-26,1225.6580810546875,1380.25,1399.449951171875,1355.0,1360.0,9414587.0,0.010838999336348687,0.020247089540873845,0.2981781633135651,High_Volatility,2
2022-09-27,1237.4683837890625,1393.550048828125,1406.5,1378.0,1393.449951171875,8561254.0,0.009635886971195218,0.018741856381799645,0.2903237568692587,Weak_Bear,0
2022-09-28,1238.4896240234375,1394.699951171875,1405.8499755859375,1377.0,1379.0,7022098.0,0.0008252657181009315,0.01792815297519474,0.3308633430566968,Weak_Bear,0
2022-09-29,1241.997314453125,1398.6500244140625,1409.8499755859375,1393.0,1404.9000244140625,6119965.0,0.002832232391493328,0.0175664421068486,0.3359728133649629,Weak_Bear,0
2022-09-30,1255.1395263671875,1413.449951171875,1419.300048828125,1376.0,1388.949951171875,8120130.0,0.010581513954278865,0.017737608772912427,0.33747897467007476,Weak_Bear,0
2022-10-03,1237.6461181640625,1393.75,1412.0,1386.0,1412.0,4943169.0,-0.013937421167634634,0.017876662257585753,0.3495017881248208,Weak_Bear,0
2022-10-04,1269.3031005859375,1429.4000244140625,1432.25,1414.0,1419.699951171875,6631341.0,0.025578379762411618,0.01891183861405097,0.3728494770445774,Weak_Bear,0
2022-10-06,1292.1690673828125,1455.1500244140625,1459.800048828125,1444.0999755859375,1445.0,6180672.0,0.018014583582376398,0.019367762515483496,0.34276715620049053,Weak_Bear,0
2022-10-07,1288.661376953125,1451.199951171875,1457.8499755859375,1440.1500244140625,1446.3499755859375,3994466.0,-0.0027145754516412213,0.01915173522063279,0.31833527162815534,Weak_Bear,0
2022-10-10,1298.8291015625,1462.6500244140625,1465.0,1426.3499755859375,1426.3499755859375,5274677.0,0.007890144603709182,0.018366708685085706,0.3473634458010233,Weak_Bear,0
2022-10-11,1264.330322265625,1423.800048828125,1479.6500244140625,1420.0999755859375,1462.6500244140625,12824774.0,-0.026561446194401372,0.01868368817671255,0.404575216164923,Weak_Bear,0
2022-10-12,1268.6815185546875,1428.699951171875,1441.0999755859375,1413.550048828125,1437.0,5481467.0,0.003441502756388326,0.01863123384896023,0.4121167064349257,Weak_Bear,0
2022-10-13,1260.8670654296875,1419.9000244140625,1437.949951171875,1415.0,1431.0,4821514.0,-0.006159507339479786,0.015930106338262136,0.43591182403356404,Weak_Bear,0
2022-10-14,1309.1297607421875,1474.25,1494.0,1467.25,1485.0,14990688.0,0.038277385963803257,0.016965133875220573,0.42472778414347584,Weak_Bear,0
2022-10-17,1323.0712890625,1489.949951171875,1495.0,1475.5,1476.9000244140625,4286396.0,0.010649462519596753,0.014123747598861477,0.40938142747094763,Weak_Bear,0
2022-10-18,1335.28125,1503.699951171875,1510.949951171875,1497.25,1510.0,4692004.0,0.00922849814551685,0.014115836092804234,0.43763894663241965,Weak_Bear,0
2022-10-19,1319.0753173828125,1485.449951171875,1504.949951171875,1481.300048828125,1504.0,3553171.0,-0.012136718475742492,0.01453341866699699,0.444229267141797,Weak_Bear,0
2022-10-20,1332.794921875,1500.9000244140625,1504.0,1474.199951171875,1475.0,4583939.0,0.010400925793538907,0.014343491283952365,0.42802134128180297,Weak_Bear,0
2022-10-21,1332.43994140625,1500.5,1506.0,1491.3499755859375,1500.300048828125,3594485.0,-0.00026634290311566833,0.014149950739297592,0.3803341993606597,Weak_Bear,0
2022-10-24,1347.846435546875,1517.8499755859375,1521.800048828125,1511.0,1518.5,982837.0,0.011562618067696873,0.01414014939058294,0.3837789854566225,Weak_Bear,0
2022-10-25,1355.3499755859375,1526.300048828125,1532.9000244140625,1521.050048828125,1528.0999755859375,3914341.0,0.005567058561844362,0.014082423508644863,0.39391304317063586,Weak_Bear,0
2022-10-27,1368.0523681640625,1523.949951171875,1534.9000244140625,1512.5,1530.800048828125,6760137.0,0.00937203881428017,0.014078108553648284,0.3916563646420354,Weak_Bear,0
2022-10-28,1358.4471435546875,1513.25,1527.949951171875,1507.0,1526.0,3053981.0,-0.007021094245292181,0.01431154963455191,0.42942777653725445,Weak_Bear,0
2022-10-31,1380.3509521484375,1537.6500244140625,1546.4000244140625,1530.25,1530.25,4542336.0,0.01612415227024111,0.01452580470565639,0.476133735549333,Weak_Bear,0
2022-11-01,1412.084716796875,1573.0,1575.0,1547.0999755859375,1553.050048828125,4542692.0,0.02298963506276852,0.015015720178514522,0.4418095398046572,Weak_Bear,0
2022-11-02,1394.400146484375,1553.300048828125,1572.75,1545.0,1572.0,2938906.0,-0.01252373182865052,0.014919875194136883,0.465352712536469,Weak_Bear,0
2022-11-03,1374.1568603515625,1530.75,1543.9000244140625,1521.6500244140625,1538.75,3174027.0,-0.014517558811113718,0.014856492826819787,0.48709442965116334,Weak_Bear,0
2022-11-04,1359.1202392578125,1514.0,1520.449951171875,1501.1500244140625,1520.449951171875,4509682.0,-0.010942434250121202,0.014838103486838203,0.4675832593265414,Weak_Bear,0
2022-11-07,1353.2403564453125,1507.449951171875,1527.9000244140625,1491.0999755859375,1521.4000244140625,4898592.0,-0.004326241816331788,0.014873009108280185,0.4333603989354954,Weak_Bear,0
2022-11-09,1356.606689453125,1511.199951171875,1529.0,1501.0999755859375,1529.0,3334755.0,0.0024876090871654988,0.014819928078836038,0.4154033933479427,Weak_Bear,0
2022-11-10,1348.3028564453125,1501.949951171875,1512.0,1485.0,1485.0,3435763.0,-0.006121032037045282,0.013358890694542476,0.4000210956747523,Weak_Bear,0
2022-11-11,1409.4813232421875,1570.0999755859375,1573.5,1546.6500244140625,1546.6500244140625,7214098.0,0.04537442497019328,0.016339645680672272,0.40647076160869317,Weak_Bear,0
2022-11-14,1423.1265869140625,1585.300048828125,1591.4000244140625,1568.449951171875,1575.1500244140625,4908813.0,0.009681053197985845,0.01613238832170219,0.44022165549966064,Weak_Bear,0
2022-11-15,1430.9364013671875,1594.0,1597.8499755859375,1572.75,1577.8499755859375,3497614.0,0.005487786206046508,0.014257326390534755,0.43818969611447733,Weak_Bear,0
2022-11-16,1438.8363037109375,1602.800048828125,1609.0,1593.5,1597.1500244140625,4497697.0,0.005520792074477976,0.014187866476170914,0.39089686077695324,Weak_Bear,0
2022-11-17,1425.01171875,1587.4000244140625,1602.800048828125,1582.949951171875,1597.199951171875,3469515.0,-0.009608170801141291,0.014465769673088236,0.4091115540450724,Weak_Bear,0
2022-11-18,1430.39794921875,1593.4000244140625,1598.0,1575.5,1591.699951171875,3126064.0,0.0037797797715479753,0.013998917463190111,0.3963384958927595,Weak_Bear,0
2022-11-21,1407.77587890625,1568.199951171875,1587.8499755859375,1564.050048828125,1582.0999755859375,3071764.0,-0.015815228429861494,0.014597497627892213,0.36940555235559647,Weak_Bear,0
2022-11-22,1422.9019775390625,1585.050048828125,1588.0,1562.0,1569.0,3399329.0,0.010744678083676629,0.014681564905212857,0.39071767475032226,Weak_Bear,0
2022-11-23,1421.1964111328125,1583.1500244140625,1592.0,1579.300048828125,1588.9000244140625,3245067.0,-0.001198653479419387,0.014584708564509725,0.3783819545482072,Weak_Bear,0
2022-11-24,1463.07421875,1629.800048828125,1636.0,1584.75,1589.0,5282215.0,0.029466586946843787,0.015759225305008725,0.443527769463134,Weak_Bear,0
2022-11-25,1468.3258056640625,1635.6500244140625,1644.0,1613.800048828125,1631.4000244140625,4563255.0,0.0035894193519103723,0.015707429799304833,0.4574049102007467,Weak_Bear,0
2022-11-28,1457.3289794921875,1623.4000244140625,1653.5,1620.0,1628.0,3825766.0,-0.007489363824741635,0.015724526469045205,0.5150897002833226,Weak_Bear,0
2022-11-29,1462.4010009765625,1629.050048828125,1638.75,1615.050048828125,1621.199951171875,3131710.0,0.0034803545086590226,0.015447721784133965,0.5293202565194116,Weak_Bear,0
2022-11-30,1467.697265625,1634.949951171875,1645.75,1613.1500244140625,1619.949951171875,11868134.0,0.003621622690972437,0.014718714550733569,0.5031354833793706,Weak_Bear,0
2022-12-01,1487.58154296875,1657.0999755859375,1672.5999755859375,1652.300048828125,1656.199951171875,5407928.0,0.013547941942429587,0.014514596672794556,0.5383892322686086,Weak_Bear,0
2022-12-02,1470.345703125,1637.9000244140625,1661.800048828125,1633.949951171875,1656.0,4283343.0,-0.011586484065507219,0.01433854854412369,0.5404338351838203,Weak_Bear,0
2022-12-05,1472.0062255859375,1639.75,1644.8499755859375,1623.300048828125,1638.0,3824966.0,0.0011293415265596352,0.013948031560283385,0.5004550872064045,Weak_Bear,0
2022-12-06,1447.9029541015625,1612.9000244140625,1626.0,1607.550048828125,1625.0,4822398.0,-0.016374435831465695,0.014576595260952147,0.4771913056918771,Weak_Bear,0
2022-12-07,1441.260009765625,1605.5,1623.800048828125,1596.699951171875,1608.0,4898087.0,-0.004587976229428636,0.014687540676515152,0.4738218844290087,Weak_Bear,0
2022-12-08,1454.4112548828125,1620.1500244140625,1623.9000244140625,1598.5,1605.5,4206837.0,0.00912482482555399,0.014577240726078971,0.4914117724118693,Weak_Bear,0
2022-12-09,1408.7633056640625,1569.300048828125,1628.0,1561.0999755859375,1628.0,8880658.0,-0.03138586081859496,0.013112714816130388,0.490533081032235,Weak_Bear,0
2022-12-12,1388.9239501953125,1547.199951171875,1565.949951171875,1530.050048828125,1550.0,8037679.0,-0.014082816743582138,0.013270406233649725,0.537233467662136,Weak_Bear,0
2022-12-13,1411.3216552734375,1572.1500244140625,1577.5,1541.1500244140625,1547.199951171875,6135067.0,0.016125940570738573,0.013754084514247793,0.5332455361712927,Weak_Bear,0
2022-12-14,1417.8299560546875,1579.4000244140625,1588.5,1573.0,1582.0,4976020.0,0.004611493600294114,0.013734276009955313,0.4970041863960656,Weak_Bear,0
2022-12-15,1382.909423828125,1540.5,1570.0,1535.25,1569.300048828125,6443866.0,-0.024629563000441723,0.014631625100538465,0.5081240878283552,Weak_Bear,0
2022-12-16,1366.4814453125,1522.199951171875,1549.5,1512.050048828125,1525.0,9630453.0,-0.011879287415765494,0.014758479733218088,0.49989102796904766,Weak_Bear,0
2022-12-19,1353.1505126953125,1507.3499755859375,1516.9000244140625,1495.050048828125,1507.949951171875,6222740.0,-0.009755663103159673,0.014524153135952348,0.4852861329969368,Weak_Bear,0
2022-12-20,1353.1058349609375,1507.300048828125,1516.0,1482.449951171875,1501.0,7396259.0,-3.3017564532444865e-05,0.014228156073760588,0.46944680658824706,Weak_Bear,0
2022-12-21,1355.12548828125,1509.550048828125,1521.0,1502.3499755859375,1515.0,6236361.0,0.0014926055805315475,0.014252972588817164,0.47384980117287245,Weak_Bear,0
2022-12-22,1366.3468017578125,1522.050048828125,1529.949951171875,1511.75,1521.5,6302640.0,0.008280645278685439,0.012441454877795056,0.5125873306333095,Weak_Bear,0
2022-12-23,1343.94921875,1497.0999755859375,1509.9000244140625,1493.0,1508.699951171875,6283822.0,-0.016392311951107796,0.01265615753723005,0.5342309475265391,Weak_Bear,0
2022-12-26,1348.70703125,1502.4000244140625,1509.9000244140625,1496.3499755859375,1500.5,4115459.0,0.003540172823215171,0.012751603415620795,0.5706147854381217,Weak_Bear,0
2022-12-27,1359.8834228515625,1514.8499755859375,1521.449951171875,1497.5,1509.949951171875,4860076.0,0.008286745262389594,0.01293969049579162,0.5773323580514785,Weak_Bear,0
2022-12-28,1355.6641845703125,1510.1500244140625,1524.949951171875,1498.5,1505.0999755859375,5029860.0,-0.0031026470433785924,0.012830513856024283,0.5249256553009732,Weak_Bear,0
2022-12-29,1362.3072509765625,1517.550048828125,1521.300048828125,1501.0,1504.0,4624745.0,0.0049002300730955906,0.01234883102383879,0.5701376943989526,Weak_Bear,0
2022-12-30,1353.91357421875,1508.199951171875,1530.4000244140625,1504.050048828125,1528.0,5060544.0,-0.006161368334342776,0.012239822253136355,0.5855980289306082,Weak_Bear,0
2023-01-02,1368.097412109375,1524.0,1526.5,1504.050048828125,1514.0,3801140.0,0.0104761767373589,0.012620300549500103,0.566476812049611,Weak_Bear,0
2023-01-03,1366.795654296875,1522.550048828125,1532.6500244140625,1515.0999755859375,1519.8499755859375,4551130.0,-0.0009515095935258566,0.012263344321561292,0.5691047502311916,Weak_Bear,0
2023-01-04,1341.884521484375,1494.800048828125,1521.0,1491.0999755859375,1521.0,7059590.0,-0.018225937969721717,0.012737631082408859,0.536930672817927,Weak_Bear,0
2023-01-05,1324.2894287109375,1475.199951171875,1505.9000244140625,1469.25,1505.9000244140625,9868404.0,-0.013112225747990647,0.012547830934248503,0.5371735265493054,Weak_Bear,0
2023-01-06,1300.3206787109375,1448.5,1475.0,1446.5,1470.0,6443714.0,-0.018099328953589233,0.011349550687751517,0.5069894029930041,Weak_Bear,0
2023-01-09,1332.59326171875,1484.449951171875,1489.3499755859375,1448.199951171875,1448.199951171875,11498717.0,0.02481894161662157,0.01276430618998975,0.5281645764913637,Weak_Bear,0
2023-01-10,1319.3970947265625,1469.75,1483.9000244140625,1454.050048828125,1482.0,7158624.0,-0.009902621731080474,0.012131179755171247,0.5220514415101546,Weak_Bear,0
2023-01-11,1320.7435302734375,1471.25,1494.0,1464.0,1470.0,6173092.0,0.0010204930359909437,0.012034234264978906,0.49125415811988665,Weak_Bear,0
2023-01-12,1329.136962890625,1480.5999755859375,1485.0,1455.0,1481.949951171875,6591385.0,0.006355081380144956,0.011127318490229183,0.509686769898143,Weak_Bear,0
2023-01-13,1349.8292236328125,1503.6500244140625,1519.4000244140625,1468.0,1483.5,11610426.0,0.015568192985307983,0.011520305730689738,0.5288374688196258,Weak_Bear,0
2023-01-16,1369.4439697265625,1525.5,1528.0,1502.300048828125,1510.0,6073063.0,0.014531279772533434,0.011776052824415446,0.5244719171258951,Weak_Bear,0
2023-01-17,1382.0115966796875,1539.5,1542.199951171875,1524.0,1527.0,5922644.0,0.009177174992879955,0.011926465654579515,0.543686974912952,Weak_Bear,0
2023-01-18,1387.308349609375,1545.4000244140625,1551.8499755859375,1539.5999755859375,1544.75,5843098.0,0.0038326400027417495,0.011941730279311842,0.545476303283706,Weak_Bear,0
2023-01-19,1381.4730224609375,1538.9000244140625,1549.550048828125,1526.1500244140625,1539.9000244140625,6165284.0,-0.00420622217842237,0.011880629529534212,0.5677500594442334,Weak_Bear,0
2023-01-20,1369.4888916015625,1525.550048828125,1545.0,1524.0,1538.0,6496429.0,-0.008674893149941187,0.011415300124926217,0.5485929880086791,Weak_Bear,0
2023-01-23,1389.6422119140625,1548.0,1553.300048828125,1528.0999755859375,1535.0,4855020.0,0.01471594288649647,0.011812623784986445,0.5904259605064259,Weak_Bear,0
2023-01-24,1393.1431884765625,1551.9000244140625,1568.800048828125,1549.75,1560.0,5200802.0,0.002519336655496307,0.011709775990202823,0.596454576897645,Weak_Bear,0
2023-01-25,1385.1536865234375,1543.0,1556.0,1538.75,1547.0,4158617.0,-0.005734874935477197,0.011776159559727448,0.5827233947453281,Weak_Bear,0
2023-01-27,1363.743408203125,1519.1500244140625,1550.949951171875,1507.4000244140625,1546.0,6209955.0,-0.015456969525200925,0.012302277731609428,0.6096466918065598,Weak_Bear,0
2023-01-30,1381.38330078125,1538.800048828125,1544.0,1520.0,1528.800048828125,6964719.0,0.012934905842270972,0.012527731353928259,0.6181484817654477,Normal_Market,1
2023-01-31,1376.8499755859375,1533.75,1548.9000244140625,1513.0,1548.9000244140625,9448126.0,-0.0032817286793235256,0.012361207806743478,0.624704295694921,Normal_Market,1
2023-02-01,1392.4251708984375,1551.0999755859375,1555.050048828125,1528.050048828125,1542.199951171875,6194199.0,0.011312194929496089,0.012593086115113651,0.6199783219424606,Normal_Market,1
2023-02-02,1421.7349853515625,1583.75,1586.949951171875,1552.0,1552.0,6916834.0,0.021049471860820512,0.012498396479974614,0.5857428755785254,Weak_Bear,0
2023-02-03,1435.7841796875,1599.4000244140625,1604.6500244140625,1573.0,1597.5,7040194.0,0.00988172513210217,0.011988508988884707,0.5752057630128515,Weak_Bear,0
2023-02-06,1409.2569580078125,1569.8499755859375,1598.0,1561.5999755859375,1598.0,4570612.0,-0.01847577237232212,0.01202546507336256,0.6196850460584882,Weak_Bear,0
2023-02-07,1402.569091796875,1562.4000244140625,1576.050048828125,1555.0999755859375,1569.0,4336238.0,-0.004745668398467018,0.011128072545565764,0.6355018287317359,Normal_Market,1
2023-02-08,1427.79443359375,1590.5,1603.0,1565.5,1565.5,7983338.0,0.01798509745039234,0.011223037835392621,0.6532459362984617,Normal_Market,1
2023-02-09,1451.58349609375,1617.0,1619.75,1586.050048828125,1596.199951171875,6904911.0,0.01666140583005582,0.01154372921899563,0.6242613068019207,Normal_Market,1
2023-02-10,1443.9981689453125,1608.550048828125,1616.300048828125,1596.449951171875,1612.949951171875,4786762.0,-0.005225553451695952,0.01175008184057453,0.6679568379612483,Normal_Market,1
2023-02-13,1407.1024169921875,1567.449951171875,1597.0,1566.0,1597.0,4001199.0,-0.025551107159694997,0.013171118049610183,0.7005480535980245,Normal_Market,1
2023-02-14,1430.2630615234375,1593.25,1596.0,1578.1500244140625,1584.699951171875,5043736.0,0.016459814333030565,0.013273101997367823,0.7132468429390907,Normal_Market,1
2023-02-15,1433.6744384765625,1597.050048828125,1599.0,1576.0,1584.0,3465747.0,0.00238513952076147,0.013173289527975099,0.7089988058904652,Normal_Market,1
2023-02-16,1437.938720703125,1601.800048828125,1614.449951171875,1597.8499755859375,1600.0,4290289.0,0.0029743727809596887,0.013168125320184151,0.6628220831158332,Normal_Market,1
2023-02-17,1421.7799072265625,1583.800048828125,1595.0,1575.5,1594.0,2857734.0,-0.011237484076276338,0.013430314733855229,0.6334752050950132,Normal_Market,1
2023-02-20,1429.544921875,1592.449951171875,1603.0,1582.5,1584.949951171875,2417716.0,0.005461474458156257,0.013235849355887345,0.6173056245559505,Normal_Market,1
2023-02-21,1417.9197998046875,1579.5,1601.6500244140625,1576.0,1598.699951171875,2723288.0,-0.00813204390601796,0.013086776361615584,0.5978510665682809,Weak_Bear,0
2023-02-22,1402.0306396484375,1561.800048828125,1575.0,1555.300048828125,1563.0,3656244.0,-0.011205965357447334,0.013364754980003227,0.6024608166878523,Weak_Bear,0
2023-02-23,1392.0660400390625,1550.699951171875,1569.8499755859375,1548.1500244140625,1569.8499755859375,4766854.0,-0.007107262371864875,0.013401400128666516,0.5852084021790609,Weak_Bear,0
2023-02-24,1392.0211181640625,1550.6500244140625,1569.0,1545.0,1560.0,2790986.0,-3.226993095728492e-05,0.01287843367178564,0.5547549951048326,Weak_Bear,0
2023-02-27,1354.901123046875,1509.300048828125,1540.0,1502.0,1540.0,4920268.0,-0.02666625860255989,0.01396264396038853,0.5447003420000726,Weak_Bear,0
2023-02-28,1335.376220703125,1487.550048828125,1524.0,1481.300048828125,1515.5999755859375,9679811.0,-0.014410573592147258,0.014281734036416662,0.5447256794017208,Weak_Bear,0
2023-03-01,1343.006591796875,1496.050048828125,1500.8499755859375,1481.5,1492.4000244140625,5125043.0,0.005714023490497988,0.01407215689668876,0.5630603374870087,Weak_Bear,0
2023-03-02,1321.551513671875,1472.1500244140625,1488.5999755859375,1467.300048828125,1485.0,4644499.0,-0.01597540790644536,0.013336511146240335,0.528555915784065,Weak_Bear,0
2023-03-03,1327.9700927734375,1479.300048828125,1489.800048828125,1473.0,1486.75,4615015.0,0.00485685123520363,0.013115414277041257,0.5007701785479779,Weak_Bear,0
2023-03-06,1353.2403564453125,1507.449951171875,1520.4000244140625,1493.1500244140625,1494.550048828125,6561742.0,0.01902924155400121,0.013581594554672581,0.5083361110681672,Weak_Bear,0
2023-03-08,1339.9991455078125,1492.699951171875,1496.0,1481.0999755859375,1490.550048828125,4137080.0,-0.009784818250825777,0.013682784631185878,0.4231111197328334,Weak_Bear,0
2023-03-09,1328.9576416015625,1480.4000244140625,1498.3499755859375,1474.5999755859375,1495.0,5104656.0,-0.008239933542693145,0.0128806859986962,0.43231633380511436,Weak_Bear,0
2023-03-10,1321.0128173828125,1471.550048828125,1474.300048828125,1457.6500244140625,1460.0,3699580.0,-0.005978237356892291,0.011978712259796886,0.4375249646131315,Weak_Bear,0
2023-03-13,1288.2916259765625,1435.0999755859375,1478.300048828125,1428.0,1464.199951171875,8798403.0,-0.02476977586869833,0.012798703612540738,0.4991068544030532,Weak_Bear,0
2023-03-14,1274.7364501953125,1420.0,1448.3499755859375,1411.0,1441.0,7402784.0,-0.010521822472434939,0.01198140907529743,0.5223170144371583,Weak_Bear,0
2023-03-15,1274.4222412109375,1419.6500244140625,1442.8499755859375,1416.8499755859375,1438.0,7556182.0,-0.0002464893698825854,0.010955306145901761,0.5310061350948913,Weak_Bear,0
2023-03-16,1260.462890625,1404.0999755859375,1417.800048828125,1398.699951171875,1417.800048828125,7323117.0,-0.01095347376602085,0.01084299411058272,0.5559049505020874,Weak_Bear,0
2023-03-17,1275.36474609375,1420.699951171875,1442.9000244140625,1411.4000244140625,1430.0,9090018.0,0.011822526136696432,0.011409649724703529,0.5307985902493793,Weak_Bear,0
2023-03-20,1260.058837890625,1403.6500244140625,1419.699951171875,1384.8499755859375,1419.699951171875,8221829.0,-0.012001200636919562,0.011429647354301796,0.504860382263672,Weak_Bear,0
2023-03-21,1248.4334716796875,1390.699951171875,1405.0,1390.0,1399.0,8536755.0,-0.0092260502933329,0.011125165441928118,0.5303107609819829,Weak_Bear,0
2023-03-22,1247.1319580078125,1389.25,1407.25,1382.1500244140625,1403.0,8356487.0,-0.0010425174439803175,0.011189607097845583,0.5133805423318619,Weak_Bear,0
2023-03-23,1233.935791015625,1374.550048828125,1383.949951171875,1370.0,1383.949951171875,7607718.0,-0.01058121148083424,0.01117616304571041,0.5430485610870326,Weak_Bear,0
2023-03-24,1239.411865234375,1380.6500244140625,1398.949951171875,1377.5,1388.0,7559127.0,0.004437892359247186,0.011427907427461846,0.5590407074452707,Weak_Bear,0
2023-03-27,1246.8626708984375,1388.949951171875,1395.75,1374.0999755859375,1386.25,4170193.0,0.006011565544157049,0.011663933842896839,0.6064887737219545,Weak_Bear,0
2023-03-28,1236.673828125,1377.5999755859375,1398.0,1375.8499755859375,1392.0999755859375,6633366.0,-0.008171583776821145,0.010573544899350598,0.5828884685023634,Weak_Bear,0
2023-03-29,1242.01513671875,1383.550048828125,1389.9000244140625,1364.550048828125,1379.0,8813966.0,0.004319092449662554,0.010478730687650883,0.5716720843224409,Weak_Bear,0
2023-03-31,1281.873046875,1427.949951171875,1429.949951171875,1393.9000244140625,1404.0,8711975.0,0.03209132399267656,0.01305204301591178,0.560039831141141,Weak_Bear,0
2023-04-03,1266.5224609375,1410.8499755859375,1435.0,1405.1500244140625,1435.0,5242764.0,-0.011975121853854631,0.01285981373919377,0.5397690918466431,Weak_Bear,0
2023-04-05,1277.9234619140625,1423.550048828125,1427.5,1400.0,1400.0,7506334.0,0.009001815070948993,0.013009447491260097,0.5538810382666366,Weak_Bear,0
2023-04-06,1276.4420166015625,1421.9000244140625,1428.4000244140625,1410.3499755859375,1416.0,6948465.0,-0.001159259812227753,0.012053108320065788,0.5640619897572531,Weak_Bear,0
2023-04-10,1281.5589599609375,1427.5999755859375,1434.0,1415.0,1423.949951171875,4993788.0,0.004008755033776179,0.012029926574817263,0.563316566411594,Weak_Bear,0
2023-04-11,1262.3033447265625,1406.1500244140625,1433.3499755859375,1389.0,1428.9000244140625,6942255.0,-0.01502514970904023,0.012303028942532792,0.5693965861921478,Weak_Bear,0
2023-04-12,1282.1873779296875,1428.300048828125,1431.5,1400.0,1413.050048828125,5831169.0,0.015752182933043146,0.012923398056016479,0.6062329352244378,Weak_Bear,0
2023-04-13,1247.0870361328125,1389.199951171875,1411.050048828125,1383.0,1409.75,11267238.0,-0.02737536057604195,0.013181813767673259,0.642153017492388,Normal_Market,1
2023-04-17,1129.577880859375,1258.300048828125,1261.1500244140625,1185.300048828125,1250.300048828125,53171705.0,-0.09422690788112964,0.024560367550651534,0.6717934492334017,High_Volatility,2
2023-04-18,1130.5206298828125,1259.3499755859375,1269.949951171875,1253.0999755859375,1269.949951171875,12430884.0,0.0008346029427561685,0.024574250043943917,0.6787554585546081,High_Volatility,2
2023-04-19,1106.1478271484375,1232.199951171875,1254.3499755859375,1229.4000244140625,1254.3499755859375,11307230.0,-0.021558919041487545,0.02480751034600907,0.682592063011507,High_Volatility,2
2023-04-20,1098.2484130859375,1223.4000244140625,1237.8499755859375,1221.4000244140625,1230.699951171875,8621249.0,-0.007141372851460659,0.024441995367001364,0.6643096808635872,High_Volatility,2
2023-04-21,1101.794189453125,1227.3499755859375,1233.25,1220.0,1228.0999755859375,8691352.0,0.0032285740866442314,0.024520063461688908,0.6289804061798291,High_Volatility,2
2023-04-24,1100.8516845703125,1226.300048828125,1230.0,1218.0,1228.0,8313774.0,-0.000855427349167881,0.024540535436870858,0.6361361939565867,High_Volatility,2
2023-04-25,1099.5947265625,1224.9000244140625,1235.5,1215.0,1225.949951171875,6808576.0,-0.0011418050455208606,0.02453949591122866,0.6342310280043518,High_Volatility,2
2023-04-26,1101.9737548828125,1227.550048828125,1233.0,1220.550048828125,1228.0,5680192.0,0.002163550136103032,0.024579068155477113,0.6639864249461885,High_Volatility,2
2023-04-27,1118.7606201171875,1246.25,1247.800048828125,1225.4000244140625,1230.0,8020704.0,0.015233452847668083,0.024921237929692357,0.6894267641572946,High_Volatility,2
2023-04-28,1124.5958251953125,1252.75,1259.0,1244.949951171875,1255.699951171875,10118277.0,0.005215776255615534,0.024903697859162893,0.7374909280246562,High_Volatility,2
2023-05-02,1146.7689208984375,1277.449951171875,1279.75,1254.550048828125,1254.550048828125,8886401.0,0.019716501881263948,0.025481338306737572,0.699015747551271,High_Volatility,2
2023-05-03,1139.3179931640625,1269.1500244140625,1272.5,1262.0999755859375,1266.0,5549783.0,-0.006497322693867158,0.025422602929714773,0.6394559889418252,High_Volatility,2
2023-05-04,1143.2679443359375,1273.550048828125,1275.800048828125,1262.5,1268.949951171875,4505401.0,0.0034669435535774618,0.024053558291225272,0.6251767692543755,High_Volatility,2
2023-05-05,1130.296142578125,1259.0999755859375,1279.0,1254.25,1279.0,5373791.0,-0.011346248114519786,0.024044943185827197,0.6105767790185682,High_Volatility,2
2023-05-08,1136.1312255859375,1265.5999755859375,1270.300048828125,1255.199951171875,1262.449951171875,5260842.0,0.005162437336557746,0.02393912823425585,0.5867736490911071,High_Volatility,2
2023-05-09,1140.70947265625,1270.699951171875,1272.0,1260.699951171875,1266.0,4969897.0,0.004029681578332944,0.024017519472996966,0.6015699473345082,High_Volatility,2
2023-05-10,1134.0216064453125,1263.25,1276.4000244140625,1259.1500244140625,1276.4000244140625,6515734.0,-0.005862900564298945,0.023916987536630706,0.6239606743614303,High_Volatility,2
2023-05-11,1127.60302734375,1256.0999755859375,1275.9000244140625,1253.050048828125,1270.25,6888461.0,-0.005660014822541193,0.02381857715776449,0.6160289489744547,High_Volatility,2
2023-05-12,1117.818115234375,1245.199951171875,1256.0,1239.050048828125,1253.3499755859375,8292212.0,-0.008677621354409526,0.02330059140506067,0.6722967196106816,High_Volatility,2
2023-05-15,1129.622802734375,1258.3499755859375,1268.9000244140625,1245.6500244140625,1249.9000244140625,5534710.0,0.010560472530475096,0.02306017192929565,0.7108792757587915,High_Volatility,2
2023-05-16,1134.9642333984375,1264.300048828125,1273.949951171875,1262.75,1265.0,5236469.0,0.004728508180901647,0.009407478973028053,0.6649166435314728,Normal_Market,1
2023-05-17,1119.3441162109375,1246.9000244140625,1260.949951171875,1242.449951171875,1260.5999755859375,10465667.0,-0.013762651480856314,0.009914756110953885,0.6512383136338487,Normal_Market,1
2023-05-18,1118.536376953125,1246.0,1259.6500244140625,1242.449951171875,1258.5999755859375,6948732.0,-0.0007216183532073872,0.008585543783524248,0.636966298243813,Normal_Market,1
2023-05-19,1139.0936279296875,1268.9000244140625,1273.300048828125,1252.800048828125,1256.050048828125,11094136.0,0.01837870578028067,0.009246679552823258,0.6310379009937519,Normal_Market,1
2023-05-22,1160.548828125,1292.800048828125,1295.5999755859375,1270.25,1272.949951171875,7625947.0,0.018835326323708435,0.009995742795631667,0.6172162517222354,Normal_Market,1
2023-05-23,1167.0570068359375,1300.050048828125,1314.1500244140625,1297.050048828125,1299.199951171875,7436031.0,0.005607845661653288,0.009980973691400052,0.6303759178767105,Normal_Market,1
2023-05-24,1165.8004150390625,1298.6500244140625,1305.0,1291.300048828125,1296.300048828125,4824077.0,-0.001076718437501012,0.009979572476413267,0.6666948506202293,Normal_Market,1
2023-05-25,1170.9173583984375,1304.3499755859375,1307.0,1289.25,1294.5,4334121.0,0.004389210445772118,0.009982459994489287,0.6781536035816546,Normal_Market,1
2023-05-26,1182.677001953125,1317.449951171875,1323.449951171875,1306.0,1306.0,5521606.0,0.010043102931510228,0.009713891859286599,0.6825056364772346,Normal_Market,1
2023-05-29,1179.9390869140625,1314.4000244140625,1332.699951171875,1309.8499755859375,1332.699951171875,4419365.0,-0.0023150150333024477,0.009762238369422653,0.7351240352527277,Normal_Market,1
2023-05-30,1188.42236328125,1323.8499755859375,1326.4000244140625,1309.1500244140625,1315.0,6274719.0,0.007189588395934976,0.0089654552604284,0.6927244451813305,Normal_Market,1
2023-05-31,1183.4400634765625,1318.300048828125,1331.0999755859375,1314.1500244140625,1319.8499755859375,17800782.0,-0.004192364565516304,0.008867138838667122,0.6938159419218525,Normal_Market,1
2023-06-01,1184.517333984375,1319.5,1329.5,1318.0999755859375,1322.550048828125,4277841.0,0.0009102873403219469,0.008862377116110374,0.6993324587044691,Normal_Market,1
2023-06-02,1181.7880859375,1299.0,1312.9000244140625,1296.050048828125,1309.0,10909311.0,-0.002304101399423719,0.008372969299997077,0.7033683868521222,Normal_Market,1
2023-06-05,1186.7918701171875,1304.5,1309.449951171875,1297.300048828125,1304.0,5002553.0,0.004234079052944706,0.008358611087582415,0.6630987280373156,Normal_Market,1
2023-06-06,1163.5927734375,1279.0,1288.5999755859375,1273.0,1288.5999755859375,10008100.0,-0.0195477381197402,0.00965202424665794,0.7196491907125722,Normal_Market,1
2023-06-07,1172.644775390625,1288.949951171875,1294.0,1282.5,1290.5,5397578.0,0.007779355595672444,0.00962068137751185,0.6953221131918983,Normal_Market,1
2023-06-08,1167.0498046875,1282.800048828125,1292.0,1281.0999755859375,1286.199951171875,5034942.0,-0.004771240891139672,0.00958679164746587,0.6834313316934436,Normal_Market,1
2023-06-09,1151.72021484375,1265.949951171875,1282.5,1264.0,1282.5,5339073.0,-0.013135334740795201,0.009889381255858002,0.7031055004753451,Normal_Market,1
2023-06-12,1175.374267578125,1291.949951171875,1295.699951171875,1273.0,1273.5,4785588.0,0.02053801993705906,0.010594800121208057,0.7554842638473601,Normal_Market,1
2023-06-13,1187.1102294921875,1304.8499755859375,1306.5,1297.050048828125,1299.9000244140625,4846587.0,0.009984872255409005,0.010729334222295994,0.6962731467364658,Normal_Market,1
2023-06-14,1183.061767578125,1300.4000244140625,1306.699951171875,1293.199951171875,1306.3499755859375,3457981.0,-0.0034103504573407273,0.010147409872881527,0.7038107623643208,Normal_Market,1
2023-06-15,1170.6890869140625,1286.800048828125,1293.949951171875,1282.6500244140625,1293.949951171875,6161155.0,-0.010458186548780946,0.010551805152242272,0.7098128825087588,Normal_Market,1
2023-06-16,1175.101318359375,1291.6500244140625,1301.5,1281.050048828125,1287.0,8536287.0,0.003768918233399754,0.00986600863279643,0.7096529157279681,Normal_Market,1
2023-06-19,1177.2393798828125,1294.0,1299.5,1287.050048828125,1294.0,4451787.0,0.0018194699384923574,0.008997243674725314,0.712265171361547,Normal_Market,1
2023-06-20,1185.7911376953125,1303.4000244140625,1305.0,1291.0999755859375,1294.0,4009180.0,0.007264247151969494,0.009051746427845012,0.7341097313895886,Normal_Market,1
2023-06-21,1182.1064453125,1299.3499755859375,1303.800048828125,1295.0,1299.949951171875,4041529.0,-0.0031073704851378725,0.009085649894015498,0.7655800258174325,Normal_Market,1
2023-06-22,1165.91259765625,1281.550048828125,1289.4000244140625,1273.5,1289.4000244140625,6676607.0,-0.013699145047778694,0.009588991307687533,0.7787828792161764,Normal_Market,1
2023-06-23,1150.8560791015625,1265.0,1279.3499755859375,1263.3499755859375,1276.449951171875,7239467.0,-0.012913934187652298,0.009675674856157905,0.7736419150823185,Normal_Market,1
2023-06-26,1155.72314453125,1270.3499755859375,1274.0,1262.25,1270.25,3403244.0,0.0042290826090845,0.009750556555913104,0.8042587592790071,Normal_Market,1
2023-06-27,1163.729248046875,1279.1500244140625,1282.0,1274.199951171875,1280.0,3240024.0,0.0069273541448995335,0.009739146533894391,0.7582674365439872,Normal_Market,1
2023-06-28,1176.6478271484375,1293.3499755859375,1296.699951171875,1281.4000244140625,1290.0,5662358.0,0.01110101780396433,0.010070400031679236,0.7398050773829383,Normal_Market,1
2023-06-30,1214.9945068359375,1335.5,1338.9000244140625,1304.449951171875,1308.199951171875,12821692.0,0.03258976798557622,0.012467025434798506,0.7421955196717883,Normal_Market,1
2023-07-03,1213.3568115234375,1333.699951171875,1346.0,1328.449951171875,1330.0,7732412.0,-0.001347903470580114,0.012454123995867438,0.7524218788624294,Normal_Market,1
2023-07-04,1223.77392578125,1345.1500244140625,1346.0,1331.4000244140625,1344.300048828125,5797775.0,0.00858536760075812,0.012544063718301445,0.7281132924021373,Normal_Market,1
2023-07-05,1225.7298583984375,1347.300048828125,1357.949951171875,1341.0,1357.8499755859375,5414936.0,0.0015982793684208296,0.011515933122568118,0.7622032895337331,Normal_Market,1
2023-07-06,1222.636474609375,1343.9000244140625,1347.449951171875,1337.1500244140625,1342.550048828125,5963897.0,-0.0025237076243735945,0.011505649789296751,0.7737352957085545,Normal_Market,1
2023-07-07,1210.1728515625,1330.199951171875,1345.800048828125,1325.3499755859375,1334.0,6295647.0,-0.010194054656235463,0.011738919969700948,0.760831173296736,Normal_Market,1
2023-07-10,1209.217529296875,1329.1500244140625,1341.9000244140625,1319.300048828125,1336.550048828125,3940315.0,-0.0007894097643915687,0.011220907922626129,0.785091977864172,Normal_Market,1
2023-07-11,1226.9124755859375,1348.5999755859375,1350.9000244140625,1327.0,1333.449951171875,6126128.0,0.014633385524398967,0.010790712681400451,0.8069971243891757,Normal_Market,1
2023-07-12,1212.9931640625,1333.300048828125,1351.9000244140625,1327.0,1351.0,8102770.0,-0.011344991432082452,0.011032458331776778,0.7542973620736616,Normal_Market,1
2023-07-13,1241.9237060546875,1365.0999755859375,1376.800048828125,1330.8499755859375,1334.9000244140625,9977644.0,0.023850540010707633,0.01207583375014444,0.741680325061604,Normal_Market,1
2023-07-14,1297.282958984375,1425.949951171875,1430.0,1380.6500244140625,1380.6500244140625,12833381.0,0.04457540560647755,0.01490627179556124,0.7026110918442046,Normal_Market,1
2023-07-17,1294.5538330078125,1422.949951171875,1458.949951171875,1414.300048828125,1425.949951171875,11569884.0,-0.0021037245249094783,0.01499458535586778,0.7080890397652784,Normal_Market,1
2023-07-18,1342.0889892578125,1475.199951171875,1477.949951171875,1429.0,1434.0,16743977.0,0.03671933529373206,0.01655927511951624,0.6678763226007411,Normal_Market,1
2023-07-19,1341.861572265625,1474.949951171875,1498.800048828125,1460.699951171875,1486.0,13687062.0,-0.00016945000965495893,0.016629281500220753,0.6772129065011265,Normal_Market,1
2023-07-20,1318.7081298828125,1449.5,1471.0,1440.699951171875,1471.0,8347221.0,-0.01725471752180796,0.01733769401996696,0.6571104960659967,Normal_Market,1
2023-07-21,1211.446533203125,1331.5999755859375,1350.0,1305.0,1320.199951171875,45548305.0,-0.08133839039061608,0.025824875071205074,0.6208151185641766,High_Volatility,2
2023-07-24,1215.995361328125,1336.5999755859375,1349.9000244140625,1334.25,1341.0,8859789.0,0.003754873203502207,0.02557781849333877,0.6154463006106821,High_Volatility,2
2023-07-25,1214.17578125,1334.5999755859375,1342.8499755859375,1324.25,1337.0,6801982.0,-0.0014963709040284323,0.0255962544054536,0.5830182306300278,High_Volatility,2
2023-07-26,1227.139892578125,1348.8499755859375,1350.0,1339.4000244140625,1343.0,5528885.0,0.010677293624468787,0.02564186074183693,0.5464269001851442,High_Volatility,2
2023-07-27,1231.0521240234375,1353.1500244140625,1363.800048828125,1347.050048828125,1358.5999755859375,9191861.0,0.0031880892056188603,0.02557084666460531,0.5529856472818991,High_Volatility,2
2023-07-28,1219.54345703125,1340.5,1363.8499755859375,1336.0,1353.8499755859375,6122735.0,-0.009348643138337498,0.024684643588397722,0.5473464754737712,High_Volatility,2
2023-07-31,1233.371826171875,1355.699951171875,1357.5,1333.25,1348.75,7902180.0,0.011338972023422267,0.02479785518769608,0.567545392576518,High_Volatility,2
2023-08-01,1242.0146484375,1365.199951171875,1369.0,1357.0,1362.0,6064652.0,0.007007475022719145,0.024775346790794493,0.5202149198944162,High_Volatility,2
2023-08-02,1234.4183349609375,1356.8499755859375,1371.949951171875,1348.449951171875,1369.300048828125,7419145.0,-0.0061161222906017665,0.024826180886897736,0.5309782847235296,High_Volatility,2
2023-08-03,1241.19580078125,1364.300048828125,1366.550048828125,1349.0,1350.0,6503741.0,0.005490412470685602,0.024836877330640272,0.5259216351581959,High_Volatility,2
2023-08-04,1253.9781494140625,1378.3499755859375,1385.9000244140625,1362.0,1368.9000244140625,5712345.0,0.010298414339435347,0.024771038505010126,0.518783764202969,High_Volatility,2
2023-08-07,1267.3062744140625,1393.0,1395.0,1377.0,1387.9000244140625,3729093.0,0.010628674037284958,0.024832959685560037,0.49843530770477495,High_Volatility,2
2023-08-08,1264.7589111328125,1390.199951171875,1393.550048828125,1384.4000244140625,1392.8499755859375,4161877.0,-0.002010061287219478,0.02468868310639954,0.5146748271213196,High_Volatility,2
2023-08-09,1268.5799560546875,1394.4000244140625,1396.0,1382.5,1384.0,4090828.0,0.0030211646569484607,0.024493794051370678,0.4942523279852082,High_Volatility,2
2023-08-10,1263.7581787109375,1389.0999755859375,1395.800048828125,1385.5999755859375,1391.5999755859375,3873025.0,-0.003800925058555893,0.024002818840339904,0.49993088738107594,High_Volatility,2
2023-08-11,1248.064697265625,1371.8499755859375,1396.8499755859375,1367.050048828125,1392.0,5783517.0,-0.012418104752699,0.021864218800662097,0.5474761496062849,Weak_Bear,0
2023-08-14,1267.806640625,1393.550048828125,1395.0,1365.5999755859375,1371.8499755859375,4304135.0,0.015818044851863444,0.02221115699591735,0.5533298539736502,High_Volatility,2
2023-08-16,1290.50537109375,1418.5,1419.949951171875,1405.4000244140625,1410.800048828125,7735313.0,0.01790393719468142,0.02089798694404871,0.5094003018240433,Weak_Bear,0
2023-08-17,1284.1824951171875,1411.550048828125,1420.0,1406.0,1420.0,5618346.0,-0.004899534801008687,0.02090602610794984,0.5206755768894387,Weak_Bear,0
2023-08-18,1263.4852294921875,1388.800048828125,1408.699951171875,1386.1500244140625,1403.699951171875,5134103.0,-0.01611707502920856,0.020863777157273087,0.5140126719736242,Weak_Bear,0
2023-08-21,1278.58740234375,1405.4000244140625,1407.0,1387.1500244140625,1389.75,3032722.0,0.011952789394801488,0.00951681300870685,0.5339556234731812,Weak_Bear,0
2023-08-22,1277.086181640625,1403.75,1406.050048828125,1396.6500244140625,1404.699951171875,2890714.0,-0.001174124428547585,0.00955300076709485,0.5279218444140088,Weak_Bear,0
2023-08-23,1280.9071044921875,1407.949951171875,1416.5999755859375,1405.6500244140625,1416.0,2559125.0,0.0029919068160724205,0.009506854610001196,0.5648262189187552,Weak_Bear,0
2023-08-24,1295.1451416015625,1423.5999755859375,1425.050048828125,1414.449951171875,1421.5,5171963.0,0.011115589147286054,0.009526643438832236,0.5386868058192724,Weak_Bear,0
2023-08-25,1291.9609375,1420.0999755859375,1422.5,1411.4000244140625,1413.0,4307172.0,-0.002458569313416814,0.009596194127577036,0.5338045332998748,Weak_Bear,0
2023-08-28,1287.9124755859375,1415.6500244140625,1424.800048828125,1411.4000244140625,1420.0999755859375,3133464.0,-0.003133579194659286,0.009289353171637229,0.5458289502123529,Weak_Bear,0
2023-08-29,1289.732177734375,1417.6500244140625,1424.4000244140625,1415.300048828125,1424.0,3074444.0,0.001412908239443622,0.009070126318817054,0.5557080657462512,Weak_Bear,0
2023-08-30,1305.653076171875,1435.1500244140625,1436.6500244140625,1424.0,1427.0,3070887.0,0.01234434459522249,0.009292444168564546,0.4945151400130347,Weak_Bear,0
2023-08-31,1305.9259033203125,1435.449951171875,1444.9000244140625,1428.6500244140625,1435.1500244140625,9792735.0,0.0002089583775479742,0.009087626467624635,0.489059747092332,Weak_Bear,0
2023-09-01,1313.5679931640625,1443.8499755859375,1446.0,1428.199951171875,1430.949951171875,3582133.0,0.005851855625437885,0.009093492864913108,0.4794478748893195,Weak_Bear,0
2023-09-04,1332.9005126953125,1465.0999755859375,1470.0,1434.699951171875,1443.0,4609014.0,0.014717562875967038,0.009333829891757786,0.48735911445707225,Weak_Bear,0
2023-09-05,1345.4552001953125,1478.9000244140625,1480.050048828125,1456.5,1465.0,5496840.0,0.009419073201954564,0.009286261709308246,0.43968745090861494,Weak_Bear,0
2023-09-06,1344.135986328125,1477.449951171875,1482.9000244140625,1463.300048828125,1481.9000244140625,5075786.0,-0.0009804963160393587,0.009259624547992642,0.6054361970636601,Weak_Bear,0
2023-09-07,1333.9012451171875,1466.199951171875,1473.4000244140625,1462.050048828125,1470.5999755859375,4411743.0,-0.007614364405863827,0.00956410346621781,0.6019125937043776,Weak_Bear,0
2023-09-08,1336.9945068359375,1469.5999755859375,1474.75,1460.199951171875,1463.5,3125838.0,0.0023189585661405054,0.00944716641020159,0.6054482536948729,Weak_Bear,0
2023-09-11,1343.2261962890625,1476.449951171875,1478.050048828125,1464.5,1469.5999755859375,4182226.0,0.004660968628713791,0.008738498498246082,0.6282990720016163,Normal_Market,1
2023-09-12,1365.652099609375,1501.0999755859375,1504.0,1477.0999755859375,1482.5,6793161.0,0.016695552381474243,0.008804409399919982,0.6624038566165327,Normal_Market,1
2023-09-13,1363.1502685546875,1498.3499755859375,1505.0,1488.6500244140625,1505.0,4804686.0,-0.0018319680798668525,0.008222599171681281,0.6291310638031046,Normal_Market,1
2023-09-14,1370.974365234375,1506.949951171875,1512.550048828125,1499.1500244140625,1505.0,6444213.0,0.005739716933763406,0.008042202688949528,0.6667657190556238,Normal_Market,1
2023-09-15,1375.2047119140625,1511.5999755859375,1518.4000244140625,1509.0,1518.0,8657816.0,0.00308564972982861,0.006622207141454122,0.7292143297531403,Normal_Market,1
2023-09-18,1357.1912841796875,1491.800048828125,1504.9000244140625,1488.0,1504.9000244140625,3991916.0,-0.013098724559562624,0.007413692088707466,0.7024563686390899,Normal_Market,1
2023-09-20,1355.7811279296875,1490.25,1495.0999755859375,1476.199951171875,1476.199951171875,4169337.0,-0.0010390254243729524,0.00740973617061589,0.6948427897785097,Normal_Market,1
2023-09-21,1366.24365234375,1501.75,1504.550048828125,1476.0,1486.550048828125,6779195.0,0.007716971566080977,0.00748374050807652,0.7036337048651938,Normal_Market,1
2023-09-22,1361.148681640625,1496.1500244140625,1506.949951171875,1485.199951171875,1491.9000244140625,5455613.0,-0.0037291816100186725,0.007398930309041517,0.6932034110477521,Normal_Market,1
2023-09-25,1341.1339111328125,1474.1500244140625,1489.8499755859375,1471.550048828125,1489.8499755859375,4217863.0,-0.014704323471619762,0.008285668077005814,0.6239417170430394,Weak_Bear,0
2023-09-26,1328.85205078125,1460.6500244140625,1479.9000244140625,1459.0,1479.1500244140625,3996528.0,-0.00915781805948701,0.00858254678134891,0.6180803991766916,Weak_Bear,0
2023-09-27,1334.6290283203125,1467.0,1469.5999755859375,1450.050048828125,1456.0,3863586.0,0.004347344413297316,0.008604220357852086,0.6125509285720856,Weak_Bear,0
2023-09-28,1309.565185546875,1439.449951171875,1472.5999755859375,1435.0,1467.9000244140625,5814602.0,-0.018779632573241334,0.009367518891332291,0.5724561196532707,Weak_Bear,0
2023-09-29,1305.9259033203125,1435.449951171875,1446.800048828125,1416.0,1432.0999755859375,6068968.0,-0.0027790004397855173,0.009391020608851813,0.567123339887248,Weak_Bear,0
2023-10-03,1304.606689453125,1434.0,1437.0,1420.300048828125,1436.050048828125,4181867.0,-0.0010101751284918858,0.009292418431156343,0.5939225222940878,Weak_Bear,0
2023-10-04,1314.022705078125,1444.3499755859375,1449.949951171875,1418.199951171875,1425.0,4510406.0,0.007217512911072976,0.00879230479906059,0.585363832856214,Weak_Bear,0
2023-10-05,1331.3994140625,1463.449951171875,1475.6500244140625,1450.199951171875,1452.0,7384621.0,0.013224055350962827,0.009059354334483164,0.5599529118181213,Weak_Bear,0
2023-10-06,1345.2734375,1478.699951171875,1484.5,1463.300048828125,1469.5,3598672.0,0.010420632074011671,0.009379638150524831,0.5844365041689257,Weak_Bear,0
2023-10-09,1342.3165283203125,1475.449951171875,1491.0,1462.199951171875,1464.9000244140625,3567552.0,-0.00219799863526815,0.009222537530966963,0.5850554532754203,Weak_Bear,0
2023-10-10,1360.239013671875,1495.1500244140625,1497.0,1469.0999755859375,1483.9000244140625,5688951.0,0.013351906926147628,0.009665526005186772,0.5841457699261984,Weak_Bear,0
2023-10-11,1359.556640625,1494.4000244140625,1518.25,1481.449951171875,1497.0,7220129.0,-0.0005016567235731628,0.009628851856324968,0.5604348036958987,Weak_Bear,0
2023-10-12,1333.264404296875,1465.5,1504.4000244140625,1452.0,1491.9000244140625,11081662.0,-0.019338831161928027,0.009837206666688213,0.544707678910701,Weak_Bear,0
2023-10-13,1302.0137939453125,1431.1500244140625,1438.0,1400.0,1405.0,17973439.0,-0.023439169493198242,0.01102986624409063,0.5120371840406392,Weak_Bear,0
2023-10-16,1304.7431640625,1434.1500244140625,1443.5999755859375,1430.0,1432.0999755859375,4850745.0,0.0020962682038236924,0.010920794673548773,0.5341736708707957,Weak_Bear,0
2023-10-17,1312.294189453125,1442.449951171875,1453.3499755859375,1438.050048828125,1440.25,3923764.0,0.0057873653594120444,0.01100878157119125,0.550900777497831,Weak_Bear,0
2023-10-18,1310.565673828125,1440.550048828125,1454.0,1438.3499755859375,1442.0,4264837.0,-0.001317170828684655,0.010710619502841925,0.554153687154075,Weak_Bear,0
2023-10-19,1304.2884521484375,1433.6500244140625,1439.6500244140625,1426.0999755859375,1426.0999755859375,6795691.0,-0.004789704022501895,0.01073140760741771,0.517785549793115,Weak_Bear,0
2023-10-20,1298.4658203125,1427.25,1438.5,1425.25,1430.0,3928622.0,-0.00446422095231036,0.010501322038056829,0.5158687956997496,Weak_Bear,0
2023-10-23,1281.5440673828125,1408.6500244140625,1432.3499755859375,1405.25,1425.5999755859375,2636516.0,-0.01303211271715643,0.010761981201169401,0.5009986412096922,Weak_Bear,0
2023-10-25,1262.5601806640625,1370.050048828125,1402.550048828125,1361.300048828125,1399.0,6940777.0,-0.014813292185511195,0.01076826919696908,0.48872145542269496,Weak_Bear,0
2023-10-26,1252.7919921875,1359.449951171875,1374.0,1353.0999755859375,1355.050048828125,6357656.0,-0.007736810194207799,0.010729833860626642,0.48477744173734116,Weak_Bear,0
2023-10-27,1272.052001953125,1380.3499755859375,1385.0,1363.6500244140625,1363.6500244140625,4634358.0,0.015373669280879687,0.011384455856485625,0.5171779318806755,Weak_Bear,0
2023-10-30,1269.01123046875,1377.050048828125,1380.3499755859375,1363.0999755859375,1380.3499755859375,2667696.0,-0.002390445893490356,0.010708344551009266,0.4733285427137009,Weak_Bear,0
2023-10-31,1261.0399169921875,1368.4000244140625,1381.1500244140625,1363.0,1379.949951171875,3451595.0,-0.00628151531300325,0.010758592858948316,0.4640693734644349,Weak_Bear,0
2023-11-01,1247.90771484375,1354.1500244140625,1377.449951171875,1351.6500244140625,1373.050048828125,3090672.0,-0.010413787836122013,0.010931318586921436,0.47886852673745767,Weak_Bear,0
2023-11-02,1262.65234375,1370.1500244140625,1376.300048828125,1361.6500244140625,1370.0,3758060.0,0.011815480208082763,0.011184389637946332,0.4903374112623149,Weak_Bear,0
2023-11-03,1280.0697021484375,1389.050048828125,1392.0,1377.75,1380.050048828125,3349045.0,0.013794262913819244,0.011225709104186231,0.4919497936834949,Weak_Bear,0
2023-11-06,1293.2015380859375,1403.300048828125,1407.25,1390.800048828125,1393.9000244140625,2736381.0,0.010258688191322696,0.011216406020681347,0.5191047393434537,Weak_Bear,0
2023-11-07,1294.123291015625,1404.300048828125,1405.9000244140625,1394.8499755859375,1400.0,2272209.0,0.0007127681977951994,0.011231373426365598,0.5224719374865197,Weak_Bear,0
2023-11-08,1281.8665771484375,1391.0,1405.0,1386.449951171875,1405.0,3550635.0,-0.009471055773649262,0.010764181988440072,0.5092373404934608,Weak_Bear,0
2023-11-09,1266.9376220703125,1374.800048828125,1397.5,1370.050048828125,1395.9000244140625,5498051.0,-0.01164626283597714,0.010920408295089399,0.525352488653,Weak_Bear,0
2023-11-10,1261.454345703125,1368.8499755859375,1373.1500244140625,1361.0,1369.949951171875,2943649.0,-0.004327976588324289,0.010268359078625442,0.5451046191682106,Weak_Bear,0
2023-11-13,1265.7857666015625,1373.550048828125,1382.449951171875,1370.8499755859375,1379.8499755859375,3462092.0,0.003433672342714189,0.009106134441219767,0.5071811143773438,Weak_Bear,0
2023-11-15,1299.836669921875,1410.5,1414.0,1393.0,1399.0,8551860.0,0.02690100032625109,0.011078696782173256,0.47677752545953567,Weak_Bear,0
2023-11-16,1331.5377197265625,1444.9000244140625,1453.4000244140625,1410.5999755859375,1416.0999755859375,6673907.0,0.02438848706014185,0.012313594730691595,0.45551789026925193,Weak_Bear,0
2023-11-17,1324.764404296875,1437.550048828125,1451.0,1435.050048828125,1441.050048828125,4901251.0,-0.005086837067656225,0.012376393537451768,0.46656400910437557,Weak_Bear,0
2023-11-20,1323.888916015625,1436.5999755859375,1452.0,1433.6500244140625,1442.0,3584210.0,-0.0006608633794886742,0.012315850366314699,0.4600367519554271,Weak_Bear,0
2023-11-21,1326.1005859375,1439.0,1450.0,1436.75,1442.0,3793135.0,0.001670585722955753,0.012253615737037784,0.4549939376920865,Weak_Bear,0
2023-11-22,1343.4256591796875,1457.800048828125,1458.949951171875,1436.199951171875,1436.199951171875,3108786.0,0.013064675052488095,0.012054662725666776,0.42411252743954775,Weak_Bear,0
2023-11-23,1335.546630859375,1449.25,1467.9000244140625,1447.699951171875,1467.9000244140625,3186928.0,-0.005864878541268492,0.01153590978362118,0.29631502899307083,Weak_Bear,0
2023-11-24,1324.6263427734375,1437.4000244140625,1452.6500244140625,1433.8499755859375,1445.550048828125,2973195.0,-0.008176643056566846,0.011557606625519738,0.30735692440276663,Weak_Bear,0
2023-11-28,1329.5103759765625,1442.699951171875,1445.0,1427.050048828125,1444.0,3755373.0,0.0036871025778477673,0.011180635316806162,0.3349823004211115,Weak_Bear,0
2023-11-29,1345.0845947265625,1459.5999755859375,1460.699951171875,1449.800048828125,1451.0999755859375,3875778.0,0.011714251375105178,0.011315204984751921,0.3212436302682831,Weak_Bear,0
2023-11-30,1340.983642578125,1455.1500244140625,1460.6500244140625,1449.550048828125,1453.25,10120867.0,-0.0030488432954443034,0.011198498281363291,0.34086923700633504,Weak_Bear,0
2023-12-01,1338.357421875,1452.300048828125,1459.9000244140625,1446.1500244140625,1459.9000244140625,3489187.0,-0.0019584285890884567,0.010812961430972165,0.3644527846402308,Weak_Bear,0
2023-12-04,1349.461669921875,1464.3499755859375,1471.9000244140625,1449.300048828125,1460.449951171875,5511948.0,0.008296922679532193,0.010699603404060584,0.3797142731327029,Weak_Bear,0
2023-12-05,1339.8778076171875,1453.949951171875,1466.9000244140625,1442.0,1465.800048828125,5123039.0,-0.007101989273428089,0.01064968442147097,0.37387559746302446,Weak_Bear,0
2023-12-06,1358.63134765625,1474.300048828125,1477.0,1451.050048828125,1456.75,5269178.0,0.013996455447242262,0.010827291086575248,0.40194135933366965,Weak_Bear,0
2023-12-07,1350.8902587890625,1465.9000244140625,1472.8499755859375,1461.800048828125,1472.8499755859375,4424453.0,-0.005697711068231692,0.010977639206727273,0.4012301729445633,Weak_Bear,0
2023-12-08,1374.1593017578125,1491.1500244140625,1494.699951171875,1466.25,1470.4000244140625,6323433.0,0.01722496910267779,0.011105396646470587,0.3797767255092365,Weak_Bear,0
2023-12-11,1371.7171630859375,1488.5,1498.0,1482.0,1490.0,3862018.0,-0.001777187454723106,0.01060297684753489,0.39113466601792923,Weak_Bear,0
2023-12-12,1360.2437744140625,1476.050048828125,1490.0,1467.6500244140625,1477.5,6103494.0,-0.008364252471743883,0.010806960164402983,0.41043315464395597,Weak_Bear,0
2023-12-13,1335.316162109375,1449.0,1476.050048828125,1433.1500244140625,1476.0,8549258.0,-0.018325841862739112,0.01189019034159244,0.382634704642548,Weak_Bear,0
2023-12-14,1383.6510009765625,1501.449951171875,1511.0,1461.3499755859375,1463.4000244140625,12489858.0,0.036197299365293256,0.013012941960547848,0.40749472169559886,Weak_Bear,0
2023-12-15,1454.5638427734375,1578.4000244140625,1588.550048828125,1521.0,1523.050048828125,18395389.0,0.05125052614194314,0.016288101796831076,0.6418990930455493,Normal_Market,1
2023-12-18,1441.6160888671875,1564.3499755859375,1593.0,1560.300048828125,1567.949951171875,6467243.0,-0.008901468279015057,0.016428639528218464,0.6140808987429153,Weak_Bear,0
2023-12-19,1436.0408935546875,1558.300048828125,1573.949951171875,1543.25,1570.0999755859375,4221721.0,-0.0038673231767835103,0.016495736865814504,0.5867364550261351,Weak_Bear,0
2023-12-20,1415.859130859375,1536.4000244140625,1583.5,1530.0,1565.050048828125,6592367.0,-0.014053752080385284,0.016990004490262195,0.5847457101106199,Weak_Bear,0
2023-12-21,1415.4903564453125,1536.0,1546.6500244140625,1521.25,1521.25,5319038.0,-0.0002604598197835095,0.016852379908106317,0.5744576370758699,Weak_Bear,0
2023-12-22,1440.2799072265625,1562.9000244140625,1566.0,1523.0,1534.949951171875,6741060.0,0.017513048159157663,0.017033294965038505,0.5481369476299932,Weak_Bear,0
2023-12-26,1422.8165283203125,1543.949951171875,1548.0,1523.0,1535.0,6878067.0,-0.012124989606970171,0.017202879198113998,0.5408679713017831,Weak_Bear,0
2023-12-27,1444.150390625,1567.0999755859375,1570.0,1544.0,1544.0,4225849.0,0.014994106323654277,0.0173865584296756,0.5717373365149381,Weak_Bear,0
2023-12-28,1440.049560546875,1562.6500244140625,1568.949951171875,1555.0,1568.949951171875,5702253.0,-0.002839614284458447,0.017363814807222124,0.5690365973253053,Weak_Bear,0
2023-12-29,1421.8489990234375,1542.9000244140625,1559.449951171875,1540.0,1541.050048828125,4388990.0,-0.0126388438440449,0.017685289770455144,0.5565937397581128,Weak_Bear,0
2024-01-01,1429.6361083984375,1551.3499755859375,1557.0,1535.25,1539.0,2808451.0,0.005476748501668238,0.01765196158773145,0.5627332229663131,Weak_Bear,0
2024-01-02,1414.0159912109375,1534.4000244140625,1549.1500244140625,1523.0,1546.0,5396313.0,-0.010925939192315548,0.017895803393966726,0.583577886150231,Weak_Bear,0
2024-01-03,1373.099365234375,1490.0,1519.949951171875,1488.0,1519.949951171875,7550363.0,-0.02893646622873214,0.019134782130941937,0.5539024531614644,Weak_Bear,0
2024-01-04,1394.0184326171875,1512.699951171875,1519.75,1492.9000244140625,1504.949951171875,7056038.0,0.01523492611857824,0.019179653657797037,0.5534450904573127,Weak_Bear,0
2024-01-05,1412.31103515625,1532.550048828125,1539.699951171875,1506.25,1506.75,8895403.0,0.013122209944325558,0.019271508618795705,0.5100653466072568,Weak_Bear,0
2024-01-08,1403.3260498046875,1522.800048828125,1536.0,1513.25,1528.949951171875,4440136.0,-0.006361902674341446,0.019036804536247866,0.45243402658983334,Weak_Bear,0
2024-01-09,1409.316162109375,1529.300048828125,1553.0,1525.8499755859375,1541.9000244140625,4412074.0,0.004268510732428288,0.019034697998771628,0.46184092131257964,Weak_Bear,0
2024-01-10,1400.653564453125,1519.9000244140625,1535.449951171875,1505.0,1524.949951171875,4096845.0,-0.006146667361910052,0.018980454979473795,0.4882541362759304,Weak_Bear,0
2024-01-11,1376.9698486328125,1494.199951171875,1525.0,1486.5999755859375,1524.9000244140625,11296088.0,-0.016909046191989408,0.018904532313231387,0.5089903816396174,Weak_Bear,0
2024-01-12,1486.21875,1612.75,1618.0,1555.4000244140625,1562.0,26754401.0,0.07934008248304081,0.02463919329302678,0.4950664052986715,High_Volatility,2
2024-01-15,1522.4815673828125,1652.0999755859375,1664.949951171875,1636.0,1644.949951171875,13228305.0,0.024399380900565593,0.022565404968070118,0.5292619198975954,High_Volatility,2
2024-01-16,1503.5438232421875,1631.550048828125,1648.5,1625.0,1644.800048828125,6500917.0,-0.012438734593798406,0.022673233164518334,0.5369774895419425,High_Volatility,2
2024-01-17,1511.51513671875,1640.199951171875,1647.5,1620.25,1620.25,9209876.0,0.005301683498239118,0.022633731467380465,0.5357916479835857,Weak_Bear,0
2024-01-18,1513.72705078125,1642.5999755859375,1649.0,1628.25,1642.6500244140625,6375464.0,0.001463375396492328,0.022288900455544536,0.5418615482343789,Weak_Bear,0
2024-01-19,1529.0245361328125,1659.199951171875,1665.5,1644.1500244140625,1651.5999755859375,4522736.0,0.010105841303204022,0.022315491614840418,0.5350228104939715,Weak_Bear,0
2024-01-23,1513.312255859375,1642.1500244140625,1674.699951171875,1637.699951171875,1650.0999755859375,9401255.0,-0.010276015787932913,0.022301175639815624,0.503405218710676,Weak_Bear,0
2024-01-24,1543.95361328125,1675.4000244140625,1680.0,1645.0,1659.9000244140625,8999681.0,0.020247875019339334,0.022342904242362113,0.5187719519323875,Weak_Bear,0
2024-01-25,1538.1478271484375,1669.0999755859375,1680.550048828125,1658.0,1672.949951171875,8865304.0,-0.003760337151887505,0.02226494027370882,0.5688376153890499,Weak_Bear,0
2024-01-29,1526.6285400390625,1656.5999755859375,1679.3499755859375,1647.5999755859375,1665.1500244140625,4253785.0,-0.007489063733705281,0.022357448890579366,0.6310778819737198,Normal_Market,1
2024-01-30,1521.8824462890625,1651.449951171875,1690.0,1648.25,1662.449951171875,4995943.0,-0.0031088726730331695,0.022103257449589783,0.6395971903162044,Normal_Market,1
2024-01-31,1530.5911865234375,1660.9000244140625,1667.25,1638.0999755859375,1648.25,6763779.0,0.005722347514822923,0.022104405423683242,0.6346473398981125,Normal_Market,1
2024-02-01,1527.043212890625,1657.050048828125,1677.0,1650.3499755859375,1659.550048828125,5760011.0,-0.0023180413320367244,0.02188855882002352,0.6339470984964414,Normal_Market,1
2024-02-02,1560.4951171875,1693.3499755859375,1718.5,1665.0,1666.050048828125,7858483.0,0.02190632459807862,0.020777288658951103,0.6225560877976927,Normal_Market,1
2024-02-05,1554.8277587890625,1687.199951171875,1700.75,1681.8499755859375,1694.75,3634135.0,-0.0036317693890973723,0.02079362454890035,0.6230803243754784,Normal_Market,1
2024-02-06,1593.762939453125,1729.449951171875,1733.0,1673.949951171875,1686.75,7694265.0,0.025041475137018487,0.021185512019575792,0.6163799942833031,Normal_Market,1
2024-02-07,1560.86376953125,1693.75,1729.0,1686.8499755859375,1729.0,4613877.0,-0.020642448828157467,0.02186338986333016,0.5895158376393856,Weak_Bear,0
2024-02-08,1559.3431396484375,1692.0999755859375,1706.3499755859375,1682.800048828125,1698.0,5919715.0,-0.0009742233194823813,0.021910988908807882,0.5875310524619787,Weak_Bear,0
2024-02-09,1538.378173828125,1669.3499755859375,1692.9000244140625,1659.800048828125,1684.699951171875,4600004.0,-0.01344474175519772,0.02217073885064954,0.6085507281366559,Weak_Bear,0
2024-02-12,1548.2847900390625,1680.0999755859375,1692.949951171875,1670.3499755859375,1670.3499755859375,3555808.0,0.006439649482471443,0.02156693392528871,0.6575548349851105,Normal_Market,1
2024-02-13,1552.3857421875,1684.550048828125,1689.0999755859375,1663.5,1683.0,2696481.0,0.0026487066041216423,0.012958135570551072,0.6821223653766748,Normal_Market,1
2024-02-14,1535.4752197265625,1666.199951171875,1669.449951171875,1635.5,1660.199951171875,3768579.0,-0.010893247729207078,0.01216315130836285,0.6659591571033121,Normal_Market,1
2024-02-15,1544.828857421875,1676.3499755859375,1687.75,1661.5999755859375,1677.0,4834391.0,0.006091689123435051,0.011827211615098233,0.6808364590100062,Normal_Market,1
2024-02-16,1568.1439208984375,1701.6500244140625,1709.0,1687.949951171875,1689.0,4880654.0,0.015092327777636472,0.012193221645626792,0.6663393089555779,Normal_Market,1
2024-02-19,1566.39306640625,1699.75,1711.5,1687.699951171875,1705.0,3690993.0,-0.0011165139046577233,0.012211839226237612,0.6646251136577164,Normal_Market,1
2024-02-20,1553.0306396484375,1685.25,1694.25,1668.75,1685.0,3706389.0,-0.008530698356875144,0.01225422054508672,0.6976682935945536,Normal_Market,1
2024-02-21,1525.6610107421875,1655.550048828125,1674.0,1645.300048828125,1674.0,4300508.0,-0.01762336698807543,0.012707092161354428,0.6863990447613187,Normal_Market,1
2024-02-22,1549.4366455078125,1681.3499755859375,1684.5999755859375,1644.4000244140625,1665.0,5841277.0,0.015583825370262927,0.012363420665735054,0.6743587124404639,Normal_Market,1
2024-02-23,1545.289794921875,1676.8499755859375,1698.449951171875,1671.9000244140625,1697.0,5373072.0,-0.0026763602099899586,0.012347281880458241,0.7022141168950043,Normal_Market,1
2024-02-26,1529.89990234375,1660.1500244140625,1674.949951171875,1645.0,1674.949951171875,2782438.0,-0.009959227472218557,0.01244133220892586,0.7432995534707612,Normal_Market,1
2024-02-27,1533.0792236328125,1663.5999755859375,1671.0999755859375,1652.800048828125,1661.0,5159088.0,0.0020781237283511445,0.01242320747327752,0.7435920938782044,Normal_Market,1
2024-02-28,1540.1290283203125,1671.25,1687.800048828125,1662.050048828125,1670.0,3188916.0,0.0045984607832558755,0.012400575847993093,0.7199560506693486,Normal_Market,1
2024-02-29,1542.5712890625,1673.9000244140625,1682.25,1653.300048828125,1665.0,7814722.0,0.0015857507372945001,0.01238653018327441,0.7313368238213218,Normal_Market,1
2024-03-01,1524.8775634765625,1654.699951171875,1671.949951171875,1651.0,1669.0,6387291.0,-0.01147028063558142,0.011584258968132172,0.716548172356304,Normal_Market,1
2024-03-04,1508.75048828125,1637.199951171875,1664.449951171875,1633.6500244140625,1657.8499755859375,4445156.0,-0.010575980381365424,0.011767073143548074,0.7091430049462973,Normal_Market,1
2024-03-05,1480.4591064453125,1606.5,1637.3499755859375,1602.0,1634.0,4596579.0,-0.018751531188014203,0.01059686438816643,0.6530463121694537,Normal_Market,1
2024-03-06,1490.6422119140625,1617.550048828125,1620.1500244140625,1576.0,1602.800048828125,6420684.0,0.006878342957544081,0.010043443619558338,0.6321622099335688,Normal_Market,1
2024-03-07,1489.6285400390625,1616.449951171875,1628.449951171875,1604.199951171875,1616.5999755859375,6348359.0,-0.0006800235944602884,0.010045627210034233,0.6502545571080265,Normal_Market,1
2024-03-11,1475.02197265625,1600.5999755859375,1613.800048828125,1588.0,1608.1500244140625,6752895.0,-0.00980550989069362,0.009863220188005978,0.6843595415497788,Normal_Market,1
2024-03-12,1486.4029541015625,1612.949951171875,1625.0,1597.6500244140625,1600.0,4614222.0,0.007715804683788852,0.009924996244990103,0.731546365290188,Normal_Market,1
2024-03-13,1484.974853515625,1611.4000244140625,1624.5,1598.550048828125,1612.9000244140625,5688997.0,-0.0009607762027092903,0.009868856487003119,0.7494067458167654,Normal_Market,1
2024-03-14,1523.58740234375,1653.300048828125,1657.75,1608.0,1614.4000244140625,8803799.0,0.026002156694243883,0.011470958443779896,0.7344431870875823,Normal_Market,1
2024-03-15,1505.801513671875,1634.0,1645.800048828125,1618.3499755859375,1641.0999755859375,11809997.0,-0.011673691082319748,0.011634501910916842,0.7704208275687752,Normal_Market,1
2024-03-18,1476.911376953125,1602.6500244140625,1632.6500244140625,1598.8499755859375,1630.0,4958904.0,-0.019185886357825366,0.011630681320499103,0.7815564614981121,Normal_Market,1
2024-03-19,1438.943603515625,1561.449951171875,1599.0,1558.0,1592.3499755859375,6870411.0,-0.025707550249783884,0.012681429718660554,0.7231481550370654,Normal_Market,1
2024-03-20,1432.95361328125,1554.949951171875,1574.949951171875,1552.3499755859375,1563.0,4759059.0,-0.0041627692841750275,0.012639702351023399,0.7174911028141271,Normal_Market,1
2024-03-21,1432.72314453125,1554.699951171875,1576.949951171875,1543.4000244140625,1564.0,11062497.0,-0.00016083475966277572,0.012241567197947355,0.6904617191164516,Normal_Market,1
2024-03-22,1390.470458984375,1508.8499755859375,1528.9000244140625,1498.199951171875,1521.0,14673890.0,-0.02949117260243539,0.012765317954533369,0.6652153637774076,Normal_Market,1
2024-03-26,1375.5413818359375,1492.6500244140625,1507.449951171875,1487.9000244140625,1492.0,8351081.0,-0.010736709328828198,0.012804634385239738,0.672997013813939,Normal_Market,1
2024-03-27,1367.4317626953125,1483.8499755859375,1499.0,1481.550048828125,1496.0,6857402.0,-0.005895583548203409,0.012766061951505696,0.7206336438365598,Normal_Market,1
2024-03-28,1380.517822265625,1498.050048828125,1511.800048828125,1487.1500244140625,1487.1500244140625,12499530.0,0.009569808108390587,0.013106122956330218,0.7070047361721823,Normal_Market,1
2024-04-01,1378.1217041015625,1495.449951171875,1529.949951171875,1492.800048828125,1525.0,6580002.0,-0.0017356662300310743,0.01293366911529689,0.7012519745526758,Normal_Market,1
2024-04-02,1366.510498046875,1482.8499755859375,1493.1500244140625,1480.8499755859375,1484.8499755859375,7279400.0,-0.008425385087637904,0.012839933089465962,0.7191769232823965,Normal_Market,1
2024-04-03,1364.4827880859375,1480.6500244140625,1495.0999755859375,1475.0,1479.0,8736248.0,-0.0014838597755638672,0.012808617837695999,0.7198661614810304,Normal_Market,1
2024-04-04,1370.0582275390625,1486.699951171875,1495.6500244140625,1468.0,1490.550048828125,11186915.0,0.004086119298687629,0.012919706236086362,0.6929916303567037,Normal_Market,1
2024-04-05,1363.054443359375,1479.0999755859375,1486.699951171875,1476.050048828125,1480.050048828125,5072482.0,-0.005112033955131934,0.012493587046555428,0.6588338465624287,Normal_Market,1
2024-04-08,1360.843017578125,1476.699951171875,1490.949951171875,1474.0999755859375,1483.0,6610887.0,-0.0016224045870095738,0.012244409246634091,0.6675917079627975,Normal_Market,1
2024-04-09,1377.56884765625,1494.8499755859375,1513.800048828125,1487.300048828125,1490.0,9423230.0,0.012290785830603612,0.01278736853992821,0.676075491554769,Normal_Market,1
2024-04-10,1388.581298828125,1506.800048828125,1509.8499755859375,1484.550048828125,1500.3499755859375,6744595.0,0.007994120359654744,0.012967356255763045,0.6603245168268286,Normal_Market,1
2024-04-12,1368.26123046875,1484.75,1506.800048828125,1479.5,1504.0,12275616.0,-0.014633690066634064,0.012964219879549778,0.6653013394817042,Normal_Market,1
2024-04-15,1352.9637451171875,1468.1500244140625,1491.949951171875,1461.050048828125,1480.0,8531224.0,-0.011180237377859337,0.013037149441777817,0.615489471314876,Weak_Bear,0
2024-04-16,1303.476806640625,1414.449951171875,1455.1500244140625,1413.050048828125,1451.0,16173541.0,-0.0365766922100903,0.012823071423848904,0.6270648218498927,Weak_Bear,0
2024-04-18,1307.900146484375,1419.25,1444.699951171875,1407.5,1421.0999755859375,22107945.0,0.003393493325861252,0.01301796404959695,0.6410550607217431,Normal_Market,1
2024-04-19,1300.52783203125,1411.25,1426.8499755859375,1378.75,1385.0,20603621.0,-0.005636756347907501,0.012695639160857853,0.6271727142296635,Normal_Market,1
2024-04-22,1320.3409423828125,1432.75,1436.8499755859375,1413.050048828125,1419.9000244140625,5859087.0,0.015234668465816004,0.012695869071441738,0.6030420409370738,Weak_Bear,0
2024-04-23,1329.234130859375,1442.4000244140625,1446.8499755859375,1433.0,1443.0,4856174.0,0.006735524280958138,0.01292991795125733,0.5929921823890858,Weak_Bear,0
2024-04-24,1318.4979248046875,1430.75,1444.300048828125,1427.050048828125,1444.300048828125,4268213.0,-0.008076986443122935,0.012938025319397377,0.5861281472742519,Weak_Bear,0
2024-04-25,1325.59375,1438.449951171875,1444.9000244140625,1420.0,1420.0,9089398.0,0.005381749232835187,0.011613085942331298,0.5685246055505571,Weak_Bear,0
2024-04-26,1318.037109375,1430.25,1445.4000244140625,1427.0,1439.699951171875,8062444.0,-0.005700570499068802,0.011474790764571642,0.565433713791626,Weak_Bear,0
2024-04-29,1322.184326171875,1434.75,1439.800048828125,1428.25,1429.949951171875,5055957.0,0.0031465098876022335,0.01149422912987845,0.611598973854288,Weak_Bear,0
2024-04-30,1309.09814453125,1420.550048828125,1436.550048828125,1417.550048828125,1434.699951171875,6936588.0,-0.009897395833237121,0.011319935944320238,0.5889108182162945,Weak_Bear,0
2024-05-02,1303.476806640625,1414.449951171875,1424.0,1411.8499755859375,1413.0,10076354.0,-0.004294053821791821,0.011324216960515164,0.5770219315957957,Weak_Bear,0
2024-05-03,1305.1817626953125,1416.300048828125,1424.800048828125,1403.199951171875,1422.0999755859375,8842345.0,0.0013080064378603318,0.011275110182503932,0.5924020091824144,Weak_Bear,0
2024-05-06,1314.028564453125,1425.9000244140625,1445.699951171875,1417.0999755859375,1420.0,6445422.0,0.006778214353488243,0.011453908315928314,0.6079888756711834,Weak_Bear,0
2024-05-07,1327.8978271484375,1440.949951171875,1443.3499755859375,1415.5999755859375,1424.949951171875,6080661.0,0.010554764995603039,0.011717725686542309,0.6119849751061183,Normal_Market,1
2024-05-08,1315.318603515625,1427.300048828125,1439.75,1425.5999755859375,1435.25,6234983.0,-0.00947303578305081,0.011828614616570468,0.5981288444465468,Weak_Bear,0
2024-05-09,1326.6075439453125,1439.550048828125,1449.949951171875,1424.8499755859375,1427.550048828125,6088406.0,0.008582666130863004,0.012050782861528202,0.5911884710810899,Weak_Bear,0
2024-05-10,1313.1070556640625,1424.9000244140625,1435.949951171875,1413.0,1435.050048828125,8777481.0,-0.010176700971486818,0.011770595855135745,0.5898749458648017,Weak_Bear,0
2024-05-13,1311.770751953125,1423.449951171875,1425.0,1411.199951171875,1425.0,3735954.0,-0.001017665471503948,0.011524625964235018,0.5895467923028684,Weak_Bear,0
2024-05-14,1312.9224853515625,1424.699951171875,1433.75,1418.050048828125,1426.4000244140625,3463230.0,0.0008779989923717313,0.011202168640252431,0.6084127069799202,Weak_Bear,0
2024-05-15,1308.545166015625,1419.949951171875,1431.800048828125,1418.550048828125,1426.0,4327544.0,-0.003334027244392357,0.01099936940767348,0.6051300628084321,Weak_Bear,0
2024-05-16,1339.3248291015625,1453.3499755859375,1455.75,1427.0,1433.949951171875,9249145.0,0.023522048673075835,0.008964947614279505,0.6179818204684668,Normal_Market,1
2024-05-17,1330.9847412109375,1444.300048828125,1457.0,1439.25,1457.0,7542860.0,-0.006227083758478247,0.009109041114662243,0.6592513247724959,Normal_Market,1
2024-05-21,1321.63134765625,1434.1500244140625,1444.699951171875,1428.4000244140625,1430.0,6752663.0,-0.0070274235797607165,0.00916680558407535,0.6509768260041805,Normal_Market,1
2024-05-22,1340.6611328125,1454.800048828125,1459.949951171875,1428.0,1428.75,7173285.0,0.014398708981893549,0.009099396919024587,0.6226640726111714,Normal_Market,1
2024-05-23,1356.880126953125,1472.4000244140625,1478.1500244140625,1450.0,1454.699951171875,8641428.0,0.012097758146087267,0.009358699391292333,0.5901096144324813,Weak_Bear,0
2024-05-24,1350.1529541015625,1465.0999755859375,1475.5,1460.0,1468.25,5277938.0,-0.004957823994864108,0.009223235388175936,0.5964683807964901,Weak_Bear,0
2024-05-27,1355.91259765625,1471.3499755859375,1479.5999755859375,1460.25,1471.8499755859375,5821844.0,0.004265919307283372,0.009200127230695108,0.5919828456937151,Weak_Bear,0
2024-05-28,1351.9500732421875,1467.050048828125,1476.0,1460.300048828125,1475.5,6186922.0,-0.002922404011078461,0.009111456500573196,0.5730479965342434,Weak_Bear,0
2024-05-29,1337.1131591796875,1450.949951171875,1465.5,1450.0,1465.4000244140625,7401634.0,-0.010974454128264366,0.009500487935859284,0.5987362710989131,Weak_Bear,0
2024-05-30,1315.4569091796875,1427.449951171875,1449.8499755859375,1421.550048828125,1442.800048828125,9663150.0,-0.0161962731810118,0.009960222866907568,0.6041496267114242,Weak_Bear,0
2024-05-31,1322.4598388671875,1406.9000244140625,1436.75,1400.0,1409.800048828125,37113815.0,0.005323572090147,0.009959463644059379,0.6238126381258352,Normal_Market,1
2024-06-03,1321.519775390625,1405.9000244140625,1440.0,1404.0,1440.0,10589244.0,-0.0007108446312953376,0.009963955106159002,0.6718187921415988,Normal_Market,1
2024-06-04,1310.0050048828125,1393.6500244140625,1415.0,1358.3499755859375,1409.0,13736134.0,-0.008713279000617913,0.010065676517891938,0.6642769533282203,Normal_Market,1
2024-06-05,1344.2672119140625,1430.0999755859375,1438.0,1400.1500244140625,1400.1500244140625,9233424.0,0.026154256589512093,0.011445066998598239,0.6593883135685634,Normal_Market,1
2024-06-06,1383.887451171875,1472.25,1474.300048828125,1437.5,1444.949951171875,12660930.0,0.029473484815119688,0.01285416506930306,0.6211419805984015,Normal_Market,1
2024-06-07,1441.555419921875,1533.5999755859375,1539.699951171875,1477.25,1481.0,24075302.0,0.0416709962223929,0.015515560103595246,0.5878765455882418,Weak_Bear,0
2024-06-10,1409.7369384765625,1499.75,1529.800048828125,1497.300048828125,1525.300048828125,6810606.0,-0.022072326187110414,0.016306611477656514,0.5818509022998516,Weak_Bear,0
2024-06-11,1405.97705078125,1495.75,1506.449951171875,1493.949951171875,1500.050048828125,4853054.0,-0.002667084611811088,0.016335773641498078,0.5762874336267341,Weak_Bear,0
2024-06-12,1396.060302734375,1485.199951171875,1508.75,1482.75,1507.0,9564320.0,-0.007053278744034053,0.016500742902357184,0.721566658553562,Normal_Market,1
2024-06-13,1404.28515625,1493.949951171875,1505.0,1489.3499755859375,1495.0,7307565.0,0.005891474386540141,0.01643722396773265,0.70159114070511,Normal_Market,1
2024-06-14,1399.5382080078125,1488.9000244140625,1503.699951171875,1486.050048828125,1503.699951171875,4237727.0,-0.0033803307120782167,0.015815626828400854,0.7020050331616119,Normal_Market,1
2024-06-18,1408.2799072265625,1498.199951171875,1507.0,1495.4000244140625,1497.0,5420939.0,0.006246131165788871,0.015706456554302035,0.7270678015107784,Normal_Market,1
2024-06-19,1420.6407470703125,1511.3499755859375,1515.6500244140625,1496.699951171875,1505.0,5493456.0,0.008777260671206433,0.015575492755325031,0.7385010465715847,Normal_Market,1
2024-06-20,1424.4476318359375,1515.4000244140625,1517.5,1499.0999755859375,1516.300048828125,7927010.0,0.0026796956045893605,0.015372221787282248,0.7602419060084918,Normal_Market,1
2024-06-21,1440.70947265625,1532.699951171875,1557.75,1523.699951171875,1545.0,17301941.0,0.011416243361191958,0.015352077568250019,0.7368779671329623,Normal_Market,1
2024-06-24,1435.492431640625,1527.1500244140625,1529.0999755859375,1515.4000244140625,1524.550048828125,5564989.0,-0.003621161042278942,0.015317966800027227,0.7172735757965281,Normal_Market,1
2024-06-25,1449.4041748046875,1541.949951171875,1543.9000244140625,1520.3499755859375,1526.0,4551525.0,0.00969126890356553,0.015386108636426598,0.7507058263713434,Normal_Market,1
2024-06-26,1448.229248046875,1540.699951171875,1548.8499755859375,1535.0,1541.0,4851004.0,-0.000810627413827314,0.015347268125305243,0.7499746225978539,Normal_Market,1
2024-06-27,1478.9195556640625,1573.3499755859375,1578.4000244140625,1532.050048828125,1538.449951171875,14757754.0,0.021191608758473368,0.015429579866984507,0.7720405760652853,Normal_Market,1
2024-06-28,1472.7156982421875,1566.75,1588.5,1564.25,1572.550048828125,8197544.0,-0.004194857927272033,0.01477458534374449,0.7225560272745257,Normal_Market,1
2024-07-01,1495.322265625,1590.800048828125,1599.9000244140625,1559.5,1559.5,6801771.0,0.015350258987389953,0.014928148079828783,0.7164314181050874,Normal_Market,1
2024-07-02,1523.7569580078125,1621.050048828125,1633.800048828125,1586.5,1596.199951171875,10493173.0,0.019015762044396256,0.015093686042507095,0.7468959443760568,Normal_Market,1
2024-07-03,1529.7257080078125,1627.4000244140625,1636.0,1606.0,1625.0,7269965.0,0.003917127313927793,0.014648182483302295,0.7480099222653059,Normal_Market,1
2024-07-04,1551.580322265625,1650.6500244140625,1660.0,1628.0,1628.199951171875,8008311.0,0.014286622852324404,0.014099197728387,0.7581177636374962,Normal_Market,1
2024-07-05,1548.572265625,1647.449951171875,1665.8499755859375,1633.3499755859375,1651.449951171875,7065022.0,-0.0019387050721503263,0.013220223429907281,0.6997892700955171,Normal_Market,1
2024-07-08,1561.9200439453125,1661.6500244140625,1666.0,1640.0,1643.0999755859375,5880533.0,0.008619409385409282,0.010213538378567248,0.6771935212948278,Normal_Market,1
2024-07-09,1557.6900634765625,1657.1500244140625,1666.75,1651.0,1659.9000244140625,5191182.0,-0.0027081927049641408,0.008353671236936562,0.6652060121186486,Normal_Market,1
2024-07-10,1549.32421875,1648.25,1674.0,1637.550048828125,1657.0,9852770.0,-0.005370673488082067,0.008505371167355892,0.6465770208286041,Normal_Market,1
2024-07-11,1553.5072021484375,1652.699951171875,1665.0,1642.050048828125,1656.0,8857679.0,0.0026998760800449606,0.008051426791713159,0.647475775742541,Normal_Market,1
2024-07-12,1609.0130615234375,1711.75,1719.75,1666.6500244140625,1680.0,17078316.0,0.03572938657653957,0.010531957868212972,0.6706441501348607,Normal_Market,1
2024-07-15,1604.59521484375,1707.050048828125,1728.0,1702.6500244140625,1726.199951171875,6942230.0,-0.002745687269626429,0.01050032624052985,0.6900496063582212,Normal_Market,1
2024-07-16,1622.454833984375,1726.050048828125,1737.9000244140625,1700.0,1718.5999755859375,6886281.0,0.011130295650522815,0.01054075443013147,0.7130578056646907,Normal_Market,1
2024-07-18,1652.5341796875,1758.050048828125,1765.4000244140625,1719.0,1719.0,11248896.0,0.01853940403953014,0.010841528276581061,0.7395001770900547,Normal_Market,1
2024-07-19,1685.3394775390625,1792.949951171875,1844.0,1786.449951171875,1844.0,29819116.0,0.019851509430059755,0.01110447145270761,0.7777060831552683,Normal_Market,1
2024-07-22,1702.1650390625,1810.8499755859373,1823.0,1792.949951171875,1800.1500244140625,8462126.0,0.009983485076850096,0.01108929558087977,0.7735905086587374,Normal_Market,1
2024-07-23,1726.65185546875,1836.9000244140625,1839.949951171875,1783.25,1810.0,7113056.0,0.014385688722485135,0.010786139882009726,0.7908185605520126,Normal_Market,1
2024-07-24,1723.878662109375,1833.949951171875,1842.3499755859373,1819.5999755859373,1837.5,6002845.0,-0.0016061103172545499,0.011058666168356957,0.7410155664058358,Normal_Market,1
2024-07-25,1715.324951171875,1824.8499755859373,1830.9000244140625,1812.0,1820.0,5815599.0,-0.004961898494081685,0.01128453044428448,0.7104966178155196,Normal_Market,1
2024-07-26,1766.1309814453125,1878.9000244140625,1883.0,1825.3499755859373,1825.3499755859373,11369047.0,0.029618895381150923,0.011920486890591844,0.7309581573571858,Normal_Market,1
2024-07-29,1758.799072265625,1871.0999755859373,1903.0,1864.0,1893.5999755859373,4635931.0,-0.004151396049735467,0.011917962396257297,0.7096325355404579,Normal_Market,1
2024-07-30,1764.4859619140625,1877.1500244140625,1879.949951171875,1860.0,1871.0999755859373,2721265.0,0.0032333935911803557,0.011885142619299958,0.7302207139664642,Normal_Market,1
2024-07-31,1756.1201171875,1868.25,1885.1500244140625,1865.050048828125,1877.0,5004209.0,-0.004741236205408783,0.011952829990969097,0.7443427896635862,Normal_Market,1
2024-08-01,1741.409423828125,1852.5999755859373,1867.9000244140625,1845.0999755859373,1856.0999755859373,7475014.0,-0.008376815011341465,0.012436267676761712,0.7730402892072553,Normal_Market,1
2024-08-02,1711.89404296875,1821.199951171875,1859.5,1816.1500244140625,1843.0,7400938.0,-0.016949133532590865,0.01334484993087171,0.784355988070636,Normal_Market,1
2024-08-05,1646.7532958984375,1751.9000244140625,1797.5,1718.550048828125,1784.949951171875,10736703.0,-0.038051856852861055,0.016423020196475423,0.7290732512696779,Normal_Market,1
2024-08-06,1646.0013427734375,1751.0999755859375,1796.949951171875,1744.8499755859375,1760.199951171875,7690163.0,-0.00045662767268961346,0.016390939323162167,0.7061960671382139,Normal_Market,1
2024-08-07,1684.11767578125,1791.6500244140625,1797.9000244140625,1762.0999755859375,1796.0,5094329.0,0.02315692704332073,0.016948311880276783,0.6984997361708891,Normal_Market,1
2024-08-08,1638.528564453125,1743.1500244140625,1779.949951171875,1727.0999755859375,1779.949951171875,6227910.0,-0.02707002722180718,0.018229018169703914,0.6781330936039831,Normal_Market,1
2024-08-09,1664.471923828125,1770.75,1780.75,1756.0,1771.25,4258524.0,0.015833327497503102,0.018454284552080768,0.65628927488912,Normal_Market,1
2024-08-12,1689.5225830078125,1797.4000244140625,1803.5,1768.0999755859375,1773.050048828125,4315329.0,0.015050214317868127,0.017089250529366627,0.6373250075708387,Normal_Market,1
2024-08-13,1689.5693359375,1797.449951171875,1810.0,1789.050048828125,1810.0,4176918.0,2.767227272237882e-05,0.01705494831633548,0.6357961897666452,Normal_Market,1
2024-08-14,1713.821044921875,1823.25,1825.0,1797.449951171875,1802.0,7450718.0,0.014353781445091363,0.017153535003245433,0.6654817217098654,Normal_Market,1
2024-08-16,1747.378173828125,1858.949951171875,1861.8499755859373,1829.5,1850.0,7335657.0,0.019580299241674703,0.017205037792002553,0.6817444364014239,Normal_Market,1
2024-08-19,1752.8773193359375,1864.800048828125,1867.550048828125,1849.199951171875,1860.0,2585989.0,0.003147083779674986,0.016739796324438092,0.6619989303948571,Normal_Market,1
2024-08-20,1759.8331298828125,1872.199951171875,1885.699951171875,1868.199951171875,1880.0,3870333.0,0.003968224398904319,0.016644471193544,0.6075237154158408,Weak_Bear,0
2024-08-21,1760.3028564453125,1872.699951171875,1879.0,1867.0999755859373,1875.0999755859373,1966902.0,0.00026691539926360086,0.016379866106431544,0.5956445661406842,Weak_Bear,0
2024-08-22,1767.39990234375,1880.25,1893.6500244140625,1869.699951171875,1884.0,4300287.0,0.0040317186741201105,0.016379472577283324,0.5745546392893215,Weak_Bear,0
2024-08-23,1750.33935546875,1862.0999755859373,1882.5999755859373,1857.0,1878.199951171875,5015935.0,-0.009652906992003385,0.016508080839373176,0.6015051564781697,Weak_Bear,0
2024-08-26,1763.5460205078125,1876.1500244140625,1888.75,1864.0,1870.0,3728589.0,0.007545202590457434,0.015189115568146307,0.6172476653944196,Normal_Market,1
2024-08-27,1786.0584716796875,1900.0999755859373,1902.75,1873.9000244140625,1876.1500244140625,3830679.0,0.012765445817735088,0.015412962835516483,0.6496695122342685,Normal_Market,1
2024-08-28,1822.7177734375,1939.0999755859373,1951.0,1897.4000244140625,1906.9000244140625,6514531.0,0.0205252528621509,0.016024602138859232,0.6990632078238502,Normal_Market,1
2024-08-29,1817.3128662109373,1933.3499755859373,1950.5,1920.9000244140625,1933.0,7228284.0,-0.0029653012141147572,0.015991639404700206,0.7256278699366973,Normal_Market,1
2024-08-30,1827.041748046875,1943.699951171875,1950.0,1928.0,1938.0,13466759.0,0.005353443546692205,0.01582394920879092,0.7714113757358291,Normal_Market,1
2024-09-02,1846.5933837890625,1964.5,1975.75,1942.800048828125,1943.3499755859373,5573739.0,0.010701252865780608,0.015229893730391549,0.778802196974342,Normal_Market,1
2024-09-03,1824.7388916015625,1941.25,1967.0,1936.449951171875,1967.0,4694322.0,-0.011835032216272912,0.012268963740028014,0.7582744809291995,Normal_Market,1
2024-09-04,1807.0670166015625,1922.449951171875,1927.199951171875,1900.050048828125,1921.0999755859373,4778310.0,-0.009684604784462869,0.012660796994765992,0.7336182338797634,Normal_Market,1
2024-09-05,1817.1248779296875,1933.1500244140625,1940.0,1909.5999755859373,1926.25,4081810.0,0.005565848546690955,0.011903498227161568,0.70515082737218,Normal_Market,1
2024-09-06,1787.7034912109375,1901.8499755859373,1936.5,1896.8499755859373,1922.0,5848106.0,-0.01619117490277877,0.010591214898838573,0.750776189796087,Normal_Market,1
2024-09-09,1780.935791015625,1894.6500244140625,1920.8499755859373,1889.0,1890.0,4772612.0,-0.0037856950151885504,0.010384960648966466,0.7932506090431893,Normal_Market,1
2024-09-10,1797.5263671875,1912.300048828125,1935.0,1896.0,1904.9000244140625,6909600.0,0.009315650937877784,0.010123355294166195,0.8538134498793122,Normal_Market,1
2024-09-11,1795.50537109375,1910.1500244140625,1926.0,1905.0,1914.699951171875,5312946.0,-0.0011243206946177642,0.010145319036972054,0.8485823044721358,Normal_Market,1
2024-09-12,1833.38671875,1950.449951171875,1956.4000244140625,1910.800048828125,1925.0,8555092.0,0.02109787487473458,0.010639312478104932,0.8587290734740846,Normal_Market,1
2024-09-13,1827.4176025390625,1944.0999755859373,1958.5999755859373,1935.6500244140625,1950.449951171875,3843127.0,-0.003255786763311619,0.010022488303351224,0.8531153971013405,Normal_Market,1
2024-09-16,1833.1986083984373,1950.25,1952.0,1933.050048828125,1945.75,1570181.0,0.0031634837331886434,0.010022562834592684,0.865578409090084,Normal_Market,1
2024-09-17,1835.3607177734373,1952.550048828125,1958.449951171875,1942.1500244140625,1947.75,2793127.0,0.001179419057539599,0.01001738794178275,0.8293761837101977,Normal_Market,1
2024-09-18,1778.585693359375,1892.1500244140625,1938.75,1881.300048828125,1938.75,6385468.0,-0.030933986907455857,0.01245834024601423,0.7849644465417369,Normal_Market,1
2024-09-19,1780.5125732421875,1894.199951171875,1924.9000244140625,1878.800048828125,1910.5999755859373,7976570.0,0.0010833775904117715,0.01243289906478573,0.7815300841781073,Normal_Market,1
2024-09-20,1791.369384765625,1905.75,1915.0,1867.4000244140625,1905.0,15242974.0,0.006097576443208075,0.012257315519844141,0.833408928252658,Normal_Market,1
2024-09-23,1782.6275634765625,1896.449951171875,1918.9000244140625,1878.449951171875,1909.0,3636672.0,-0.004879965775571371,0.012235295842455014,0.8303914322466291,Normal_Market,1
2024-09-24,1784.6485595703125,1898.5999755859373,1910.9000244140625,1871.4000244140625,1888.0,7277616.0,0.001133717516298649,0.01189890079143883,0.8641395356363728,Normal_Market,1
2024-09-25,1781.5467529296875,1895.300048828125,1901.5999755859373,1876.800048828125,1886.3499755859373,4268341.0,-0.0017380489979337277,0.010878017613957996,0.8861374991582184,Normal_Market,1
2024-09-26,1786.199462890625,1900.25,1917.949951171875,1893.0,1897.800048828125,8952803.0,0.0026116126075761414,0.01089874366944152,0.9090923950437415,Normal_Market,1
2024-09-27,1792.3094482421875,1906.75,1974.5999755859373,1903.300048828125,1932.0999755859373,14908931.0,0.003420662405571706,0.01084970960164631,0.9283274462943326,Normal_Market,1
2024-09-30,1763.029052734375,1875.5999755859373,1901.25,1870.5,1880.0,6986955.0,-0.01633668535114252,0.011010999893936226,0.9261774048554385,Normal_Market,1
2024-10-01,1790.053466796875,1904.3499755859373,1908.949951171875,1875.0,1875.0,4029072.0,0.015328399733734566,0.011434242035180262,0.8857479062823259,Normal_Market,1
2024-10-03,1779.7606201171875,1893.4000244140625,1911.8499755859373,1881.0,1889.5,7503887.0,-0.005750021924264437,0.011308238288744582,0.8781190911810203,Normal_Market,1
2024-10-04,1803.0252685546875,1918.1500244140625,1954.0999755859373,1886.0,1889.550048828125,10001483.0,0.013071785146009152,0.011646620496060238,0.8563658867386252,Normal_Market,1
2024-10-07,1818.2060546875,1934.300048828125,1942.0,1916.050048828125,1923.199951171875,6112575.0,0.008419619179814042,0.011172476830554494,0.8592065982508172,Normal_Market,1
2024-10-08,1831.6005859375,1948.550048828125,1957.949951171875,1906.3499755859373,1937.9000244140625,5637391.0,0.007366893986227696,0.011204261770749506,0.8330682855614271,Normal_Market,1
2024-10-09,1835.5484619140625,1952.75,1977.0,1945.0999755859373,1952.550048828125,4857163.0,0.0021554240629060306,0.011053539791993439,0.8302293300651628,Normal_Market,1
2024-10-10,1803.8240966796875,1919.0,1964.0,1914.0999755859373,1957.9000244140625,4782119.0,-0.017283316617690225,0.011791068385567142,0.851423997605776,Normal_Market,1
2024-10-11,1818.9578857421875,1935.0999755859373,1947.0,1910.0999755859373,1918.0,4709431.0,0.00838983639832569,0.010921525741595712,0.8686124811955279,Normal_Market,1
2024-10-14,1841.3294677734373,1958.9000244140625,1969.5,1931.0999755859373,1932.1500244140625,3751378.0,0.012299120395589336,0.011251652805893759,0.8573114077551897,Normal_Market,1
2024-10-15,1841.7054443359373,1959.300048828125,1991.449951171875,1951.75,1960.0,5353705.0,0.0002041875552856176,0.011233395170006722,0.8717126840464545,Normal_Market,1
2024-10-16,1804.858154296875,1920.0999755859373,1959.550048828125,1916.3499755859373,1955.0,3111512.0,-0.020007157036096124,0.012110061179485059,0.8651437605036346,Normal_Market,1
2024-10-17,1849.977294921875,1968.0999755859373,1978.0,1930.1500244140625,1935.199951171875,8162822.0,0.02499871833007128,0.011201171937452079,0.8212033780117665,Normal_Market,1
2024-10-18,1766.7889404296875,1879.5999755859373,1936.8499755859373,1869.25,1893.800048828125,10526196.0,-0.04496722998738234,0.015365038448673672,0.7807105638688838,Normal_Market,1
2024-10-21,1741.550537109375,1852.75,1898.800048828125,1838.0,1891.0999755859373,4654601.0,-0.014284899991605315,0.015594483882604879,0.8152906521993823,Normal_Market,1
2024-10-22,1740.4693603515625,1851.5999755859373,1877.800048828125,1846.949951171875,1858.199951171875,4125240.0,-0.0006208127382895112,0.01557197842316077,0.8159458279334679,Normal_Market,1
2024-10-23,1760.9610595703125,1873.4000244140625,1886.0,1844.0,1845.25,4311910.0,0.01177366271740099,0.015831159891052854,0.8124111757720148,Normal_Market,1
2024-10-24,1751.5140380859375,1863.3499755859373,1884.0,1860.0,1861.4000244140625,2906475.0,-0.005364696415649406,0.01586624657444226,0.8414118609075047,Normal_Market,1
2024-10-25,1750.292236328125,1862.050048828125,1876.3499755859373,1846.4000244140625,1863.449951171875,4689120.0,-0.0006975689210848568,0.015846821491944958,0.8556586109276888,Normal_Market,1
2024-10-28,1753.3941650390625,1865.3499755859373,1881.9000244140625,1857.0,1859.699951171875,7018940.0,0.0017722347426079033,0.015827473174147608,0.8385344352559705,Normal_Market,1
2024-10-29,1748.59326171875,1839.300048828125,1851.5999755859373,1829.0,1846.0,4621252.0,-0.00273806279046529,0.0154197315936252,0.8012965309547205,Normal_Market,1
2024-10-30,1713.227783203125,1802.0999755859373,1839.0,1796.3499755859375,1832.0,5919715.0,-0.02022510282400558,0.015572225034521804,0.7840655384538395,Normal_Market,1
2024-10-31,1670.5897216796875,1757.25,1787.9000244140625,1746.5,1787.9000244140625,7395236.0,-0.024887561328079566,0.01637714822254774,0.770434141430501,Normal_Market,1
2024-11-01,1674.011962890625,1760.8499755859375,1766.0,1752.050048828125,1764.5,371966.0,0.0020485228458706484,0.015987543689500294,0.7159025943488373,Normal_Market,1
2024-11-04,1676.6739501953125,1763.6500244140625,1767.0,1718.0,1724.5,7336722.0,0.0015901841585952425,0.015789410985161265,0.7575260027469825,Normal_Market,1
2024-11-05,1667.68994140625,1754.199951171875,1768.449951171875,1745.0,1760.0,3160880.0,-0.005358232462558399,0.015565284929307912,0.7412579644789276,Normal_Market,1
2024-11-06,1733.7625732421875,1823.699951171875,1827.199951171875,1762.6500244140625,1764.0,10421494.0,0.03961925427230373,0.01841027568462878,0.733313343253676,Normal_Market,1
2024-11-07,1714.1309814453125,1803.050048828125,1825.699951171875,1787.0,1812.949951171875,4550965.0,-0.011323114306339699,0.018208702274552832,0.7592972421153188,Normal_Market,1
2024-11-08,1739.704345703125,1829.949951171875,1840.5999755859373,1813.1500244140625,1818.0,4210960.0,0.01491914243114012,0.018468801549662926,0.781075644559052,Normal_Market,1
2024-11-11,1768.367431640625,1860.0999755859373,1868.0,1822.550048828125,1829.0,3804234.0,0.016475837407829985,0.01866234218713408,0.7423616138079895,Normal_Market,1
2024-11-12,1776.6383056640625,1868.800048828125,1881.0,1861.0,1871.0999755859373,5012450.0,0.004677124151604595,0.018715027909044554,0.7245338747033675,Normal_Market,1
2024-11-13,1776.2581787109375,1868.4000244140625,1873.199951171875,1856.300048828125,1861.0999755859373,4257495.0,-0.00021395854852002127,0.01820857140691353,0.7179070181594923,Normal_Market,1
2024-11-14,1772.5980224609375,1864.550048828125,1876.0,1856.0,1865.5999755859373,4311431.0,-0.002060599238257299,0.017179448436792626,0.6885412703797877,Normal_Market,1
2024-11-18,1722.11669921875,1811.449951171875,1849.199951171875,1795.0,1849.199951171875,4839244.0,-0.02847872027528453,0.015301634933510628,0.6479998814386019,Normal_Market,1
2024-11-19,1734.7607421875,1824.75,1859.699951171875,1820.550048828125,1825.5,4669769.0,0.007342152233054788,0.015088652615579989,0.6558023963886473,Normal_Market,1
2024-11-21,1743.6021728515625,1834.050048828125,1867.0,1820.5999755859373,1842.0,5436504.0,0.005096628283686844,0.015132116080407588,0.6544356665217703,Normal_Market,1
2024-11-22,1808.438720703125,1902.25,1914.050048828125,1834.0,1854.0999755859373,6301486.0,0.037185402072266394,0.01709478808763,0.6128856897693293,Normal_Market,1
2024-11-25,1796.5076904296875,1889.699951171875,1919.300048828125,1882.0,1916.0,12764638.0,-0.006597420270231025,0.017122923115664653,0.5954489965869276,Weak_Bear,0
2024-11-26,1829.2586669921875,1924.1500244140625,1938.5999755859373,1897.300048828125,1904.949951171875,6850495.0,0.0182303570070812,0.01751896207464133,0.6126709635923581,Normal_Market,1
2024-11-27,1829.591552734375,1924.5,1941.4000244140625,1911.75,1930.0999755859373,4447143.0,0.00018197849664147725,0.017525347730947705,0.5811014878458862,Weak_Bear,0
2024-11-28,1765.0875244140625,1856.6500244140625,1914.9000244140625,1851.6500244140625,1914.9000244140625,8468790.0,-0.03525597187192375,0.019420740591150114,0.5446366149875524,Weak_Bear,0
2024-11-29,1766.2283935546875,1857.8499755859373,1877.0,1845.0,1851.0999755859373,5244346.0,0.000646352730300892,0.018790617082675654,0.54537074685072,Weak_Bear,0
2024-12-02,1787.0960693359375,1879.800048828125,1882.800048828125,1835.199951171875,1859.0,2868263.0,0.011814822962534333,0.01782563710806146,0.5368973776594093,Weak_Bear,0
2024-12-03,1798.789306640625,1892.0999755859373,1899.75,1871.1500244140625,1887.0,4715792.0,0.0065431498089705276,0.01783434699965973,0.48650385597327916,Weak_Bear,0
2024-12-04,1796.079833984375,1889.25,1913.949951171875,1875.0,1884.0,4705573.0,-0.0015062757190336118,0.017867508874452938,0.5308628687730079,Weak_Bear,0
2024-12-05,1839.4310302734373,1934.8499755859373,1949.9000244140625,1888.949951171875,1900.0,9050038.0,0.024136564237733804,0.018301418006705223,0.44695105942184665,Weak_Bear,0
2024-12-06,1827.5950927734373,1922.4000244140625,1937.949951171875,1912.4000244140625,1932.800048828125,3573331.0,-0.006434564441505919,0.01653815853107038,0.4177738376648507,Weak_Bear,0
2024-12-09,1828.783447265625,1923.6500244140625,1930.199951171875,1897.199951171875,1924.199951171875,4274645.0,0.0006502285418070741,0.01621473965052203,0.41411959832636236,Weak_Bear,0
2024-12-10,1852.4554443359373,1948.550048828125,1965.5999755859373,1932.0,1939.0,6174921.0,0.012944122556285409,0.01614655661308686,0.43533378514704807,Weak_Bear,0
2024-12-11,1876.79296875,1974.1500244140625,1978.0,1952.0,1955.0,5025612.0,0.013137980990839626,0.01601961421889171,0.43643493662881805,Weak_Bear,0
2024-12-12,1889.00927734375,1987.0,1998.800048828125,1970.550048828125,1975.199951171875,6462130.0,0.006509140217999976,0.016034326085572138,0.4583270302919747,Weak_Bear,0
2024-12-13,1901.0828857421875,1999.699951171875,2006.449951171875,1953.800048828125,1969.75,5362693.0,0.006391502965731766,0.01602847234023127,0.4755607403768476,Weak_Bear,0
2024-12-16,1882.402099609375,1980.050048828125,1999.5999755859373,1977.5999755859373,1995.449951171875,3119221.0,-0.009826392248815319,0.01626321967929823,0.5028846470290701,Weak_Bear,0
2024-12-17,1879.1221923828125,1976.5999755859373,1982.0,1958.0,1968.0,5811050.0,-0.0017424052104718646,0.014534794378531985,0.4456456501756732,Weak_Bear,0
2024-12-18,1881.54638671875,1979.1500244140625,1984.949951171875,1961.5999755859373,1966.800048828125,3064095.0,0.0012900674292306569,0.014534902982899634,0.47917438202082757,Weak_Bear,0
2024-12-19,1850.2213134765625,1946.199951171875,1959.75,1920.0,1934.0,5323592.0,-0.01664857877717041,0.015257278300920926,0.5009588225043098,Weak_Bear,0
2024-12-20,1827.357421875,1922.1500244140625,1979.949951171875,1911.25,1975.1500244140625,11056720.0,-0.012357382025073194,0.013328963794477948,0.5030362539990091,Weak_Bear,0
2024-12-23,1829.4013671875,1924.300048828125,1940.0,1909.0,1930.050048828125,2781793.0,0.0011185251927359197,0.013220738663421558,0.490384190127522,Weak_Bear,0
2024-12-24,1814.9034423828125,1909.050048828125,1942.0,1840.0,1927.050048828125,2360544.0,-0.007924955706672732,0.012709451376954704,0.5140697611324327,Weak_Bear,0
2024-12-26,1813.3348388671875,1907.4000244140625,1919.75,1902.300048828125,1909.050048828125,3623321.0,-0.000864290341289764,0.012709444421635319,0.45720163055003504,Weak_Bear,0
2024-12-27,1822.2237548828125,1916.75,1924.1500244140625,1903.9000244140625,1909.4000244140625,3937500.0,0.004901971674011518,0.009730884895224362,0.4333540269459382,Weak_Bear,0
2024-12-30,1812.0037841796875,1906.0,1916.0,1886.5,1915.699951171875,7789055.0,-0.005608515790522239,0.009864068243352836,0.4634348958262808,Weak_Bear,0
2024-12-31,1787.2860107421875,1880.0,1897.0,1845.050048828125,1892.300048828125,3613063.0,-0.013641126830587713,0.01007944291261501,0.4815027646845703,Weak_Bear,0
2025-01-01,1789.662841796875,1882.5,1892.949951171875,1874.0,1874.0,1838368.0,0.0013298548975384517,0.009969591083540109,0.4168732228159211,Weak_Bear,0
2025-01-02,1861.296875,1957.8499755859373,1962.6500244140625,1885.300048828125,1887.0,7083645.0,0.040026552225447265,0.013415001042019379,0.4199918701452558,Weak_Bear,0
2025-01-03,1843.1387939453125,1938.75,1952.949951171875,1922.0,1952.949951171875,6218003.0,-0.009755607124568688,0.012568054836156898,0.42132184407028667,Weak_Bear,0
2025-01-06,1842.283203125,1937.8499755859373,1973.0,1928.0,1952.0,7164403.0,-0.0004642031425539095,0.01247335335485172,0.4354720072162705,Weak_Bear,0
2025-01-07,1835.6282958984373,1930.8499755859373,1958.550048828125,1923.6500244140625,1945.0,4294832.0,-0.0036123149878771743,0.012506543603643457,0.4557952824117166,Weak_Bear,0
2025-01-08,1837.81494140625,1933.1500244140625,1938.5999755859373,1888.75,1930.0,5482050.0,0.0011912245592959891,0.012150237915212211,0.4684680045217292,Weak_Bear,0
2025-01-09,1822.7467041015625,1917.300048828125,1951.8499755859373,1910.550048828125,1934.050048828125,6833503.0,-0.008198995973532353,0.011838424334660095,0.4183669761377737,Weak_Bear,0
2025-01-10,1869.947998046875,1966.949951171875,1977.800048828125,1932.25,1937.0,8036913.0,0.02589569567680461,0.013231352232888571,0.37011557268693895,Weak_Bear,0
2025-01-13,1865.4322509765625,1962.199951171875,1982.800048828125,1949.0,1956.0,5804152.0,-0.00241490516047993,0.013138779236439243,0.36900361109739493,Weak_Bear,0
2025-01-14,1844.374755859375,1940.050048828125,1971.800048828125,1931.0999755859373,1968.8499755859373,5792162.0,-0.011288265819444199,0.013195200676634454,0.3908127602311935,Weak_Bear,0
2025-01-15,1853.501220703125,1949.6500244140625,1958.050048828125,1937.0999755859373,1947.0,2985439.0,0.004948270309358849,0.013258405620531962,0.4006728734739829,Weak_Bear,0
2025-01-16,1833.3466796875,1928.449951171875,1966.949951171875,1916.8499755859373,1965.949951171875,7533579.0,-0.01087376732774925,0.013444637811834395,0.45290666667193613,Weak_Bear,0
2025-01-17,1725.9193115234375,1815.449951171875,1858.0,1812.0,1851.0,16409953.0,-0.058596319700087385,0.018354829495086933,0.43857780773598437,Weak_Bear,0
2025-01-20,1723.8756103515625,1813.300048828125,1827.949951171875,1793.1500244140625,1822.949951171875,4333011.0,-0.00118412324274364,0.018234589611383713,0.46037719265180277,Weak_Bear,0
2025-01-21,1711.896728515625,1800.699951171875,1831.6500244140625,1793.050048828125,1819.050048828125,7169109.0,-0.006948808698264863,0.0182337209021897,0.43981873612269284,Weak_Bear,0
2025-01-22,1764.8974609375,1856.449951171875,1865.800048828125,1805.1500244140625,1807.4000244140625,8373913.0,0.030960239329291595,0.01971151092584941,0.4374202687124577,Weak_Bear,0
2025-01-23,1773.4534912109375,1865.449951171875,1879.550048828125,1852.699951171875,1858.0,5907471.0,0.0048478908621085726,0.019758109870625713,0.40787811590218476,Weak_Bear,0
2025-01-24,1782.96044921875,1875.449951171875,1894.9000244140625,1864.25,1865.5,4887027.0,0.005360703314142734,0.01976549422422411,0.3895893729040445,Weak_Bear,0
2025-01-27,1732.146484375,1822.0,1863.0,1812.0,1848.75,7652371.0,-0.028499771190109935,0.020693421956493565,0.3837002024818765,Weak_Bear,0
2025-01-28,1739.51416015625,1829.75,1863.5,1824.9000244140625,1830.0,6999495.0,0.00425349463668967,0.020552062708061557,0.4009822293960276,Weak_Bear,0
2025-01-29,1788.474365234375,1881.25,1888.6500244140625,1840.5,1845.0,5145155.0,0.02814590774801573,0.02157187001416689,0.4112233339630558,Weak_Bear,0
2025-01-30,1768.2247314453125,1859.949951171875,1887.199951171875,1844.0,1873.1500244140625,7336056.0,-0.011322294679023126,0.019541152658437175,0.4425021582354704,Weak_Bear,0
2025-01-31,1787.0960693359375,1879.800048828125,1897.449951171875,1871.0,1871.0,5820470.0,0.01067247706415686,0.01966868812497965,0.42620643338678044,Weak_Bear,0
2025-02-01,1760.0489501953125,1851.3499755859373,1890.5999755859373,1846.0,1880.300048828125,1701402.0,-0.015134675524565044,0.01990579455144796,0.44959980995000226,Weak_Bear,0
2025-02-03,1771.40966796875,1863.300048828125,1876.550048828125,1832.4000244140625,1836.0,4823228.0,0.006454773756250809,0.019992365920991993,0.4368702758277297,Weak_Bear,0
2025-02-04,1805.1590576171875,1898.800048828125,1911.199951171875,1875.0,1889.0,7334787.0,0.019052278114264576,0.02051507018166544,0.3869704953469707,Weak_Bear,0
2025-02-05,1803.4952392578125,1897.050048828125,1919.699951171875,1894.300048828125,1906.0,4996744.0,-0.0009217018037021019,0.02043934001580197,0.33358895985102377,Weak_Bear,0
2025-02-06,1821.177978515625,1915.6500244140625,1924.0,1900.0,1917.0,4765255.0,0.009804705259487845,0.019654323676630406,0.3173758920453758,Weak_Bear,0
2025-02-07,1809.7696533203125,1903.6500244140625,1923.699951171875,1889.449951171875,1919.300048828125,4126260.0,-0.006264256063875262,0.019686346831997485,0.34967995695456267,Weak_Bear,0
2025-02-10,1787.5712890625,1880.300048828125,1905.0,1878.5999755859373,1905.0,3828734.0,-0.012265850638552789,0.019713577065535334,0.36698449055938676,Weak_Bear,0
2025-02-11,1783.150634765625,1875.6500244140625,1903.0,1870.0,1883.0999755859373,4411601.0,-0.002472994684980301,0.01965804689095972,0.4031147111505623,Weak_Bear,0
2025-02-12,1771.2672119140625,1863.1500244140625,1894.5999755859373,1847.0,1885.0,5633947.0,-0.006664284340242799,0.01957755136510397,0.43945564378864804,Weak_Bear,0
2025-02-13,1752.3485107421875,1843.25,1873.5,1835.6500244140625,1868.5,5237744.0,-0.01068088487418628,0.01450099221688195,0.4393119362502759,Weak_Bear,0
2025-02-14,1764.8499755859375,1856.4000244140625,1859.300048828125,1828.3499755859373,1854.0,5292961.0,0.007134120163377222,0.01455846504419396,0.4898739013958855,Weak_Bear,0
2025-02-17,1751.4451904296875,1842.300048828125,1852.75,1822.1500244140625,1838.550048828125,4428956.0,-0.007595424733935041,0.014578394973232213,0.4686549818236322,Weak_Bear,0
2025-02-18,1760.619384765625,1851.949951171875,1861.6500244140625,1837.5999755859373,1842.300048828125,4365260.0,0.005238071043311754,0.012851046717375176,0.43731862322863346,Weak_Bear,0
2025-02-19,1721.498779296875,1810.800048828125,1849.199951171875,1805.9000244140625,1847.4000244140625,4611411.0,-0.022219797082353332,0.013705744747326084,0.3737564337233938,Weak_Bear,0
2025-02-20,1735.14111328125,1825.1500244140625,1831.0,1805.550048828125,1805.550048828125,2218020.0,0.007924684088330913,0.013784041383797003,0.37866867087973444,Weak_Bear,0
2025-02-21,1725.4915771484375,1815.0,1829.8499755859373,1806.199951171875,1821.800048828125,3379879.0,-0.005561239981550892,0.01227010303880926,0.3945299177284554,Weak_Bear,0
2025-02-24,1677.1016845703125,1764.0999755859375,1808.0,1750.25,1800.050048828125,7594720.0,-0.028044119843282367,0.013705456893027629,0.39306825703950626,Weak_Bear,0
2025-02-25,1680.5242919921875,1767.699951171875,1778.449951171875,1745.1500244140625,1745.1500244140625,5092963.0,0.002040787063398497,0.011823731587219981,0.41827738388228364,Weak_Bear,0
2025-02-27,1677.2919921875,1764.300048828125,1775.8499755859375,1751.0999755859375,1755.199951171875,5757079.0,-0.0019233877308942882,0.011662963144160283,0.44985003981021643,Weak_Bear,0
2025-02-28,1604.469482421875,1687.699951171875,1755.0999755859375,1682.449951171875,1755.050048828125,12182167.0,-0.04341671581621931,0.014384080932561168,0.48640995056019964,Weak_Bear,0
2025-03-03,1624.3388671875,1708.5999755859375,1728.5999755859375,1692.300048828125,1692.300048828125,7504969.0,0.01238377232057597,0.014703979917524593,0.5210359505995182,Weak_Bear,0
2025-03-04,1605.0400390625,1688.300048828125,1699.0,1670.0,1695.0,6759673.0,-0.011881035733889322,0.014595607893675736,0.5035486277369687,Weak_Bear,0
2025-03-05,1627.0958251953125,1711.5,1732.949951171875,1692.449951171875,1692.449951171875,8180782.0,0.013741580020455668,0.014180927659134469,0.49120098310880006,Weak_Bear,0
2025-03-06,1631.2313232421875,1715.8499755859375,1722.300048828125,1691.0999755859375,1715.0,10610547.0,0.002541643818905648,0.014255357216746254,0.4416702319547914,Weak_Bear,0
2025-03-07,1602.853271484375,1686.0,1705.0,1675.5,1703.0999755859375,8019331.0,-0.017396706005748497,0.014074129141400613,0.44512591206262797,Weak_Bear,0
2025-03-10,1617.5413818359375,1701.449951171875,1719.0,1676.199951171875,1686.0,7558981.0,0.009163727343526551,0.014491035656615438,0.4603393604120923,Weak_Bear,0
2025-03-11,1579.656494140625,1661.5999755859375,1680.0,1637.050048828125,1680.0,12671234.0,-0.023421278812856383,0.014971968100249774,0.5100968252930793,Weak_Bear,0
2025-03-12,1512.395751953125,1590.8499755859375,1636.9000244140625,1563.800048828125,1636.9000244140625,14870008.0,-0.04257934711564726,0.017013570289640997,0.6128941469800683,Weak_Bear,0
2025-03-13,1501.938232421875,1579.8499755859375,1606.050048828125,1570.300048828125,1599.25,7822888.0,-0.006914539079963089,0.017012581160093524,0.6563695694125169,Normal_Market,1
2025-03-17,1511.6353759765625,1590.050048828125,1594.0,1545.1500244140625,1545.1500244140625,7526032.0,0.006456419675162639,0.01730342145556607,0.6194005288936546,Normal_Market,1
2025-03-18,1511.6353759765625,1590.050048828125,1590.050048828125,1590.050048828125,1590.050048828125,0.0,0.0,0.017063894080713633,0.6526144569398972,Normal_Market,1
2025-03-19,1508.307861328125,1586.550048828125,1603.0,1572.800048828125,1603.0,7387068.0,-0.002201268044741189,0.017106100582471473,0.6229579700622684,Normal_Market,1
2025-03-20,1535.8778076171875,1615.550048828125,1631.9000244140625,1592.0,1592.0,7186750.0,0.018278726111515597,0.017842010728266546,0.6151635337451579,Normal_Market,1
2025-03-21,1514.011962890625,1592.550048828125,1603.9000244140625,1563.6500244140625,1577.949951171875,10074677.0,-0.014236708557229472,0.017562497572178044,0.5325161031985347,Weak_Bear,0
2025-03-24,1514.2021484375,1592.75,1607.0999755859375,1572.699951171875,1597.949951171875,8857726.0,0.00012561693800083873,0.017316003470622655,0.5252922012899562,Weak_Bear,0
2025-03-25,1548.141357421875,1628.449951171875,1636.1500244140625,1605.0,1605.0,9890140.0,0.02241392209051929,0.018497503423080198,0.5718783450574748,Weak_Bear,0
2025-03-26,1520.5716552734375,1599.449951171875,1637.75,1595.0,1626.0,6651302.0,-0.017808258926916953,0.0179674562088922,0.553252494296793,Weak_Bear,0
2025-03-27,1524.469482421875,1603.550048828125,1619.949951171875,1586.0,1595.550048828125,9426573.0,0.0025633959010873397,0.017978200699309325,0.5725501917780014,Weak_Bear,0
2025-03-28,1493.1920166015625,1570.6500244140625,1598.449951171875,1560.0,1590.0,6799047.0,-0.020516951097389602,0.01830454831801226,0.6376053016078868,Normal_Market,1
2025-04-01,1451.21923828125,1526.5,1547.4000244140625,1517.8499755859375,1539.25,12680733.0,-0.028109431241027272,0.016908431072696007,0.6295975458835634,Normal_Market,1
2025-04-02,1473.7030029296875,1550.1500244140625,1555.6500244140625,1535.199951171875,1535.199951171875,6193478.0,0.015493017219828209,0.01708874853994102,0.6397192693774851,Normal_Market,1
2025-04-03,1422.6986083984375,1496.5,1534.6500244140625,1485.050048828125,1534.6500244140625,10459504.0,-0.034609683518222134,0.018303034169055345,0.6252204421326232,Weak_Bear,0
2025-04-04,1380.060546875,1451.6500244140625,1472.0,1448.0,1460.5,9590254.0,-0.029969848337334182,0.018449578923421504,0.6258596459988424,Weak_Bear,0
2025-04-07,1327.8680419921875,1396.75,1405.9000244140625,1307.0,1352.0,21715252.0,-0.03781899642084319,0.0194137947030879,0.5958975525028161,Weak_Bear,0
2025-04-08,1358.3375244140625,1428.800048828125,1456.5,1415.0,1431.0,12805001.0,0.022946167434048537,0.02066622526377596,0.6158701050814148,Normal_Market,1
2025-04-09,1334.4752197265625,1403.699951171875,1409.449951171875,1381.9000244140625,1405.050048828125,8546854.0,-0.0175672866711043,0.02035731374722829,0.6567687406133613,Normal_Market,1
2025-04-11,1339.9417724609375,1409.449951171875,1438.800048828125,1397.050048828125,1411.25,12567440.0,0.004096406327796176,0.02028771834805931,0.6507596892130513,Normal_Market,1
2025-04-15,1355.675537109375,1426.0,1447.699951171875,1409.0,1445.5999755859375,10178530.0,0.01174212564441568,0.019010375731521555,0.6745490325123864,Normal_Market,1
2025-04-16,1343.4117431640625,1413.0999755859375,1427.5,1396.800048828125,1425.0,12022740.0,-0.009046260413802187,0.019025981109979443,0.7229310836371364,Normal_Market,1
2025-04-17,1349.4959716796875,1419.5,1429.800048828125,1378.300048828125,1398.0,14264227.0,0.004528938016646444,0.01896761657888778,0.6976540836334816,Normal_Market,1
2025-04-21,1379.442626953125,1451.0,1471.800048828125,1410.0,1410.0,15648970.0,0.02219099271275593,0.019929988507351525,0.7267353480432833,Normal_Market,1
2025-04-22,1352.6334228515625,1422.800048828125,1440.0,1419.300048828125,1440.0,9399738.0,-0.019434809087187532,0.0202017431614647,0.7028658871269314,Normal_Market,1
2025-04-23,1402.1639404296875,1474.9000244140625,1487.800048828125,1439.5999755859375,1446.0,11136642.0,0.03661784245557609,0.021686909029276044,0.6770701473976305,Normal_Market,1
2025-04-24,1398.8365478515625,1471.4000244140625,1482.9000244140625,1461.5,1469.9000244140625,7114292.0,-0.002373041041909385,0.021563285593195744,0.6275362417040964,Normal_Market,1
2025-04-25,1407.2025146484375,1480.199951171875,1501.699951171875,1463.5,1475.5,8329979.0,0.00598066072102843,0.021657878242718826,0.61211450916462,Normal_Market,1
2025-04-28,1409.0087890625,1482.0999755859375,1489.5999755859375,1465.300048828125,1480.199951171875,5886253.0,0.0012835923722847031,0.02083017023535707,0.6802505793544842,Normal_Market,1
2025-04-29,1423.6495361328125,1497.5,1509.800048828125,1474.0999755859375,1482.0,8056743.0,0.010390813161679446,0.020835646669489057,0.6716919155618377,Normal_Market,1
2025-04-30,1426.1212158203125,1500.0999755859375,1508.800048828125,1482.5999755859375,1496.800048828125,7704183.0,0.001736157407260519,0.020824670954820563,0.6770154618260069,Normal_Market,1
2025-05-02,1432.5859375,1506.9000244140625,1523.199951171875,1496.199951171875,1499.699951171875,7402310.0,0.004533080083216401,0.02047374595517786,0.7228435672340779,Normal_Market,1
2025-05-05,1434.2020263671875,1508.5999755859375,1523.0,1502.800048828125,1515.0,4282493.0,0.0011280920919882753,0.01952329222455406,0.6663172442095245,Normal_Market,1
2025-05-06,1436.9588623046875,1511.5,1515.5999755859375,1499.0999755859375,1506.0,4270530.0,0.0019222089265087394,0.019174283534447792,0.7008168209110983,Normal_Market,1
2025-05-07,1433.9168701171875,1508.300048828125,1518.800048828125,1496.5999755859375,1500.0,5691799.0,-0.002116965396365633,0.01748662012265257,0.6951760480308268,Normal_Market,1
2025-05-08,1436.864013671875,1511.4000244140625,1516.5,1501.199951171875,1508.0,8424409.0,0.0020553099109899,0.015944174080914197,0.6692328064696099,Normal_Market,1
2025-05-09,1433.2513427734375,1507.5999755859375,1511.4000244140625,1494.0999755859375,1500.699951171875,4478653.0,-0.0025142747428167356,0.012963012803210855,0.7050894851443502,Normal_Market,1
2025-05-12,1546.66796875,1626.9000244140625,1632.0,1532.0,1537.0,11372857.0,0.07913240517681541,0.020940401003717822,0.686883779899884,Normal_Market,1
2025-05-13,1491.2430419921875,1568.5999755859375,1612.199951171875,1564.5999755859375,1609.0,12846210.0,-0.03583505178723412,0.022402624131201605,0.7214568513363739,High_Volatility,2
2025-05-14,1513.869384765625,1592.4000244140625,1595.0,1569.5,1574.0,4870057.0,0.015172806937768124,0.022494989562904168,0.6918344700354158,High_Volatility,2
2025-05-15,1533.453369140625,1613.0,1618.5999755859375,1571.0,1589.800048828125,11151167.0,0.012936376527643345,0.022511621884952416,0.7162229649597066,High_Volatility,2
2025-05-16,1511.49267578125,1589.9000244140625,1612.5999755859375,1581.5,1612.5999755859375,4576751.0,-0.014321070207490072,0.022732108363493743,0.750300312099664,High_Volatility,2
2025-05-19,1482.8770751953125,1559.800048828125,1585.0,1555.699951171875,1576.5,8855798.0,-0.018932014057657875,0.023415264962491477,0.7018415614839453,High_Volatility,2
2025-05-20,1483.6375732421875,1560.5999755859375,1583.5,1558.0,1570.0,7143998.0,0.0005128530608478066,0.02307579779379842,0.7378279853735048,High_Volatility,2
2025-05-21,1491.14794921875,1568.5,1571.0,1552.0999755859375,1567.9000244140625,4157309.0,0.005062136543327211,0.022412983714437378,0.7375077938891048,High_Volatility,2
2025-05-22,1471.1834716796875,1547.5,1560.800048828125,1540.0,1555.5,6158990.0,-0.013388663109869414,0.021484117161476014,0.7461087704124394,Normal_Market,1
2025-05-23,1487.6304931640625,1564.800048828125,1587.199951171875,1550.0,1550.0,5038421.0,0.011179449607054748,0.021532075959165082,0.7265411303317282,Normal_Market,1
2025-05-26,1502.55615234375,1580.5,1583.800048828125,1562.699951171875,1566.5999755859375,3170102.0,0.010033176415967349,0.02157769005676971,0.730670859534008,High_Volatility,2
2025-05-27,1492.669189453125,1570.0999755859375,1582.9000244140625,1556.4000244140625,1579.9000244140625,7775714.0,-0.006580095442824452,0.021691519293517265,0.777564403162209,High_Volatility,2
2025-05-28,1494.2852783203125,1571.800048828125,1587.699951171875,1570.0,1581.0,3623370.0,0.0010826838783881687,0.021626736701655526,0.7525387782071337,High_Volatility,2
2025-05-29,1507.40478515625,1585.5999755859375,1608.9000244140625,1576.5999755859375,1589.0,8609500.0,0.008779787250989157,0.02166855528142821,0.7846353536994658,High_Volatility,2
2025-05-30,1506.5369873046875,1562.699951171875,1572.0,1555.0999755859375,1571.0,13148092.0,-0.000575689993894124,0.021679543012388412,0.8012237867154478,High_Volatility,2
2025-06-02,1497.9569091796875,1553.800048828125,1560.0,1539.0,1560.0,4374509.0,-0.005695232309131937,0.021759729496177334,0.7310725479546293,High_Volatility,2
2025-06-03,1487.5450439453125,1543.0,1567.300048828125,1535.5999755859375,1559.0,6853403.0,-0.006950710778507507,0.02186010794164562,0.7510833526641518,High_Volatility,2
2025-06-04,1495.4503173828125,1551.199951171875,1557.300048828125,1541.4000244140625,1543.0,4548307.0,0.005314308611814145,0.021850462576202472,0.7282634695850454,High_Volatility,2
2025-06-05,1498.43896484375,1554.300048828125,1567.699951171875,1541.5999755859375,1547.9000244140625,6948539.0,0.001998493314153027,0.02185050296245322,0.7262493943091918,High_Volatility,2
2025-06-06,1507.5975341796875,1563.800048828125,1568.9000244140625,1543.0999755859375,1554.699951171875,3960020.0,0.006112073665204276,0.021835176784998182,0.7461240098044859,High_Volatility,2
2025-06-09,1516.3704833984375,1572.9000244140625,1588.0,1571.0,1578.0,2903202.0,0.005819158641383382,0.01249296439660978,0.7535377061118308,Normal_Market,1
2025-06-10,1538.6402587890625,1596.0,1607.5,1577.5,1584.0,8591925.0,0.014686236400958341,0.009898570832160529,0.7915673864680858,Normal_Market,1
2025-06-11,1572.478759765625,1631.0999755859375,1634.5999755859375,1590.0999755859375,1590.0999755859375,10597410.0,0.021992470808734677,0.01049007291276423,0.7898517524225593,Normal_Market,1
2025-06-12,1550.787353515625,1608.5999755859375,1628.0,1598.0999755859375,1617.0,10483574.0,-0.013794403336317873,0.01071748620484688,0.8280080729828075,Normal_Market,1
2025-06-13,1544.424560546875,1602.0,1609.0,1570.199951171875,1576.0,6968315.0,-0.004102943549498028,0.010198922238340569,0.8405242034489719,Normal_Market,1
2025-06-16,1565.441162109375,1623.800048828125,1634.800048828125,1597.0999755859375,1600.0,5591842.0,0.0136080467116233,0.00939420156493252,0.8196335309415389,Normal_Market,1
2025-06-17,1580.9625244140625,1639.9000244140625,1647.4000244140625,1615.5999755859375,1620.699951171875,7622083.0,0.009915008420867677,0.00951064324157237,0.8268843050715056,Normal_Market,1
2025-06-18,1574.214111328125,1632.9000244140625,1644.699951171875,1621.0,1621.0,5629707.0,-0.00426854715511904,0.009643691869914489,0.8086734761986868,Normal_Market,1
2025-06-19,1560.2352294921875,1618.4000244140625,1630.0,1611.5,1623.9000244140625,5147760.0,-0.008879911401724061,0.009292676225511356,0.799473909691726,Normal_Market,1
2025-06-20,1564.573486328125,1622.9000244140625,1630.699951171875,1608.9000244140625,1619.0,9202821.0,0.002780514600576822,0.009090382791723035,0.7832912977518919,Normal_Market,1
2025-06-23,1527.071533203125,1584.0,1601.0,1575.4000244140625,1601.0,7943676.0,-0.023969441801684144,0.010663447661672747,0.7872853573461566,Normal_Market,1
2025-06-24,1524.7576904296875,1581.5999755859375,1609.0,1576.5999755859375,1601.0,8083992.0,-0.0015152157074030947,0.010536754755082168,0.8282883404107284,Normal_Market,1
2025-06-25,1556.8609619140625,1614.9000244140625,1619.9000244140625,1585.0999755859375,1590.0,7813533.0,0.02105467097223035,0.011440953598361892,0.788674674952606,Normal_Market,1
2025-06-26,1557.92138671875,1616.0,1624.0,1606.5999755859375,1608.800048828125,6519233.0,0.0006811300627538319,0.011335498900872794,0.8141760757698561,Normal_Market,1
2025-06-27,1550.208984375,1608.0,1629.5999755859375,1602.4000244140625,1619.0,8912268.0,-0.004950443847486885,0.011423801936645356,0.8250471961266688,Normal_Market,1
2025-06-30,1544.2318115234375,1601.800048828125,1615.0,1594.0999755859375,1615.0,6294505.0,-0.0038557206878608863,0.011370171624652857,0.7858427211040577,Normal_Market,1
2025-07-01,1549.05224609375,1606.800048828125,1617.699951171875,1600.5,1609.0,4178937.0,0.003121574451673048,0.011193961758519827,0.7947932784711383,Normal_Market,1
2025-07-02,1552.619140625,1610.5,1649.0,1603.4000244140625,1618.0,8653641.0,0.0023026302309974156,0.011168495182894641,0.7789531022771631,Normal_Market,1
2025-07-03,1560.5244140625,1618.699951171875,1632.4000244140625,1615.0,1618.5,5259695.0,0.005091572833707092,0.011190788101694146,0.7856751199809179,Normal_Market,1
2025-07-04,1581.733642578125,1640.699951171875,1643.4000244140625,1612.300048828125,1625.0,4411273.0,0.013591090485032042,0.011454075266572718,0.7648270868875962,Normal_Market,1
2025-07-07,1568.5262451171875,1627.0,1644.0,1623.0,1640.0,3294523.0,-0.008349950399619943,0.011671842293291136,0.7891252163508065,Normal_Market,1
2025-07-08,1579.8055419921875,1638.699951171875,1646.199951171875,1621.5,1628.0,4590681.0,0.007191015713069682,0.01135076946364388,0.7955166386034478,Normal_Market,1
2025-07-09,1574.9853515625,1633.699951171875,1638.0,1623.5999755859375,1637.800048828125,4580828.0,-0.0030511289532565433,0.010289159584266506,0.7814043734548324,Normal_Market,1
2025-07-10,1557.728759765625,1615.800048828125,1638.9000244140625,1607.0999755859375,1638.9000244140625,5330179.0,-0.010956668123773494,0.010104954457523964,0.7899174459726833,Normal_Market,1
2025-07-11,1537.5797119140625,1594.9000244140625,1607.0999755859375,1563.0,1579.0999755859375,11391755.0,-0.012934888519740784,0.010491779233311327,0.745852049571209,Normal_Market,1
2025-07-14,1513.8638916015625,1570.300048828125,1591.800048828125,1559.800048828125,1591.800048828125,9173426.0,-0.015424124114500226,0.010493599751973816,0.690734339576943,Normal_Market,1
2025-07-15,1528.614013671875,1585.5999755859375,1603.5999755859375,1564.0,1565.0999755859375,7614807.0,0.00974336078173299,0.01048373350179749,0.6943043348413592,Normal_Market,1
2025-07-16,1550.1126708984375,1607.9000244140625,1612.0,1578.5,1579.0,6223491.0,0.014064150291884792,0.011028198167477271,0.6846062536199514,Normal_Market,1
2025-07-17,1526.589599609375,1583.5,1610.0,1580.0999755859375,1598.0,7374814.0,-0.015175071935531359,0.011358442099309763,0.6672111164485176,Normal_Market,1
2025-07-18,1529.095947265625,1586.0999755859375,1599.300048828125,1580.0,1592.0999755859375,5161833.0,0.0016417953174130417,0.01134118719669862,0.6480195788008682,Normal_Market,1
2025-07-21,1527.36083984375,1584.300048828125,1589.0,1566.800048828125,1580.0,3682661.0,-0.0011347276310409438,0.009984358376552673,0.6519603568840829,Normal_Market,1
2025-07-22,1514.4423828125,1570.9000244140625,1585.800048828125,1565.0,1565.0,8473741.0,-0.008458025565570737,0.010161022181042291,0.6372308948407188,Normal_Market,1
2025-07-23,1517.9129638671875,1574.5,1591.9000244140625,1550.0,1576.300048828125,8035026.0,0.002291656053789337,0.008870809429011669,0.6411570679847933,Normal_Market,1
2025-07-24,1496.70361328125,1552.5,1582.0,1548.199951171875,1580.0,14169664.0,-0.013972705346624426,0.009299587266915021,0.639860975930231,Normal_Market,1
2025-07-25,1461.2261962890625,1515.699951171875,1549.5,1511.300048828125,1543.4000244140625,10851259.0,-0.023703702374586855,0.010486531705039622,0.5733508341700881,Weak_Bear,0
2025-07-28,1461.515380859375,1516.0,1519.300048828125,1482.5,1513.9000244140625,6439855.0,0.0001979054105702982,0.010506220329922565,0.5503156298574575,Weak_Bear,0
2025-07-29,1459.2979736328125,1513.699951171875,1517.199951171875,1496.0999755859375,1512.9000244140625,7070448.0,-0.001517197325189068,0.010421890353775167,0.5556515436904711,Weak_Bear,0
2025-07-30,1464.40771484375,1519.0,1521.699951171875,1506.0,1519.9000244140625,5719051.0,0.003501506411481614,0.010456948655509057,0.5771135143918363,Weak_Bear,0
2025-07-31,1454.76708984375,1509.0,1527.0999755859375,1497.0,1509.699951171875,6851407.0,-0.006583292960204434,0.01031410984534161,0.5540426092706658,Weak_Bear,0
2025-08-01,1416.782958984375,1469.5999755859375,1498.699951171875,1465.5,1493.9000244140625,8702978.0,-0.026110111456710716,0.010675486294658046,0.524492669208463,Weak_Bear,0
2025-08-04,1427.291259765625,1480.5,1482.800048828125,1451.0,1461.5,8610216.0,0.007417015227782597,0.011025484915707226,0.5294939554362839,Weak_Bear,0
2025-08-05,1407.8172607421875,1460.300048828125,1478.699951171875,1455.0,1478.699951171875,10213323.0,-0.013644025975914187,0.010830509278449956,0.45891150602432773,Weak_Bear,0
2025-08-06,1385.0654296875,1436.699951171875,1456.0999755859375,1430.300048828125,1452.0,10566934.0,-0.0161610684064869,0.011056729184354382,0.45232634930922844,Weak_Bear,0
2025-08-07,1385.2581787109375,1436.9000244140625,1442.0,1414.199951171875,1430.0,9892020.0,0.00013916239572964173,0.011091521579643552,0.49217063177419695,Weak_Bear,0
2025-08-08,1371.9542236328125,1423.0999755859375,1433.199951171875,1417.0999755859375,1425.0,10048009.0,-0.009603953459784043,0.011003264296917026,0.4684745874832921,Weak_Bear,0
2025-08-11,1376.870849609375,1428.199951171875,1433.4000244140625,1414.0,1419.9000244140625,6625368.0,0.003583666198091917,0.010932954362786693,0.4412208929137103,Weak_Bear,0
2025-08-12,1372.9183349609375,1424.0999755859375,1441.0,1421.0,1428.199951171875,9899184.0,-0.0028706502498464515,0.010408730706171012,0.4495662948761818,Weak_Bear,0
2025-08-13,1375.3284912109375,1426.5999755859375,1434.0,1422.4000244140625,1425.0,10318063.0,0.0017554986255381433,0.009530025120556871,0.4740644422243641,Weak_Bear,0
2025-08-14,1395.6700439453125,1447.699951171875,1470.0,1426.199951171875,1426.199951171875,12902347.0,0.01479032308598871,0.010321133243754606,0.469919602197035,Weak_Bear,0
2025-08-18,1384.19775390625,1435.800048828125,1464.699951171875,1429.5999755859375,1464.699951171875,7254561.0,-0.008219915651863086,0.010251523636744315,0.4419927573732659,Weak_Bear,0
2025-08-19,1388.2469482421875,1440.0,1449.4000244140625,1432.699951171875,1432.699951171875,3986094.0,0.002925300467010894,0.01036983919711087,0.46644411347539116,Weak_Bear,0
2025-08-20,1442.427001953125,1496.199951171875,1499.0,1440.699951171875,1440.699951171875,10413061.0,0.03902767715754085,0.014196983007294205,0.4512728593726443,Weak_Bear,0
2025-08-21,1442.619873046875,1496.4000244140625,1508.0,1484.300048828125,1508.0,6565539.0,0.00013371289742147852,0.014168117810499295,0.45182010576963766,Weak_Bear,0
2025-08-22,1434.0396728515625,1487.5,1504.300048828125,1486.0999755859375,1498.0999755859375,5543397.0,-0.005947651460804226,0.013936223356188196,0.49799792468094867,Weak_Bear,0
2025-08-25,1477.0367431640625,1532.0999755859375,1539.0,1506.699951171875,1506.699951171875,10694531.0,0.029983180470175563,0.01469458231811038,0.4745721031585473,Weak_Bear,0
2025-08-26,1474.6265869140625,1529.5999755859375,1538.4000244140625,1518.5999755859375,1523.0,15994798.0,-0.0016317510455677864,0.014703171390118789,0.4630776216565756,Weak_Bear,0
2025-08-28,1446.1868896484375,1500.0999755859375,1529.5999755859375,1498.0,1529.5999755859375,5443364.0,-0.01928603316799038,0.015356864020323293,0.48150835571926187,Weak_Bear,0
2025-08-29,1416.782958984375,1469.5999755859375,1501.9000244140625,1467.699951171875,1501.9000244140625,8169075.0,-0.020332040675054452,0.01595610992703884,0.5029143267027426,Weak_Bear,0
2025-09-01,1445.5120849609375,1499.4000244140625,1503.4000244140625,1476.199951171875,1476.699951171875,4546057.0,0.020277718470835593,0.016624981923474426,0.5139757191197449,Weak_Bear,0
2025-09-02,1444.837158203125,1498.699951171875,1512.800048828125,1486.300048828125,1499.4000244140625,5218763.0,-0.00046691187492264863,0.015469306560527456,0.499402257410576,Weak_Bear,0
2025-09-03,1425.9415283203125,1479.0999755859375,1501.9000244140625,1473.0,1500.0,4623483.0,-0.013078034279179307,0.0157053981989436,0.5352359091285344,Weak_Bear,0
2025-09-04,1410.4202880859375,1463.0,1484.0,1460.0999755859375,1484.0,5787724.0,-0.010884906516930082,0.015590302431208146,0.5062239183752345,Weak_Bear,0
2025-09-05,1392.681396484375,1444.5999755859375,1472.699951171875,1433.0,1470.0,5466487.0,-0.012577025267862307,0.015411838975513351,0.4919836064784309,Weak_Bear,0
2025-09-08,1381.402099609375,1432.9000244140625,1458.0,1428.300048828125,1451.0,3811567.0,-0.008098978634648923,0.015528427661199383,0.5016844775967519,Weak_Bear,0
2025-09-09,1450.2359619140625,1504.300048828125,1507.199951171875,1472.5,1481.0,13072640.0,0.04982898341051589,0.01891627304398214,0.46666806544525824,Weak_Bear,0
2025-09-10,1477.518798828125,1532.5999755859375,1534.9000244140625,1509.300048828125,1510.0999755859375,7281071.0,0.01881268816286541,0.019246931796171624,0.4520277023580079,Weak_Bear,0
2025-09-11,1455.4417724609375,1509.699951171875,1527.5,1506.5,1523.9000244140625,8003662.0,-0.014941959712930664,0.01964912895735297,0.4546280097422681,Weak_Bear,0
2025-09-12,1470.7703857421875,1525.5999755859375,1542.9000244140625,1521.0999755859375,1537.0,12856963.0,0.010531931659025773,0.01971532988554041,0.393216486226021,Weak_Bear,0
2025-09-15,1454.1885986328125,1508.4000244140625,1527.5,1501.199951171875,1525.5999755859375,6167414.0,-0.011274218783652867,0.019793984210075586,0.40129343122806743,Weak_Bear,0
2025-09-16,1456.9844970703125,1511.300048828125,1514.0,1503.5,1508.4000244140625,8923112.0,0.0019226518761930045,0.01964125651488837,0.3811086572261183,Weak_Bear,0
2025-09-17,1467.685546875,1522.4000244140625,1526.699951171875,1514.0,1516.9000244140625,4795698.0,0.007344655915148657,0.01966821805758689,0.4109248803948502,Weak_Bear,0
2025-09-18,1485.2313232421875,1540.5999755859375,1555.0,1538.5,1550.0,9331945.0,0.01195472450113444,0.017908696405812777,0.37797844510285666,Weak_Bear,0
2025-09-19,1484.845703125,1540.199951171875,1551.300048828125,1520.0999755859375,1544.5999755859375,12988129.0,-0.0002596364021906217,0.01791062297989782,0.3675564241352311,Weak_Bear,0
2025-09-22,1445.6083984375,1499.5,1514.699951171875,1482.0,1482.699951171875,15655204.0,-0.0264251730701186,0.018921226804197527,0.38298332750186825,Weak_Bear,0
2025-09-23,1443.6802978515625,1497.5,1513.0,1493.0,1493.0,9832164.0,-0.0013337641009982804,0.017609349805070784,0.34949499723907085,Weak_Bear,0
2025-09-24,1440.884521484375,1494.5999755859375,1496.699951171875,1482.699951171875,1487.199951171875,4937004.0,-0.0019365619738304085,0.01761006101719619,0.321087488291875,Weak_Bear,0
2025-09-25,1431.436767578125,1484.800048828125,1502.699951171875,1476.5,1489.0,9491867.0,-0.006556912622336375,0.01713852527277193,0.32176448479397796,Weak_Bear,0
2025-09-26,1396.8270263671875,1448.9000244140625,1478.699951171875,1441.199951171875,1475.0,8597058.0,-0.024178323482282993,0.01739393382551548,0.3335794029471834,Weak_Bear,0
2025-09-29,1389.982177734375,1441.800048828125,1465.0,1436.5,1460.0,10513117.0,-0.0049002836454377086,0.01670330978727388,0.3579397555678744,Weak_Bear,0
2025-09-30,1389.982177734375,1441.800048828125,1452.199951171875,1438.0999755859375,1443.0,7556305.0,0.0,0.01670563522440001,0.39844139026276665,Weak_Bear,0
2025-10-01,1393.83837890625,1445.800048828125,1449.5,1427.4000244140625,1446.0,6250692.0,0.002774281018595781,0.016517504908424012,0.45265674765990144,Weak_Bear,0
2025-10-03,1394.609619140625,1446.5999755859375,1448.300048828125,1433.199951171875,1439.0,6877533.0,0.0005533211353960787,0.016354811711893933,0.4392626360806926,Weak_Bear,0
2025-10-06,1422.9530029296875,1476.0,1478.800048828125,1442.300048828125,1446.5999755859375,4630590.0,0.020323525236064288,0.016720108953678463,0.4635198061127881,Weak_Bear,0
2025-10-07,1406.0819091796875,1458.5,1482.9000244140625,1454.0,1477.699951171875,5570320.0,-0.011856395619015192,0.016850775930600432,0.5541586034546593,Weak_Bear,0
2025-10-08,1441.2701416015625,1495.0,1498.0,1455.0,1457.0,4657192.0,0.025025734412872147,0.01368476268015192,0.5148244440136001,Weak_Bear,0
2025-10-09,1455.0562744140625,1509.300048828125,1514.0,1487.0,1502.0,7028753.0,0.009565266367886238,0.01315373893127793,0.4854495892960756,Weak_Bear,0
2025-10-10,1460.4549560546875,1514.9000244140625,1521.699951171875,1498.800048828125,1510.0,3738353.0,0.003710290615941192,0.012744445994544929,0.48997586974062146,Weak_Bear,0
2025-10-13,1439.5347900390625,1493.199951171875,1504.699951171875,1483.4000244140625,1497.0,5859355.0,-0.014324417147475232,0.01289994651079641,0.5040968809662797,Weak_Bear,0
2025-10-14,1436.353515625,1489.9000244140625,1514.4000244140625,1486.5,1499.0,5600789.0,-0.0022099322892892292,0.012677047979685371,0.5503236659532624,Weak_Bear,0
2025-10-15,1421.41064453125,1474.4000244140625,1488.5999755859375,1467.5,1483.9000244140625,6986098.0,-0.010403337988314054,0.012849450283427627,0.5262071653627776,Weak_Bear,0
2025-10-16,1418.61474609375,1471.5,1474.5,1460.5,1473.9000244140625,8005748.0,-0.0019669885323125857,0.012692949236257108,0.5420730286893732,Weak_Bear,0
2025-10-17,1389.307373046875,1441.0999755859375,1458.4000244140625,1434.0,1454.9000244140625,16959378.0,-0.020659148741809408,0.012949284972668508,0.4951087022045555,Weak_Bear,0
2025-10-20,1408.395751953125,1460.9000244140625,1467.0,1450.0,1453.699951171875,6994246.0,0.013739492985189727,0.013486795287675117,0.501513307340707,Weak_Bear,0
2025-10-21,1419.482421875,1472.4000244140625,1486.0,1470.0,1478.0,1698704.0,0.007871842773240711,0.012430775526882008,0.5229789010201482,Weak_Bear,0
2025-10-23,1473.566162109375,1528.5,1546.0,1506.0,1510.0,20358624.0,0.03810102851639097,0.015173064007001861,0.507938987870391,Weak_Bear,0
2025-10-24,1470.57763671875,1525.4000244140625,1543.0,1518.0,1539.5,8652257.0,-0.0020280904023657342,0.015174052529228314,0.4604388499082807,Weak_Bear,0
2025-10-27,1472.633056640625,1504.5,1515.300048828125,1498.0999755859375,1510.0,7273211.0,0.0013976956201109392,0.015065855313415423,0.44970604121994845,Weak_Bear,0
2025-10-28,1468.4241943359375,1500.199951171875,1506.5,1490.5,1499.699951171875,8211019.0,-0.0028580523068583163,0.013857102919004124,0.4868713955151585,Weak_Bear,0
2025-10-29,1478.408203125,1510.4000244140625,1520.199951171875,1496.9000244140625,1500.199951171875,4884976.0,0.006799131223506949,0.013770812050015102,0.4983354196964179,Weak_Bear,0
2025-10-30,1462.1597900390625,1493.800048828125,1508.199951171875,1489.0999755859375,1507.0,5608867.0,-0.010990478172126061,0.014119175764490174,0.4851919180290513,Weak_Bear,0
2025-10-31,1450.9034423828125,1482.300048828125,1497.0999755859375,1480.699951171875,1490.0,4819814.0,-0.007698438797820617,0.014306432859907233,0.5173871274222889,Weak_Bear,0
2025-11-03,1454.0355224609375,1485.5,1491.4000244140625,1474.199951171875,1482.300048828125,5470600.0,0.0021587102122944124,0.01430177389176438,0.5049420985952292,Weak_Bear,0
2025-11-04,1436.808349609375,1467.9000244140625,1481.9000244140625,1462.9000244140625,1479.699951171875,8691330.0,-0.011847834929373469,0.01395939654824399,0.53679328597464,Weak_Bear,0
2025-11-06,1435.6336669921875,1466.699951171875,1483.0,1461.9000244140625,1478.5999755859375,7944752.0,-0.0008175638856127154,0.01365690175972952,0.5197724590084296,Weak_Bear,0
2025-11-07,1445.5198974609375,1476.800048828125,1480.9000244140625,1449.0999755859375,1470.0,8765759.0,0.0068863183526914895,0.012543234395406031,0.5272848277790216,Weak_Bear,0
2025-11-10,1481.4425048828125,1513.5,1520.0,1490.0,1490.0999755859375,9787975.0,0.024850994777016355,0.013566506958025248,0.5098660001410855,Weak_Bear,0
2025-11-11,1497.88671875,1530.300048828125,1533.4000244140625,1511.0999755859375,1525.0,13692989.0,0.011100136396105631,0.013744093662255267,0.4849331207433941,Weak_Bear,0
2025-11-12,1518.8333740234375,1551.699951171875,1559.199951171875,1538.0999755859375,1540.0,14635417.0,0.013984138460696016,0.013499866235367764,0.4950767021290177,Weak_Bear,0
2025-11-13,1509.14306640625,1541.800048828125,1557.5,1530.300048828125,1557.0999755859375,19655689.0,-0.006380099214911006,0.013612572492824914,0.45203690986721096,Weak_Bear,0
2025-11-14,1470.9691162109375,1502.800048828125,1530.0,1488.800048828125,1520.0,9739549.0,-0.02529511684151775,0.01472121700789655,0.4263291698021992,Weak_Bear,0
2025-11-17,1475.66748046875,1507.5999755859375,1510.199951171875,1492.5,1496.0,7910354.0,0.003194060436778612,0.014696602393244676,0.4444109365157646,Weak_Bear,0
2025-11-18,1454.91650390625,1486.4000244140625,1506.0,1483.199951171875,1506.0,7525119.0,-0.014062095178724365,0.014225985906655182,0.444591125311803,Weak_Bear,0
2025-11-19,1508.4578857421875,1541.0999755859375,1543.0,1490.5,1490.5,10981126.0,0.03680031238369086,0.016015055760577844,0.46452039983272597,Weak_Bear,0
2025-11-20,1503.955322265625,1536.5,1555.0,1534.0,1555.0,7387584.0,-0.0029848784769667125,0.016045120546299942,0.45918732182366256,Weak_Bear,0
2025-11-21,1512.2752685546875,1545.0,1551.5,1526.300048828125,1531.0,9186302.0,0.005532043516112584,0.013791250692451937,0.4770172189840723,Weak_Bear,0
2025-11-24,1515.2117919921875,1548.0,1585.0,1541.0,1563.5999755859375,19270381.0,0.0019417916159578663,0.013768059749631176,0.47178805668347723,Weak_Bear,0
2025-11-25,1498.1802978515625,1530.5999755859375,1550.5999755859375,1525.9000244140625,1549.0,8107952.0,-0.011240338961612806,0.014063973711294503,0.4419947659531003,Weak_Bear,0
2025-11-26,1524.902099609375,1557.9000244140625,1560.300048828125,1532.0999755859375,1532.0999755859375,7575038.0,0.017836172185772492,0.014522560028390634,0.44901062165412553,Weak_Bear,0
2025-11-27,1533.2220458984375,1566.4000244140625,1574.300048828125,1552.199951171875,1564.0,7552252.0,0.0054560527467264475,0.014502234663498486,0.4377220285790951,Weak_Bear,0
2025-11-28,1527.055419921875,1560.0999755859375,1568.4000244140625,1557.0,1565.0,4453221.0,-0.004022004505517596,0.014257341116965984,0.43265215806696083,Weak_Bear,0
2025-12-01,1530.872802734375,1564.0,1574.0,1556.0,1562.5,5341800.0,0.0024998325291267776,0.014063117764656633,0.4419608039377081,Weak_Bear,0
2025-12-02,1527.9364013671875,1561.0,1579.9000244140625,1556.0999755859375,1567.0,6335969.0,-0.0019181223691103755,0.014102082431622434,0.4219946750104266,Weak_Bear,0
2025-12-03,1545.261474609375,1578.699951171875,1586.0,1554.0999755859375,1555.0999755859375,12895312.0,0.011338870666792955,0.013803851387965603,0.39642069453770423,Weak_Bear,0
2025-12-04,1563.7611083984375,1597.5999755859375,1599.0,1568.0,1568.0,12609619.0,0.011971846896486671,0.013877889764011723,0.39116862112296086,Weak_Bear,0
2025-12-05,1581.9671630859375,1616.199951171875,1631.800048828125,1600.0,1610.0,10344725.0,0.011642478246658872,0.013963682076389226,0.4291251798239085,Weak_Bear,0
2025-12-08,1576.681640625,1610.800048828125,1630.0,1600.199951171875,1617.0999755859375,7550413.0,-0.003341107568014867,0.013216051507893484,0.4052632057393869,Weak_Bear,0
2025-12-09,1565.1314697265625,1599.0,1606.9000244140625,1582.4000244140625,1601.199951171875,6957599.0,-0.007325620214527873,0.013278627230662749,0.3828325125646084,Weak_Bear,0
2025-12-10,1551.2322998046875,1584.800048828125,1608.0,1582.800048828125,1608.0,5116140.0,-0.008880512717761135,0.013202097063358696,0.38315844101281155,Weak_Bear,0
2025-12-11,1564.1527099609375,1598.0,1607.4000244140625,1580.5,1598.0,5159319.0,0.008329126564652345,0.013170899233480382,0.3724042219679919,Weak_Bear,0
2025-12-12,1564.348388671875,1598.199951171875,1601.800048828125,1582.5999755859375,1601.4000244140625,4633912.0,0.00012510205026106114,0.011536180680037256,0.363024465374861,Weak_Bear,0
2025-12-15,1572.766357421875,1606.800048828125,1610.800048828125,1585.0,1585.0,4190558.0,0.005381134286299716,0.011547034439934665,0.3688701676968865,Weak_Bear,0
2025-12-16,1559.1607666015625,1592.9000244140625,1603.0,1585.5999755859375,1600.0,5499258.0,-0.00865073871659816,0.01117741508161241,0.38706482461306585,Weak_Bear,0
2025-12-17,1568.0679931640625,1602.0,1606.9000244140625,1586.0,1587.199951171875,4817628.0,0.005712833950994423,0.008022827881926074,0.3933462182391605,Weak_Bear,0
2025-12-18,1592.3427734375,1626.800048828125,1630.0,1606.699951171875,1610.5,6577293.0,0.015480693681181323,0.0084724985967068,0.38483974236784974,Weak_Bear,0
2025-12-19,1603.9906005859375,1638.699951171875,1654.9000244140625,1629.800048828125,1650.0,13149023.0,0.007314899368866756,0.008511012778492442,0.426485785703171,Weak_Bear,0
2025-12-22,1653.8125,1689.5999755859375,1693.199951171875,1664.0,1664.0,23098923.0,0.03106121656564742,0.010566174126067607,0.46819324890670505,Weak_Bear,0
2025-12-23,1632.9637451171875,1668.300048828125,1679.0,1656.4000244140625,1679.0,6593060.0,-0.012606480409848464,0.010676706012727825,0.4607666653130102,Weak_Bear,0
2025-12-24,1628.16748046875,1663.4000244140625,1667.5999755859375,1652.5,1661.0,4271167.0,-0.002937153174881635,0.010301611783501464,0.45936415474275993,Weak_Bear,0
2025-12-26,1621.0220947265625,1656.0999755859375,1668.800048828125,1651.699951171875,1663.4000244140625,2006491.0,-0.004388606103427617,0.01042916876464514,0.4472074493952474,Weak_Bear,0
2025-12-29,1609.863525390625,1644.699951171875,1673.0999755859375,1637.0999755859375,1658.0,4062817.0,-0.0068836627040668175,0.01054722012389095,0.4447988773277545,Weak_Bear,0
2025-12-30,1587.2528076171875,1621.5999755859375,1647.9000244140625,1616.800048828125,1647.0,9395937.0,-0.014045114642839751,0.011192532394015376,0.45188522110137264,Weak_Bear,0
2025-12-31,1581.1842041015625,1615.4000244140625,1628.5999755859375,1609.199951171875,1621.0,6538656.0,-0.003823337710604058,0.011234491001958427,0.48862681570296596,Weak_Bear,0
