Date,Adj Close,Close,High,Low,Open,Volume,Daily_Return,Rolling_Volatility,Hurst
2015-05-29,189.1572265625,200.4674530029297,202.6275634765625,199.5759735107422,201.13034057617188,29277517.0,0.001370152264450919,0.01653231351767067,0.29241205356113187
2015-06-01,194.60330200195312,206.2391662597656,206.8449249267578,200.6960296630859,201.1531982421875,19594976.0,0.028791262900303094,0.016116457025297917,0.321514153371157
2015-06-02,193.82684326171875,205.4162750244141,210.022216796875,203.77047729492188,207.03921508789065,20178960.0,-0.003989956656678784,0.016161149938570613,0.37809172302912614
2015-06-03,193.33074951171875,204.8905334472656,208.11355590820312,203.09616088867188,205.49627685546875,15546279.0,-0.0025594687590827503,0.015830192026077293,0.417904519778329
2015-06-04,196.8572235107422,208.62786865234375,209.4279022216797,204.02191162109375,206.68490600585935,15931395.0,0.01824062653214753,0.015959623144082977,0.44968249870572025
2015-06-05,195.78958129882812,207.4963836669922,209.5993499755859,206.74205017089844,207.9878387451172,13066337.0,-0.005423434268114646,0.014212014148679245,0.42774703246321616
2015-06-08,190.9797821044922,202.3989715576172,208.0106964111328,201.86180114746097,207.2792205810547,10846953.0,-0.024566165178089183,0.015237474993851672,0.4120713329713573
2015-06-09,190.6023101806641,201.99896240234375,203.5876007080078,200.5474548339844,201.96466064453125,9153355.0,-0.0019765020132945788,0.013527953722650386,0.3798762940931873
2015-06-10,195.36900329589844,207.05064392089844,207.9878387451172,202.29611206054688,202.52468872070312,13509379.0,0.025008579962730648,0.014016324740263951,0.32704040141632157
2015-06-11,189.18955993652344,200.50173950195312,207.8964080810547,199.70169067382812,207.0963592529297,14676438.0,-0.031629599655662144,0.01573380993182105,0.3073660515441853
2015-06-12,191.9287872314453,203.4047393798828,204.0561981201172,200.753173828125,200.92462158203125,21543824.0,0.014478744471105864,0.01600793442397419,0.3379507500214732
2015-06-15,194.49545288085935,206.1248779296875,206.86778259277344,203.43902587890625,204.55908203125,12858570.0,0.013373010304696509,0.015650215795982345,0.38473214164690756
2015-06-16,194.96994018554688,206.6277618408203,206.86778259277344,204.1705017089844,205.49627685546875,13929305.0,0.00243958045115944,0.015630732648430776,0.4512890977334732
2015-06-17,200.84744262695312,212.85665893554688,215.4053649902344,204.35336303710935,206.87921142578125,26232634.0,0.030145685205692718,0.016702901924704,0.4825837488999866
2015-06-18,211.14646911621097,223.77149963378903,224.4686737060547,213.15380859375,213.1652374267578,49366799.0,0.05127785723608591,0.019695332672306262,0.6008538752423351
2015-06-19,214.96414184570312,227.8174285888672,230.04611206054688,224.58297729492188,224.58297729492188,45710935.0,0.018080684680504833,0.019915923843966264,0.6084280715364444
2015-06-22,213.89646911621097,226.6859436035156,230.5718536376953,225.4972991943359,227.8860015869141,19394187.0,-0.0049667480367888706,0.01973208779048368,0.566569792044445
2015-06-23,214.6082305908203,227.4402618408203,229.20034790039065,226.5259246826172,226.9030914306641,16007498.0,0.0033275980550322437,0.01936059145923988,0.5484018750085333
2015-06-24,213.72390747070312,226.50306701660156,230.0575408935547,225.53158569335935,227.4402618408203,18603004.0,-0.00412063935144813,0.01946202315281964,0.4798318319530602
2015-06-25,216.6680450439453,229.62322998046875,230.6404266357422,225.15443420410156,225.61160278320312,27175118.0,0.013775424603098108,0.019133257771174132,0.47957922538328907
2015-06-26,215.83767700195312,228.74319458007812,231.8061981201172,227.5316925048828,228.5603179931641,20966796.0,-0.0038324435051037,0.019249611017488864,0.4872560657489507
2015-06-29,213.713134765625,226.49163818359375,227.17739868164065,222.1828460693359,225.81732177734375,20168946.0,-0.009843240836533318,0.018860522847771226,0.5345438637823683
2015-06-30,215.70822143554688,228.6060333251953,229.2346343994141,225.84017944335935,226.2744903564453,23184864.0,0.009335348864307536,0.01876649195662254,0.5909807725176418
2015-07-01,216.9053192138672,229.8746795654297,230.9718780517578,228.811767578125,228.811767578125,14824266.0,0.0055496159133554546,0.01866990918135521,0.6116269399151834
2015-07-02,218.02688598632812,231.0633087158203,233.0977020263672,230.20611572265625,230.6404266357422,15931202.0,0.005170766565457452,0.018443833959078407,0.6164821712798463
2015-07-03,217.23959350585935,230.22897338867188,231.7376251220703,229.2803497314453,230.81185913085935,13831096.0,-0.003610988052721864,0.018392856707074023,0.6013616886000335
2015-07-06,219.0406036376953,232.1376495361328,232.9033966064453,227.48597717285156,227.69171142578125,12237733.0,0.00829043224934689,0.01699221040727602,0.5830675617014174
2015-07-07,216.38763427734375,229.3260803222656,232.37765502929688,228.5831756591797,231.09759521484375,11294999.0,-0.01211176976456707,0.01742018174821859,0.5838873015524629
2015-07-08,214.9533538818359,227.80599975585935,230.5718536376953,226.6745147705078,227.63455200195312,15190654.0,-0.0066282918628775,0.017084878067691628,0.5284856261126457
2015-07-09,212.96902465820312,225.7030334472656,228.811767578125,224.73155212402344,227.66883850097656,16245867.0,-0.009231441090812753,0.01519183992304277,0.5054882774824713
2015-07-10,216.0749053955078,228.99462890625,229.4975128173828,226.3544921875,226.5487823486328,16110573.0,0.014583720530670474,0.015194924992007778,0.5146133437074862
2015-07-13,217.19647216796875,230.18325805664065,231.4404754638672,227.47454833984375,228.99462890625,9860248.0,0.005190638729694275,0.015097223571894433,0.5554225756850463
2015-07-14,215.212158203125,228.08029174804688,231.21188354492188,227.48597717285156,230.61756896972656,9942927.0,-0.009136032206403355,0.015444315864637508,0.6095450595065189
2015-07-15,218.0915679931641,231.1318817138672,231.8747711181641,228.48031616210935,228.52603149414065,13532911.0,0.013379401117856071,0.014433064743378816,0.6235478287988419
2015-07-16,220.7984619140625,234.00059509277344,234.9377899169922,231.1318817138672,231.326171875,14854295.0,0.012411731209082122,0.009557025691180035,0.6468987445490905
2015-07-17,220.3670654296875,233.54342651367188,235.7035369873047,232.6976776123047,234.3549041748047,10195142.0,-0.0019538020357356967,0.00883658678653843,0.6263504027749789
2015-07-20,221.02491760253903,234.24061584472656,235.4292449951172,232.67481994628903,234.9377899169922,6348354.0,0.0029852563111860686,0.008718887090259033,0.6031899190653617
2015-07-21,217.36903381347656,230.3661193847656,235.08636474609375,229.21177673339844,234.98350524902344,7923338.0,-0.016540595642870914,0.009607460359251394,0.597297199137014
2015-07-22,226.5572967529297,240.1037750244141,240.9152374267578,229.63465881347656,229.72608947753903,17309440.0,0.04227033988354356,0.013283495880783307,0.5787235447356119
2015-07-23,225.45730590820312,238.93800354003903,244.0925445556641,238.0008087158203,240.8123779296875,18642915.0,-0.004855243510104912,0.013140765652687087,0.5749456637462936
2015-07-24,221.0896453857422,234.30918884277344,239.9323272705078,233.40628051757812,239.55517578125,13099664.0,-0.019372450605966485,0.013943148369328737,0.5725530947559194
2015-07-27,216.8405914306641,229.80609130859375,235.41781616210935,228.9832000732422,234.27490234375,20118553.0,-0.01921869270568799,0.01448439632286133,0.5969318371087572
2015-07-28,217.89747619628903,230.92616271972656,232.4005126953125,228.6060333251953,230.4804229736328,13382878.0,0.004874017169257172,0.014380421398138126,0.6619994505009758
2015-07-29,214.82391357421875,227.66883850097656,231.48619079589844,226.77737426757812,230.7547149658203,14790821.0,-0.014105544844867923,0.014692754342975392,0.6819182084713157
2015-07-30,215.71902465820312,228.61746215820312,230.4118499755859,226.82308959960935,228.6060333251953,11701228.0,0.004166719938630603,0.014674492661215326,0.7198115444665723
2015-07-31,216.085693359375,229.0060577392578,230.3889923095703,226.29734802246097,228.5831756591797,16634259.0,0.001699751339747868,0.014661958671343811,0.7158773512795101
2015-08-03,216.21511840820312,229.14320373535156,231.74905395507812,228.4460296630859,228.811767578125,9887787.0,0.0005989524193665829,0.014528769151008964,0.682529786430013
2015-08-04,213.09841918945312,225.84017944335935,229.8746795654297,224.0115203857422,229.36036682128903,12006872.0,-0.01441480707591336,0.014633976721054319,0.6502745089641315
2015-08-05,213.0445251464844,225.7830352783203,228.76605224609375,224.94869995117188,225.89732360839844,14345010.0,-0.000252906817299281,0.014566520013201243,0.6071621864221838
2015-08-06,211.14646911621097,223.77149963378903,226.7545166015625,223.4400634765625,226.5259246826172,8708037.0,-0.008909198811696162,0.014556349222291367,0.587682541323033
2015-08-07,212.31121826171875,225.005859375,227.2116851806641,223.36004638671875,223.78292846679688,8608888.0,0.0055163088939305105,0.014204353036047671,0.6049821926552953
2015-08-10,208.97882080078125,221.4742431640625,226.0230407714844,220.46847534179688,225.04014587402344,9288894.0,-0.015695814324938828,0.01450660806474539,0.6314092341052138
2015-08-11,208.3533477783203,220.8113555908203,222.5600128173828,218.9826812744141,221.9542694091797,8762464.0,-0.002992997185380819,0.014408422926900031,0.6736759177134114
2015-08-12,203.3709716796875,215.5310821533203,220.8113555908203,214.9939117431641,220.26275634765625,9650325.0,-0.02391310795703583,0.014786795734181828,0.6528193751336344
2015-08-13,201.31117248535156,213.34811401367188,218.0569305419922,212.44520568847656,216.46827697753903,9340350.0,-0.010128285159497374,0.014372607528916245,0.6361124259027043
2015-08-14,208.55824279785156,221.02850341796875,222.1828460693359,213.5652618408203,214.9253387451172,12739366.0,0.03599934481046918,0.01699454352536556,0.6607122121286233
2015-08-17,205.0532989501953,217.31402587890625,220.8113555908203,216.25111389160156,220.8113555908203,10857430.0,-0.01680558773720331,0.017225934515109103,0.635344183042666
2015-08-18,203.6297912597656,215.8053741455078,218.5255126953125,215.37107849121097,218.5255126953125,6630334.0,-0.006942135033757624,0.016978476313864375,0.6168299247184035
2015-08-19,205.89450073242188,218.20550537109375,219.66842651367188,214.74246215820312,215.7825164794922,8877298.0,0.011121700113944755,0.013709163907123382,0.6304955989381587
2015-08-20,197.6337127685547,209.4507598876953,219.4284210205078,208.8678741455078,219.4284210205078,19008087.0,-0.04012145994420124,0.015835765116030402,0.6439799825454411
2015-08-21,195.8327178955078,207.54209899902344,208.44500732421875,205.0391082763672,208.0106964111328,20050521.0,-0.009112791779386287,0.015558698494339745,0.6483956828227965
2015-08-24,178.9228515625,189.6211700439453,201.1531982421875,186.9810333251953,201.1531982421875,35635706.0,-0.08634852497952139,0.02369140717882673,0.6385623228111901
2015-08-25,182.9346466064453,193.8728179931641,196.73011779785156,188.169677734375,192.20416259765625,49504268.0,0.02242192659523945,0.024552783247688448,0.6864853690564696
2015-08-26,184.0670166015625,195.07289123535156,199.96456909179688,192.00987243652344,193.79281616210935,18955515.0,0.0061900247772817,0.02472385124219966,0.6540275290577862
2015-08-27,187.46408081054688,198.67306518554688,201.4389190673828,195.90721130371097,198.13589477539065,26997546.0,0.018455583578766754,0.02527585805835066,0.602569753955119
2015-08-28,188.16505432128903,199.4159698486328,201.8389434814453,197.97589111328125,200.01028442382812,10770215.0,0.003739241713459629,0.02531553542129369,0.6331785414071969
2015-08-31,184.60623168945312,195.64434814453125,199.51882934570312,195.1643218994141,199.51882934570312,20708942.0,-0.018913302710073188,0.025400163279772417,0.6106459351680442
2015-09-01,181.1444549560547,191.9755859375,195.1871795654297,190.8898162841797,195.1871795654297,21645696.0,-0.018752220343362436,0.025480203653306194,0.5905960640240009
2015-09-02,183.23660278320312,194.19284057617188,195.91864013671875,192.60418701171875,194.2957000732422,19652369.0,0.011549610103472219,0.02579820743492647,0.5771082503536057
2015-09-03,184.16403198242188,195.17575073242188,196.7529754638672,193.01564025878903,195.22146606445312,11659978.0,0.005061375211785846,0.025937742423714757,0.5505859003531062
2015-09-04,180.29246520996097,191.0726776123047,194.2271270751953,188.60397338867188,194.2271270751953,16199949.0,-0.02102238276815338,0.02597035638067445,0.6099596130061382
2015-09-07,179.71011352539062,190.45550537109375,192.92420959472656,189.19830322265625,191.60984802246097,10234633.0,-0.0032300389475076186,0.025920689986709145,0.6534280195290741
2015-09-08,183.03170776367188,193.9756774902344,194.9700164794922,188.60397338867188,191.0955352783203,12900468.0,0.018483067942706155,0.026541002567077556,0.6829863696087066
2015-09-09,188.52093505859375,199.79312133789065,200.8560333251953,194.4099884033203,196.81011962890625,17340694.0,0.029990581205795674,0.027362535659143605,0.6608066678483984
2015-09-10,187.0003204345703,198.18161010742188,198.98165893554688,195.5529022216797,196.81011962890625,11074406.0,-0.008066025258949727,0.027339794828117044,0.6174808920237352
2015-09-11,185.69544982910156,196.79869079589844,200.26171875,195.71292114257812,199.32452392578125,10634833.0,-0.006977905719286248,0.025728605376376796,0.641247288876339
2015-09-14,186.32095336914065,197.46157836914065,197.88446044921875,194.73001098632812,196.98155212402344,7964072.0,0.0033684376252338666,0.02565591226602677,0.621398459512622
2015-09-15,187.0003204345703,198.18161010742188,198.86737060546875,195.5757598876953,197.0386962890625,11509788.0,0.003646219349702884,0.025711081625306578,0.6101704813165676
2015-09-16,188.19741821289065,199.45025634765625,200.5474548339844,197.77017211914065,199.3473968505859,13424811.0,0.006401581427980529,0.025587052443941487,0.6401371740115993
2015-09-18,193.1258544921875,204.6733856201172,205.61056518554688,200.50173950195312,200.79888916015625,34261453.0,0.026187587088584596,0.024970928486733907,0.6413436870139931
2015-09-21,189.39447021484375,200.71888732910156,203.0275726318359,200.2502899169922,201.1531982421875,12732187.0,-0.01932099814991206,0.025251540166909163,0.6627162664431622
2015-09-22,182.8807373046875,193.815673828125,202.27325439453125,193.0384979248047,201.1531982421875,15745524.0,-0.034392413372825836,0.017543858930814966,0.6492977176180924
2015-09-23,183.4091796875,194.37570190429688,195.85006713867188,192.00987243652344,192.69561767578125,15221260.0,0.00288954643665984,0.016831929242957608,0.6913951905155575
2015-09-24,180.6052398681641,191.4041290283203,193.83853149414065,190.809814453125,193.83853149414065,29076982.0,-0.015287892482335863,0.017116716666580503,0.6571063976251241
2015-09-28,179.9365692138672,190.6955108642578,192.2155914306641,189.4268798828125,191.9641571044922,11624639.0,-0.0037023878974110636,0.016510496817862666,0.6188695148512272
2015-09-29,181.3385772705078,192.18130493164065,194.35284423828125,188.8325653076172,189.7240447998047,15853471.0,0.007791679383273298,0.016608148352408647,0.6227067182521835
2015-09-30,185.98660278320312,197.10726928710935,197.67872619628903,191.6669921875,194.5242919921875,17292020.0,0.025631752397404783,0.017158108489567683,0.5897070790949281
2015-10-01,186.50425720214844,197.65586853027344,199.770263671875,196.2615203857422,199.770263671875,8663393.0,0.00278328874875311,0.016550485692319098,0.5932380591324461
2015-10-05,191.52976989746097,202.9818572998047,203.43902587890625,197.00440979003903,197.22157287597656,16015412.0,0.026945833680705134,0.017375646633972407,0.5975623169283764
2015-10-06,193.6974334716797,205.2791290283203,205.8391571044922,202.4675445556641,204.73052978515625,12330294.0,0.011317632634233465,0.017482841942454683,0.6021736411682228
2015-10-07,197.0944976806641,208.8793029785156,209.8507843017578,203.66761779785156,204.51336669921875,11515191.0,0.017537992879400166,0.01684696640607581,0.6102150615400277
2015-10-08,191.7670135498047,203.2333068847656,209.13075256347656,202.58184814453125,209.13075256347656,10753149.0,-0.027030100756496478,0.018214238248141532,0.6203196324769936
2015-10-09,191.3895721435547,202.83328247070312,206.97064208984375,201.49607849121097,204.3647918701172,9327873.0,-0.0019682290466079833,0.017894752329513326,0.6370977181126433
2015-10-12,192.3385772705078,203.83905029296875,206.0905914306641,202.9818572998047,202.9818572998047,6212395.0,0.004958499652433002,0.016697874412083178,0.621848302733625
2015-10-13,192.73760986328125,204.26193237304688,204.8791046142578,201.8160858154297,202.3075408935547,6162561.0,0.0020746362920851524,0.016557124862489607,0.5852015243244526
2015-10-14,194.75428771972656,206.3991851806641,206.86778259277344,204.34193420410156,204.7648162841797,8002587.0,0.01046333332594429,0.016538482799738487,0.6365844095931292
2015-10-15,194.91604614257812,206.57061767578125,208.23927307128903,205.7477264404297,207.4849548339844,9048478.0,0.0008305769528644813,0.016541324210445876,0.6545011354818632
2015-10-16,197.31016540527344,209.10789489746097,209.10789489746097,206.57061767578125,206.75347900390625,15246935.0,0.01228282283616644,0.01668798684016041,0.6274602268292716
2015-10-19,207.81410217285156,220.23989868164065,220.69705200195312,215.0967712402344,215.0967712402344,33505855.0,0.05323565942992925,0.02014493963243976,0.5879348136029909
2015-10-20,206.34744262695312,218.68553161621097,220.9713592529297,217.8397674560547,220.582763671875,18091895.0,-0.0070575554332618085,0.019685014795711286,0.5794671862593724
2015-10-21,205.9807891845703,218.29693603515625,222.8228759765625,217.8397674560547,218.4112243652344,14404450.0,-0.0017768741774312202,0.018993326541661096,0.573418845601238
2015-10-23,206.12095642089844,218.4455108642578,222.42286682128903,215.1310577392578,220.34275817871097,12153422.0,0.0006804869370731215,0.016706942729114778,0.580409859389841
2015-10-26,203.3601837158203,215.5196533203125,220.12559509277344,215.16534423828125,219.87416076660156,10938775.0,-0.013393944764357846,0.017260761997679175,0.5845868249254911
2015-10-27,202.64837646484375,214.76531982421875,216.7539978027344,214.27386474609375,214.59388732910156,11601798.0,-0.0035002291892657356,0.01671275204829542,0.5299877156467827
2015-10-28,202.087646484375,214.17100524902344,215.98825073242188,212.5594940185547,214.1595764160156,11958727.0,-0.0027670094883095464,0.016685737974549485,0.5320167038083866
2015-10-29,202.9611663818359,215.0967712402344,216.0111083984375,213.71383666992188,213.953857421875,13280382.0,0.004322480431917297,0.016683639035071147,0.5881474801044271
2015-10-30,204.40625,216.62828063964844,218.50265502929688,214.89105224609375,215.34820556640625,13366359.0,0.007120000559345474,0.016024731072070034,0.6031608993863484
2015-11-02,207.0160675048828,219.3941345214844,219.78273010253903,216.05682373046875,216.92543029785156,7222044.0,0.012767796996827618,0.016112147422484523,0.5964578886959558
2015-11-03,208.61216735839844,221.0856475830078,221.82855224609375,219.7255859375,220.18275451660156,11373522.0,0.007710028853088691,0.015309435966705122,0.5779887080621128
2015-11-04,205.18272399902344,217.451171875,222.8686065673828,216.285400390625,221.26852416992188,10033187.0,-0.016439325676930294,0.015895325793418087,0.5760990338268067
2015-11-05,202.01214599609375,214.09100341796875,217.38259887695312,213.2681121826172,216.92543029785156,10767454.0,-0.015452460817046099,0.01601883141162026,0.5734847911372472
2015-11-06,205.41998291015625,217.70262145996097,218.2397918701172,214.38816833496097,214.74246215820312,8367190.0,0.016869465433669406,0.014893049118043657,0.5755008127380878
2015-11-09,207.32882690429688,219.7255859375,220.582763671875,211.0851287841797,213.3824005126953,17031699.0,0.009292396811149128,0.014886384412300568,0.6126984902967578
2015-11-10,199.02487182617188,210.9251251220703,219.3255615234375,209.4507598876953,218.7541046142578,11486238.0,-0.040052100820297976,0.01785740509878578,0.629315533515598
2015-11-13,201.24642944335935,213.279541015625,214.5367431640625,209.0393218994141,209.1650390625,13682323.0,0.0111622110181675,0.01797834666234113,0.6232995388180826
2015-11-16,201.51605224609375,213.5652618408203,215.32534790039065,211.38229370117188,211.66802978515625,15346549.0,0.0013397644046662105,0.01787616724802197,0.6661461211643548
2015-11-17,200.10330200195312,212.0680389404297,214.6167449951172,211.7137451171875,214.4224548339844,8588142.0,-0.007010608973300858,0.01798555458101888,0.6797553185209704
2015-11-18,196.7062530517578,208.4678649902344,212.8795166015625,207.999267578125,212.03375244140625,11249222.0,-0.01697647623107268,0.018247533780297837,0.6502502675951077
2015-11-19,201.6131134033203,213.66812133789065,214.5710296630859,209.6679229736328,210.0450897216797,12183206.0,0.024945116260596922,0.01464472503773006,0.6476613578422076
2015-11-20,204.22293090820312,216.43397521972656,217.79405212402344,211.56515502929688,213.49668884277344,11304265.0,0.012944681329641217,0.014919225774689864,0.6383068155974844
2015-11-23,205.71115112304688,218.01119995117188,218.95982360839844,216.285400390625,217.15402221679688,10499517.0,0.0072872336530744874,0.015012919084922822,0.5949353325910434
2015-11-24,208.719970703125,221.1999359130859,222.09141540527344,217.39402770996097,217.8397674560547,14806176.0,0.014626429163669297,0.01536387977789297,0.6241954618949654
2015-11-26,213.2386016845703,225.98875427246097,226.7430877685547,221.32566833496097,221.9542694091797,23805828.0,0.0216492507459789,0.015662510180034655,0.6022149069607283
2015-11-27,211.1680603027344,223.7943572998047,226.86880493164065,222.66287231445312,226.0687561035156,10891864.0,-0.009709974486227013,0.015847999640955738,0.5937559656545521
2015-11-30,208.5905914306641,221.0627899169922,225.0172882080078,219.9655914306641,223.66864013671875,29919205.0,-0.012205770457782372,0.016140946648303206,0.6022072411453349
2015-12-01,208.3317718505859,220.7884979248047,223.7372131347656,219.7255859375,220.35418701171875,12981379.0,-0.0012408017940934712,0.016141483334841666,0.6495703521397388
2015-12-02,210.93080139160156,223.5429229736328,223.9429473876953,220.46847534179688,220.86849975585935,7573628.0,0.01247543530172468,0.016284605773494602,0.6532298718833719
2015-12-03,210.7689971923828,223.37147521972656,226.0573272705078,222.66287231445312,222.84573364257812,11361395.0,-0.0007670961194441439,0.01608036742797254,0.6232944421201498
2015-12-04,208.23471069335935,220.6856231689453,223.1428985595703,219.75987243652344,222.2514190673828,13443688.0,-0.01202400036429574,0.016252930932936324,0.6388086018495643
2015-12-07,205.34451293945312,217.62261962890625,222.41143798828125,217.0968780517578,220.6856231689453,14483909.0,-0.013879519626111891,0.01612594658473972,0.6380569499007241
2015-12-08,202.93960571289065,215.07391357421875,217.97691345214844,213.97671508789065,216.9025726318359,7532164.0,-0.011711572869110842,0.01595608304325085,0.6051212232538279
2015-12-09,197.54742431640625,209.3593292236328,215.65679931640625,208.6621551513672,213.99957275390625,9174419.0,-0.02657037485385183,0.016535224092800376,0.5782120133724672
2015-12-10,204.97781372070312,217.23402404785156,218.0226287841797,210.29652404785156,210.86798095703125,18592203.0,0.03761319303457911,0.01861849683053724,0.5697522261789162
2015-12-11,205.53858947753903,217.82833862304688,219.21127319335935,215.5310821533203,217.55404663085935,18155513.0,0.002735787579430493,0.0161127166996107,0.5643350878512079
2015-12-14,206.0023498535156,218.31979370117188,220.23989868164065,216.23968505859375,216.6054229736328,10563900.0,0.0022563177900334352,0.015960793484179562,0.5690910699052141
2015-12-15,210.48863220214844,223.07432556152344,223.5429229736328,217.98834228515625,218.7541046142578,15718833.0,0.021777821232733308,0.016605486186379373,0.610096536571265
2015-12-16,211.0817413330078,223.7029266357422,225.73731994628903,222.52572631835935,223.07432556152344,12097338.0,0.002817772744562186,0.01645990451101041,0.618546846637354
2015-12-17,217.77882385253903,230.80043029785156,232.01193237304688,223.55435180664065,224.02294921875,19369032.0,0.03172743638193576,0.01697445922498854,0.5545796465169465
2015-12-18,213.93960571289065,226.73165893554688,230.6404266357422,226.29734802246097,229.45179748535156,16016139.0,-0.017628978207027024,0.01704230007455008,0.5891225500344371
2015-12-21,213.9827423095703,226.77737426757812,228.35459899902344,225.005859375,225.81732177734375,12331769.0,0.0002016297848914661,0.0168927642173552,0.5350314041402904
2015-12-22,212.94747924804688,225.68017578125,229.177490234375,224.92584228515625,226.9373779296875,11579277.0,-0.004838068015904362,0.01692838131845093,0.4723448779106331
2015-12-23,216.5062713623047,229.45179748535156,230.160400390625,226.29734802246097,226.70880126953125,12919467.0,0.01671206499755007,0.017017320174635787,0.47524489108849705
2015-12-24,215.80531311035156,228.7088928222656,230.22897338867188,227.7374267578125,229.4746551513672,11901877.0,-0.0032375886737254778,0.01640129865294008,0.4722672398095657
2015-12-28,217.92982482910156,230.96044921875,231.7261962890625,228.5831756591797,228.72032165527344,12885935.0,0.009844575595150618,0.016329181234947858,0.46434180867045177
2015-12-29,219.0082244873047,232.10336303710935,232.8576812744141,230.2175445556641,230.96044921875,14913870.0,0.004948380328616331,0.01600751364454637,0.4560624109812471
2015-12-30,216.65724182128903,229.61180114746097,232.24050903320312,229.04034423828125,232.01193237304688,8151610.0,-0.010734677528751568,0.01626487469324314,0.5050436089986708
2015-12-31,218.835693359375,231.9204864501953,233.08627319335935,228.37745666503903,229.36036682128903,18483713.0,0.010054829092132955,0.016192339608060404,0.49610907173578744
2016-01-01,218.99749755859375,232.09193420410156,232.9033966064453,230.4575653076172,230.8232879638672,5416562.0,0.0007393866911511449,0.016182462881678957,0.4885212691184368
2016-01-04,214.6729736328125,227.5088348388672,231.7376251220703,225.5430145263672,229.72608947753903,30170947.0,-0.019746910234096138,0.016621901512023803,0.5041255511179936
2016-01-05,216.7974395751953,229.7603759765625,230.86900329589844,227.89743041992188,228.65174865722656,14946239.0,0.009896289721204488,0.016299566770414088,0.487700219944317
2016-01-06,222.63180541992188,235.9435577392578,237.36077880859375,228.6746063232422,230.3204040527344,26759864.0,0.026911599399691788,0.016765764689602558,0.4642765784096933
2016-01-07,218.54454040527344,231.6119079589844,234.98350524902344,230.42327880859375,233.3948516845703,19739943.0,-0.018358854912662426,0.016042728694880545,0.4726409538567173
2016-01-08,221.2406005859375,234.4691925048828,236.1035614013672,232.4005126953125,233.15484619140625,21313199.0,0.012336433459579688,0.014248920734135587,0.4817387518188526
2016-01-11,226.81613159179688,240.37806701660156,242.4810333251953,231.09759521484375,232.2290802001953,29016443.0,0.02520121076824533,0.015015468615080975,0.5166914026310911
2016-01-12,225.4896545410156,238.9722900390625,243.5325164794922,237.9779510498047,241.15525817871097,23373377.0,-0.005848248277016466,0.015202852746648567,0.5323044586752184
2016-01-13,232.26222229003903,246.14979553222656,249.09852600097656,239.3722991943359,240.720947265625,71802356.0,0.030034937801510342,0.01579343065068752,0.5772823630781027
2016-01-14,228.98374938964844,242.67532348632812,247.09841918945312,240.7095184326172,243.17820739746097,27823189.0,-0.014115394522905111,0.016363093481161262,0.5694513457668666
2016-01-15,231.4964904785156,245.33831787109375,249.04136657714844,243.57823181152344,244.52685546875,28767318.0,0.010973447223066257,0.015138060813461116,0.550042630909599
2016-01-18,219.32098388671875,232.4347991943359,247.77273559570312,230.43470764160156,245.72691345214844,27254669.0,-0.052594778290718014,0.01915291770188341,0.6024570188674812
2016-01-19,225.0905914306641,238.5494079589844,239.96661376953125,231.8061981201172,235.21209716796875,21489315.0,0.026306682751912946,0.019938974339046626,0.5981437250255249
2016-01-20,216.6680450439453,229.62322998046875,236.56072998046875,226.29734802246097,236.56072998046875,45114225.0,-0.0374184737495491,0.021830528798183434,0.6223205116392106
2016-01-21,212.27882385253903,224.9715576171875,234.4691925048828,223.25718688964844,232.5948181152344,31768619.0,-0.020257815085358066,0.022003106615703375,0.6078732317070513
2016-01-22,216.5817718505859,229.53179931640625,231.09759521484375,227.22311401367188,227.22311401367188,23682648.0,0.020270264927772397,0.02248599859343862,0.6009107807648156
2016-01-25,216.53863525390625,229.486083984375,232.86911010742188,228.5831756591797,230.86900329589844,13099564.0,-0.00019917002391789396,0.022376376758546396,0.6080319916347596
2016-01-27,215.5464630126953,228.43460083007812,230.86900329589844,227.8860015869141,230.43470764160156,17251028.0,-0.004581964045573428,0.022365131905977498,0.6262529636822816
2016-01-28,219.33175659179688,232.44622802734375,233.56629943847656,227.9202880859375,228.811767578125,23074633.0,0.017561381087838113,0.022581333416079014,0.6298087730020903
2016-01-29,223.32199096679688,236.67501831054688,237.72650146484375,232.6976776123047,232.91482543945312,19177163.0,0.018192688724170125,0.022827742053566188,0.6638613679505664
2016-02-01,222.22195434570312,235.50924682617188,238.1379547119141,234.42347717285156,237.7150726318359,9918809.0,-0.004925787273933557,0.022869718824512865,0.6633464824982531
2016-02-02,215.93470764160156,228.84605407714844,236.08070373535156,226.41163635253903,235.50924682617188,14771279.0,-0.028292644273664846,0.023352133047793024,0.6900854655734882
2016-02-03,211.67486572265625,224.33152770996097,227.2116851806641,222.8686065673828,225.84017944335935,15691478.0,-0.019727453569046483,0.02366580465022483,0.6789729507801114
2016-02-04,209.8739318847656,222.42286682128903,228.811767578125,220.74278259277344,225.84017944335935,18203784.0,-0.008508019276366463,0.022781711511190805,0.6266088081704377
2016-02-05,209.4102020263672,221.9314117431641,224.4686737060547,219.75987243652344,223.8057861328125,20998404.0,-0.0022095638759607183,0.02248162265383989,0.6242834386517564
2016-02-08,207.28567504882812,219.67987060546875,225.1087188720703,218.97125244140625,221.9771270751953,12078110.0,-0.010145288801505337,0.022294117332404703,0.6279351768281305
2016-02-09,206.52000427246097,218.8683929443359,221.45138549804688,217.15402221679688,217.81690979003903,19603494.0,-0.003693794933908423,0.02128272353097613,0.618022865075944
2016-02-10,207.63075256347656,220.04559326171875,222.41143798828125,216.84542846679688,217.54261779785156,16883350.0,0.005378405326537772,0.021391923724754323,0.6277602911015511
2016-02-11,199.41311645507812,211.33657836914065,220.7999267578125,209.2678985595703,220.09130859375,17114833.0,-0.03957812610579525,0.021243023789209732,0.6100428015300994
2016-02-12,195.53074645996097,207.2220764160156,213.4738311767578,203.0047149658203,213.4738311767578,29319458.0,-0.01946898009585918,0.021365760252652844,0.5900129316184229
2016-02-15,204.2013702392578,216.41111755371097,217.4626007080078,209.83935546875,209.83935546875,19283523.0,0.04434404274660886,0.02403288978545695,0.6220238971282646
2016-02-16,200.70724487304688,212.7080841064453,218.9826812744141,211.8966064453125,217.40545654296875,13024856.0,-0.017111174925598993,0.021596593438533672,0.650086410929555
2016-02-17,205.463134765625,217.7483367919922,218.85696411132812,209.47361755371097,213.7481231689453,15442221.0,0.023695656305712243,0.021409535840391365,0.6692402579585708
2016-02-18,202.7670440673828,214.89105224609375,221.42852783203125,213.953857421875,220.1141662597656,14433087.0,-0.013122016761389577,0.020081566637768212,0.6298689881220085
2016-02-19,203.6837158203125,215.86251831054688,217.7826232910156,214.2624359130859,214.86819458007812,10235503.0,0.004520812329961599,0.01972981206593539,0.6359460260715141
2016-02-22,207.5552978515625,219.9655914306641,221.33709716796875,215.8053741455078,215.8053741455078,12770834.0,0.019007813244459104,0.01965710119853755,0.6298508197830093
2016-02-23,204.8268280029297,217.0740203857422,221.0856475830078,215.49679565429688,220.14845275878903,18989787.0,-0.013145748997378637,0.019809230633286875,0.6333771045748852
2016-02-24,205.4738922119141,217.759765625,219.1083984375,215.32534790039065,215.98825073242188,15186204.0,0.003159079380827823,0.019843867023375567,0.629039773267337
2016-02-25,203.6297912597656,215.8053741455078,218.6512451171875,215.06248474121097,218.11407470703125,24826958.0,-0.008974867474874082,0.019333360554641382,0.5541421740055059
2016-02-26,204.97781372070312,217.23402404785156,219.1541290283203,215.85108947753903,217.8397674560547,8349402.0,0.006619966816240108,0.01881522655085733,0.530387495587676
2016-02-29,208.49349975585935,220.95993041992188,227.3488311767578,213.7252655029297,217.451171875,31032353.0,0.01715154421515397,0.019403215040489787,0.4864151679003656
2016-03-01,211.65333557128903,224.3086700439453,225.16586303710935,220.5027618408203,220.51419067382812,16453192.0,0.015155560337035912,0.01884726080543094,0.5124950465373098
2016-03-02,216.01022338867188,228.92605590820312,229.8975372314453,225.6687469482422,226.96023559570312,20105967.0,0.02058501844831717,0.018875785515005634,0.5213673292861923
2016-03-03,218.4582366943359,231.52047729492188,232.6976776123047,228.01171875,230.86900329589844,15880459.0,0.011332858543733337,0.018861029746438624,0.48361787169148585
2016-03-04,217.0670623779297,230.04611206054688,232.01193237304688,229.3832244873047,231.78334045410156,8987660.0,-0.006368147694759352,0.018934689964883795,0.44920512748997693
2016-03-08,221.5102081298828,234.7549285888672,235.6463928222656,230.29754638671875,230.29754638671875,13222993.0,0.020469000240199042,0.019140304594319212,0.4335742204181625
2016-03-09,224.68080139160156,238.11509704589844,238.61798095703125,232.83482360839844,233.15484619140625,11854901.0,0.014313531139204416,0.019207619280007436,0.4064279583703418
2016-03-10,218.22097778320312,231.26902770996097,239.0751495361328,230.6404266357422,238.19509887695312,20706353.0,-0.028751115219406098,0.020582818579569333,0.421182995775688
2016-03-11,218.81411743164065,231.8976287841797,235.3378143310547,231.00616455078125,231.98907470703125,15319044.0,0.002718068878908575,0.018025139017778854,0.3881097864766508
2016-03-14,219.94650268554688,233.0977020263672,234.6177673339844,231.5433349609375,232.94911193847656,11880095.0,0.005175101438598784,0.01709674525725635,0.3715518519694206
2016-03-15,220.1082763671875,233.2691345214844,234.94921875,232.0347900390625,234.0691680908203,10487788.0,0.0007355137711460014,0.014544702177828652,0.47237190282809016
2016-03-16,220.3778381347656,233.5548553466797,234.48062133789065,229.82896423339844,233.3834228515625,11064129.0,0.0012246780176881078,0.013707134035446473,0.5381665989279956
2016-03-17,221.60498046875,232.24050903320312,237.0178985595703,231.326171875,234.7549285888672,16832997.0,0.005568356348218506,0.012969675881214924,0.5710564579151831
2016-03-18,224.04786682128903,234.80064392089844,235.47496032714844,232.17193603515625,232.75482177734375,14030979.0,0.011023607625477272,0.01241686589313616,0.552141413806337
2016-03-21,226.2508087158203,237.1093292236328,238.0693817138672,233.783447265625,234.9720764160156,12708074.0,0.009832460919114494,0.012461091623999046,0.5356927566602891
2016-03-22,228.5519256591797,239.52088928222656,240.52664184570312,236.7321624755859,237.0407562255859,15333442.0,0.010170646268273353,0.01210251617945032,0.48535095532610456
2016-03-23,224.4841156005859,235.2578125,239.30372619628903,233.7034454345703,239.30372619628903,16806372.0,-0.017798187640999164,0.01250562229769663,0.43666752562914407
2016-03-28,222.5646514892578,233.24627685546875,235.8292694091797,232.16050720214844,235.440673828125,18070240.0,-0.008550556489009264,0.01284932625698915,0.43793976413238134
2016-03-29,226.0217742919922,236.86932373046875,238.1836700439453,233.2005615234375,234.02345275878903,15871250.0,0.015533117139678643,0.012706462945602844,0.41085355720439226
2016-03-30,228.37742614746097,239.3380126953125,240.412353515625,238.3436737060547,238.3436737060547,14453294.0,0.010422234153535825,0.012755490662745329,0.40775428161186317
2016-03-31,227.9739227294922,238.9151306152344,241.3838348388672,236.0578460693359,237.95509338378903,30833349.0,-0.0017668270668232955,0.012545483708391151,0.43365113633158275
2016-04-01,225.6291961669922,236.45787048339844,239.1665802001953,234.2977600097656,237.52078247070312,12381116.0,-0.010285064775948927,0.012702460247621707,0.49202448340502825
2016-04-04,225.76004028320312,236.5950164794922,238.22938537597656,234.3663330078125,237.72650146484375,8632568.0,0.000579907735495766,0.012038278034271047,0.5091321189764901
2016-04-05,223.9933319091797,234.74349975585935,238.2751007080078,233.65773010253903,235.749267578125,10259495.0,-0.007825602670017306,0.012042161387464976,0.4663069255323492
2016-04-06,225.4765167236328,236.29786682128903,236.97218322753903,233.74916076660156,235.9207000732422,6990781.0,0.006621557891082652,0.011955608082593838,0.4372352561796311
2016-04-07,226.23989868164065,237.097900390625,239.55517578125,233.63487243652344,236.56072998046875,8789163.0,0.0033856384208006407,0.011147365753469266,0.41744630201203037
2016-04-08,226.0436248779297,236.8921813964844,241.0295257568359,235.71498107910156,236.789306640625,13411752.0,-0.0008675472578210108,0.0107097068682061,0.3790530348767163
2016-04-11,226.90516662597656,237.79507446289065,238.9837188720703,236.1264190673828,237.0407562255859,10308361.0,0.003811395913121407,0.00824261624609132,0.4224693278348604
2016-04-12,228.45376586914065,239.4180145263672,241.7152862548828,237.28076171875,237.79507446289065,11164859.0,0.006824874312874263,0.008312685105648452,0.4179743584409277
2016-04-13,232.52162170410156,243.68109130859375,244.56114196777344,240.59523010253903,240.59523010253903,16038542.0,0.017806035367746942,0.009002535650434356,0.40716497042145455
2016-04-18,232.2380523681641,243.38394165039065,243.8525390625,241.24668884277344,243.6239471435547,19065716.0,-0.001219539644783385,0.00903693602125484,0.4588288758240683
2016-04-20,226.2508087158203,237.1093292236328,244.4011383056641,236.76644897460935,244.4011383056641,21687934.0,-0.025780631517062003,0.0110631915996186,0.5576000372560198
2016-04-21,227.09054565429688,237.9893798828125,240.4694976806641,236.5835876464844,238.04652404785156,11380697.0,0.003711531212828856,0.011033895353897327,0.551062931740705
2016-04-22,226.6107177734375,237.4864959716797,239.4408721923828,235.2806701660156,237.4979248046875,11705087.0,-0.0021129364037454357,0.010812210292776556,0.5267087734342711
2016-04-25,221.80126953125,232.44622802734375,238.7436981201172,231.39474487304688,238.7436981201172,61157544.0,-0.021223392650809747,0.011620087611823926,0.46912966999967126
2016-04-26,221.81216430664065,232.45765686035156,234.0463104248047,230.29754638671875,232.10336303710935,26429236.0,4.911953576125505e-05,0.011328007782452465,0.4624806961199641
2016-04-27,222.34654235839844,233.01768493652344,234.5149078369141,232.24050903320312,232.67481994628903,14502641.0,0.0024091467365110475,0.010673941750960439,0.42886077793001154
2016-04-28,217.39532470703125,227.828857421875,232.9719696044922,226.51449584960935,231.78334045410156,61949033.0,-0.022268021795393445,0.011622217645710106,0.42835706197346685
2016-04-29,214.34173583984375,224.62869262695312,228.25173950195312,223.74864196777344,227.08595275878903,23479680.0,-0.014046249022616308,0.011269576969650207,0.3785493578781106
2016-05-02,215.2687225341797,225.6001739501953,226.845947265625,223.55435180664065,223.78292846679688,10620873.0,0.004324807255590146,0.010977769292563822,0.3951430926139673
2016-05-03,212.8367156982422,223.0514678955078,227.4288330078125,222.3542938232422,225.84017944335935,17571826.0,-0.011297539221246433,0.011132058966347141,0.4199992032512683
2016-05-04,213.33840942382812,223.57720947265625,224.85726928710935,222.41143798828125,222.6514434814453,13546285.0,0.0023571765986900584,0.011077540795148694,0.48569290397829795
2016-05-05,212.71678161621097,222.92575073242188,224.8001251220703,221.9314117431641,224.0115203857422,21665684.0,-0.0029138110164785846,0.011049978069708867,0.4833594266838027
2016-05-06,211.34266662597656,221.4856719970703,223.2800445556641,221.03993225097656,222.41143798828125,14748329.0,-0.006459833492185929,0.011022203827129047,0.4711182924431985
2016-05-09,214.4290008544922,224.7201232910156,225.3830108642578,222.36572265625,222.8686065673828,15347096.0,0.014603460237291532,0.011516415449640494,0.49366981781673414
2016-05-10,214.30902099609375,224.5944061279297,225.0858612060547,223.55435180664065,224.7201232910156,7248302.0,-0.000559531863322249,0.011444848546278622,0.4617077461841566
2016-05-11,212.74949645996097,222.9600372314453,224.18295288085935,221.7256774902344,222.1371307373047,12339923.0,-0.007276989689394386,0.01148220509636854,0.43942983792231605
2016-05-12,216.5446929931641,226.9373779296875,227.2574005126953,222.88003540039065,223.09718322753903,12786216.0,0.01783880383433667,0.012315939909221044,0.47959676919940536
2016-05-13,213.34930419921875,223.5886383056641,226.42306518554688,222.8686065673828,226.0573272705078,14648291.0,-0.014756255393643891,0.0124228715176229,0.46586381477823224
2016-05-16,212.8694610595703,223.08575439453125,224.58297729492188,221.9771270751953,223.3257598876953,9327335.0,-0.0022490963420268573,0.011392801187613287,0.474990934069809
2016-05-17,211.38626098632812,221.53138732910156,224.7201232910156,220.891357421875,224.06866455078125,12157600.0,-0.006967650812190085,0.011382344555757462,0.515512749177127
2016-05-18,211.691650390625,221.85140991210935,222.2971343994141,220.3770446777344,220.7884979248047,8228838.0,0.0014446984533049712,0.010295983168584325,0.5617145615036226
2016-05-19,207.4710998535156,217.4283142089844,222.1599884033203,216.14825439453125,222.11427307128903,9134784.0,-0.019937255575840696,0.010797777741380457,0.5273936538085544
2016-05-20,203.7631378173828,213.5424041748047,218.18264770507812,212.8909454345703,217.61119079589844,18544619.0,-0.017872185758646797,0.01118612491268848,0.4995251947587081
2016-05-23,202.8470764160156,212.5823516845703,215.0281982421875,211.5880126953125,214.2624359130859,18365734.0,-0.004495716993660581,0.01053453914320114,0.47373432129498183
2016-05-24,205.1263885498047,214.97105407714844,215.7825164794922,212.13661193847656,212.13661193847656,12283217.0,0.011236603327299033,0.011066987603004827,0.4226382315014288
2016-05-25,207.4710998535156,217.4283142089844,217.79405212402344,215.1310577392578,217.11973571777344,9240115.0,0.011430568832647259,0.01151025239037908,0.4121133721037251
2016-05-26,206.52230834960935,216.43397521972656,217.70262145996097,215.8053741455078,217.15402221679688,14190024.0,-0.004573126110461345,0.010629428329165653,0.4372525658774679
2016-05-27,212.59678649902344,222.80001831054688,223.3029022216797,216.8682861328125,216.93685913085935,13401594.0,0.029413181549041045,0.012435400165304693,0.4075444370857517
2016-05-30,211.28811645507812,221.42852783203125,224.35438537597656,220.582763671875,223.18861389160156,9633652.0,-0.006155643580018633,0.01244949440075016,0.4127973740383054
2016-05-31,208.92156982421875,218.94839477539065,222.41143798828125,218.6398162841797,221.49710083007812,23332727.0,-0.011200566650716115,0.01244523335880058,0.4534788894741485
2016-06-01,207.99456787109375,217.97691345214844,220.8342132568359,217.5654754638672,218.97125244140625,9042808.0,-0.004437081120465258,0.012445676915203114,0.500641626140332
2016-06-02,208.5725860595703,218.58265686035156,218.78839111328125,216.03396606445312,218.18264770507812,10253825.0,0.0027790061749823902,0.012469359186988736,0.5004308984397086
2016-06-03,209.3141937255859,219.35984802246097,220.1027374267578,218.49122619628903,219.4398498535156,8643295.0,0.0035556334608795037,0.01243580104775744,0.48939492258159734
2016-06-06,208.25631713867188,218.251220703125,220.12559509277344,217.7369079589844,219.66842651367188,8672842.0,-0.005054012669111763,0.01195433604926092,0.48852233670307366
2016-06-07,208.3108367919922,218.3083648681641,219.6569976806641,217.51974487304688,218.81124877929688,18954268.0,0.0002617911142834828,0.011958755595828407,0.49549463980175595
2016-06-08,208.1036376953125,218.0912170410156,218.9826812744141,216.959716796875,218.9826812744141,12135516.0,-0.0009946630711612503,0.011877130073648245,0.48330012919544824
2016-06-09,211.822509765625,221.98855590820312,223.20004272460935,218.57122802734375,219.4398498535156,15643495.0,0.01787028862877138,0.011879765366576532,0.5065871949166529
2016-06-10,213.03305053710935,223.25718688964844,225.0172882080078,221.33709716796875,222.6400146484375,16316760.0,0.005714882581760339,0.011511516896350426,0.48322729906366463
2016-06-13,213.99273681640625,224.2629547119141,224.8001251220703,220.13702392578125,221.70281982421875,10214469.0,0.0045048703798649115,0.011541448411461437,0.45535137882084314
2016-06-14,212.9348907470703,223.15432739257812,225.2458648681641,221.565673828125,224.22866821289065,10923848.0,-0.0049433737101250985,0.011482845182605223,0.5203909107910044
2016-06-15,214.75616455078125,225.06300354003903,225.4972991943359,222.58287048339844,224.0115203857422,11129082.0,0.008553195755383713,0.011625122821525453,0.543986094699082
2016-06-16,212.94578552246097,223.1657562255859,224.84584045410156,221.0513610839844,224.24009704589844,9372207.0,-0.008429928109896956,0.010801214362152036,0.526205545616841
2016-06-17,212.64041137695312,222.84573364257812,223.7029266357422,221.74853515625,223.3257598876953,10534878.0,-0.001434046439372394,0.009843879045071936,0.5510104377047728
2016-06-20,215.97760009765625,226.3430633544922,226.89166259765625,221.26852416992188,222.21713256835935,10758608.0,0.015694047519439813,0.01015360016470697,0.5571045533424877
2016-06-21,215.30145263671875,225.63446044921875,227.2459716796875,223.9429473876953,227.2345428466797,13933068.0,-0.003130636976389045,0.010062138645549184,0.5236731430553642
2016-06-22,213.86187744140625,224.1258087158203,225.3601531982422,223.34861755371097,225.15443420410156,12788710.0,-0.006686323653103843,0.010028552947959844,0.5221058268638857
2016-06-23,213.85096740722656,224.1143798828125,224.4686737060547,221.7256774902344,224.0000915527344,9837526.0,-5.1014394478410274e-05,0.009933395710990282,0.5527261817816774
2016-06-24,207.525634765625,217.48545837402344,220.55990600585935,213.3595428466797,220.55990600585935,24985097.0,-0.02957822785789188,0.010057402490227544,0.5071056386054364
2016-06-27,208.4416961669922,218.4455108642578,219.07411193847656,214.98248291015625,214.98248291015625,9163399.0,0.004414208405635112,0.01005868159748253,0.5157792736369733
2016-06-28,208.91065979003903,218.9369659423828,219.79415893554688,218.29693603515625,218.6169586181641,7604977.0,0.0022498551473653094,0.00975991965399557,0.5819227793332912
2016-06-29,210.8955078125,221.01707458496097,221.4856719970703,219.4398498535156,219.8970184326172,7523987.0,0.009500941811469987,0.009919504562620144,0.6225128178547122
2016-06-30,211.38626098632812,221.53138732910156,223.4400634765625,221.0513610839844,222.1828460693359,12758283.0,0.0023269968095500637,0.00991512795041135,0.6351461800222634
2016-07-01,212.32418823242188,222.51429748535156,223.2800445556641,221.7256774902344,222.3542938232422,6610193.0,0.00443703030517395,0.009930354926690635,0.6241304142140712
2016-07-04,215.21421813964844,225.5430145263672,227.1202392578125,222.98289489746097,222.98289489746097,7803505.0,0.013611402126558314,0.010227709084486291,0.6198336858315702
2016-07-05,216.61013793945312,227.0059509277344,229.24606323242188,224.08009338378903,225.40586853027344,11359882.0,0.006486187631427276,0.010276401895177017,0.5936051110823573
2016-07-07,215.47593688964844,225.81732177734375,228.6974639892578,225.41729736328125,226.86880493164065,12029091.0,-0.005236140194517236,0.010384775204172974,0.5777621717162816
2016-07-08,213.40383911132812,223.64578247070312,226.0687561035156,223.17718505859375,225.61160278320312,7140617.0,-0.009616376697234141,0.00995512422300629,0.6153448970001391
2016-07-11,216.4792633056641,226.86880493164065,227.4288330078125,225.2687225341797,226.5259246826172,8266601.0,0.014411288040284909,0.010379471846244083,0.6129340983425113
2016-07-12,218.85671997070312,229.36036682128903,229.72608947753903,226.5259246826172,227.49740600585935,9767494.0,0.010982375996365645,0.010598137770231136,0.5307101057518488
2016-07-13,220.0236358642578,230.58328247070312,232.4005126953125,229.53179931640625,229.7718048095703,14915296.0,0.005331871434931967,0.010534636747554093,0.556530536402131
2016-07-14,219.18386840820312,229.70323181152344,231.8061981201172,228.1831512451172,230.43470764160156,10758372.0,-0.003816714748649863,0.01047354557047269,0.5598008438406396
2016-07-15,220.7761383056641,231.37188720703125,233.3834228515625,229.3832244873047,230.6404266357422,13992989.0,0.007264539626135047,0.010310727723861969,0.5336066099307732
2016-07-18,219.4783477783203,230.01182556152344,237.44078063964844,228.9832000732422,234.98350524902344,32106850.0,-0.005878309754412836,0.01043258287759648,0.5270222206482923
2016-07-19,221.99758911132812,232.65196228027344,233.82916259765625,227.5088348388672,229.9546813964844,16649300.0,0.011478313731212886,0.010172950405079637,0.5310944238583336
2016-07-20,223.1317596435547,233.8405914306641,235.0520782470703,232.36622619628903,233.14341735839844,12265316.0,0.005108931753568635,0.010145549803320957,0.49384570099424074
2016-07-21,219.50015258789065,230.03468322753903,234.2977600097656,229.72608947753903,234.0691680908203,6711097.0,-0.016275616978351226,0.01077652018098099,0.5075714197886558
2016-07-22,221.35414123535156,231.97764587402344,232.65196228027344,229.7489471435547,229.9546813964844,6899519.0,0.00844641165667781,0.010885024695338951,0.533668760498719
2016-07-25,223.0772247314453,233.783447265625,234.01202392578125,230.2632598876953,231.78334045410156,8241568.0,0.007784283982569473,0.008058743663625958,0.5466112196054793
2016-07-26,223.3607635498047,234.08059692382812,236.53787231445312,232.05764770507812,233.8405914306641,10516399.0,0.001271034363551582,0.008073702384038574,0.5649929965517986
2016-07-27,220.9724578857422,231.57762145996097,234.52633666992188,230.6289978027344,233.85202026367188,11030767.0,-0.010692592674316992,0.008674917764525794,0.5823667267371493
2016-07-28,223.8624725341797,234.60633850097656,235.55496215820312,231.56619262695312,232.00050354003903,15610838.0,0.013078619281738035,0.008854395067952995,0.621022100919581
2016-07-29,221.3650665283203,231.98907470703125,234.27490234375,231.326171875,234.0691680908203,9629597.0,-0.011155983303445693,0.009406420642858845,0.6146567638927699
2016-08-01,220.1872100830078,230.7547149658203,233.22341918945312,229.73751831054688,232.6976776123047,7978251.0,-0.005320877696670445,0.009544577202614498,0.5983942070487867
2016-08-02,220.90701293945312,231.5090484619141,233.15484619140625,230.02325439453125,230.4118499755859,7710138.0,0.003269049352021547,0.009146430632484088,0.6051288248246427
2016-08-03,216.7955322265625,227.20025634765625,231.8747711181641,226.6402282714844,231.8747711181641,11872282.0,-0.01861181615821994,0.010078337425770885,0.5750020327759642
2016-08-04,216.58831787109375,226.98309326171875,228.5831756591797,224.7886962890625,228.35459899902344,10187608.0,-0.0009558054695159024,0.010004433636161679,0.5922300966835462
2016-08-05,221.65951538085935,232.2976531982422,232.92625427246097,227.9088592529297,228.12600708007812,12109001.0,0.023413993698329527,0.010960978846209144,0.6006432524004622
2016-08-08,224.49497985839844,235.2692413330078,236.35501098632812,232.84625244140625,233.13198852539065,13556347.0,0.012791981759353588,0.010869739224652319,0.6090628994974505
2016-08-09,224.8112640380859,235.6006774902344,236.46929931640625,233.3834228515625,234.7549285888672,13290768.0,0.0014088697212160106,0.010656297545518388,0.554220698384278
2016-08-10,218.91123962402344,229.41751098632812,236.4807281494141,229.04034423828125,235.72640991210935,13471958.0,-0.026244345181311468,0.012260946403103956,0.5624256279006802
2016-08-11,221.1905517578125,231.8061981201172,233.80630493164065,228.4917449951172,229.02891540527344,14169454.0,0.010412037946081476,0.012450278587754266,0.595924874767225
2016-08-12,225.92364501953125,236.76644897460935,238.389404296875,232.46908569335935,232.46908569335935,16365425.0,0.021398261472312496,0.013229416583023018,0.5838441830458587
2016-08-16,223.5461883544922,234.27490234375,238.82369995117188,232.126220703125,236.86932373046875,13367575.0,-0.010523275086295358,0.013400556063871626,0.5997409311482611
2016-08-17,221.0160675048828,231.6233367919922,235.16636657714844,230.22897338867188,234.0920257568359,15486572.0,-0.011318112235477629,0.013432219451948214,0.6159528512009925
2016-08-18,222.05209350585935,232.7091064453125,233.9891662597656,232.24050903320312,232.24050903320312,7749690.0,0.0046875596542483855,0.013423888021022975,0.6073224672958407
2016-08-19,221.3650665283203,231.98907470703125,233.6120147705078,230.20611572265625,232.6976776123047,8177802.0,-0.0030939900934593423,0.01290438135964083,0.6527713417938357
2016-08-22,220.6997985839844,231.29188537597656,233.08627319335935,230.22897338867188,231.326171875,6684236.0,-0.0030052977860027807,0.012786865302613701,0.6577396797186036
2016-08-23,220.3944549560547,230.9718780517578,232.01193237304688,229.72608947753903,231.326171875,7320433.0,-0.0013835247240314708,0.012654106519008853,0.6359211112698576
2016-08-24,222.58648681640625,233.2691345214844,233.6005859375,231.09759521484375,231.25759887695312,8719596.0,0.009945948326098408,0.012865945495093477,0.6103436385936528
2016-08-25,220.88519287109375,231.48619079589844,235.21209716796875,230.6404266357422,233.42913818359375,14960746.0,-0.0076432939377660825,0.012751307801280382,0.621330614994891
2016-08-26,224.20054626464844,234.9606475830078,235.62353515625,231.9204864501953,232.67481994628903,9639663.0,0.015009396286194132,0.012861907083194124,0.6277575603769264
2016-08-29,230.64584350585935,241.7152862548828,242.24102783203125,234.5491943359375,234.81207275390625,16193208.0,0.028747910514021813,0.014054819894137031,0.5890402506457959
2016-08-30,232.59796142578125,243.7611083984375,244.2411193847656,240.69808959960935,242.75534057617188,18170724.0,0.008463703009988555,0.014007123212320087,0.5595102276008507
2016-08-31,231.20201110839844,242.2981719970703,245.4983367919922,239.3265838623047,243.4182281494141,23295502.0,-0.006001558693059517,0.014144840746229034,0.5691073595169259
2016-09-01,224.4841156005859,235.2578125,245.2126007080078,234.457763671875,240.69808959960935,42621045.0,-0.02905638872087002,0.015119669565007644,0.5559175750607919
2016-09-02,221.02699279785156,231.634765625,236.0235595703125,229.10891723632812,235.69210815429688,28124615.0,-0.015400300344125206,0.015598296120535416,0.5592358400338017
2016-09-06,222.45559692382812,233.13198852539065,234.2977600097656,232.01193237304688,233.13198852539065,11510431.0,0.006463482617632854,0.01476188173875642,0.5694500136085002
2016-09-07,221.96487426757812,232.61767578125,234.766357421875,231.56619262695312,233.6120147705078,12927438.0,-0.002205935310398255,0.014471063308630605,0.585336392487333
2016-09-08,225.4001617431641,236.2178497314453,236.80075073242188,233.2005615234375,233.85202026367188,12206479.0,0.015476716696375625,0.014902504517748891,0.5612176234442909
2016-09-09,227.8321228027344,238.7665557861328,239.98947143554688,235.440673828125,236.5835876464844,15269894.0,0.010789526683399053,0.013690503294383323,0.5889254680793883
2016-09-12,228.25747680664065,239.21229553222656,241.3838348388672,235.2463836669922,235.5321044921875,33684893.0,0.0018669623873650565,0.013549671800169008,0.5838711132080313
2016-09-14,227.8757781982422,238.8122711181641,242.069580078125,237.93223571777344,239.55517578125,18604842.0,-0.0016722282824576107,0.012738693563742723,0.5641063005746436
2016-09-15,232.2926025390625,243.4410858154297,244.6297149658203,239.3265838623047,239.3265838623047,31371009.0,0.01938259685054322,0.013125092993186389,0.5300106226647223
2016-09-16,234.5937042236328,245.8526306152344,250.03570556640625,242.09243774414065,243.89825439453125,39324529.0,0.009906048059293404,0.012846442542367569,0.5395379297069364
2016-09-19,236.0878143310547,247.41842651367188,248.6985015869141,244.8125915527344,245.16688537597656,16678060.0,0.006368926704007238,0.012863118078016647,0.505342004843186
2016-09-20,234.2992706298828,245.54405212402344,247.95559692382812,244.36685180664065,247.78416442871097,11531268.0,-0.007575756106852238,0.013015715072158478,0.5629178424694491
2016-09-21,233.8739318847656,245.0983123779297,247.98988342285156,244.3554229736328,245.4983367919922,10943394.0,-0.0018153652120800334,0.012989879696701019,0.5797210279209286
2016-09-22,237.51646423339844,248.9156494140625,250.4814453125,246.64125061035156,247.5555877685547,18761415.0,0.015574768505741687,0.01324088123499865,0.6381926579582137
2016-09-23,240.537353515625,252.08152770996097,253.6016082763672,248.9270782470703,248.9270782470703,31085948.0,0.012718652123661078,0.013322536750511848,0.6481993219503899
2016-09-26,241.4970703125,253.08729553222656,258.1961364746094,251.49864196777344,252.2186737060547,38213411.0,0.00398988673837164,0.013039772083324042,0.6606305275383537
2016-09-27,242.2168426513672,253.84161376953125,257.37322998046875,252.9501495361328,255.3274078369141,19374535.0,0.0029804599200138338,0.012807367383948807,0.6527293559887827
2016-09-28,237.8872528076172,249.3042449951172,253.27015686035156,248.30990600585935,253.2472991943359,24820234.0,-0.017874850470170456,0.012288758225281585,0.6661967068499669
2016-09-29,233.9175720214844,245.14402770996097,253.8987579345703,243.98968505859375,250.298583984375,21260295.0,-0.01668723624019952,0.012826568217314,0.6233121290421731
2016-09-30,236.3713226318359,247.7155914306641,250.1957244873047,243.7382354736328,244.1268310546875,11199883.0,0.010489808820887347,0.012925687768591362,0.6112537978762503
2016-10-03,237.89816284179688,249.315673828125,253.25872802734375,246.0126495361328,248.46990966796875,18125170.0,0.0064594985252890424,0.010820385920626042,0.598890772328728
2016-10-04,239.13052368164065,250.6071624755859,253.33872985839844,249.61282348632812,249.85284423828125,13113580.0,0.005180203264803174,0.00992368697336625,0.6470747094834112
2016-10-05,237.61459350585935,249.0185089111328,252.9272918701172,248.19561767578125,252.3558349609375,10789932.0,-0.006339342014737959,0.010165768077305806,0.6684991870835018
2016-10-06,242.2823028564453,253.9102020263672,257.4418029785156,249.61282348632812,249.61282348632812,21111045.0,0.019644034828487422,0.01069737034593856,0.7079573073080857
2016-10-07,241.88966369628903,253.49874877929688,256.7103271484375,252.9272918701172,254.64166259765625,15280380.0,-0.0016205853895524536,0.01044951485403201,0.6738187082827799
2016-10-10,239.13052368164065,250.6071624755859,256.4703369140625,250.0699920654297,254.64166259765625,11553662.0,-0.011406605691563154,0.010816680565978358,0.6834159033037055
2016-10-13,230.58041381835935,241.6467132568359,248.93850708007812,240.4694976806641,248.9270782470703,21938040.0,-0.03575499159055184,0.013791045644139877,0.6484453260000496
2016-10-14,235.0517578125,246.33265686035156,247.32699584960935,242.67532348632812,242.98391723632812,15265659.0,0.019391690387297933,0.01439948048372306,0.6733987465903329
2016-10-17,231.34378051757812,242.44674682617188,247.05270385742188,242.0124359130859,246.8698272705078,9826781.0,-0.01577515237252436,0.0142662371708663,0.6785365403939311
2016-10-18,235.8042755126953,247.12127685546875,247.4984436035156,242.7667694091797,243.6696624755859,11073137.0,0.019280807917713805,0.014758088118682058,0.603426316433485
2016-10-19,237.16748046875,248.54991149902344,250.23001098632812,247.1898498535156,247.88702392578125,17073242.0,0.005781086679156999,0.014746074468508385,0.5298698606956609
2016-10-20,237.21109008789065,248.59564208984375,250.9843292236328,247.79559326171875,250.05856323242188,10125508.0,0.00018387689178323008,0.014628676749206499,0.5577621174649188
2016-10-21,232.1180877685547,243.2582244873047,250.75575256347656,241.93243408203125,250.75575256347656,43608816.0,-0.02147033815935384,0.01544537724570488,0.5405368989911075
2016-10-24,231.9217834472656,243.052490234375,245.4983367919922,242.44674682617188,244.58399963378903,10513017.0,-0.0008457088509398192,0.014988884015049398,0.5683200482701538
2016-10-25,231.3874359130859,242.49246215820312,243.49822998046875,240.97238159179688,243.4410858154297,7658966.0,-0.00230399890099664,0.014632993057401764,0.5534605861914871
2016-10-26,229.9042510986328,240.93809509277344,242.1724548339844,240.4923553466797,241.395263671875,10945927.0,-0.006409962617893394,0.014599857624894522,0.5428058087000647
2016-10-27,228.73731994628903,239.71517944335935,240.90380859375,238.50369262695312,240.26377868652344,12842476.0,-0.005075726728703045,0.01455597778446763,0.5325484188364403
2016-10-28,230.1005401611328,241.14382934570312,241.84100341796875,238.5951232910156,240.01234436035156,8127969.0,0.005959762994354856,0.014225095628687977,0.5754241726113716
2016-11-01,229.23898315429688,240.2409210205078,241.37240600585935,239.4180145263672,240.3094940185547,10223897.0,-0.003744263295655914,0.013788685547636887,0.5787246345849277
2016-11-02,223.2953338623047,234.01202392578125,238.3779754638672,233.3834228515625,237.95509338378903,7039997.0,-0.025927742350835725,0.014584433696991932,0.5522620383671231
2016-11-03,223.3389587402344,234.0577392578125,236.5264434814453,233.2919921875,234.03488159179688,7311872.0,0.00019536851565660207,0.014443057277485209,0.521770176740972
2016-11-04,219.32566833496097,229.8518218994141,234.73207092285156,228.5831756591797,233.2119903564453,11535892.0,-0.01796950441566847,0.014674293265168175,0.5910213441969807
2016-11-07,218.365966796875,228.84605407714844,232.36622619628903,228.36602783203125,231.78334045410156,9506040.0,-0.004375691843876095,0.014665865787067934,0.5941760293073722
2016-11-08,218.8785400390625,229.3832244873047,229.8861083984375,228.194580078125,229.8861083984375,13432073.0,0.0023473128606359417,0.013667235437938102,0.6231303524798631
2016-11-09,219.11846923828125,229.63465881347656,230.6404266357422,212.5823516845703,217.15402221679688,21640144.0,0.001096175071233274,0.013715765347461962,0.6091434545991332
2016-11-10,220.3835296630859,230.96044921875,235.20066833496097,230.18325805664065,232.83482360839844,9764091.0,0.00577340846347818,0.013820520976423703,0.6195237959009218
2016-11-11,218.496826171875,228.9832000732422,232.58338928222656,227.4631195068359,228.0917205810547,14775330.0,-0.008561000425463927,0.011706065813897406,0.5842796801597877
2016-11-15,214.93064880371097,225.2458648681641,228.5831756591797,223.9086456298828,227.78314208984375,14487470.0,-0.016321414963523462,0.010864896119118747,0.5825939051045907
2016-11-16,215.18145751953125,225.50872802734375,227.85171508789065,224.17152404785156,227.4402618408203,16550762.0,0.0011669285754092318,0.010588956361917421,0.5693652187553714
2016-11-17,213.2620849609375,223.49720764160156,228.16029357910156,222.7314453125,225.3830108642578,12628378.0,-0.008919786029516708,0.009169735410021628,0.533399689676456
2016-11-18,215.38870239257812,225.72589111328125,226.91452026367188,224.4686737060547,225.15443420410156,18163751.0,0.009971849576684733,0.00947128811835171,0.5105709956923904
2016-11-21,216.26112365722656,226.6402282714844,227.1088104248047,224.74298095703125,225.73731994628903,13232434.0,0.004050450441259956,0.009615905268154921,0.5423633749515644
2016-11-22,218.43136596679688,228.9146270751953,230.3661193847656,227.0516662597656,228.05743408203125,17646355.0,0.010035286383742958,0.00927587702820031,0.5294897233798624
2016-11-23,220.0781707763672,230.6404266357422,230.9833068847656,228.48031616210935,229.72608947753903,13107911.0,0.00753923229972675,0.009563076561753491,0.5687868500412567
2016-11-24,215.35597229003903,225.6916046142578,229.8518218994141,224.514404296875,229.8518218994141,18913793.0,-0.02145691446666298,0.010452294846697505,0.5689608134831045
2016-11-25,216.7409820556641,227.14309692382812,227.64598083496097,225.005859375,226.29734802246097,10454964.0,0.006431257749191843,0.010658528072950311,0.5547716257125366
2016-11-28,215.20326232910156,225.53158569335935,228.72032165527344,224.94869995117188,226.98309326171875,8312777.0,-0.007094734516648105,0.010689842179249596,0.528260157421394
2016-11-29,217.61346435546875,228.05743408203125,229.5660858154297,225.8516082763672,226.0687561035156,9885281.0,0.011199653761202688,0.010980986174873858,0.5338615343243758
2016-11-30,215.9448699951172,226.30877685546875,228.57174682617188,225.53158569335935,228.57174682617188,27596098.0,-0.007667698160560232,0.011035005616157532,0.5381164231149048
2016-12-01,217.62435913085935,228.06886291503903,232.01193237304688,227.4402618408203,228.5831756591797,12627845.0,0.0077773977023865015,0.009846792291378378,0.5023636188714641
2016-12-02,216.9700164794922,227.38311767578125,229.72608947753903,226.70880126953125,227.64598083496097,12481430.0,-0.0030067528009293243,0.009848272977192499,0.4787874419051724
2016-12-05,216.7737274169922,227.17739868164065,228.5146026611328,225.4972991943359,227.4402618408203,3987213.0,-0.0009046828943691798,0.009043436740998381,0.5015237793628741
2016-12-06,219.2493133544922,229.7718048095703,230.0803985595703,227.3488311767578,227.66883850097656,6726369.0,0.011420138256597268,0.009375043267849032,0.48277935991631593
2016-12-07,217.9297332763672,228.38888549804688,230.3204040527344,227.7488555908203,229.4975128173828,4930865.0,-0.006018628099379475,0.009462477614693456,0.5119720034643523
2016-12-08,222.48834228515625,233.1662750244141,233.56629943847656,229.5775146484375,229.73751831054688,8750556.0,0.020917792814475922,0.010575184993310283,0.4997207733394865
2016-12-09,224.4295654296875,235.20066833496097,235.86355590820312,233.22341918945312,233.6120147705078,8239158.0,0.008725055544902327,0.010668187798070794,0.4880856297942853
2016-12-12,224.04786682128903,234.80064392089844,238.11509704589844,233.2691345214844,233.2691345214844,9023848.0,-0.0017007501113665002,0.010453944462702747,0.46770976077097376
2016-12-13,226.7960968017578,237.6807861328125,237.95509338378903,234.88064575195312,234.98350524902344,10365823.0,0.01226626264940478,0.009853893904603511,0.47235910754451477
2016-12-14,231.09298706054688,242.1838836669922,243.31536865234375,237.3150634765625,237.6807861328125,24139260.0,0.01894605030414165,0.010486492487476224,0.4719593631980539
2016-12-15,229.664306640625,240.68666076660156,244.035400390625,239.70375061035156,240.5609436035156,19331986.0,-0.0061822751010075505,0.010330836288974316,0.4548117086582684
2016-12-16,230.58041381835935,241.6467132568359,242.75534057617188,240.4694976806641,240.4694976806641,14942206.0,0.003988896625403138,0.010227675651341165,0.4516836380531495
2016-12-19,231.75823974609375,242.8810577392578,243.88682556152344,241.0066680908203,241.15525817871097,15009634.0,0.005108091828919248,0.010233604091451838,0.45841696367009954
2016-12-20,230.74398803710935,241.81814575195312,242.52674865722656,240.7323760986328,241.0866851806641,11688169.0,-0.004376335055424896,0.010257765683005446,0.47187491302895124
2016-12-21,231.910888671875,243.0410614013672,243.96682739257812,241.65814208984375,242.3210296630859,20367894.0,0.005057122591545005,0.010212266976573604,0.50650751814471
2016-12-22,229.75157165527344,240.7780914306641,242.90391540527344,240.2294921875,241.84100341796875,28892834.0,-0.00931097728514474,0.008989883214292957,0.5237271070006789
2016-12-23,230.61312866210935,241.68099975585935,244.343994140625,240.4694976806641,240.4694976806641,10265033.0,0.003749950438330929,0.008960340182704151,0.5073075498342434
2016-12-26,228.4646759033203,239.429443359375,243.6696624755859,238.78941345214844,241.0066680908203,15321770.0,-0.009316263871242625,0.009106530264517125,0.4849319030844189
2016-12-27,232.2271728515625,243.3725128173828,243.92111206054688,239.3265838623047,239.52088928222656,17442849.0,0.016468615698972844,0.009425821378777908,0.47944668452179245
2016-12-28,228.95545959472656,239.9437561035156,244.48114013671875,239.3494415283203,244.10397338867188,9637310.0,-0.014088417030022504,0.009915547472282663,0.47326887898778974
2016-12-29,232.39076232910156,243.5439453125,244.30970764160156,239.8980407714844,240.01234436035156,8772325.0,0.015004240302702643,0.01022653185755589,0.42517715475973133
2016-12-30,236.0878143310547,247.41842651367188,248.01275634765625,243.00677490234375,243.39537048339844,15711974.0,0.015908773502440354,0.010480458154929094,0.39572196515000874
2017-01-02,236.6767120361328,248.03561401367188,249.1556701660156,245.1211700439453,247.78416442871097,7097888.0,0.002494401105566313,0.01041928500088653,0.4065469590704786
2017-01-03,237.61459350585935,249.0185089111328,250.75575256347656,247.12127685546875,249.1213836669922,6434204.0,0.003962711251385587,0.010289464480875471,0.3833114290586263
2017-01-04,232.7615509033203,243.9325408935547,249.84141540527344,243.2810821533203,249.8185577392578,10392483.0,-0.020424009026277945,0.011470059757662925,0.40482795895639695
2017-01-05,234.99722290039065,246.2755126953125,246.8469696044922,244.29827880859375,244.8125915527344,8734164.0,0.009604988402912573,0.010819102886601407,0.4454613130398698
2017-01-06,234.4628448486328,245.71548461914065,248.01275634765625,245.2926025390625,245.54405212402344,7845839.0,-0.002273976029003366,0.010781249634559165,0.42480909593795596
2017-01-09,235.06265258789065,246.34408569335935,248.2413330078125,244.8125915527344,246.18408203125,5228980.0,0.002558220854332216,0.010741212430863128,0.4353574479734556
2017-01-10,237.7127685546875,249.1213836669922,250.1614227294922,246.8698272705078,246.8698272705078,11349916.0,0.011274083473579388,0.010695719640559908,0.45438275372173775
2017-01-11,236.88392639160156,248.2527618408203,250.4585876464844,247.78416442871097,250.298583984375,11475958.0,-0.003486738083634977,0.010025324732069688,0.4590652992583657
2017-01-12,236.28411865234375,247.62416076660156,249.2356719970703,246.82411193847656,248.46990966796875,4371992.0,-0.0025320744568639864,0.00991482553346814,0.44228946309408607
2017-01-13,237.83273315429688,249.24710083007812,250.8700408935547,247.90988159179688,247.90988159179688,7234429.0,0.006554035500928812,0.00996560527731218,0.43499301247752886
2017-01-16,234.74639892578125,246.0126495361328,250.05856323242188,245.4869079589844,249.1442413330078,12013154.0,-0.012976911073520392,0.010439459058249563,0.4803326977307527
2017-01-17,227.1123809814453,238.01223754882812,244.1268310546875,237.38363647460935,243.4410858154297,39234251.0,-0.03252027711296035,0.012790743487495287,0.43762883355603194
2017-01-18,225.2147674560547,236.0235595703125,239.55517578125,235.15493774414065,238.32081604003903,15867619.0,-0.008355394440365926,0.012823770621048886,0.47743582578920274
2017-01-19,225.4656219482422,236.28643798828125,238.93800354003903,235.66925048828125,236.6178741455078,15284274.0,0.0011138456639459005,0.012695890889294816,0.4946357791304197
2017-01-20,223.7425079345703,234.48062133789065,237.14361572265625,234.0463104248047,236.3435821533203,8784907.0,-0.007642468943968028,0.01273349661227488,0.4766361790934467
2017-01-23,221.58314514160156,232.2176513671875,235.66925048828125,231.5090484619141,233.56629943847656,13708502.0,-0.00965110659079682,0.012744621531892115,0.4489244117013306
2017-01-24,224.06968688964844,234.8235015869141,235.16636657714844,232.46908569335935,232.46908569335935,9419288.0,0.011221709785091516,0.012405850081026133,0.4596005039518824
2017-01-25,221.88851928710935,232.5376739501953,236.0578460693359,232.27479553222656,235.89784240722656,23856654.0,-0.00973432699807042,0.012213964374615182,0.48555281850081006
2017-01-27,223.58981323242188,234.32061767578125,235.18923950195312,232.92625427246097,233.2119903564453,21861796.0,0.00766733651104845,0.01179533663610693,0.4579656956415571
2017-01-30,227.88668823242188,238.82369995117188,239.20086669921875,234.2520446777344,234.2863311767578,15678126.0,0.01921766889949228,0.012077541221586621,0.44317805951575096
2017-01-31,227.9739227294922,238.9151306152344,240.8809509277344,237.79507446289065,239.29229736328125,15125194.0,0.0003827976866350724,0.01204817147840108,0.48204167455243735
2017-02-01,228.94451904296875,239.9323272705078,240.2180633544922,236.6293029785156,239.1208648681641,11312284.0,0.004257488320838609,0.01205577266905486,0.4479122196361753
2017-02-02,227.6031188964844,238.52655029296875,240.19520568847656,237.3264923095703,240.01234436035156,9099129.0,-0.0058590620648690805,0.011286078004152893,0.48708917486566466
2017-02-03,225.4547119140625,236.27500915527344,240.11520385742188,235.46353149414065,239.09800720214844,13219481.0,-0.009439268639367837,0.011141457286956358,0.528259499303339
2017-02-06,227.19960021972656,238.10366821289065,238.8465576171875,235.9092712402344,237.0407562255859,9991907.0,0.007739418222180161,0.011352027082172672,0.4964142719667523
2017-02-07,224.8548889160156,235.6463928222656,238.263671875,234.80064392089844,238.1836700439453,9905562.0,-0.010320050305737238,0.011473680945480602,0.48923072846339294
2017-02-08,223.60072326660156,234.33204650878903,237.3264923095703,233.6120147705078,235.6463928222656,16230826.0,-0.005577666803066372,0.011046445166384049,0.5270000722991219
2017-02-09,225.25840759277344,236.06927490234375,236.35501098632812,234.7092132568359,234.98350524902344,9861688.0,0.007413591074101333,0.01128729119711153,0.5445126424769636
2017-02-10,224.69129943847656,235.47496032714844,236.7093048095703,234.42347717285156,236.5835876464844,12518554.0,-0.002517589289373401,0.011287286255786965,0.5191057603681246
2017-02-13,224.6258544921875,235.40638732910156,236.35501098632812,233.6120147705078,236.1264190673828,8565757.0,-0.00029126604569296166,0.011102110759639025,0.5383236833389996
2017-02-14,228.9772491455078,239.96661376953125,240.67523193359375,235.41781616210935,236.5835876464844,18244623.0,0.01937174446440082,0.011870263120984484,0.538391708135173
2017-02-15,229.30441284179688,240.3094940185547,241.72671508789065,238.9265594482422,240.67523193359375,15236663.0,0.0014288043790811056,0.009301567049337817,0.5117059937017692
2017-02-16,232.837890625,244.01254272460935,244.45828247070312,240.59523010253903,240.59523010253903,19655195.0,0.015409549861741922,0.009620397753725557,0.5014841177773264
2017-02-17,234.5828094482422,245.84120178222656,246.45838928222656,241.94386291503903,243.78396606445312,14847356.0,0.007494136021239273,0.009705017902314872,0.5177583463436513
2017-02-20,234.5609893798828,245.81834411621097,246.60696411132812,243.78396606445312,244.709716796875,11650581.0,-9.301648492787695e-05,0.009452603291330767,0.5089644958184623
2017-02-21,237.35289001464844,248.7442169189453,249.3728179931641,245.2811737060547,245.7726287841797,14186476.0,0.01190266396022066,0.009231710521380115,0.48708434573026754
2017-02-22,263.37396240234375,276.0141906738281,276.9627990722656,249.61282348632812,249.84141540527344,127323130.0,0.10963031621856123,0.02548712082597284,0.5768165020296933
2017-02-23,257.9756774902344,270.35675048828125,279.3286437988281,269.5795593261719,277.4085388183594,62249698.0,-0.020496653742341775,0.02599871884166145,0.5912713310447489
2017-02-27,270.2228698730469,283.19171142578125,287.2833251953125,272.093994140625,272.1282653808594,83422197.0,0.04747421346834568,0.027465070860702955,0.5875880302146927
2017-02-28,270.0374755859375,282.9974060058594,285.2718200683594,280.8144226074219,281.6144714355469,36111716.0,-0.0006860791878809946,0.02746861790542496,0.6145609970452971
2017-03-01,269.2631530761719,282.1859436035156,284.44891357421875,281.1573181152344,283.46600341796875,24385665.0,-0.002867463147792626,0.02753096292295457,0.6435577340455614
2017-03-02,269.7538757324219,282.70025634765625,286.8033142089844,280.4830017089844,282.9631042480469,18063590.0,0.0018224649405007565,0.027557009046425506,0.6225095043501092
2017-03-03,274.5087890625,287.683349609375,294.3694152832031,283.7974548339844,283.7974548339844,84305639.0,0.017626858250573196,0.027409477497420964,0.6584770760106147
2017-03-06,284.716552734375,298.38104248046875,299.901123046875,289.2148742675781,290.0720520019531,66724743.0,0.03718556227921321,0.027672885060378294,0.6934908387156862
2017-03-07,284.6293029785156,298.28961181640625,303.3298645019531,296.278076171875,301.4669189453125,42071555.0,-0.0003064442689455493,0.027797547409543544,0.6761322165895123
2017-03-08,281.6302795410156,295.1466064453125,298.918212890625,293.9808349609375,298.918212890625,43336972.0,-0.010536594110713837,0.027806608238812036,0.6585383041526919
2017-03-09,280.6596374511719,294.12939453125,296.7009582519531,292.9293518066406,294.872314453125,31094457.0,-0.0034465118290037955,0.02774104345193822,0.6643221404376958
2017-03-10,279.5472106933594,292.963623046875,296.2438049316406,288.2890930175781,294.929443359375,24785585.0,-0.003963615031769674,0.027951061766751936,0.6717953041921447
2017-03-14,281.2593994140625,294.75799560546875,301.501220703125,293.7865295410156,301.4440612792969,27765035.0,0.006124864263379326,0.027794076841738746,0.6400568247229385
2017-03-15,284.6293029785156,298.28961181640625,300.884033203125,294.9637451171875,295.1123046875,24107889.0,0.011981478917588273,0.027651928775538317,0.6551672869513953
2017-03-16,283.0370788574219,296.6209716796875,299.535400390625,295.6951904296875,299.4439697265625,15924023.0,-0.005594027404880131,0.02787624929664026,0.6768751789958685
2017-03-17,283.7023620605469,297.3181457519531,301.7183532714844,296.71240234375,298.9867858886719,22727289.0,0.0023505160730552532,0.02786034267832291,0.6837409877954326
2017-03-20,279.3618469238281,292.76934814453125,298.5867919921875,292.2093200683594,298.5296325683594,12869337.0,-0.015299538238572774,0.02844750733533599,0.6846142261937112
2017-03-21,275.6539001464844,288.8834228515625,293.4779357910156,287.85479736328125,293.08935546875,22596181.0,-0.013272917609091994,0.028900556425395393,0.6653116112845506
2017-03-22,274.7595520019531,287.94622802734375,289.3634338378906,284.94036865234375,286.1861267089844,20291685.0,-0.0032444603325256782,0.028958273707179565,0.6432916023739329
2017-03-23,277.72601318359375,291.0549621582031,292.02642822265625,287.5576477050781,288.7348327636719,11807911.0,0.010796571620627526,0.028952125419793244,0.6096982304683078
2017-03-24,280.6596374511719,294.12939453125,295.3294677734375,289.9463195800781,291.2378234863281,16282523.0,0.010563015808097154,0.01648876845315137,0.6246614272373199
2017-03-27,272.88385009765625,285.98040771484375,292.3007507324219,285.08892822265625,290.55206298828125,32452615.0,-0.027705399408806786,0.01710389038148407,0.6761345127734215
2017-03-28,271.7169494628906,284.75750732421875,288.92913818359375,283.92315673828125,287.5576477050781,21707345.0,-0.004276180632705184,0.013561241416790321,0.6550083103155597
2017-03-29,274.0943603515625,287.2490539550781,288.0148010253906,281.9230651855469,286.1175537109375,18924345.0,0.008749586263835818,0.013686390152449728,0.7057484687453647
2017-03-30,277.14794921875,290.44921875,291.38641357421875,286.41473388671875,286.87188720703125,27862325.0,0.011140648290869137,0.013844497602956578,0.7349298153012351
2017-03-31,288.1082458496094,301.9355163574219,305.7642822265625,289.38629150390625,289.38629150390625,45390562.0,0.039546735459364823,0.016247106756951814,0.7366382931051666
2017-04-03,299.8319396972656,314.22186279296875,315.55908203125,305.62713623046875,306.7586364746094,44886623.0,0.04069197607685249,0.018029391216828766,0.7591638390655219
2017-04-05,308.63287353515625,323.4451904296875,324.1309509277344,315.4676513671875,318.91925048828125,40323877.0,0.029352889644701508,0.017356230444901668,0.7589554427131533
2017-04-06,313.7586364746094,328.81689453125,331.19415283203125,320.51934814453125,322.0736999511719,50620850.0,0.016607961688401396,0.01753713084033835,0.7335316492500211
2017-04-07,306.80072021484375,321.52508544921875,327.78826904296875,320.5993347167969,324.8852844238281,31875272.0,-0.022176015098563484,0.01825910644141512,0.7275714745812935
2017-04-10,301.2933654785156,315.7533874511719,325.7081604003906,314.8276062011719,322.3022766113281,30768410.0,-0.017950918539146432,0.018867023182083185,0.7461314218444524
2017-04-11,299.330322265625,313.6961364746094,320.11932373046875,313.18182373046875,317.2391662597656,32249647.0,-0.006515388116073884,0.018930249083451554,0.7526001999504419
2017-04-12,295.327880859375,309.5016174316406,316.9191589355469,308.85015869140625,316.0848083496094,27448279.0,-0.013371319604227216,0.019291567893160024,0.7457633017905546
2017-04-13,297.6835632324219,311.9703369140625,313.9361267089844,307.9815368652344,309.5016174316406,12713918.0,0.007976498413194477,0.01920987973829448,0.7703376040703674
2017-04-17,303.58349609375,318.15350341796875,318.999267578125,312.01605224609375,312.01605224609375,11837502.0,0.019819478097020893,0.019490443874779394,0.7919684467434907
2017-04-18,298.861328125,313.2046813964844,322.3022766113281,312.47320556640625,320.0050354003906,16016414.0,-0.015554758507991262,0.019960722091671695,0.7854902976999378
2017-04-19,298.55596923828125,312.8846435546875,316.0276794433594,310.3130798339844,312.93035888671875,11572557.0,-0.0010217410483802647,0.019530234687966972,0.7616618477192088
2017-04-20,298.71954345703125,313.05609130859375,316.9991455078125,311.810302734375,315.2162170410156,8393496.0,0.0005478846032365148,0.019145961229482755,0.7240540943798309
2017-04-21,305.9064636230469,320.5879211425781,324.81671142578125,315.11334228515625,315.55908203125,30230907.0,0.024059089281011303,0.01955631633667345,0.690786591920046
2017-04-24,309.1563720703125,323.9938049316406,328.0168762207031,320.0621643066406,322.0851135253906,25512511.0,0.01062386328413889,0.019553922199678893,0.6760421462973896
2017-04-25,312.5153503417969,327.51397705078125,335.5029602050781,325.98248291015625,333.7314453125,36764315.0,0.010864981526955031,0.019558108397953324,0.6930030496976753
2017-04-26,308.9491271972656,323.7766418457031,329.17120361328125,320.61077880859375,328.0168762207031,16763153.0,-0.011411353524333756,0.01840436984466328,0.6971376578208608
2017-04-27,307.4332275390625,322.18798828125,325.5367431640625,320.51934814453125,323.9023742675781,12571594.0,-0.004906631949263329,0.018424120790760553,0.6864224146229446
2017-04-28,304.31427001953125,318.91925048828125,324.65667724609375,317.9591979980469,322.2451477050781,11848658.0,-0.010145154264871836,0.018775875707235278,0.6986956357672123
2017-05-02,298.9376220703125,313.28466796875,320.4736022949219,312.3132019042969,320.4736022949219,18591411.0,-0.017668076981318226,0.01940745319271323,0.7784308817830212
2017-05-03,298.8395690917969,313.18182373046875,315.6162109375,312.01605224609375,314.7361755371094,9500038.0,-0.00032800481196226805,0.017516135299066666,0.7595665387365669
2017-05-04,296.189453125,310.404541015625,315.3533630371094,309.5130615234375,314.3018798828125,14365934.0,-0.008868022313279433,0.015087845673393087,0.7087891284168403
2017-05-05,289.71142578125,303.6156005859375,312.55322265625,302.8727111816406,311.2388610839844,15598448.0,-0.021871228956339972,0.014066058305894266,0.6641514514535928
2017-05-08,288.2173156738281,302.0498046875,306.1871643066406,301.3526306152344,304.015625,16066733.0,-0.005157235698912355,0.013284173448803263,0.6325606349602613
2017-05-09,290.1694641113281,304.09564208984375,304.8499450683594,301.78692626953125,302.6441345214844,21106150.0,0.00677318235698654,0.012784753241637184,0.6357051327179926
2017-05-10,296.4402160644531,310.6673889160156,311.6960144042969,304.1642150878906,305.1128234863281,22906024.0,0.02161065421659636,0.013349797383748859,0.7123922276339124
2017-05-11,296.53839111328125,310.770263671875,313.101806640625,308.9644470214844,311.810302734375,13783848.0,0.0003311799260286019,0.013281164927986205,0.7703001774956659
2017-05-12,294.5535583496094,308.6901550292969,311.7874450683594,307.22723388671875,310.8845520019531,7523427.0,-0.006693341648682627,0.013018845065560156,0.7635604792030282
2017-05-15,293.16851806640625,307.2386474609375,310.05023193359375,304.815673828125,310.05023193359375,6738085.0,-0.0047021678874413775,0.012915663711398528,0.7988997398381967
2017-05-16,295.8295593261719,310.0273742675781,314.7361755371094,306.530029296875,307.68438720703125,12655992.0,0.009076831568807453,0.012222854590147153,0.8465088488752459
2017-05-17,295.131591796875,309.2958984375,312.2331848144531,308.0729675292969,309.2730407714844,9844573.0,-0.002359356958400949,0.011755681857311994,0.8410581882224394
2017-05-18,289.5151062011719,303.4098815917969,308.5872802734375,302.6669921875,306.3586120605469,9790379.0,-0.019030445238030214,0.012461251787832903,0.8032789145461522
2017-05-19,287.6611633300781,301.4669189453125,305.31854248046875,299.4439697265625,304.7013854980469,12813204.0,-0.006403613598682245,0.012499110675925726,0.7547773373393627
2017-05-22,288.817138671875,302.67840576171875,304.8385314941406,300.6325988769531,303.215576171875,8801430.0,0.004018531137171433,0.011033438790962762,0.7227766996118671
2017-05-23,284.7601623535156,298.4267578125,303.9813537597656,297.61529541015625,303.03271484375,9223001.0,-0.014046868329959161,0.01082942606098926,0.6749072545524226
2017-05-24,283.0479431152344,296.63238525390625,300.28973388671875,296.0380859375,298.87249755859375,14326531.0,-0.006012846825658169,0.010248356688992797,0.7068224448368635
2017-05-25,284.0840759277344,297.7181701660156,299.9925537109375,296.3466491699219,297.15814208984375,25922008.0,0.0036606265394345527,0.010297586140792573,0.7414560455681571
2017-05-26,291.68536376953125,305.6842956542969,307.3072204589844,297.15814208984375,298.06103515625,21430443.0,0.02675717678639078,0.012393623754490813,0.732179167010081
2017-05-29,295.96038818359375,310.1645202636719,312.118896484375,305.2956848144531,305.61572265625,24022633.0,0.014656287030707205,0.012827181159286515,0.7646473998793223
2017-05-30,296.4947814941406,310.72454833984375,311.9474792480469,308.2444152832031,309.9359436035156,9658309.0,0.0018056244412525402,0.01224629831787812,0.813650188261407
2017-05-31,292.4269104003906,306.4614562988281,312.69036865234375,305.3414001464844,312.47320556640625,16423338.0,-0.013719874168612978,0.012606475201039845,0.8085898882269181
2017-06-01,289.71142578125,303.6156005859375,306.30145263671875,302.4155578613281,304.6328125,9534069.0,-0.009286028482886843,0.012620529574523084,0.7613178149480362
2017-06-02,288.947998046875,302.8155517578125,306.0043029785156,301.0440368652344,305.1585388183594,11495005.0,-0.0026351316048937035,0.011643797056525435,0.7071655014313026
2017-06-05,289.9512939453125,303.8670349121094,306.530029296875,300.78118896484375,303.158447265625,10835031.0,0.0034722368911332957,0.011605100983980168,0.6831114574403044
2017-06-06,286.3415222167969,300.083984375,304.91851806640625,299.67254638671875,304.91851806640625,9591064.0,-0.012449579649734033,0.011839962142565141,0.6406814626728972
2017-06-07,292.0561828613281,306.0728759765625,306.7586364746094,299.21539306640625,299.71826171875,11199223.0,0.019957499004299217,0.01168147109959188,0.7075072584424158
2017-06-08,290.4638977050781,304.4042053222656,307.3986511230469,303.56988525390625,306.30145263671875,7903123.0,-0.005451982357127627,0.011726608902086223,0.7549682103013516
2017-06-09,291.33636474609375,305.31854248046875,309.2615966796875,304.24420166015625,307.46722412109375,13836547.0,0.0030037021740356717,0.011677852726121216,0.772372800269783
2017-06-12,287.7920227050781,301.60406494140625,303.95849609375,301.0440368652344,303.2270202636719,8432435.0,-0.012165807190271605,0.011936128316005752,0.8268082545722013
2017-06-13,286.6795959472656,300.43829345703125,303.3298645019531,299.67254638671875,301.866943359375,6025338.0,-0.003865384270753336,0.01171802366540314,0.9039106880593435
2017-06-14,296.0912780761719,310.3016662597656,310.87310791015625,300.7926025390625,300.7926025390625,52939271.0,0.032829968584989544,0.014002177340597163,0.9083529092578729
2017-06-15,301.8604431152344,316.3476867675781,318.87353515625,310.6673889160156,310.87310791015625,28290813.0,0.01948441398391454,0.013858027199319917,0.8460736274016657
2017-06-16,302.91827392578125,317.4563293457031,319.056396484375,312.9989318847656,317.52490234375,32710880.0,0.003504370429029846,0.013711331653997332,0.7842119963970633
2017-06-19,307.3787841796875,322.1308288574219,323.6280517578125,317.7763366699219,317.7763366699219,15236956.0,0.014725127659347192,0.013973023837957028,0.7616164515354761
2017-06-20,308.0549011230469,322.8394470214844,325.0681457519531,321.7193908691406,322.0736999511719,10142474.0,0.002199621373230931,0.01337642903007632,0.7175881056824598
2017-06-21,310.15972900390625,325.0452880859375,326.4167785644531,320.9879150390625,321.7994079589844,19992472.0,0.0068326388354349454,0.013176056575025763,0.7409916803089215
2017-06-22,312.482666015625,327.4797058105469,330.3941345214844,326.34820556640625,326.74822998046875,22118609.0,0.007489486204991902,0.013188493552337833,0.7533231001519474
2017-06-23,313.1805725097656,328.2111511230469,329.616943359375,327.0111083984375,328.2454528808594,31143289.0,0.0022334246665245416,0.012143866268606912,0.7442403730021929
2017-06-27,313.46417236328125,328.50830078125,329.84552001953125,325.73101806640625,327.33111572265625,32591540.0,0.0009055474011141484,0.011873043573952649,0.7660377192011489
2017-06-28,305.0340270996094,319.673583984375,329.1483459472656,318.999267578125,329.1483459472656,15567803.0,-0.026893488975518354,0.013623089809969,0.8488404644227814
2017-06-29,303.7688903808594,318.3477783203125,322.3022766113281,317.75347900390625,320.0164489746094,12898245.0,-0.00414752652607131,0.01322216635592047,0.881772986115439
2017-06-30,300.9989013671875,315.4447937011719,318.2792053222656,314.31329345703125,318.1877746582031,7814271.0,-0.009118738295415652,0.01321471026494557,0.8147514589103492
2017-07-03,301.2279052734375,315.6847839355469,318.8049621582031,313.3875427246094,317.31915283203125,9195278.0,0.000760813096691848,0.013173833166621142,0.7423150945561744
2017-07-04,310.1487731933594,325.0338439941406,326.2110595703125,317.5020446777344,317.7306213378906,18816782.0,0.029615011636534794,0.014536801176140405,0.7283265764361774
2017-07-05,314.6637878417969,329.7655334472656,330.86273193359375,325.50244140625,326.74822998046875,27209010.0,0.014557577003932343,0.014231086338594627,0.6995421968079744
2017-07-06,314.64202880859375,329.74267578125,331.44561767578125,328.7026062011719,331.1484375,13590313.0,-6.915010256614007e-05,0.013808410531831156,0.7345429252187031
2017-07-07,325.2423400878906,340.851806640625,342.3604431152344,329.1597900390625,329.84552001953125,35845310.0,0.033690067787305544,0.015135010224788758,0.7711084328044727
2017-07-10,325.6131591796875,341.2403869628906,343.08050537109375,340.3832092285156,341.75469970703125,3504540.0,0.0011401316682713158,0.015158710854915818,0.7695894522953886
2017-07-11,325.9403381347656,341.5832824707031,343.8805236816406,339.9031982421875,343.1033630371094,20995547.0,0.0010048087611151946,0.014618864385644763,0.7402507619041665
2017-07-12,329.59381103515625,345.41204833984375,348.58935546875,342.3033142089844,342.73760986328125,17104482.0,0.011209023471283386,0.014452444135809752,0.8033363687660747
2017-07-13,334.6322021484375,347.92645263671875,348.58935546875,344.2805480957031,344.8748779296875,23010262.0,0.015286667845664903,0.013294457368373293,0.8078957150510839
2017-07-14,337.1934814453125,350.5894470214844,351.103759765625,346.4292297363281,347.4464416503906,20530867.0,0.0076540132134050864,0.012931468677404835,0.7473642325600214
2017-07-17,341.1507263183594,354.7039489746094,356.4983215332031,351.33233642578125,351.33233642578125,18749450.0,0.011735828510340607,0.012991144131390197,0.697641471144974
2017-07-18,334.1485595703125,347.423583984375,354.7153625488281,345.3891906738281,353.57244873046875,19640167.0,-0.020525140965147792,0.014095186303898489,0.6892126810850356
2017-07-19,337.0175476074219,350.4065856933594,351.5609436035156,345.7549133300781,345.7549133300781,11790198.0,0.008585965598052026,0.014117943991417725,0.6269482065778234
2017-07-20,336.1271667480469,349.4808349609375,354.3039245605469,348.29217529296875,351.9609375,13626050.0,-0.002641942135345965,0.0141977257657317,0.6475556146286191
2017-07-21,348.460693359375,362.3043518066406,363.8358459472656,353.14959716796875,354.3039245605469,97142371.0,0.03669303713428507,0.01595508249013552,0.6028179520338957
2017-07-24,355.11114501953125,369.218994140625,371.4248046875,362.3043518066406,365.7330932617187,43429394.0,0.019085227650906145,0.016211745214737377,0.6322960275453205
2017-07-25,352.2311706542969,366.22454833984375,371.4362487792969,365.1844787597656,371.3790893554687,20063064.0,-0.008110064709672682,0.016496184032390317,0.6389036403520917
2017-07-26,356.7599792480469,370.933349609375,372.5677185058594,365.9845275878906,366.6931457519531,21954323.0,0.01285748954397592,0.014614941093726776,0.6942148882155907
2017-07-27,350.615234375,364.5444641113281,372.9334411621094,363.0700988769531,372.1334228515625,18409364.0,-0.017223750505867663,0.015453658706276269,0.6938798653007336
2017-07-28,350.5382995605469,364.4644470214844,367.0931701660156,360.7042541503906,363.73297119140625,14331863.0,-0.00021942804222485623,0.01507932781305141,0.6665813670659475
2017-07-31,355.10009765625,369.2075500488281,370.0304565429687,364.8187561035156,366.1788330078125,16567422.0,0.01301369380014128,0.015029062897405182,0.6387943765289231
2017-08-01,352.5499267578125,366.5559997558594,370.933349609375,363.7901306152344,370.933349609375,12311920.0,-0.007181555046786192,0.014535181759671221,0.6569924756864561
2017-08-02,358.1780090332031,372.40771484375,373.89349365234375,367.5845947265625,368.0189208984375,20786240.0,0.015963929781942277,0.014579410320501671,0.6223418088486414
2017-08-03,362.77288818359375,377.1850891113281,380.5681457519531,369.63043212890625,371.87054443359375,19707381.0,0.012828479232416257,0.014554235802468072,0.6472162709059146
2017-08-04,356.6280822753906,370.7962036132813,380.1338195800781,369.1846923828125,380.1338195800781,18579866.0,-0.016938437541378026,0.014108141786902536,0.6407508002741615
2017-08-07,355.3529968261719,369.4704284667969,372.956298828125,368.601806640625,372.956298828125,9537088.0,-0.0035753927202909486,0.014209992907590199,0.6363356843321081
2017-08-08,352.31903076171875,366.31597900390625,370.5447692871094,362.7157897949219,369.84759521484375,10961296.0,-0.008537893563726584,0.01449009902300307,0.6414308422109255
2017-08-09,351.4945983886719,365.4587707519531,370.30474853515625,362.3043518066406,366.0759582519531,10436651.0,-0.0023400165789070337,0.01445189635451483,0.6865320767900246
2017-08-10,348.3177795410156,362.15576171875,367.253173828125,360.6928405761719,364.1444396972656,10188164.0,-0.00903803034874362,0.014415361209529633,0.6781061977230193
2017-08-11,339.9415588378906,353.4467468261719,361.1614074707031,350.4179992675781,354.5210876464844,16996281.0,-0.024047640387931057,0.015476850460725174,0.6211592400031156
2017-08-14,345.83343505859375,359.57275390625,362.1900329589844,356.8183288574219,356.8183288574219,13440617.0,0.01733202683674473,0.015738684192423982,0.5691870764676238
2017-08-16,344.30560302734375,357.984130859375,360.2471008300781,354.3496398925781,359.332763671875,13576650.0,-0.00441782626075804,0.01498409777032536,0.5908548240146352
2017-08-17,344.52545166015625,358.21270751953125,365.1959228515625,356.8526306152344,358.6470031738281,15828719.0,0.000638527607101036,0.01489431716891206,0.5641751081184582
2017-08-18,346.35009765625,360.10992431640625,360.6585388183594,355.0239562988281,357.50408935546875,7935890.0,0.0052961137915976675,0.014892118208122793,0.6179072923939909
2017-08-21,343.9318542480469,357.59552001953125,362.1100463867187,356.64691162109375,360.4756774902344,7573558.0,-0.006982078031931738,0.012483307460929953,0.611446425725405
2017-08-22,342.9754943847656,356.6011962890625,361.1385498046875,355.6868591308594,359.332763671875,9533641.0,-0.0027806667264717033,0.011596391465523109,0.6112589504704826
2017-08-23,347.8121643066406,361.6300048828125,362.65863037109375,355.0239562988281,357.6983947753906,8320052.0,0.014102086012153903,0.012003954956193894,0.6027761211953689
2017-08-24,344.7342529296875,358.4298400878906,364.1558532714844,357.6183776855469,363.447265625,12654347.0,-0.008849349427122233,0.01170429378492344,0.6397964454654249
2017-08-28,344.4044494628906,358.08697509765625,361.6071472167969,356.8640441894531,360.94427490234375,12316426.0,-0.0009566889973772197,0.011115323392030795,0.6575420206825234
2017-08-29,336.8416748046875,350.2237243652344,358.30413818359375,349.7322692871094,357.01263427734375,15164812.0,-0.021958992312664627,0.012073662023667235,0.6210502527357726
2017-08-30,343.8658752441406,357.5269470214844,358.6012878417969,352.3038330078125,353.743896484375,10334911.0,0.02085312170332254,0.012695302281408494,0.5862326186770245
2017-08-31,350.5492858886719,364.4758911132813,365.1502075195313,359.7899169921875,360.01849365234375,25104625.0,0.019436097402180774,0.013444681262232071,0.611309269271228
2017-09-01,353.9788818359375,368.0417785644531,369.5275573730469,365.5045166015625,365.69879150390625,15431918.0,0.009783491467030947,0.013120763238265902,0.5607851965625785
2017-09-04,354.6933898925781,368.78466796875,373.9963684082031,364.7844543457031,369.276123046875,21560532.0,0.002018504756370776,0.01276017735039627,0.5962779721636409
2017-09-05,358.925537109375,373.1849060058594,373.69921875,370.5447692871094,372.590576171875,25216776.0,0.011931846877886843,0.012498262898259003,0.5885087761237747
2017-09-06,361.7395935058594,376.1107482910156,377.7337036132813,370.9447937011719,371.7676696777344,48745984.0,0.007840223404407265,0.012567854120017517,0.5713952406928181
2017-09-07,359.7169189453125,374.0077819824219,380.5910034179687,372.590576171875,376.2479248046875,16205339.0,-0.00559152107443861,0.01246745316254158,0.5936735962454225
2017-09-08,359.1893615722656,373.4591979980469,376.3622131347656,371.2648010253906,374.87640380859375,13248413.0,-0.0014665903805516356,0.012456244242752426,0.6320286827303694
2017-09-11,359.6289978027344,373.9163513183594,378.0079956054687,373.2991943359375,375.4707336425781,12690592.0,0.001223967849560914,0.012223360027986397,0.6414161782702671
2017-09-12,362.2012939453125,376.5907897949219,377.1622314453125,373.5049133300781,376.1336059570313,6500191.0,0.007152638297507563,0.01065925587959643,0.6159996564610777
2017-09-13,373.3036193847656,388.1342468261719,393.1173400878906,375.7907409667969,376.705078125,29377106.0,0.03065236271941485,0.01192744658867679,0.6590606709045677
2017-09-14,371.0392150878906,385.7798156738281,393.8488159179687,384.93408203125,391.2429809570313,11867640.0,-0.006065851439123304,0.011993418165003215,0.6844148927230529
2017-09-15,370.1377868652344,384.8426513671875,389.8943176269531,381.61962890625,384.93408203125,28595395.0,-0.0024294688701373968,0.01205562831896037,0.6790627996090282
2017-09-18,371.78662109375,386.5570068359375,389.0714416503906,385.43695068359375,388.5914001464844,5061995.0,0.004454649827784207,0.012051087053318673,0.7479448178382496
2017-09-19,368.7307739257813,383.3796997070313,388.01995849609375,382.6482543945313,387.9971008300781,7718697.0,-0.008219357541642491,0.012111393251603628,0.7607302693216593
2017-09-20,372.49017333984375,387.2884826660156,398.8776550292969,386.3512878417969,391.380126953125,24942703.0,0.010195513040685666,0.012101605330567484,0.7588541321226421
2017-09-21,369.9399719238281,384.6369018554687,389.36859130859375,382.3053588867187,387.2199096679687,12950541.0,-0.006846358907001138,0.012106502244658581,0.7878273584409529
2017-09-22,359.4091491699219,373.6877746582031,383.9740295410156,371.7676696777344,383.9740295410156,12294087.0,-0.02846630143572204,0.013805902323578523,0.8217472933687345
2017-09-25,361.23394775390625,375.58502197265625,378.5108947753906,368.1103515625,372.590576171875,14229631.0,0.005077217951181545,0.013799744314908734,0.8030367590879727
2017-09-26,360.5963439941406,374.922119140625,378.0994262695313,371.3105163574219,375.6535949707031,10564143.0,-0.0017650715380714832,0.012604599368679175,0.7719375819550369
2017-09-27,351.3846740722656,365.344482421875,377.4822692871094,363.67584228515625,377.4365539550781,18448855.0,-0.025545655343706675,0.013479903625465603,0.7573094101956015
2017-09-28,345.800537109375,359.5384826660156,367.0588684082031,356.6811828613281,365.5730895996094,29547622.0,-0.015891805690256722,0.013273232467543293,0.7810084650451664
2017-09-29,343.3602294921875,357.001220703125,362.7157897949219,356.1783142089844,361.9614562988281,16666208.0,-0.007056980413005065,0.01311319622560302,0.7376430053311501
2017-10-03,351.03289794921875,364.978759765625,367.4931640625,359.03558349609375,363.447265625,18345748.0,0.022345827495451998,0.014142698940987644,0.7710062149623051
2017-10-04,360.0467529296875,374.3506774902344,377.1393737792969,363.7215576171875,365.3673400878906,18907611.0,0.02567809180600711,0.015077858029358031,0.7501776299652035
2017-10-05,362.3771362304687,376.7736511230469,378.7394714355469,374.2592468261719,377.1622314453125,10631751.0,0.006472446374863772,0.015044750344262614,0.7354912223412405
2017-10-06,368.04925537109375,382.6711120605469,383.72259521484375,376.0650329589844,376.705078125,12997688.0,0.015652530398655218,0.015361289709588865,0.7421240765144237
2017-10-09,365.2351379394531,379.7452392578125,383.9283142089844,378.53375244140625,383.56256103515625,8850408.0,-0.007646034846078509,0.015480648891356742,0.8163573655703624
2017-10-10,370.75335693359375,385.482666015625,387.3570556640625,379.9052429199219,379.9052429199219,14732024.0,0.015108674990234494,0.015801651236210457,0.773638712407242
2017-10-11,369.4122924804687,384.08831787109375,392.4316101074219,382.1910705566406,386.4427185058594,15420644.0,-0.003617133676729667,0.01578750636592463,0.7432799970623599
2017-10-12,383.7464904785156,398.991943359375,400.8434753417969,384.9797973632813,384.9797973632813,18642942.0,0.03880270984432599,0.016670840314192546,0.7458035782169806
2017-10-13,385.3733215332031,400.6834411621094,407.1980590820313,399.2662353515625,401.98638916015625,21509701.0,0.004239337935465937,0.016583327934306787,0.7855590224445748
2017-10-16,385.5272521972656,400.8434753417969,407.7923889160156,393.75738525390625,401.8492431640625,32009221.0,0.0003994325903258211,0.016555356054750163,0.803747267121875
2017-10-17,384.4499816894531,399.7234191894531,404.1350708007813,396.45465087890625,401.3920593261719,13898844.0,-0.002794278489193003,0.01658200207777886,0.855837653031116
2017-10-18,402.1038818359375,418.0786437988281,419.6329956054687,400.02056884765625,401.1177673339844,36671941.0,0.04591988811887804,0.01908878468841827,0.8598685578318098
2017-10-19,400.0812072753906,415.9756774902344,421.461669921875,412.82122802734375,418.6729431152344,8014767.0,-0.005030228883421084,0.01915373612109341,0.836377788378996
2017-10-23,413.2062377929687,429.6220703125,431.8850708007813,415.60992431640625,417.34716796875,27455320.0,0.03280591609628791,0.02003109538271319,0.8250286421773961
2017-10-24,410.7878723144531,427.107666015625,433.2565612792969,424.3418273925781,433.2565612792969,13857773.0,-0.005852683859354668,0.018585015599798076,0.8755968063154156
2017-10-25,413.2722473144531,429.690673828125,432.43365478515625,424.9361267089844,429.7821044921875,10011782.0,0.006047829469751909,0.018581368111657132,0.8407975532059331
2017-10-26,416.5699157714844,433.1194152832031,437.8739318847656,425.6218872070313,429.73638916015625,16840049.0,0.007979409404963222,0.018469242782292793,0.8106103295059879
2017-10-27,408.8532104492187,425.09613037109375,437.3710632324219,423.1988830566406,434.30804443359375,11498547.0,-0.01852439417756413,0.017866944795243683,0.8003109159187091
2017-10-30,414.4154052734375,430.8793029785156,432.2736511230469,425.43902587890625,426.9933776855469,7823263.0,0.01360438094177474,0.01700936342382491,0.8051058723971541
2017-10-31,413.68994140625,430.1249694824219,432.3650817871094,426.17047119140625,431.9993591308594,9504986.0,-0.0017505716678385408,0.016781857984944356,0.7930888988737529
2017-11-01,418.8343811035156,435.4738159179687,437.8739318847656,432.3650817871094,433.2794189453125,17571371.0,0.012435496207082508,0.01652672172094903,0.855756324497461
2017-11-02,416.2181701660156,432.753662109375,437.2796325683594,431.6793212890625,435.5881042480469,10277678.0,-0.006246409214561099,0.016371722712835324,0.8511042115419356
2017-11-03,415.6465759277344,432.1593627929687,437.0281677246094,429.8049621582031,437.0281677246094,4798537.0,-0.001373304385181573,0.016488705013767743,0.8369768945533239
2017-11-06,410.0184020996094,426.3076171875,430.8793029785156,424.7075500488281,430.8793029785156,9757496.0,-0.013540767936227494,0.016968366305941993,0.8308553894809632
2017-11-07,398.6742248535156,414.5127258300781,427.4505310058594,412.8440856933594,426.69622802734375,20447574.0,-0.02766748318612733,0.01832418741985599,0.7976530957809895
2017-11-08,390.3638916015625,405.8722839355469,414.1927185058594,404.1807861328125,412.5926513671875,17752793.0,-0.020844922329770865,0.018985215377660472,0.7204504765948858
2017-11-09,395.9481201171875,411.6783142089844,415.9756774902344,407.8152465820313,409.0495910644531,15007224.0,0.014305187123517804,0.01909155927213569,0.7169047767039555
2017-11-10,388.6271667480469,404.0664978027344,411.884033203125,401.940673828125,411.884033203125,13923102.0,-0.018489678311830016,0.01779282370508156,0.7166091431238372
2017-11-13,384.8457336425781,400.1348571777344,407.7466735839844,399.3348083496094,404.59222412109375,9088619.0,-0.009730233573506997,0.017923636888966542,0.7195167110015966
2017-11-14,389.8802490234375,405.3694152832031,409.1638793945313,399.1062316894531,400.02056884765625,12481463.0,0.013081905139515237,0.018158247339442494,0.7055205140956486
2017-11-15,388.5611267089844,403.9979248046875,407.15234375,401.36920166015625,404.3636474609375,15272059.0,-0.003383403795799378,0.018164719379177085,0.7517318930772972
2017-11-16,397.4210510253906,413.2098083496094,414.1927185058594,404.82080078125,404.82080078125,15160866.0,0.022801880341061453,0.015703718860281483,0.7697139614309393
2017-11-17,400.9607238769531,416.8900146484375,422.8331604003906,415.3356323242187,420.113037109375,12219276.0,0.008906606337107048,0.0157995724601712,0.796367486325977
2017-11-20,404.8959045410156,420.9816284179687,422.5817260742187,413.7355651855469,414.2841491699219,9231195.0,0.009814379388615846,0.014043282274834104,0.8011093500341019
2017-11-21,410.0403747558594,426.3304748535156,429.5763549804687,423.1074523925781,423.7017822265625,13082246.0,0.012705661275273838,0.014310868387497566,0.7891675082593795
2017-11-22,409.2489929199219,425.5075988769531,429.11920166015625,422.1702575683594,428.5705871582031,11058315.0,-0.0019300095421302954,0.014244647171792798,0.7199815471800138
2017-11-23,416.39404296875,432.9365539550781,434.2623291015625,423.6332092285156,425.6218872070313,16031638.0,0.017458931292290814,0.014688659462434818,0.6774711744555428
2017-11-24,418.19677734375,434.8109130859375,438.651123046875,433.1194152832031,434.30804443359375,13987125.0,0.0043293952097562816,0.014039644475650759,0.6081267177680365
2017-11-27,418.3066711425781,434.9252014160156,437.7367858886719,431.5650329589844,433.05084228515625,10237135.0,0.00026278011879043994,0.013734091870025613,0.6065303591014181
2017-11-28,414.7891540527344,431.2678833007813,434.9252014160156,428.8677673339844,434.2394714355469,10153618.0,-0.00840894332436981,0.013872977308381204,0.603742259592034
2017-11-29,415.9543762207031,432.4793701171875,434.30804443359375,430.1935424804687,430.5821228027344,8038351.0,0.0028091915050907357,0.013591147621501013,0.609669635026504
2017-11-30,405.2037048339844,421.3016662597656,430.3992614746094,420.3644714355469,430.3992614746094,20637767.0,-0.025845794638339137,0.014706558984817276,0.6181828088456985
2017-12-01,400.1692199707031,416.0671081542969,425.7361755371094,414.9699096679687,422.62744140625,11114967.0,-0.012424577572270556,0.014918044476121037,0.6229790274858297
2017-12-04,396.4317321777344,412.1811828613281,417.7586059570313,410.23822021484375,417.6214599609375,10103208.0,-0.00933976829412908,0.014772742963513363,0.6006771394634101
2017-12-05,401.7520751953125,417.712890625,420.9359130859375,409.36962890625,411.92974853515625,18306627.0,0.013420578086299262,0.013777266291539587,0.568497433247679
2017-12-06,407.4461669921875,423.6332092285156,425.3018493652344,415.4727783203125,416.0213928222656,24078081.0,0.014173148437644834,0.013135404362051427,0.5090657232082733
2017-12-07,409.6007080078125,425.8733215332031,427.90771484375,421.9645385742187,425.18756103515625,12095301.0,0.00528791577923049,0.01285063713717168,0.4742270390031437
2017-12-08,404.9618225097656,421.0502014160156,428.3420104980469,420.15875244140625,426.9248046875,12224184.0,-0.011325384471645994,0.01234596712034979,0.43984420122927265
2017-12-11,402.829345703125,418.83294677734375,423.3360595703125,417.6443176269531,421.7131042480469,10792248.0,-0.0052658712207104275,0.012159128552066164,0.4154843312136741
2017-12-12,402.5874938964844,418.5815124511719,424.7075500488281,415.1070556640625,418.7415161132813,15782031.0,-0.0006003827904307313,0.011906191308377247,0.4325233926016868
2017-12-13,402.1698303222656,418.147216796875,422.85601806640625,416.3414001464844,419.17584228515625,9147866.0,-0.0010374479598865838,0.011865247303173222,0.5148963612308618
2017-12-14,405.1817626953125,421.27880859375,422.8331604003906,415.4499206542969,420.1358947753906,10983157.0,0.007489205171440583,0.010892160125085981,0.5880406745335276
2017-12-15,404.4122924804687,420.478759765625,426.5133666992187,419.54156494140625,425.6218872070313,24408414.0,-0.0018990741580401371,0.010747617157035497,0.6091235951250723
2017-12-18,404.9618225097656,421.0502014160156,426.3761901855469,394.37457275390625,416.9128723144531,18581421.0,0.0013588361172860441,0.010525266927605201,0.6023177529419691
2017-12-19,407.1384582519531,423.3132019042969,423.793212890625,420.5930480957031,422.2388610839844,8891691.0,0.005374915908610056,0.010183851265135688,0.6000713975171453
2017-12-20,403.708740234375,419.7472839355469,423.97607421875,419.2215576171875,423.2903442382813,10443493.0,-0.008423959830038186,0.010340686031046764,0.5930728337956004
2017-12-21,401.4223327636719,417.3700256347656,422.39886474609375,416.0213928222656,419.8844299316406,9071450.0,-0.005663507481596164,0.00946752283866986,0.5604247183121095
2017-12-22,404.6980590820313,420.7759094238281,421.6902465820313,415.7013549804687,418.147216796875,10658428.0,0.008160299143814553,0.009635040634209882,0.5648072223682395
2017-12-26,408.8312683105469,425.0732727050781,429.2334899902344,419.7472839355469,422.810302734375,11596338.0,0.010213069066579816,0.009986498096093413,0.5480677047726064
2017-12-27,406.1710510253906,422.3074340820313,428.5934448242187,420.1358947753906,426.5362243652344,9520350.0,-0.006506883135796615,0.009922053070371768,0.554796185731476
2017-12-28,406.3689575195313,422.5131530761719,427.1762390136719,420.1816101074219,422.9931640625,15511891.0,0.00048724913713349416,0.009888636332177621,0.6490838293463511
2017-12-29,404.98388671875,421.0730590820313,426.2161865234375,419.90728759765625,423.5646362304687,11089700.0,-0.003408407003418157,0.008034610793960499,0.6798152936895722
2018-01-01,400.0153198242187,415.9071044921875,421.827392578125,414.87847900390625,421.827392578125,9453202.0,-0.012268554521483566,0.008021974541053094,0.6973208108299117
2018-01-02,400.6308898925781,416.547119140625,420.3873291015625,414.3755798339844,417.3928833007813,9499419.0,0.0015388662329980374,0.007717591686101599,0.6900990050756431
2018-01-03,402.2358093261719,418.2157897949219,423.3360595703125,417.4157409667969,422.8788757324219,13507800.0,0.004005980252855812,0.007158439922786849,0.676739453422877
2018-01-04,404.6541137695313,420.7301940917969,421.41595458984375,418.6272277832031,419.7472839355469,9008932.0,0.006012156022136894,0.00651693741453936,0.6354039284406316
2018-01-05,405.951171875,422.0788269042969,423.74749755859375,420.7073364257813,421.41595458984375,7441284.0,0.003205350103539173,0.006438726296134401,0.6320842112083856
2018-01-08,408.2816162109375,424.5018310546875,425.6218872070313,422.1931457519531,423.38177490234375,8827020.0,0.005740701092630696,0.006036786508303818,0.6059656782635818
2018-01-09,413.73388671875,430.1706848144531,431.5193176269531,422.4217224121094,424.3189392089844,14294571.0,0.013354190566825741,0.006528610330777598,0.5921320583292206
2018-01-10,414.3494873046875,430.8107299804687,433.1194152832031,427.67913818359375,431.1078796386719,11727682.0,0.0014879143471173695,0.006512342900574579,0.5907422370226241
2018-01-11,412.3268127441406,428.707763671875,430.9478759765625,427.4505310058594,430.5592651367187,7849171.0,-0.004881566461453213,0.006645334657169594,0.6393843591594065
2018-01-12,417.2734680175781,433.8508605957031,435.5881042480469,428.9363403320313,431.1078796386719,15071161.0,0.011996928457104872,0.0069374344976867435,0.640934656740957
2018-01-15,417.3393859863281,433.91943359375,438.1939392089844,432.1136474609375,434.30804443359375,11120925.0,0.00015797306515352716,0.0068996241998514046,0.6678955464663284
2018-01-16,405.8193054199219,421.9416809082031,433.2565612792969,420.5930480957031,433.2565612792969,10825151.0,-0.027603626576437335,0.009501176155312327,0.6851139473666753
2018-01-17,406.5008239746094,422.6502990722656,424.7075500488281,414.6498718261719,423.3360595703125,13204016.0,0.0016793645486685715,0.009429860871427088,0.6784912035254779
2018-01-18,404.3902587890625,420.4559020996094,424.9818420410156,418.3529357910156,424.7075500488281,9381821.0,-0.005192031752631054,0.009305421813065467,0.6423211113404681
2018-01-19,409.4908142089844,425.759033203125,427.1762390136719,421.5531005859375,421.9645385742187,9973533.0,0.012612953227892687,0.009599723320247012,0.5809002434412006
2018-01-22,427.1666259765625,444.1371154785156,445.4171752929687,429.73638916015625,433.3937072753906,45700733.0,0.04316534377388326,0.01340374182458056,0.5803031264442242
2018-01-23,432.33306884765625,449.5088195800781,453.0289916992187,445.7372131347656,445.7372131347656,22526810.0,0.012094678181570284,0.013465050730251414,0.5875403273556019
2018-01-24,424.9022216796875,441.78271484375,448.8230590820313,440.0911865234375,448.8230590820313,14289485.0,-0.017187783455415495,0.014055952922190782,0.5934076976054599
2018-01-25,424.704345703125,441.5769958496094,444.3656921386719,437.1195983886719,442.4913024902344,13669901.0,-0.00046569767458559674,0.014064212000202341,0.6432914088715014
2018-01-29,424.0887451171875,440.93695068359375,446.7886657714844,438.5596923828125,441.7141418457031,9897064.0,-0.001449480308279738,0.014029126063802527,0.6453632420769652
2018-01-30,417.8890075683594,434.4909057617187,441.5312805175781,433.8508605957031,441.5312805175781,9182956.0,-0.014618962705824634,0.01416763253838447,0.6619316551597259
2018-01-31,422.6817626953125,439.4740295410156,440.93695068359375,430.4449768066406,434.30804443359375,12551686.0,0.01146896673554898,0.01431344423224404,0.6994474315895068
2018-02-01,415.0090026855469,431.4964599609375,444.6399841308594,428.1820068359375,440.3655090332031,16524809.0,-0.01815256934871945,0.015052017709026916,0.691856767706003
2018-02-02,397.6409301757813,413.4383850097656,431.5421752929687,411.9068908691406,427.4505310058594,28965593.0,-0.04184986927362,0.017867062081662118,0.6555124562638746
2018-02-05,396.6735534667969,412.4326171875,417.164306640625,403.1293029785156,408.7067260742187,19191099.0,-0.0024327895736406813,0.01784630449406328,0.6165021534922398
2018-02-06,392.2546081542969,407.8381042480469,410.535400390625,398.19189453125,400.9349060058594,24062503.0,-0.011140004857596031,0.01790961020342491,0.5717500287311782
2018-02-07,393.2659301757813,408.88958740234375,413.9184265136719,406.8780517578125,412.6155090332031,15532284.0,0.002578228529278581,0.017587393338089882,0.5714696314426189
2018-02-08,397.7288818359375,413.5298156738281,416.3185424804687,407.952392578125,410.48968505859375,13825894.0,0.011348431983826623,0.0178381458007987,0.5947035677251675
2018-02-09,394.782958984375,410.4668273925781,412.3640441894531,405.04937744140625,406.4208984375,11580639.0,-0.0074068617746942955,0.017869319259941212,0.6377913802210362
2018-02-12,402.5435485839844,418.5357971191406,419.7701416015625,412.3869018554687,412.82122802734375,11877059.0,0.019657863702056355,0.01826336193696865,0.6504607271543265
2018-02-14,410.5240783691406,426.8333740234375,430.8793029785156,421.0502014160156,421.9645385742187,22247829.0,0.019825258194372086,0.018884016874836797,0.6732971115569484
2018-02-15,411.4034729003906,427.7477111816406,432.3650817871094,424.3189392089844,428.66204833984375,13363743.0,0.0021421265586747396,0.017789377800879448,0.7060008571792323
2018-02-16,405.0937805175781,421.1873779296875,430.9250183105469,419.7244262695313,429.5534973144531,9628162.0,-0.01533699348313522,0.018150077614238116,0.6783276385153769
2018-02-19,407.6000671386719,423.793212890625,426.07904052734375,417.6443176269531,421.0502014160156,8941900.0,0.006186929401610586,0.018157663107914068,0.6548863396709903
2018-02-20,405.0058288574219,421.0959167480469,424.958984375,420.0444641113281,424.7075500488281,8458450.0,-0.0063646659811942286,0.01798929446944546,0.6320257159142685
2018-02-21,408.6333923339844,424.8675537109375,426.3076171875,421.5759582519531,425.1647033691406,11917390.0,0.008956817947031404,0.015008755160583087,0.5963009948412582
2018-02-22,406.4349365234375,422.5817260742187,425.6218872070313,420.5930480957031,421.50738525390625,11196908.0,-0.005380019968485694,0.014642651285554045,0.5925451993361756
2018-02-23,410.7878723144531,427.107666015625,428.8220520019531,421.8502502441406,423.0617370605469,10610664.0,0.010710043354662746,0.014546546039109907,0.5597277081537958
2018-02-26,412.7445373535156,429.1420593261719,431.97650146484375,428.1820068359375,429.2792053222656,8435611.0,0.004763200598007611,0.01461457443498213,0.5381550598048238
2018-02-27,417.9329833984375,434.53662109375,436.9595947265625,428.9820556640625,429.2792053222656,14021366.0,0.012570598942846845,0.01494087655949252,0.5146379083864004
2018-02-28,419.7137756347656,436.3881530761719,437.5539245605469,431.1993103027344,432.4565124511719,56650480.0,0.00426095165269702,0.014602697032594791,0.5030960028059405
2018-03-01,417.0095825195313,433.5765686035156,438.833984375,432.4565124511719,434.1937561035156,8956590.0,-0.006442945817407453,0.01443122110032581,0.524714025772367
2018-03-05,406.324951171875,422.4674377441406,434.3766174316406,421.3245239257813,431.1078796386719,12325694.0,-0.02562202835508187,0.014995667914853671,0.48084913345884345
2018-03-06,400.49896240234375,416.4099731445313,427.9991455078125,413.7812805175781,424.7075500488281,16019726.0,-0.014338250094483751,0.012011104000579106,0.46645816872770574
2018-03-07,391.2213439941406,406.7637634277344,415.6784973144531,405.986572265625,415.6784973144531,15853546.0,-0.02316514967367822,0.013114830576558056,0.29308058241347534
2018-03-08,400.7627868652344,416.6842651367187,418.0786437988281,408.38671875,410.3753662109375,13283967.0,0.024388860724420702,0.013990431534638581,0.2626476678470947
2018-03-09,401.4882507324219,417.4385986328125,420.2958984375,416.50140380859375,418.2615051269531,10638527.0,0.001810207661400165,0.013987406722034626,0.26075886502130435
2018-03-12,409.0510864257813,425.3018493652344,426.5819396972656,419.4729919433594,420.5930480957031,8315150.0,0.018837003771748684,0.01437037845515966,0.27427391610440144
2018-03-13,409.7326049804687,426.0104675292969,427.90771484375,421.2102355957031,426.0333251953125,11148731.0,0.00166609642976967,0.014216704770033594,0.33577738665521956
2018-03-14,408.5014343261719,424.73040771484375,426.1018981933594,420.2273254394531,424.6161193847656,14724464.0,-0.0030048149435301097,0.013622285216067256,0.347029189710716
2018-03-15,400.9166564941406,416.8442687988281,424.9132690429687,416.0213928222656,422.8788757324219,12711836.0,-0.018567322400085184,0.013508239393418057,0.3754145461029018
2018-03-16,395.7502136230469,411.47259521484375,415.8842468261719,405.072265625,415.564208984375,30814962.0,-0.012886575769318953,0.01373471046580099,0.4412968192314362
2018-03-19,393.7496032714844,409.3924865722656,414.6041564941406,407.7923889160156,411.9068908691406,12630833.0,-0.005055235051542151,0.013391373588015542,0.4333177956305367
2018-03-20,391.2433166503906,406.78662109375,413.27838134765625,405.5294189453125,408.38671875,15192983.0,-0.006365178784359826,0.013314266393080204,0.4135632521553999
2018-03-21,394.365234375,410.0325012207031,412.5240478515625,408.38671875,409.0953063964844,14715126.0,0.007979478732921264,0.01345023826526942,0.34781709094226987
2018-03-22,399.311767578125,415.1756286621094,416.9128723144531,409.50677490234375,409.6210632324219,22129723.0,0.012543025530544982,0.01361626958053439,0.3008998468776238
2018-03-23,393.0460815429687,408.6610107421875,411.44970703125,406.4666137695313,407.15234375,23469999.0,-0.015691213091861722,0.013978641287261567,0.29073747108246106
2018-03-26,396.2118835449219,411.9526062011719,413.41552734375,408.0209655761719,408.6838684082031,13227705.0,0.008054531391141984,0.0138679293399095,0.31419320509632787
2018-03-27,395.6402893066406,411.3582763671875,416.3642578125,410.0782165527344,414.7413330078125,15179544.0,-0.0014426478912423768,0.013784570234752703,0.33407043613912535
2018-03-28,388.1214904785156,403.5407409667969,409.552490234375,402.306396484375,409.5296325683594,19160609.0,-0.019004128323992675,0.013833173480153109,0.3655159916706556
2018-04-02,392.62835693359375,408.2266845703125,411.884033203125,405.2779846191406,408.2495422363281,12494499.0,0.011611999246734728,0.014147194017355827,0.41052947749658275
2018-04-03,395.5303649902344,411.2439880371094,412.2268981933594,404.7065124511719,407.3352355957031,13922126.0,0.007391233988561563,0.01431923196030152,0.4704867387194569
2018-04-04,393.4857177734375,409.1181640625,416.8442687988281,407.8152465820313,413.598388671875,14214534.0,-0.005169381159515707,0.013276629016281348,0.4838007819573716
2018-04-05,399.3337097167969,415.198486328125,416.0213928222656,413.0498046875,413.7812805175781,8527915.0,0.01486201831276257,0.013397880174015591,0.46396668378343475
2018-04-06,400.5649108886719,416.4785461425781,419.90728759765625,413.7355651855469,415.1070556640625,9664888.0,0.0030831385929031008,0.012252093898042169,0.4113295645348154
2018-04-09,402.7633666992187,418.7643737792969,420.1358947753906,417.1871643066406,417.1871643066406,7813897.0,0.005488388400445299,0.011042824857791816,0.38257697301149074
2018-04-10,403.2250671386719,419.2444152832031,422.3760070800781,417.9186401367187,419.861572265625,8455132.0,0.001146331761095798,0.011039065762810274,0.34961075757107457
2018-04-11,409.29296875,425.5533142089844,426.4219055175781,418.7872314453125,421.41595458984375,13140816.0,0.015048423587319615,0.01073199365877937,0.33751883862540233
2018-04-12,408.34759521484375,424.5704040527344,428.2048645019531,422.5131530761719,425.09613037109375,10822592.0,-0.0023097722348943694,0.010737975055305103,0.3268410359368218
2018-04-13,412.8105163574219,429.2106323242187,430.5135498046875,424.5704040527344,426.3990478515625,12616816.0,0.010929221072625728,0.010989652643977185,0.3588022524431583
2018-04-16,412.01904296875,428.3877258300781,429.73638916015625,424.4789733886719,427.1990966796875,8934275.0,-0.0019172801014269991,0.010053422950388309,0.37749127395683985
2018-04-17,415.1849060058594,431.6793212890625,433.0279846191406,427.90771484375,429.73638916015625,9599816.0,0.007683778434846467,0.009553086956295857,0.38756745406519083
2018-04-18,412.436767578125,428.8220520019531,433.4851379394531,427.473388671875,432.1365051269531,7360987.0,-0.00661907113669391,0.009623830935341719,0.4135765626701122
2018-04-19,414.3274841308594,430.7878723144531,432.022216796875,427.4505310058594,429.3249206542969,9802587.0,0.004584258003564656,0.009410116953335755,0.40741949075951067
2018-04-20,407.995849609375,424.20465087890625,430.5821228027344,421.14166259765625,428.8220520019531,7326696.0,-0.015281714981487005,0.01015864209792608,0.3820812585168852
2018-04-23,411.557373046875,427.90771484375,431.72503662109375,424.4789733886719,425.1647033691406,7674482.0,0.008729312910682463,0.00997959229582943,0.3662657359600265
2018-04-24,426.5290832519531,443.4742126464844,446.0572204589844,427.4505310058594,427.8162841796875,19921115.0,0.036378184879153785,0.011857733558410622,0.3372652110575597
2018-04-25,426.72698974609375,443.6799621582031,448.8459167480469,440.5026550292969,445.1200256347656,14079382.0,0.0004639929653371677,0.011848070861792948,0.3506685460717133
2018-04-26,428.8594970703125,445.897216796875,451.6803588867187,439.9083251953125,444.8228759765625,34096999.0,0.0049973575036526,0.01178593018496374,0.3560788355547922
2018-04-27,438.0711669921875,455.474853515625,462.1951904296875,450.5374450683594,452.5032653808594,25518647.0,0.021479458854946953,0.011062415829418899,0.3723838642370269
2018-04-30,423.5611267089844,440.3883666992187,453.7833251953125,438.8796997070313,448.9373779296875,19406069.0,-0.033122564040974356,0.014022024471372624,0.37345799704768373
2018-05-02,427.6943054199219,444.6857299804687,447.65728759765625,441.1883850097656,442.0798645019531,13381914.0,0.009758163462855407,0.014063038704687092,0.4257462710221634
2018-05-03,422.8135986328125,439.6111755371094,447.06298828125,438.5368347167969,447.06298828125,8634812.0,-0.011411671198935824,0.014343966883546335,0.4511340039109197
2018-05-04,419.4500122070313,436.1138610839844,441.02838134765625,434.30804443359375,440.1826171875,8302649.0,-0.007955246559376294,0.014316704486164431,0.4437912953712283
2018-05-07,426.9468078613281,443.9085388183594,444.9371643066406,437.2110595703125,438.3539733886719,7683268.0,0.017872917954753875,0.014721515570842267,0.422824589381493
2018-05-08,425.2319641113281,442.1255798339844,448.9373779296875,441.2569580078125,446.880126953125,10792648.0,-0.004016527863482611,0.014800263290069676,0.4184509415702836
2018-05-09,429.4530944824219,446.5143737792969,449.98883056640625,439.9083251953125,441.5769958496094,9831044.0,0.009926653514665373,0.014877966327794227,0.39491485751217814
2018-05-10,431.4096984863281,448.54876708984375,450.1260070800781,445.3943176269531,448.0230407714844,8781584.0,0.004556036570802613,0.01462325254516249,0.39530870935082807
2018-05-11,434.9713134765625,452.2518310546875,453.1889953613281,446.9944152832031,448.594482421875,8774740.0,0.008255760134115775,0.014622209850621714,0.36308338635724546
2018-05-14,433.80609130859375,451.0403137207031,453.4861755371094,446.5143737792969,453.4861755371094,5642499.0,-0.0026788483099162708,0.014563272565153787,0.321236594578044
2018-05-15,430.4423828125,447.5429992675781,457.1663513183594,446.4915161132813,449.4173889160156,10501479.0,-0.007753944823474024,0.014715904783954936,0.3352611743673312
2018-05-16,420.417236328125,437.1195983886719,445.280029296875,435.4281005859375,445.280029296875,18840763.0,-0.023290333119315387,0.015714615060652457,0.3682861396309662
2018-05-17,415.6685791015625,432.1822204589844,438.8796997070313,430.422119140625,438.5825500488281,10353948.0,-0.011295105947693118,0.015863997197951316,0.39843012780206166
2018-05-18,410.6120300292969,426.9248046875,435.9081115722656,426.07904052734375,432.2965087890625,11440117.0,-0.012164857596874357,0.016078231544999225,0.360271886937039
2018-05-21,409.5127868652344,425.7818908691406,427.77056884765625,421.5531005859375,425.5075988769531,14491208.0,-0.002677084653326056,0.01570389321569762,0.3490812806360187
2018-05-22,407.4901428222656,423.6789245605469,426.9933776855469,422.8788757324219,426.6047973632813,11310073.0,-0.004939147464604998,0.01561503592857909,0.34002212875135107
2018-05-23,401.114501953125,417.0500183105469,423.3360595703125,415.6327819824219,423.3360595703125,9991028.0,-0.015646122934368734,0.01333620731799405,0.31882557120095056
2018-05-24,402.6974487304687,418.69580078125,421.0502014160156,416.0899658203125,417.85003662109375,11632489.0,0.003946371346924549,0.013406117199104952,0.3043660646848487
2018-05-25,404.87396240234375,420.9587707519531,422.14739990234375,418.0557861328125,418.7643737792969,17782410.0,0.005404836009606395,0.013418907134204561,0.31047981632888666
2018-05-28,404.6980590820313,420.7759094238281,423.793212890625,419.7244262695313,422.8331604003906,11369679.0,-0.0004344643929896641,0.012169660363515189,0.28401354953344704
2018-05-29,403.40093994140625,419.4272766113281,424.2503662109375,418.0329284667969,421.27880859375,17878384.0,-0.0032051528578300736,0.010038563347895026,0.3126731665201857
2018-05-30,402.8073425292969,418.8100891113281,422.0559692382813,414.4670104980469,418.2386474609375,13105124.0,-0.0014714824714974206,0.009629181342237765,0.3509903250378078
2018-05-31,405.1158142089844,421.2102355957031,421.64453125,418.10150146484375,421.0502014160156,37080158.0,0.005730957298822226,0.009599145988500285,0.40264556271383317
2018-06-01,409.1610412597656,425.4161682128906,427.7934265136719,419.8844299316406,420.5930480957031,19174278.0,0.009985359516709646,0.00985716624670213,0.3924564722983927
2018-06-04,413.68994140625,430.1249694824219,431.5650329589844,425.4161682128906,426.7190856933594,12250151.0,0.011068747240793764,0.009264004835229014,0.3654602219511709
2018-06-05,416.6798706054687,433.2337036132813,436.5938720703125,430.1935424804687,431.0164489746094,17436812.0,0.007227464098003233,0.009444891408280441,0.30474408148989335
2018-06-06,419.6478576660156,436.319580078125,437.051025390625,430.9478759765625,432.9365539550781,9164022.0,0.007122943223137224,0.009294208418913862,0.2964403474833436
2018-06-07,427.1007080078125,444.0685424804687,446.1943664550781,436.3424377441406,436.5481567382813,14999572.0,0.01775977216528135,0.010147823113625705,0.274639583194364
2018-06-08,432.81683349609375,450.01171875,451.0174560546875,439.1539916992187,441.78271484375,14289325.0,0.013383554232311523,0.010439999182428277,0.26155077761876633
2018-06-11,432.0693054199219,449.2345275878906,457.14349365234375,447.5887145996094,451.2689208984375,15018718.0,-0.0017271233887409254,0.01043025258843616,0.2591274902665749
2018-06-12,438.4449462890625,455.8634338378906,457.1663513183594,448.1601867675781,449.577392578125,16285583.0,0.014756060634634194,0.0107751961004516,0.2534607714146252
2018-06-13,440.7972412109375,458.3092651367187,459.8636474609375,452.3661193847656,457.1663513183594,12962502.0,0.005365086179655032,0.00916314454317378,0.26288168290814207
2018-06-14,443.1936645507813,460.80084228515625,462.5609130859375,451.4060668945313,456.0005798339844,11997529.0,0.005436566102955842,0.008592069727867718,0.3294083837023051
2018-06-15,445.9417724609375,463.6581115722656,467.9097595214844,456.823486328125,459.9093627929687,24705890.0,0.006200693128006751,0.0078035632797213966,0.34678007718343024
2018-06-18,446.5353088378906,464.2752990722656,466.5154113769531,460.3665161132813,461.1894226074219,12363932.0,0.0013309728166475132,0.007668924426707254,0.36895814541066985
2018-06-19,437.9612731933594,455.3605651855469,463.9324340820313,454.2633361816406,463.5209655761719,13881382.0,-0.019201248982628538,0.009107718902224435,0.3681929523680983
2018-06-20,448.1622314453125,465.966796875,467.6354675292969,454.81195068359375,455.3376770019531,15735681.0,0.023291918432818637,0.008925377205565677,0.34446084404914096
2018-06-21,453.7463989257813,471.7728271484375,473.6243591308594,466.9039916992187,467.8869018554687,22988909.0,0.012460147439153912,0.009044660262428436,0.3555360844469527
2018-06-22,445.19427490234375,462.8809509277344,470.515625,461.0294189453125,470.1498718261719,35370008.0,-0.018847805830931597,0.010620583620810586,0.33340542685113095
2018-06-25,441.6546325683594,459.20074462890625,464.7095947265625,458.21783447265625,462.3780517578125,11369371.0,-0.00795078134093441,0.010944049794898289,0.33325996527767926
2018-06-26,430.4423828125,447.5429992675781,459.9093627929687,445.85150146484375,459.9093627929687,17649122.0,-0.025386917580048074,0.01273636013007629,0.3300738751530258
2018-06-27,427.5211791992187,441.55413818359375,450.4917297363281,440.1140441894531,447.3372802734375,19595831.0,-0.006786514827360257,0.01289619500765945,0.34960799487700034
2018-06-28,418.2701721191406,431.9993591308594,442.765625,429.87353515625,439.7940368652344,18770484.0,-0.02163871061874867,0.014002662820815474,0.40775060160042154
2018-06-29,430.4425964355469,444.5714111328125,445.9657897949219,433.8508605957031,433.8965759277344,17425606.0,0.029101822524746135,0.01519979897833807,0.4328375767316065
2018-07-02,425.1973876953125,439.1539916992187,444.5256958007813,437.5082092285156,444.5256958007813,14570004.0,-0.012185617277819194,0.015409751336295852,0.4150905769973397
2018-07-03,429.93359375,444.0456848144531,447.3144226074219,439.0397033691406,441.16552734375,11084063.0,0.011138840904830305,0.015510945697089072,0.4196859703852949
2018-07-04,438.2551879882813,452.6404113769531,453.509033203125,443.9085388183594,444.2742614746094,10938521.0,0.019355533876052933,0.01597117041706238,0.4016194549538369
2018-07-05,426.9236450195313,440.93695068359375,461.0065612792969,438.23968505859375,455.79486083984375,40946479.0,-0.02585603839800521,0.016708808610102772,0.3484069357577282
2018-07-06,432.7001037597656,446.9029846191406,449.39453125,440.93695068359375,441.0512390136719,20039239.0,0.013530425891426168,0.016714979627294877,0.33119959097690066
2018-07-09,441.3536071777344,455.840576171875,457.1663513183594,449.62310791015625,451.2689208984375,11309207.0,0.019998847568507117,0.017284924570810694,0.3377647049268867
2018-07-10,454.0130615234375,468.91552734375,470.1955871582031,457.1663513183594,458.4235534667969,22846197.0,0.028683246584648714,0.018119936244186372,0.34428585978813525
2018-07-11,459.8116455078125,474.9044189453125,475.8644714355469,465.3267822265625,468.5955200195313,18953870.0,0.012771843974968222,0.018269512847307292,0.37193690845553234
2018-07-12,479.0884704589844,494.8139953613281,502.4258117675781,476.6416320800781,477.4416809082031,52736376.0,0.04192330737922623,0.020309899217474944,0.4615496385745785
2018-07-13,486.8124694824219,502.79156494140625,506.99749755859375,493.7396545410156,493.96826171875,39301408.0,0.016122281164557384,0.020484415221187463,0.4883370951047401
2018-07-16,476.36627197265625,492.00244140625,506.9517822265625,490.5623474121094,502.79156494140625,14427529.0,-0.02145836058980166,0.021293276453881366,0.5011574482671899
2018-07-17,483.5148315429687,499.38568115234375,501.0314636230469,488.9851379394531,492.9624938964844,14150770.0,0.015006435154844011,0.02074456951984158,0.5093787976136368
2018-07-18,483.6033630371094,499.47711181640625,504.9859619140625,492.50531005859375,502.1515197753906,10241565.0,0.0001830998520937488,0.020320949917364526,0.4926871343403843
2018-07-19,489.0477600097656,505.1002502441406,509.740478515625,496.6426696777344,499.8199768066406,11885426.0,0.011257979966194931,0.020296396970355162,0.49753156243958013
2018-07-20,499.5826110839844,515.9808349609375,520.48388671875,508.3232727050781,509.009033203125,17538801.0,0.021541558791739135,0.0199146053136718,0.5194999386195283
2018-07-23,495.8865051269531,512.1634521484375,516.5065307617188,508.8718872070313,516.5065307617188,12779803.0,-0.0073983879242944806,0.019894658913850744,0.5353422988164337
2018-07-24,491.7479248046875,507.8889770507813,515.1121826171875,506.2660217285156,512.940673828125,9775749.0,-0.008345821633533035,0.018815528455469896,0.533202906163124
2018-07-25,493.60699462890625,509.8090515136719,513.3978271484375,504.8031005859375,507.45465087890625,13014255.0,0.0037805341526497838,0.018559150630612562,0.5412339731327377
2018-07-26,491.6151123046875,507.7518005371094,512.7120971679688,506.4488830566406,507.5003662109375,14053674.0,-0.004035360815168865,0.01749779510087699,0.5528483999018248
2018-07-27,500.11376953125,516.5294189453125,519.9810180664062,508.43756103515625,511.7977294921875,14610585.0,0.017287217202744065,0.01694777525113971,0.5454480628103642
2018-07-30,509.6526184082031,526.38134765625,529.07861328125,515.6836547851562,516.5979614257812,30344461.0,0.01907335781994912,0.016454973946976717,0.5668483119307963
2018-07-31,524.9677124023438,542.1992797851562,544.2108154296875,524.4384155273438,526.198486328125,30350826.0,0.030050064379094632,0.017101218015630096,0.5788107093465648
2018-08-01,527.778564453125,545.102294921875,549.9254150390625,541.9249877929688,544.2108154296875,21227054.0,0.005354333198737793,0.01699178889415971,0.5792256778498197
2018-08-02,517.1552734375,534.1303100585938,544.7137451171875,533.0331420898438,544.7137451171875,13668930.0,-0.020128310869602428,0.016403059990485594,0.5911608756871397
2018-08-03,520.9619750976562,538.0619506835938,541.056396484375,534.6788940429688,537.1704711914062,14536058.0,0.007360848580066248,0.016386423683669476,0.5758952928603958
2018-08-06,527.8892211914062,545.2166137695312,546.7709350585938,537.3305053710938,537.9476318359375,8785462.0,0.013297028237908348,0.016227134045624484,0.5907166605341421
2018-08-07,524.1710815429688,541.3764038085938,549.2396850585938,538.0847778320312,546.26806640625,8879612.0,-0.00704340891834454,0.01592338895676152,0.5949262246212621
2018-08-08,538.9993896484375,556.6914672851562,558.8858642578125,541.7421264648438,541.7421264648438,17307566.0,0.028289061773151714,0.016567503119420464,0.6057424970361022
2018-08-09,539.1101684570312,556.8057861328125,563.091796875,554.0856323242188,558.4287109375,14976885.0,0.0002055267792899773,0.014594409458147864,0.6356433833039226
2018-08-10,533.0238647460938,550.5197143554688,555.4571533203125,549.651123046875,553.6284790039062,7833494.0,-0.011289536104200915,0.014880102650698612,0.6294508684393408
2018-08-13,525.7202758789062,542.9765014648438,548.5767822265625,540.690673828125,547.4795532226562,10211072.0,-0.013702179865185848,0.014251665010594062,0.6672593670045829
2018-08-14,535.856689453125,553.4456176757812,556.462890625,541.422119140625,544.0279541015625,11592139.0,0.019281001778507667,0.014439849435095966,0.6690995263876051
2018-08-16,531.5188598632812,548.96533203125,555.914306640625,546.5423583984375,550.08544921875,13086024.0,-0.008095130051041788,0.014708901260803217,0.6630145224048125
2018-08-17,532.82470703125,550.3140258789062,555.6400146484375,548.6224975585938,552.714111328125,8379864.0,0.0024568218864418068,0.01463817526375304,0.6741386264615877
2018-08-20,546.61279296875,564.5547485351562,565.42333984375,552.096923828125,552.2112426757812,16639535.0,0.02587733968704886,0.01493455338607469,0.661397233845876
2018-08-21,552.0573120117188,570.1778564453125,572.1436767578125,560.943115234375,565.6290893554688,15923396.0,0.009960467652794236,0.014702320353949609,0.6366784023987863
2018-08-23,561.9059448242188,580.349853515625,582.429931640625,566.1548461914062,569.7664184570312,17429373.0,0.01783987386492747,0.014571504647871153,0.6265057470479269
2018-08-24,565.4691772460938,584.030029296875,585.1500854492188,576.052490234375,578.4297485351562,14550512.0,0.006341332485794826,0.014554901025440546,0.6162378013343454
2018-08-27,571.6660766601562,590.4303588867188,592.4190063476562,584.6015014648438,584.8986206054688,12188510.0,0.010958863300458255,0.014345617976214113,0.5997314848119207
2018-08-28,583.8385620117188,603.00244140625,604.8311157226562,592.0304565429688,592.4876098632812,19018790.0,0.021292999267470636,0.014513952381042222,0.6009851614876218
2018-08-29,572.8611450195312,591.6646728515625,607.5740966796875,589.8360595703125,601.76806640625,24230135.0,-0.01880214447357309,0.015417910696185855,0.6530456953629048
2018-08-30,564.1190795898438,582.6356811523438,593.0133666992188,580.8070068359375,591.390380859375,21545859.0,-0.015260356729883351,0.015017935521618571,0.643740951512505
2018-08-31,549.6005859375,567.640625,580.6012573242188,565.3319091796875,580.6012573242188,33479841.0,-0.02573657615498448,0.01638561119369265,0.6215552628674328
2018-09-03,544.067626953125,561.926025390625,575.069580078125,560.5087890625,569.172119140625,26686176.0,-0.010067236327517715,0.015809805655577474,0.6415589631572821
2018-09-04,549.7334594726562,567.7777709960938,573.65234375,561.8574829101562,564.6690063476562,19333815.0,0.01041383871939039,0.01587221662487388,0.644276031229417
2018-09-05,543.115966796875,560.943115234375,572.66943359375,552.4855346679688,568.0291748046875,22584608.0,-0.012037638535098871,0.016001718408586142,0.6534115987971053
2018-09-06,558.3426513671875,576.6696166992188,578.6354370117188,560.1887817382812,562.3831787109375,24487897.0,0.02803578885760749,0.01690776586503637,0.6225069625843344
2018-09-07,565.9560546875,584.5328979492188,585.7901000976562,573.5151977539062,578.2697143554688,23389269.0,0.013635718678610464,0.01606427996228849,0.6273794029303289
2018-09-10,555.8861083984375,574.1323852539062,583.8014526367188,571.503662109375,582.8870849609375,15440786.0,-0.017792806006153183,0.016695181575293597,0.6264020481787214
2018-09-11,547.8521728515625,565.8347778320312,579.8698120117188,564.257568359375,575.5724487304688,23787332.0,-0.01445248482647199,0.01683872271497318,0.6070868135764721
2018-09-12,554.4032592773438,572.6008911132812,575.435302734375,561.7888793945312,572.2808227539062,17642490.0,0.011957762970406627,0.016594652760210455,0.646284503110952
2018-09-14,554.6908569335938,572.8980102539062,583.161376953125,570.3836059570312,575.7553100585938,17233514.0,0.0005187517415119469,0.01613738024745932,0.6638132313500971
2018-09-17,542.6290283203125,560.4402465820312,571.8008422851562,558.4744262695312,571.8008422851562,14773803.0,-0.021745136885725325,0.016853011914627257,0.6830025126453119
2018-09-18,538.7559814453125,556.4400024414062,566.6119995117188,555.1599731445312,560.4859619140625,16660044.0,-0.007137559313752262,0.016950715866989853,0.6983643247381601
2018-09-19,535.923095703125,553.51416015625,559.5715942382812,549.0568237304688,559.5715942382812,24642640.0,-0.005258198219141419,0.01591377916627179,0.666419071970916
2018-09-21,538.9108276367188,556.6000366210938,565.6976318359375,541.056396484375,557.2857666015625,41713856.0,0.005574926622025744,0.015786443219375737,0.688907793453839
2018-09-24,545.3512573242188,563.2518310546875,566.840576171875,550.6568603515625,555.2056884765625,22098277.0,0.011950826291138306,0.015466534211032385,0.667117245178212
2018-09-25,544.70947265625,562.5889282226562,569.172119140625,546.3137817382812,564.8290405273438,21250513.0,-0.001176828070623137,0.01535997718396092,0.69688604054899
2018-09-26,553.916259765625,572.0979614257812,573.2637329101562,561.01171875,566.4291381835938,13992341.0,0.016902197541156294,0.01567322215117891,0.7066379343704792
2018-09-27,554.9564819335938,573.1723022460938,577.401123046875,565.7433471679688,573.7437744140625,23642923.0,0.0018779412043417043,0.014764777387392736,0.6794047774168204
2018-09-28,556.8155517578125,575.0924072265625,581.3784790039062,570.2235717773438,575.98388671875,24220992.0,0.0033499380307107085,0.014295375516770504,0.7313053988076443
2018-10-01,545.1962890625,563.091796875,574.9781494140625,550.4282836914062,574.9781494140625,16039441.0,-0.02086734585381389,0.014634070383856342,0.7259679788424506
2018-10-03,533.4221801757812,550.93115234375,566.7034301757812,548.6224975585938,562.0860595703125,16135428.0,-0.021596091394835204,0.014300163587558805,0.733633648428771
2018-10-04,496.7496643066406,513.054931640625,544.2108154296875,505.6259765625,543.7993774414062,50774608.0,-0.06874951442224575,0.020742229139749623,0.6979930201086995
2018-10-05,464.2601318359375,479.4989318847656,509.8776245117187,474.6072387695313,502.6544189453125,47998260.0,-0.06540423638947346,0.024494741494290862,0.6871864818672574
2018-10-08,491.061767578125,507.1803588867187,510.6548156738281,468.8469543457031,480.0246887207031,53983473.0,0.05772978100919257,0.028541220027836125,0.7154579649472179
2018-10-09,482.4967956542969,498.3341979980469,513.5349731445312,494.2882690429687,512.7806396484375,24042005.0,-0.01744174050867331,0.02759756705565777,0.6986251360828863
2018-10-10,487.83062744140625,503.8430480957031,510.1290893554687,495.7054748535156,500.0942687988281,20784941.0,0.011054647067399337,0.027502322316337327,0.6918036053589456
2018-10-11,481.5008544921875,497.3055725097656,509.6261901855469,476.8245239257813,486.4250183105469,28926389.0,-0.012975349625785948,0.027424131116779833,0.6822594618492304
2018-10-12,498.6530151367187,515.020751953125,516.1408081054688,503.7516174316406,505.1459655761719,19814528.0,0.035622284954448524,0.02893252560209233,0.6634143909329052
2018-10-15,504.4958190917969,521.0553588867188,524.3240966796875,511.1805725097656,516.55224609375,19406012.0,0.01171717362117275,0.028925463483374034,0.6974007052609174
2018-10-16,515.1412963867188,532.0502319335938,533.6959838867188,521.1696166992188,523.9126586914062,16358598.0,0.021101220053886705,0.02946710584607018,0.6950067331739509
2018-10-17,509.6082458496094,526.3356323242188,539.1591186523438,521.1696166992188,538.9991455078125,27967162.0,-0.010740840573099208,0.029205625325333107,0.7180669625882588
2018-10-19,487.4764404296875,503.477294921875,507.9118347167969,489.28228759765625,502.8829956054687,55606079.0,-0.04342905673165498,0.03058897202527423,0.7192583296626749
2018-10-22,470.3685302734375,485.8078308105469,509.6490478515625,483.3848571777344,507.45465087890625,28798142.0,-0.03509484507840044,0.03134419695981725,0.7037245266610597
2018-10-23,466.84954833984375,482.1733703613281,486.7450256347656,477.1216735839844,481.2818908691406,23128845.0,-0.007481329440870654,0.031225521246230837,0.7014458774116576
2018-10-24,462.8879699707031,478.0817260742187,491.8881530761719,471.5213928222656,491.4081115722656,29869514.0,-0.008485771022438193,0.03091652274096329,0.6570041459260901
2018-10-25,456.2705078125,471.2470703125,475.7501831054687,464.6638793945313,473.6243591308594,30833933.0,-0.014296034002832192,0.030909912617367308,0.6455721706512489
2018-10-26,462.51171875,477.693115234375,483.224853515625,467.2240295410156,472.2071228027344,20085933.0,0.013678751597209882,0.03077938256637195,0.6205599440686372
2018-10-29,481.5008544921875,497.3055725097656,500.0714111328125,478.1960144042969,478.1960144042969,16781215.0,0.04105655050970003,0.032665067138046615,0.6055309227513568
2018-10-30,467.86761474609375,483.224853515625,496.2540893554687,480.9847106933594,496.2540893554687,19263668.0,-0.02831405099056772,0.03292564431595164,0.6513696143613585
2018-10-31,469.7488098144531,485.1677856445313,487.270751953125,478.6531677246094,484.13916015625,35999348.0,0.004020784959395618,0.03288983175294856,0.6935683412045422
2018-11-01,467.53564453125,482.8819580078125,488.20794677734375,480.0246887207031,488.20794677734375,20552752.0,-0.004711380288706435,0.032708993304142134,0.7406292751141677
2018-11-02,475.7908020019531,491.4081115722656,494.19683837890625,486.0364074707031,487.7965087890625,36739798.0,0.01765674460816724,0.029546039355979062,0.76677923912628
2018-11-05,482.6074523925781,498.448486328125,499.5456848144531,486.8821716308594,490.7452392578125,16585905.0,0.014326990689906172,0.02562179934176121,0.7555698405147023
2018-11-06,488.7158508300781,504.75738525390625,508.3689880371094,499.0427856445313,500.1399841308594,18886485.0,0.012657074413619185,0.02224475624853621,0.7485792500515218
2018-11-07,491.6372375488281,507.774658203125,509.740478515625,505.9460144042969,509.740478515625,2808599.0,0.005977679491647514,0.021892118735933514,0.7203387450981817
2018-11-09,484.001708984375,499.8885498046875,509.19189453125,496.0255126953125,505.74029541015625,23712291.0,-0.015530818215727216,0.02206658335754247,0.70410519355574
2018-11-12,478.04827880859375,493.7396545410156,502.3343811035156,491.24810791015625,501.8315124511719,12690610.0,-0.012300432137468897,0.02204646413440439,0.6796262072620575
2018-11-13,486.6575927734375,502.6315612792969,504.2544860839844,489.19085693359375,490.9966735839844,14899604.0,0.018009298111688832,0.020863259689509122,0.6864104625709457
2018-11-14,485.9936218261719,501.94580078125,508.6661376953125,496.2540893554687,505.1916809082031,17034346.0,-0.0013643493025181641,0.020647222270589283,0.7398308294968009
2018-11-15,485.50677490234375,501.44293212890625,504.2544860839844,496.7112426757813,501.4886474609375,14943663.0,-0.0010017557884787198,0.01994418525718594,0.7309733796414081
2018-11-16,499.0292663574219,515.4093627929688,516.5751342773438,501.5572204589844,501.94580078125,24131016.0,0.027852322880145275,0.020972704768388094,0.7411887416815618
2018-11-19,509.0328674316406,525.7413330078125,526.5184936523438,517.05517578125,517.9237670898438,15987574.0,0.020046121036624287,0.018887495917545048,0.7601530651893831
2018-11-20,503.4556579589844,519.9810180664062,528.4385986328125,516.5979614257812,523.4555053710938,12511640.0,-0.010956482045641591,0.017051849654579444,0.7455039714533235
2018-11-21,492.6110534667969,508.7804260253906,523.68408203125,506.10601806640625,520.0267333984375,16422494.0,-0.021540336911003544,0.017803419076113776,0.7407672800415152
2018-11-22,488.16253662109375,504.1859130859375,514.47216796875,502.9287109375,509.5119018554687,12670591.0,-0.009030485236570018,0.017822062524659406,0.7138570427028004
2018-11-26,491.21673583984375,507.3403625488281,510.8833923339844,501.6943664550781,506.99749755859375,13969873.0,0.006256521116696501,0.017370512954563325,0.7125429011345094
2018-11-27,499.3833923339844,515.7750854492188,516.5979614257812,505.3745422363281,506.4945983886719,14896607.0,0.016625362896437013,0.017470566746844763,0.6837860395134205
2018-11-28,510.2059326171875,526.9528198242188,529.2843627929688,514.906494140625,517.718017578125,17507771.0,0.021671806570541907,0.01575970335233122,0.6671281882825448
2018-11-29,517.2216186523438,534.1989135742188,539.4105834960938,530.31298828125,530.7701416015625,27640198.0,0.013750694742352465,0.014075094455975977,0.6956254659893281
2018-11-30,516.8011474609375,533.7645874023438,542.1992797851562,531.3644409179688,535.9360961914062,23443212.0,-0.000812942027639596,0.014136343794948499,0.7004643559168806
2018-12-03,511.887939453125,528.6900634765625,537.124755859375,525.0555419921875,537.124755859375,12182825.0,-0.00950696033077958,0.014346683950138047,0.7185411548214536
2018-12-04,510.0509338378906,526.7927856445312,529.3986206054688,522.1754150390625,529.3986206054688,11358720.0,-0.0035886870419274963,0.014116800500770682,0.6918265907810512
2018-12-05,511.3124084472656,528.095703125,529.764404296875,520.849609375,522.884033203125,12729759.0,0.002473232623814603,0.01388870846397878,0.6247408275890386
2018-12-06,497.3694458007813,513.6950073242188,525.2841186523438,511.2262878417969,525.2841186523438,12831451.0,-0.027268969843360136,0.015229861607339612,0.5715434562371461
2018-12-07,501.8621215820313,518.335205078125,519.7752685546875,506.7003173828125,516.3465576171875,15779984.0,0.009032874494364407,0.015297714224964959,0.5708192326876027
2018-12-10,482.5852966308594,498.4256286621094,509.42047119140625,495.1568908691406,507.45465087890625,20521072.0,-0.03841059948976655,0.01733049838844968,0.5331988838302745
2018-12-11,485.8165893554687,501.762939453125,503.8430480957031,482.3105163574219,487.3393249511719,29518062.0,0.0066957960533990946,0.017140577684702143,0.5250160510035872
2018-12-12,491.5487060546875,507.6832275390625,509.05474853515625,497.28271484375,502.4258117675781,27572962.0,0.011798931582026828,0.01686930871274114,0.5052692887352306
2018-12-13,490.0215759277344,506.10601806640625,515.6836547851562,500.6200256347656,515.6836547851562,20337275.0,-0.0031067727534273004,0.016884676120602692,0.5462984001443807
2018-12-14,492.3011779785156,508.4604187011719,509.69476318359375,499.13421630859375,504.3002014160156,15795834.0,0.004652044242063003,0.016904663802443383,0.5476755600488443
2018-12-17,500.1358337402344,516.55224609375,517.969482421875,508.1404113769531,510.1748046875,11077711.0,0.01591435509841621,0.016091566192116193,0.5792137840953898
2018-12-18,503.0130615234375,519.5238647460938,520.7124633789062,512.2548828125,513.5349731445312,12841994.0,0.005752892692542977,0.015470816204913888,0.5672613914413316
2018-12-19,503.19000244140625,519.7067260742188,524.5069580078125,518.0609130859375,521.8554077148438,16118419.0,0.0003517620743940242,0.015273154441827941,0.5575594904815622
2018-12-20,499.4940185546875,515.889404296875,517.7409057617188,510.2662353515625,512.4834594726562,12609700.0,-0.007345105961538145,0.014526883971137843,0.5505158689763805
2018-12-21,486.9895629882813,502.9744262695313,517.16943359375,501.0543212890625,514.3121337890625,18115814.0,-0.025034244859605148,0.015504481047770016,0.5359271622201327
2018-12-24,482.098388671875,497.9227294921875,504.3459167480469,496.7341003417969,503.29443359375,9065704.0,-0.010043694337909304,0.01558622342357107,0.5193308932061925
2018-12-26,486.1706848144531,502.128662109375,502.8829956054687,487.1793212890625,496.3912353515625,15771193.0,0.008447022927823511,0.015207115837010085,0.5136213100339225
2018-12-27,495.8422546386719,512.1177368164062,515.2265014648438,504.711669921875,506.1745910644531,27294221.0,0.01989336281744314,0.015070746859186876,0.5084024933913336
2018-12-28,498.2104187011719,514.5635986328125,518.9981079101562,512.5748901367188,514.5407104492188,16768547.0,0.004776043268490238,0.014728186138048275,0.5641997166243483
2018-12-31,496.3070373535156,512.5977783203125,518.3580932617188,510.2890930175781,517.0322875976562,15799099.0,-0.0038204366593102,0.01473329045651229,0.592483829457073
2019-01-01,496.19635009765625,512.4834594726562,515.3636474609375,507.5003662109375,514.4264526367188,9746670.0,-0.0002230217335816853,0.014627438081672887,0.6251939138559239
2019-01-02,489.7338562011719,505.8088684082031,515.2265014648438,503.3401489257813,509.5119018554687,15628818.0,-0.013024065765926074,0.014850412787375053,0.6176341216199179
2019-01-03,483.6919250488281,499.5685424804687,509.5576171875,498.3570556640625,506.3117370605469,16288287.0,-0.012337172682343356,0.014988203812692233,0.5948604470121962
2019-01-04,486.3034057617187,502.2658081054687,504.9173889160156,494.2425537109375,501.6943664550781,18516544.0,0.005399057907834459,0.01390681249662526,0.5832871586254471
2019-01-07,489.0035400390625,505.0545349121094,511.3177185058594,503.3401489257813,506.0831604003906,12060290.0,0.0055523655507090375,0.013795573010407795,0.572048695021421
2019-01-08,488.9592895507813,505.0088195800781,507.4317932128906,501.0543212890625,505.2145385742187,12304389.0,-9.049114097958721e-05,0.010661408053614442,0.5881719654294353
2019-01-09,491.6593627929687,507.7975158691406,510.6548156738281,502.2886657714844,508.3689880371094,12614237.0,0.005522081899022702,0.010629911427838699,0.5599501970545054
2019-01-10,490.2207946777344,506.3117370605469,507.9118347167969,504.2544860839844,506.426025390625,8925160.0,-0.002925944717216855,0.01032269941002901,0.5302826547043129
2019-01-11,486.0378723144531,501.9915161132813,509.19189453125,497.6712951660156,506.3574523925781,14139060.0,-0.008532731391027726,0.01047646683440725,0.5581124877328731
2019-01-14,485.484619140625,501.4200744628906,503.111572265625,496.66552734375,500.59716796875,8994060.0,-0.0011382923128883116,0.010410592342692138,0.5897087367162668
2019-01-15,500.0252990722656,516.43798828125,517.5123291015625,505.1688232421875,505.1688232421875,22011407.0,0.02995085602789982,0.011945666480430146,0.628686846011326
2019-01-16,502.791748046875,519.2952880859375,523.4555053710938,516.7579956054688,518.8837890625,13961606.0,0.005532618009013168,0.011940238390531937,0.6162969032615064
2019-01-17,502.14990234375,518.6323852539062,524.78125,516.5979614257812,523.2040405273438,16379077.0,-0.0012765637177186706,0.011943591195683076,0.6033430898259822
2019-01-18,524.2374877929688,541.4449462890625,543.9822387695312,518.9981079101562,525.1926879882812,56181172.0,0.04398603951952684,0.015326451535377142,0.5874877379190946
2019-01-21,547.8521728515625,565.8347778320312,566.8634033203125,543.4107666015625,545.8566284179688,48206814.0,0.04504577716868585,0.01664688343403397,0.5533260503803873
2019-01-22,546.7235107421875,564.6690063476562,570.0635986328125,557.56005859375,563.6175537109375,36207430.0,-0.0020601581326223917,0.016333823325229976,0.5787095742226054
2019-01-23,542.8060913085938,560.6231079101562,568.806396484375,558.6572875976562,563.8232421875,19313542.0,-0.007165266092683309,0.016603387097518497,0.5704005604277668
2019-01-24,552.1678466796875,570.2921752929688,572.9208984375,557.7886962890625,560.02880859375,28775487.0,0.0172469607858019,0.016494113294873606,0.5442115136596677
2019-01-25,551.5260009765625,569.6292724609375,578.1782836914062,564.7833251953125,571.6636962890625,18703992.0,-0.0011624105006921015,0.01656154082574101,0.5237208010377059
2019-01-28,544.2446899414062,562.10888671875,574.1781005859375,558.8401489257812,571.6865234375,18744303.0,-0.013202117438277705,0.016959280148492663,0.5443990017318617
2019-01-29,535.8788452148438,553.4684448242188,563.0689697265625,549.216796875,562.7717895507812,20405845.0,-0.015371476986689836,0.01752223146642935,0.5701998638544995
2019-01-30,529.2614135742188,546.6337890625,560.02880859375,544.5308227539062,555.4571533203125,17164298.0,-0.012348745802741923,0.0174883218578063,0.5386878053902212
2019-01-31,543.1823120117188,561.01171875,562.177490234375,549.0568237304688,549.5139770507812,22279301.0,0.026302500202100676,0.017717700200835712,0.5462188317613431
2019-02-01,553.2744140625,571.43505859375,573.7437744140625,560.9660034179688,564.143310546875,20187323.0,0.018579585210358518,0.017939356373266675,0.5378238027162133
2019-02-04,571.4005126953125,590.1560668945312,592.9219360351562,567.823486328125,570.08642578125,25528059.0,0.03276149804166595,0.018861949376897016,0.4948816093997172
2019-02-05,571.6882934570312,590.4531860351562,596.3278198242188,584.5328979492188,590.658935546875,20479210.0,0.000503641063185789,0.01884902877028933,0.48004368708858175
2019-02-06,579.9654541015625,599.002197265625,602.38525390625,591.6875610351562,592.6018676757812,20586783.0,0.014478450476008264,0.018893091548985406,0.5013811633265899
2019-02-07,571.1791381835938,589.927490234375,604.0081787109375,587.961669921875,599.002197265625,20150710.0,-0.015149722894408968,0.01946973718553838,0.499759268946714
2019-02-08,565.5576782226562,584.1214599609375,594.5448608398438,581.6298828125,587.3673095703125,14230054.0,-0.009841850980087052,0.019529818104220175,0.4901986089484158
2019-02-11,554.735107421875,572.9437255859375,583.3442993164062,571.9151000976562,583.298583984375,16457901.0,-0.019136104446133007,0.020359577017824725,0.5050582162300721
2019-02-12,556.1294555664062,574.3837890625,581.6755981445312,572.1436767578125,572.1436767578125,13998153.0,0.0025135386707566543,0.019634955548477877,0.5390709799230662
2019-02-14,541.8766479492188,559.6630249023438,567.3434448242188,556.82861328125,567.3434448242188,14496604.0,-0.025628578875886543,0.02083300829880156,0.5243112607987853
2019-02-15,550.8400268554688,568.920654296875,571.4122314453125,554.9999389648438,562.2003173828125,20994460.0,0.016541364054296626,0.02097804414607418,0.5375447194357806
2019-02-18,540.0617065429688,557.7886962890625,572.6008911132812,555.4571533203125,571.4579467773438,21106139.0,-0.019567060828947436,0.01949820683049282,0.5270280358444727
2019-02-19,538.2911987304688,555.9600219726562,566.7491455078125,553.7199096679688,556.82861328125,13658461.0,-0.003278343550468188,0.016621795374066446,0.49040008578995603
2019-02-20,546.369384765625,564.3032836914062,566.8862915039062,557.2857666015625,559.5030517578125,13776558.0,0.015007092915894304,0.016985095104772637,0.4926219202166404
2019-02-21,551.9244384765625,570.0407104492188,575.0238647460938,562.0174560546875,565.0576171875,23142949.0,0.010167212632751,0.017036764917689462,0.4777438035554335
2019-02-22,545.4840698242188,563.3889770507812,569.3092651367188,560.4859619140625,568.9892578125,19152470.0,-0.011668931838062169,0.016808232857274386,0.4781737563983265
2019-02-25,545.4619750976562,563.3660888671875,568.2578125,558.0401000976562,565.0576171875,17176522.0,-4.050480625328312e-05,0.016807690149180373,0.47274689881917403
2019-02-26,540.1281127929688,557.8572387695312,564.509033203125,551.3426513671875,552.9426879882812,22160532.0,-0.009778614363966542,0.016687654262907515,0.47571804241936155
2019-02-27,541.5667114257812,559.343017578125,569.1264038085938,552.714111328125,561.4231567382812,24308835.0,0.002663439652073718,0.016310415434794858,0.507782188511711
2019-02-28,544.9086303710938,562.7946166992188,566.8176879882812,560.7373657226562,564.0289916992188,24688859.0,0.006170835235633776,0.016057100349184207,0.5450903492051775
2019-03-01,542.6953735351562,560.5087890625,567.9606323242188,558.7716064453125,565.5147705078125,17329606.0,-0.004061702664592048,0.01499702572143281,0.5913923608336459
2019-03-05,547.830078125,565.8119506835938,566.7948608398438,557.1029052734375,559.2973022460938,15577500.0,0.009461485835775552,0.014535967870461904,0.5767011194422165
2019-03-06,559.8477172851562,578.2239990234375,582.0184936523438,564.6461791992188,566.7948608398438,26332276.0,0.0219368005518934,0.013393063176100775,0.538051948584858
2019-03-07,562.2600708007812,580.715576171875,585.0814819335938,575.183837890625,577.8582763671875,17738092.0,0.004308945881432047,0.013441524077884386,0.5236976632840549
2019-03-08,560.86572265625,579.2755126953125,582.6356811523438,576.9439697265625,578.7954711914062,13211934.0,-0.0024798989239007696,0.01295679085478777,0.5153664222439919
2019-03-11,577.2432861328125,596.190673828125,599.80224609375,579.6869506835938,580.6241455078125,21258869.0,0.02920050702866739,0.014245592127229454,0.5094254233737628
2019-03-12,589.30517578125,608.6484375,609.8599243164062,600.8308715820312,602.0423583984375,24561597.0,0.02089567767733591,0.014707567865594956,0.5280768809600479
2019-03-13,596.3652954101562,615.9402465820312,621.7462158203125,607.1626586914062,611.2314453125,24577591.0,0.011980413407274959,0.013963031183288616,0.5696851942705364
2019-03-14,593.8200073242188,613.3115234375,622.6605834960938,610.8199462890625,617.060302734375,22753310.0,-0.00426800168542163,0.014075685491376643,0.6310494267252751
2019-03-15,585.0116577148438,604.2139282226562,621.1976318359375,599.4365234375,614.8887329101562,34764353.0,-0.014833366172800178,0.013076327789324294,0.6589443346369911
2019-03-18,597.5825805664062,617.1974487304688,620.80908203125,607.5740966796875,608.4884033203125,22104063.0,0.021488328797868217,0.01337114222290711,0.6810055879324786
2019-03-19,609.3123779296875,629.3123779296875,630.8895874023438,614.0201416015625,621.7462158203125,21448030.0,0.019628747130084445,0.012557333203431038,0.69094766156292
2019-03-20,608.8255004882812,628.8094482421875,634.546875,623.5748901367188,629.8837890625,21639437.0,-0.0007990604803739254,0.012471563649500873,0.6384610976716676
2019-03-22,593.9085693359375,613.4029541015625,631.301025390625,611.0942993164062,627.4608154296875,25078643.0,-0.024501160250975484,0.014041440191530322,0.6023688394633319
2019-03-25,586.2509765625,605.4939575195312,611.162841796875,601.950927734375,608.3055419921875,17394088.0,-0.0128935549490381,0.014472230114826777,0.584490491838121
2019-03-26,605.1958618164062,625.0607299804688,627.0493774414062,608.03125,608.1683959960938,20734876.0,0.03231531547288857,0.01541759249345773,0.5922786254231573
2019-03-27,597.2283935546875,616.8317260742188,629.952392578125,614.5458984375,629.952392578125,22079870.0,-0.013165106975129626,0.01592859952180621,0.6427394993191079
2019-03-28,601.9866333007812,621.7462158203125,626.2265014648438,613.8829956054688,617.2888793945312,22930248.0,0.007967202828004893,0.015572038709576092,0.664473371881026
2019-04-01,616.0846557617188,636.3070068359375,643.1416015625,622.9120483398438,626.3179321289062,22088854.0,0.023419161956530488,0.01605366203087432,0.6587489279263253
2019-04-02,615.1329956054688,635.3240966796875,641.4501342773438,630.935302734375,639.1185913085938,17526740.0,-0.0015446905670347677,0.016156602555448683,0.6743967179352935
2019-04-03,608.7147827148438,628.6951904296875,641.4044189453125,627.2322387695312,636.7184448242188,17169813.0,-0.010433862167168573,0.01643018505327037,0.6664817003117823
2019-04-04,598.9104614257812,618.5689697265625,632.5811157226562,615.9173583984375,630.4324340820312,18320845.0,-0.016106593050583706,0.017117519516223933,0.6373986995603862
2019-04-05,599.28662109375,618.95751953125,623.5291748046875,613.9744262695312,622.1805419921875,14717266.0,0.0006280732967549607,0.016638470380855856,0.5870104568953374
2019-04-08,588.3756713867188,607.6883544921875,620.6033325195312,605.151123046875,619.9176025390625,19081843.0,-0.018206563141886623,0.017331027084264046,0.5940052433433489
2019-04-09,590.6773681640625,610.065673828125,612.9229125976562,603.916748046875,607.5283813476562,20774977.0,0.003911950968195077,0.017294916996512887,0.581080352310395
2019-04-10,589.3271484375,608.6712646484375,616.26025390625,606.43115234375,611.6657104492188,16651949.0,-0.0022858836301097307,0.0161544083726222,0.5796562428032745
2019-04-11,596.1439819335938,615.711669921875,618.5460815429688,607.5740966796875,609.3798828125,12558520.0,0.01156714655716673,0.01568235878966674,0.596392453126674
2019-04-12,594.5062255859375,614.0201416015625,620.3290405273438,611.0714111328125,617.174560546875,12948769.0,-0.0027472496532535695,0.015468793874731985,0.6040033237254075
2019-04-15,593.2003784179688,612.6715087890625,616.694580078125,610.3170776367188,614.8887329101562,9285737.0,-0.0021965239584862406,0.01544593354289535,0.6484197267205485
2019-04-16,594.7939453125,614.3173217773438,621.7462158203125,612.6029052734375,614.8887329101562,17360317.0,0.0026863888704542482,0.015048478325908004,0.6767481492777326
2019-04-18,613.4732055664062,633.6097412109375,635.346923828125,624.0321044921875,628.603759765625,39286534.0,0.03140459044870125,0.015900489077604472,0.6976854816249786
2019-04-22,595.5021362304688,615.0487670898438,624.9464111328125,613.1972045898438,621.7462158203125,23607922.0,-0.029293975959952867,0.016697019277597955,0.6725704936735468
2019-04-23,603.69091796875,623.50634765625,627.6893920898438,615.345947265625,616.26025390625,19807450.0,0.013751053506065203,0.017020708379916042,0.6325887516178167
2019-04-24,615.0444946289062,635.232666015625,637.6556396484375,624.603515625,626.455078125,16101112.0,0.01880693633483488,0.01652556387975404,0.6555303049940607
2019-04-25,607.4754638671875,627.4151000976562,645.7017822265625,622.9348754882812,635.0498046875,30469914.0,-0.012306476731062554,0.01649844152546766,0.6638401001399009
2019-04-26,616.5051879882812,636.7412719726562,638.181396484375,626.637939453125,628.603759765625,15069884.0,0.01486434376066903,0.015217419179319479,0.6680556704527604
2019-04-30,616.5051879882812,636.7412719726562,638.3870849609375,624.85498046875,638.3870849609375,22348580.0,0.0,0.014851126201273258,0.6941186471605719
2019-05-02,621.9275512695312,642.3416137695312,646.3875122070312,631.849609375,636.3755493164062,18992003.0,0.008795324657272952,0.01487067773884227,0.6762629646689291
2019-05-03,623.6094970703125,644.0787963867188,648.0333251953125,641.244384765625,643.6673583984375,14240262.0,0.0027044079287819045,0.013975378980068148,0.6797155705509333
2019-05-06,613.00830078125,633.1296997070312,641.31298828125,630.0209350585938,639.1185913085938,15832114.0,-0.016999735152954498,0.014522595329458867,0.6880798360065016
2019-05-07,594.6832275390625,614.2030029296875,637.7470703125,612.6943359375,637.6556396484375,19417647.0,-0.029893678794941425,0.01584498500671187,0.7340396086170403
2019-05-08,575.18505859375,594.0648193359375,612.6029052734375,590.7503662109375,612.6029052734375,31958919.0,-0.03278748759402628,0.017071060932242362,0.6901307322925351
2019-05-09,556.1516723632812,574.4066772460938,589.1959838867188,572.2579956054688,589.1959838867188,42670173.0,-0.03309089126376619,0.018421942132227215,0.6359027784170397
2019-05-10,553.8056640625,571.9837036132812,584.1214599609375,569.172119140625,578.3154296875,24557430.0,-0.004218288674404658,0.01809955181636597,0.6343950847473997
2019-05-13,545.3512573242188,563.2518310546875,576.3953247070312,561.1716918945312,570.4979248046875,17603659.0,-0.015266017101130847,0.018229092407138166,0.6141784694271429
2019-05-14,557.9221801757812,576.2353515625,580.3041381835938,563.0003662109375,565.2861938476562,28438234.0,0.023051056878904186,0.019196445888230895,0.6441652006328564
2019-05-15,556.350830078125,574.6123657226562,584.2586059570312,571.7322387695312,581.9727783203125,24419559.0,-0.002816432386970491,0.018906635928437613,0.6397586850969422
2019-05-16,560.0911254882812,578.4754638671875,581.4699096679688,575.1610107421875,576.0067749023438,14451308.0,0.006722907934964439,0.019038744532214533,0.6307143846311636
2019-05-17,560.9984741210938,579.4126586914062,583.778564453125,572.3722534179688,579.2297973632812,17276949.0,0.0016200018024237206,0.019064264583878214,0.6432248671890616
2019-05-20,586.8927612304688,606.1568603515625,611.5514526367188,595.9163208007812,600.5337524414062,26979100.0,0.046157500071534185,0.021958686971415554,0.6726430552101827
2019-05-21,593.0454711914062,612.511474609375,624.9464111328125,608.0541381835938,609.0370483398438,30343560.0,0.010483533564186187,0.020831234901629005,0.737797436129385
2019-05-22,593.3109741210938,612.7857666015625,621.6090698242188,610.36279296875,615.1859130859375,24689918.0,0.00044769405144284846,0.01977649024138083,0.7290007984053832
2019-05-23,590.4338989257812,609.814208984375,636.3755493164062,605.7454223632812,627.2322387695312,38766006.0,-0.004849185875205664,0.01953169400819312,0.6724965910984255
2019-05-24,591.7396240234375,611.162841796875,618.9118041992188,601.8594970703125,616.26025390625,22269265.0,0.0022114670245592105,0.018994248943417592,0.6941202073173398
2019-05-27,580.1424560546875,599.18505859375,611.4600219726562,597.5164184570312,611.2771606445312,16076686.0,-0.01959843062375466,0.019275281525265094,0.6561834289917127
2019-05-28,585.941162109375,605.1739501953125,610.2256469726562,600.41943359375,603.3681640625,42594251.0,0.009995314071861161,0.019079184669215182,0.670487302945427
2019-05-29,581.204833984375,600.2822875976562,609.5399169921875,596.2135009765625,603.916748046875,15558515.0,-0.008083282812815784,0.019112002313531672,0.6472737855856876
2019-05-30,588.5969848632812,607.9169921875,613.5172729492188,601.7452392578125,601.7452392578125,23494381.0,0.01271866723514714,0.019256553284467744,0.6277000447879113
2019-05-31,588.7740478515625,608.099853515625,613.4715576171875,603.551025390625,611.6428833007812,25724066.0,0.00030082211230220146,0.019229354724368285,0.6581939766515615
2019-06-03,602.0752563476562,621.8377075195312,625.0607299804688,604.0081787109375,610.3170776367188,18556942.0,0.022591363434971257,0.019711035703023107,0.6867661770636183
2019-06-04,598.2907104492188,617.9288940429688,628.2608642578125,616.3059692382812,620.5804443359375,15442761.0,-0.006285835298058151,0.018544049954851656,0.6927377884132787
2019-06-06,587.5346069335938,606.8197631835938,622.6148681640625,603.9624633789062,622.6148681640625,16764835.0,-0.017978055363000567,0.017407197168646586,0.6485534167557743
2019-06-07,582.0238647460938,601.1280517578125,606.7740478515625,596.8764038085938,606.1797485351562,14722419.0,-0.009379434202627102,0.01566907313007753,0.616756982890007
2019-06-10,583.905029296875,603.0709838867188,606.6597290039062,598.9336547851562,603.8710327148438,11768468.0,0.003232108964469793,0.01559204005903902,0.6178153941318778
2019-06-11,588.331298828125,607.6426391601562,610.0885009765625,602.5452880859375,604.3053588867188,11492074.0,0.007580461392120652,0.015028308260881406,0.6269005811281183
2019-06-12,589.6593017578125,609.01416015625,611.8714599609375,605.7454223632812,610.179931640625,10297599.0,0.002257236581383104,0.0143375136694448,0.6337492574853174
2019-06-13,587.4903564453125,606.7740478515625,610.179931640625,598.270751953125,608.03125,15686169.0,-0.003678302548665413,0.014356775603865836,0.6231404028393953
2019-06-14,583.1967163085938,602.3395385742188,605.7454223632812,598.6136474609375,604.3281860351562,14942768.0,-0.007308443601862669,0.014498321550729425,0.5656856993810203
2019-06-17,567.59375,586.2244262695312,603.4595947265625,584.4871826171875,603.4595947265625,14908257.0,-0.0267542080952623,0.015873082496224218,0.563742004092133
2019-06-18,567.0184326171875,585.630126953125,588.8074340820312,580.1898193359375,584.6700439453125,16797371.0,-0.0010136076776964265,0.011726542937169451,0.611788686807445
2019-06-19,565.4027709960938,583.96142578125,595.2305908203125,577.21826171875,588.327392578125,14492763.0,-0.002849398764051325,0.011373804444209412,0.5599560485154955
2019-06-20,573.9898681640625,592.8304443359375,594.3162841796875,584.2586059570312,585.1729125976562,10748848.0,0.015187575315275703,0.012021823218460478,0.5260066454764943
2019-06-21,566.3544311523438,584.9443359375,592.4876098632812,583.1385498046875,592.4647216796875,23236832.0,-0.013302389876917342,0.01228826406530483,0.48190530922175495
2019-06-24,558.7853393554688,577.1268310546875,583.5499877929688,574.703857421875,581.5841674804688,11267228.0,-0.01336458475565272,0.01249856904814353,0.4421423504534048
2019-06-25,573.591552734375,592.4190063476562,593.4019165039062,573.40087890625,575.5267333984375,14966899.0,0.026497140021576993,0.013449187008617804,0.433043660820019
2019-06-26,572.8390502929688,591.641845703125,596.4192504882812,588.075927734375,590.2017822265625,11593027.0,-0.001311913395200759,0.013221309606484374,0.4541267882489209
2019-06-27,563.9863891601562,582.49853515625,592.8990478515625,581.0584106445312,591.1846923828125,24905533.0,-0.015454011258982714,0.013526953276528074,0.4533914028323442
2019-06-28,554.6687622070312,572.8751831054688,586.4758911132812,570.8407592773438,583.84716796875,18942165.0,-0.016521013861699907,0.013498987658688889,0.4262078140399634
2019-07-01,561.640380859375,580.0755615234375,581.812744140625,569.8350219726562,575.1381225585938,13478857.0,0.012568976526825981,0.013923102200573216,0.4220485941554076
2019-07-02,565.9118041992188,584.4871826171875,585.630126953125,577.5382690429688,582.4071044921875,10146746.0,0.007605263947203955,0.01287914950497849,0.42976619257025817
2019-07-03,567.7044677734375,586.3386840820312,588.14453125,582.9099731445312,586.4987182617188,8806492.0,0.0031677437383648144,0.012926127637516093,0.45259078084083626
2019-07-04,568.3462524414062,587.0015869140625,590.2017822265625,585.1729125976562,585.81298828125,9351405.0,0.001130490782441429,0.012421392611032782,0.4680641969570372
2019-07-05,559.205810546875,577.5610961914062,589.9732055664062,576.0296020507812,587.5044555664062,10926753.0,-0.01608252338300331,0.01272937008327847,0.4467546852211326
2019-07-08,554.2040405273438,572.3951416015625,579.732666015625,570.6350708007812,575.1152954101562,14009219.0,-0.00894441710939975,0.01276110227610837,0.41727681634617103
2019-07-09,566.6200561523438,585.2186279296875,586.7730102539062,569.4006958007812,570.9779052734375,17535754.0,0.022403329310240583,0.013769756280508296,0.4517229897967832
2019-07-10,566.0667724609375,584.647216796875,589.4474487304688,580.0069580078125,585.19580078125,12018196.0,-0.0009764633026994041,0.013738702731512838,0.47800436457301293
2019-07-11,567.2618408203125,585.8815307617188,589.6531982421875,584.8529052734375,588.3731079101562,8608376.0,0.002111179135598329,0.013761345142238096,0.46708298534876763
2019-07-12,566.7970581054688,585.4015502929688,594.3162841796875,584.2814331054688,586.54443359375,15692436.0,-0.0008193442276526186,0.013697524682503862,0.4644232593333289
2019-07-15,564.8494873046875,583.3900146484375,589.5159912109375,580.7612915039062,587.458740234375,10659498.0,-0.0034360989933346353,0.012345817413883985,0.46240934162568853
2019-07-16,572.3300170898438,591.1160888671875,591.9847412109375,583.8242797851562,585.1500854492188,10070773.0,0.013243403691222788,0.012701047097823569,0.49480337754747084
2019-07-17,567.3946533203125,586.0186767578125,592.9447631835938,585.1729125976562,591.7103881835938,9482233.0,-0.008623283109675639,0.012846987698481511,0.478898641956528
2019-07-18,558.5418701171875,576.8753662109375,588.0988159179688,575.1152954101562,586.0872802734375,11942908.0,-0.015602514319301042,0.012808035640711994,0.45912232350386256
2019-07-19,552.85400390625,571.0007934570312,581.9498901367188,568.12060546875,579.7783813476562,16336536.0,-0.010183419570217955,0.012672288489098484,0.4271770047377284
2019-07-22,566.7970581054688,585.4015502929688,587.2301635742188,561.0802612304688,571.9151000976562,29092589.0,0.02522013786768773,0.013613704473259101,0.3979822249915391
2019-07-23,563.720703125,582.2242431640625,591.5275268554688,576.2124633789062,587.458740234375,20316348.0,-0.005427612822747396,0.012244834097376214,0.4095454470483809
2019-07-24,557.3245849609375,575.6181640625,584.6243286132812,573.0808715820312,582.2013549804688,15189179.0,-0.011346253789519256,0.01247055149359663,0.4273335071288825
2019-07-25,545.1077880859375,563.0003662109375,580.1669921875,560.943115234375,577.8582763671875,21805071.0,-0.0219204341682796,0.012932162442080734,0.4091417721762193
2019-07-26,537.2731323242188,554.9085083007812,568.0291748046875,553.1712646484375,563.0003662109375,20387504.0,-0.014372672585047708,0.012810239359834195,0.40313444078271304
2019-07-29,536.0115966796875,553.6055908203125,558.6572875976562,550.93115234375,556.3257446289062,17626045.0,-0.0023480341164165974,0.012373943783251639,0.4161573981253751
2019-07-30,522.7103881835938,539.8677368164062,557.7429809570312,537.6047973632812,554.9771118164062,20853117.0,-0.024815150602128355,0.013114932217897453,0.5088061780027793
2019-07-31,516.2257080078125,533.1702880859375,541.7421264648438,531.41015625,537.5133666992188,21229950.0,-0.012405875839421099,0.013136702933840992,0.5261747460907494
2019-08-01,522.4227294921875,539.5706176757812,543.205078125,525.9013061523438,531.8673095703125,22628222.0,0.01200448057554171,0.013605618868241305,0.5338727920599297
2019-08-02,527.3842163085938,541.4449462890625,547.799560546875,531.2730102539062,537.490478515625,23766807.0,0.009497073033612136,0.013623800242898458,0.4962422728185528
2019-08-05,509.1271667480469,522.701171875,533.5131225585938,515.6836547851562,533.5131225585938,30399133.0,-0.034618119003136716,0.015331988748792595,0.5021674454638677
2019-08-06,502.425537109375,515.82080078125,525.5584716796875,512.940673828125,518.76953125,29067994.0,-0.013162977889153438,0.014107318554928356,0.5759150248857108
2019-08-07,494.0094299316406,507.1803588867187,520.5067749023438,504.3002014160156,514.9979248046875,25349369.0,-0.01675095423324835,0.014257779023411295,0.6438059828193319
2019-08-08,513.1348266601562,526.815673828125,529.3986206054688,500.73431396484375,506.7003173828125,31198568.0,0.038714638971895976,0.017440683656919278,0.6734463186813199
2019-08-09,517.4763793945312,531.2730102539062,537.3990478515625,526.7927856445312,531.1587524414062,21970009.0,0.008460842080497466,0.017675644434337962,0.6297014885525509
2019-08-13,567.6388549804688,582.7728271484375,595.5963134765625,560.4859619140625,563.7546997070312,104827144.0,0.09693674452277357,0.028745099832593064,0.5484393827165132
2019-08-14,573.650390625,588.944580078125,596.3506469726562,585.3329467773438,596.1449584960938,31688983.0,0.010590423104031688,0.02868987365725582,0.5694485188253962
2019-08-16,569.0860595703125,584.2586059570312,590.5675048828125,581.9727783203125,590.293212890625,21977767.0,-0.007956642459032603,0.02867911090384982,0.5785735868741042
2019-08-19,575.58740234375,590.9332275390625,592.8533325195312,585.1729125976562,585.6529541015625,16317602.0,0.011424182097073965,0.028515437194626216,0.5711124978346221
2019-08-20,568.1732177734375,583.3214111328125,590.9332275390625,581.7899169921875,589.6531982421875,14969299.0,-0.012881075124511865,0.028581790582115813,0.5214752753154462
2019-08-21,565.94677734375,581.0355834960938,584.5557861328125,579.001220703125,583.1842651367188,10677848.0,-0.003918594470912362,0.02805992676891708,0.5044852715654279
2019-08-22,555.1705932617188,569.97216796875,581.0584106445312,566.3834228515625,581.0355834960938,14031953.0,-0.019040984971429364,0.02836920986422499,0.5244181075948936
2019-08-23,568.128662109375,583.2756958007812,587.0015869140625,560.7145385742188,566.4291381835938,21307915.0,0.02334069744495193,0.028722589675493744,0.5520885033516327
2019-08-26,564.0987548828125,579.1383666992188,591.5732421875,575.5724487304688,591.5732421875,19202504.0,-0.007093300330245689,0.028278567130552795,0.5921180213284764
2019-08-27,567.6834106445312,582.8185424804688,587.458740234375,576.5781860351562,587.458740234375,28401906.0,0.00635465994329909,0.028022510917838174,0.5724625935593614
2019-08-28,562.540283203125,577.5382690429688,585.630126953125,574.2238159179688,582.315673828125,11605488.0,-0.009059851573902544,0.028131376553277455,0.5553416645801492
2019-08-29,552.9441528320312,567.6863403320312,576.1439208984375,564.7376098632812,574.4066772460938,18890222.0,-0.017058565684315186,0.027782202775281137,0.5583641220407499
2019-08-30,555.9720458984375,570.7950439453125,573.469482421875,558.2001342773438,569.4006958007812,24735240.0,0.005475947346397003,0.02754128768570544,0.5438267009008023
2019-09-03,537.2030029296875,551.5255126953125,568.2578125,548.599609375,567.9149169921875,18730619.0,-0.033758968831642755,0.028722484561154806,0.553042264096987
2019-09-04,534.865234375,549.1253662109375,550.999755859375,542.22216796875,548.85107421875,32949395.0,-0.004351741412349286,0.028693435568540697,0.5172533869835434
2019-09-05,533.7296752929688,547.9595947265625,554.6342163085938,545.53662109375,551.7083740234375,22995486.0,-0.0021230751394005765,0.027458972841321965,0.5317318997839489
2019-09-06,544.3722534179688,558.8858642578125,561.8574829101562,546.4281005859375,549.9711303710938,23186819.0,0.019940015737663908,0.027449699623248294,0.5167640003136348
2019-09-09,544.2386474609375,558.7487182617188,563.6860961914062,554.6113891601562,558.0401000976562,11747929.0,-0.0002454312397305314,0.027026377848829386,0.5415178033482175
2019-09-11,549.6712036132812,564.326171875,566.8862915039062,558.8858642578125,558.8858642578125,12127900.0,0.009981937478509728,0.02589016866794243,0.5651686253899726
2019-09-12,538.9617919921875,553.331298828125,567.0919799804688,551.2055053710938,564.6004638671875,11880005.0,-0.019483304838774695,0.02637214899371395,0.5745390515745967
2019-09-13,545.7526245117188,560.3031005859375,561.6288452148438,551.7540893554688,554.0856323242188,12947715.0,0.012599840323429978,0.014541595851699406,0.5615460713508943
2019-09-16,539.1400146484375,553.51416015625,557.3314819335938,542.2449951171875,543.57080078125,20547730.0,-0.01211649668051984,0.014403873241117195,0.5693408179649935
2019-09-17,533.217529296875,547.433837890625,553.6284790039062,545.6280517578125,553.6284790039062,15640772.0,-0.010985059892882232,0.01447448370389915,0.5689243279128458
2019-09-18,536.8912353515625,551.2055053710938,556.0514526367188,547.319580078125,550.8626098632812,14933909.0,0.00688969482967261,0.014268227267113747,0.5554856549053223
2019-09-19,525.024169921875,539.02197265625,553.0341186523438,536.0961303710938,552.1883544921875,13766222.0,-0.022103295133728218,0.014732999025668388,0.5139878943038225
2019-09-20,558.5547485351562,573.4465942382812,580.5555419921875,536.8504638671875,543.0907592773438,48165560.0,0.06386482858164544,0.021123786641594065,0.48915139070001246
2019-09-23,551.8086547851562,566.5205688476562,585.630126953125,564.6004638671875,582.49853515625,21610844.0,-0.012077766356282993,0.02085691808264187,0.4929945817483737
2019-09-24,569.3977661132812,584.57861328125,593.7676391601562,568.1434936523438,568.5321044921875,34958974.0,0.031875381394612656,0.02144090307097488,0.5114455434158384
2019-09-25,569.7762451171875,584.9672241210938,592.0304565429688,580.0755615234375,587.0015869140625,18192270.0,0.0006647005422759644,0.021369665305738625,0.5276894879997344
2019-09-26,577.4575805664062,592.8533325195312,593.7676391601562,586.7730102539062,590.658935546875,18350457.0,0.013481319228461075,0.021527503563798865,0.5251517336850565
2019-09-27,582.912353515625,598.45361328125,601.1737670898438,587.0015869140625,590.8875122070312,19058663.0,0.00944618814055298,0.02146679079844189,0.4897144475086737
2019-09-30,593.2432250976562,609.0598754882812,610.6599731445312,596.853515625,598.887939453125,25263770.0,0.01772285579422772,0.021249671933917177,0.4220377997965617
2019-10-01,581.064453125,596.556396484375,613.5172729492188,591.2532348632812,611.2314453125,17920384.0,-0.020529137893907645,0.02192249569958566,0.45738333543831206
2019-10-03,583.802978515625,599.3679809570312,601.03662109375,585.7672729492188,587.9159545898438,13524851.0,0.0047129460009076585,0.02019970126926329,0.474745696178352
2019-10-04,582.4893188476562,598.019287109375,607.3912353515625,596.0763549804688,603.4138793945312,14992253.0,-0.0022501763716740175,0.020157429532914887,0.4591201013794115
2019-10-07,583.3800048828125,598.9336547851562,603.8253173828125,595.0934448242188,598.019287109375,10061584.0,0.0015291027772290633,0.020111111894156014,0.4843182905540045
2019-10-09,589.9035034179688,605.631103515625,608.0084228515625,590.8875122070312,598.2936401367188,17588647.0,0.011182245672726854,0.019854283174678942,0.5627302995098724
2019-10-10,606.8248291015625,623.0034790039062,625.8607177734375,603.916748046875,605.7454223632812,35006390.0,0.028684904540402956,0.02055428647782986,0.5688936100503144
2019-10-11,602.3049926757812,618.3632202148438,624.306396484375,611.0256958007812,623.437744140625,16597126.0,-0.007448337986553866,0.02072992156911999,0.6033208114346247
2019-10-14,604.7095947265625,620.8319091796875,624.0092163085938,617.5631713867188,624.0092163085938,13394275.0,0.003992332921064934,0.01993288558446037,0.6110682638425097
2019-10-15,607.4481201171875,623.6434936523438,626.3179321289062,619.140380859375,622.88916015625,9672791.0,0.00452866204622282,0.019872926678914073,0.6442210062667998
2019-10-16,611.099609375,627.3922729492188,630.7295532226562,623.437744140625,626.272216796875,19403660.0,0.006011195255831936,0.019433138248850942,0.6209357986142517
2019-10-17,621.8533935546875,638.4328002929688,639.5757446289062,627.2322387695312,628.603759765625,16038940.0,0.01759743258662194,0.019131368460745365,0.6383373861754821
2019-10-18,630.6924438476562,647.507568359375,652.787841796875,639.4385986328125,641.861572265625,28121951.0,0.014214042062940635,0.019181274824107634,0.6395982179265512
2019-10-22,629.7128295898438,646.5018310546875,656.8794555664062,641.5643920898438,651.4620361328125,27786502.0,-0.0015532360778515164,0.01798239800609171,0.5612907012481341
2019-10-23,620.027587890625,636.5584106445312,651.8963623046875,632.3296508789062,647.4847412109375,18446160.0,-0.015380410314217552,0.013492688433754422,0.556320482120635
2019-10-24,639.642822265625,656.6965942382812,658.9595947265625,633.884033203125,640.4900512695312,22642488.0,0.03163606710103384,0.014054948148993225,0.6007529234361272
2019-10-25,637.3051147460938,654.2965087890625,658.982421875,645.176025390625,658.8224487304688,13539957.0,-0.003654707655830536,0.013019940648729711,0.6276016923497926
2019-10-27,638.6632690429688,655.6908569335938,660.6054077148438,653.7478637695312,658.7767333984375,3014841.0,0.002131089591860702,0.01299402166077235,0.6492306172765862
2019-10-29,653.2689208984375,670.6859130859375,676.606201171875,659.2796020507812,660.833984375,25768505.0,0.022869096382128307,0.013447639588223087,0.703504464837067
2019-10-30,658.6348266601562,676.1947631835938,678.6863403320312,667.6000366210938,676.606201171875,16341366.0,0.008213930879092057,0.013435148652907427,0.6721648156698004
2019-10-31,652.0665283203125,669.4515380859375,681.0178833007812,668.2400512695312,678.4348754882812,19463741.0,-0.009972594940280688,0.013612237545938738,0.6481292430161825
2019-11-01,648.7491455078125,666.045654296875,668.2857666015625,658.7767333984375,665.1770629882812,13904301.0,-0.005087491334734517,0.012490096824314867,0.6301481349912943
2019-11-04,649.0831909179688,666.3885498046875,672.49169921875,660.651123046875,670.16015625,14063434.0,0.0005149068980965232,0.012540921549920446,0.6194616049837267
2019-11-05,644.4743041992188,661.6568603515625,671.5545043945312,658.7767333984375,668.880126953125,12685356.0,-0.0071006101887061135,0.012741696821596222,0.592790280824925
2019-11-06,638.9526977539062,655.9879760742188,661.2682495117188,653.0621337890625,659.5538940429688,14625505.0,-0.008567613028689025,0.013087835802233565,0.5952043533834681
2019-11-07,649.5062255859375,666.8228759765625,668.8343505859375,654.753662109375,656.0337524414062,14084039.0,0.016516915679564148,0.013281108207184374,0.6221046439213186
2019-11-08,643.6727905273438,660.833984375,667.3028564453125,658.9138793945312,662.43408203125,12019353.0,-0.008981338174751552,0.01237133734560379,0.6143260915842406
2019-11-11,635.7911376953125,652.7421264648438,660.2625122070312,650.3419799804688,657.9080810546875,11357841.0,-0.012244812811761152,0.012628843176065321,0.6303753407038157
2019-11-13,655.6068115234375,673.0859985351562,674.7318115234375,653.7478637695312,653.7478637695312,25225749.0,0.031166955078919534,0.014137421826268261,0.6354555391258532
2019-11-14,651.3541259765625,668.7200927734375,677.337646484375,665.5427856445312,674.7775268554688,14258133.0,-0.006486640272990729,0.014334790432122532,0.6385160859737667
2019-11-15,654.9609985351562,672.4231567382812,679.7149658203125,668.9029541015625,670.0458984375,15691605.0,0.00553749859676711,0.014330973927885285,0.6031207133491047
2019-11-18,649.7733154296875,667.09716796875,679.3491821289062,665.3599243164062,673.2460327148438,14076051.0,-0.007920598504447152,0.014151037755333787,0.58116455704031
2019-11-19,672.2828979492188,690.2069091796875,692.5613403320312,669.7487182617188,670.6630249023438,30176255.0,0.0346422082671185,0.01570836110824792,0.5628781219215909
2019-11-20,689.1596069335938,707.5335083007812,718.848388671875,705.4991455078125,710.9165649414062,43538120.0,0.025103582191153384,0.016389775156555868,0.5762761736817223
2019-11-21,684.6843872070312,702.93896484375,711.350830078125,698.8016357421875,706.322021484375,14897371.0,-0.006493734806186535,0.015932330718202582,0.5933942713703257
2019-11-22,688.6476440429688,707.0077514648438,717.5225830078125,702.93896484375,704.9962158203125,22352865.0,0.005788443420047029,0.014663578921089339,0.640211001355278
2019-11-25,695.3492431640625,713.8881225585938,715.3739013671875,709.0650024414062,709.1336059570312,15146156.0,0.009731535683110026,0.014610874495889856,0.6505921240133742
2019-11-26,694.7703247070312,713.2938232421875,720.6541748046875,711.350830078125,716.882568359375,35330983.0,-0.0008325578300725223,0.01465079706084526,0.6896704310925033
2019-11-27,699.0451049804688,717.6826171875,720.265625,711.3965454101562,713.1566772460938,9642739.0,0.0061527962859382335,0.013999219504275528,0.6797868091143414
2019-11-28,703.698486328125,722.4600219726562,724.2200927734375,714.9853515625,718.962646484375,13747479.0,0.006656768375177036,0.013975839838742019,0.6786111525524754
2019-11-29,690.7182006835938,709.1336059570312,723.2142944335938,707.6249389648438,723.2142944335938,18559594.0,-0.01844580583406108,0.014520558567910026,0.647916845760516
2019-12-02,706.4593505859375,725.29443359375,738.0722045898438,720.9513549804688,731.4661865234375,31225364.0,0.022789539767107625,0.015034035571751632,0.64211971624408
2019-12-03,703.0750122070312,721.8199462890625,728.72314453125,718.9398193359375,728.1517333984375,12990426.0,-0.00479056349965401,0.015152100215993072,0.6298829234654758
2019-12-04,691.408447265625,709.8422241210938,721.179931640625,701.1788940429688,719.1226806640625,20987607.0,-0.016593627619880258,0.01566191169283805,0.6059031926723702
2019-12-05,690.5845947265625,708.9964599609375,722.2085571289062,705.8648681640625,719.579833984375,19942460.0,-0.0011915569477356502,0.01544474753554031,0.658171397476173
2019-12-06,692.3880615234375,710.8479614257812,716.8368530273438,704.5390625,709.9793701171875,13085234.0,0.0026115074252257564,0.015162274918606443,0.6764188814556871
2019-12-09,700.2697143554688,718.9398193359375,721.1342163085938,707.0077514648438,711.41943359375,12642677.0,0.011383288173238526,0.014976056219634104,0.6895290352095033
2019-12-10,695.5272827148438,714.0709838867188,719.39697265625,710.5050659179688,718.6883544921875,10173333.0,-0.0067722929371434315,0.014704853443090025,0.7109967451676787
2019-12-11,695.7277221679688,714.2767333984375,719.8084106445312,708.8821411132812,711.16796875,12364641.0,0.0002881834517585169,0.01332518149945488,0.6960239783518378
2019-12-12,698.3104248046875,716.9282836914062,719.5112915039062,711.6480102539062,717.865478515625,10326606.0,0.0037122318896116724,0.013134482252030705,0.6681164300681953
2019-12-13,704.8563232421875,723.6486206054688,726.89453125,718.848388671875,722.3228149414062,12668303.0,0.009373909088255195,0.013192647114910097,0.6774953664693847
2019-12-16,697.5980834960938,716.1968383789062,728.6774291992188,715.168212890625,727.808837890625,11892718.0,-0.010297474118849403,0.013313556481256102,0.6667386894838759
2019-12-17,695.861328125,714.4138793945312,721.8656616210938,711.1451416015625,716.265380859375,20324601.0,-0.0024896217638525897,0.01118109886884431,0.6642371400110042
2019-12-18,701.7169799804688,720.4255981445312,722.3228149414062,714.0938720703125,714.551025390625,14742077.0,0.00841496950440801,0.009898355561685694,0.6444581944405999
2019-12-19,716.9014892578125,736.0149536132812,738.2779541015625,718.5740966796875,719.4426879882812,20507816.0,0.021639079159473162,0.010747432715674876,0.6971881675225188
2019-12-20,712.070068359375,731.0547485351562,739.4894409179688,729.6832275390625,738.3236694335938,21271510.0,-0.00673930933445166,0.010900858508111063,0.7368152259305447
2019-12-23,699.7353515625,718.3912353515625,721.2027587890625,712.1737670898438,713.2252197265625,25107772.0,-0.017322335743299,0.0115168518097603,0.7488417222438768
2019-12-24,688.625244140625,706.9849243164062,718.6883544921875,705.1790771484375,717.248291015625,18048449.0,-0.015877584856998084,0.012077733354571357,0.7859207580939894
2019-12-26,674.7988891601562,692.7899169921875,709.9564819335938,690.3897705078125,704.79052734375,29761019.0,-0.020078199424308774,0.012737775177196223,0.7798382037357476
2019-12-27,686.799560546875,705.1105346679688,706.87060546875,695.4871826171875,698.093017578125,17677571.0,0.017784071046196503,0.01334968627659373,0.7951905050027352
2019-12-30,687.623291015625,705.956298828125,707.5335083007812,698.5730590820312,706.75634765625,17123749.0,0.0011993753579198074,0.012716263269613443,0.7823182746522074
2019-12-31,674.19775390625,692.1727294921875,705.7277221679688,689.4297485351562,704.9505004882812,22203005.0,-0.019524552592663613,0.012209088080529762,0.7995753891477366
2020-01-01,672.2161254882812,690.1383056640625,698.1387329101562,688.2639770507812,693.978515625,14004468.0,-0.002939239127522031,0.01219593137507299,0.7787661411725872
2020-01-02,683.6602172851562,701.8875122070312,704.4705200195312,691.2355346679688,691.2355346679688,17710316.0,0.017024423192112836,0.012418184370745988,0.813904924229091
2020-01-03,684.4840087890625,702.7332763671875,704.79052734375,696.2643432617188,700.8359985351562,20984698.0,0.001204972123692638,0.012422620728423702,0.8416210190951436
2020-01-06,668.609375,686.435302734375,698.5044555664062,684.835205078125,694.8928833007812,24519177.0,-0.02319211783653896,0.013398281632406405,0.8646347715677364
2020-01-07,678.8956909179688,696.995849609375,701.5217895507812,691.9212646484375,694.4356689453125,16683622.0,0.015384642068425602,0.013631156782896694,0.8059976152483231
2020-01-08,673.7969970703125,691.7612915039062,701.4989013671875,690.3212280273438,692.6070556640625,16047902.0,-0.0075102757549720955,0.013647282189487027,0.794154099350313
2020-01-09,689.3155517578125,707.6935424804688,708.6078491210938,700.0360107421875,703.3961791992188,14982742.0,0.023031498737713374,0.014710050988763497,0.8341744784108773
2020-01-10,689.1596069335938,707.5335083007812,712.2423095703125,703.8761596679688,709.4764404296875,12478359.0,-0.00022623140276045728,0.014678995094460022,0.8257543841654631
2020-01-13,687.400634765625,705.7277221679688,712.585205078125,703.3047485351562,706.3449096679688,18282382.0,-0.0025523436810164224,0.014495428873867266,0.8127083506251194
2020-01-14,681.0330200195312,699.1902465820312,708.6078491210938,695.7386474609375,704.0361938476562,15816535.0,-0.009263323925013278,0.014462901410961236,0.8278453381110926
2020-01-15,678.5617065429688,696.6529541015625,703.990478515625,694.0928344726562,702.1389770507812,15817859.0,-0.0036287718861144347,0.01447089624682201,0.7892965292635632
2020-01-16,684.8179321289062,703.0761108398438,705.5676879882812,698.5501708984375,699.0073852539062,12847975.0,0.009219832957876095,0.01450001109413976,0.7690349996144782
2020-01-17,704.0101928710938,722.780029296875,724.5858154296875,710.07080078125,710.2079467773438,29463471.0,0.028025347821316826,0.01508601834966239,0.7911181399821143
2020-01-20,682.3466796875,700.5388793945312,735.5806884765625,697.8187255859375,735.5806884765625,32545850.0,-0.030771590245370795,0.016477036834717126,0.8368511651832848
2020-01-21,683.0369262695312,701.2474975585938,706.7106323242188,695.8071899414062,698.8245239257812,18922720.0,0.0010115775493293455,0.016085092578535014,0.8503522376298664
2020-01-22,682.7919311523438,700.9960327148438,707.1220703125,699.9674072265625,705.8648681640625,10322817.0,-0.0003586850253112228,0.0157036798146346,0.874748777342459
2020-01-23,679.8974609375,698.0244750976562,704.9276733398438,695.212890625,702.4360961914062,11247739.0,-0.004239168746412614,0.015039517320012123,0.8741256941724266
2020-01-24,677.5375366210938,695.6015014648438,702.3675537109375,694.22998046875,698.093017578125,14628445.0,-0.0034710003375394427,0.014493762761428776,0.8708696706694301
2020-01-27,670.8580322265625,688.7439575195312,696.92724609375,688.0353393554688,692.5613403320312,13387750.0,-0.009858500870434717,0.014632608750975001,0.8901199346683505
2020-01-28,655.36181640625,672.8345947265625,690.3212280273438,669.1087036132812,689.68115234375,24532236.0,-0.023099098581082722,0.014888678884392359,0.904848827738266
2020-01-29,658.96875,676.5376586914062,683.1893920898438,669.3143920898438,673.8860473632812,24746565.0,0.005503728632725302,0.014959590324992366,0.8634227736172948
2020-01-30,642.8935546875,660.033935546875,676.4690551757812,658.319580078125,676.1490478515625,22402689.0,-0.024394472897994013,0.015214085517581294,0.8217710034969281
2020-01-31,628.5997314453125,645.35888671875,664.3770141601562,643.3245239257812,664.2626953125,34750310.0,-0.022233576830826163,0.015769044629985213,0.8299014293672717
2020-02-03,616.9552001953125,633.4039916992188,640.0100708007812,623.140625,626.272216796875,30712290.0,-0.018524556514248336,0.015504418271532497,0.8439860994714234
2020-02-04,635.1676635742188,652.1021118164062,654.8908081054688,639.0271606445312,640.0328979492188,25383901.0,0.029519912261280368,0.016705328338233228,0.8633626209891387
2020-02-05,645.0086669921875,662.2054443359375,664.1712646484375,653.8850708007812,655.9879760742188,18472100.0,0.015493552304900682,0.017177538510594365,0.8899127988781814
2020-02-06,649.1499633789062,666.4570922851562,670.6630249023438,658.3652954101562,664.765625,15538577.0,0.006420528279147852,0.01627957497580853,0.8856145064864389
2020-02-07,638.3961181640625,655.4165649414062,663.965576171875,652.970703125,663.348388671875,12209212.0,-0.01656604147194074,0.016547643143532118,0.8627373997206323
2020-02-10,639.2643432617188,656.3080444335938,660.833984375,644.810302734375,652.8335571289062,15142476.0,0.0013600099890223039,0.016584862065192524,0.8463589790991128
2020-02-11,646.9012451171875,664.1484375,670.2973022460938,660.6282348632812,661.7025756835938,13999816.0,0.011946391091520958,0.016872070987080882,0.8534701759091247
2020-02-12,654.7161865234375,672.1716918945312,674.2518310546875,665.1770629882812,665.7028198242188,13533565.0,0.01208057870538548,0.01717635997870434,0.8321373372968074
2020-02-13,656.4305419921875,673.9317626953125,675.5775756835938,668.6514892578125,675.5775756835938,13565659.0,0.002618471184977489,0.01701926143312449,0.7631199246119518
2020-02-14,662.419677734375,680.0806884765625,686.4124145507812,664.3084106445312,675.3489990234375,21227841.0,0.00912379202224689,0.01574246627076013,0.7515711603430895
2020-02-17,658.2561645507812,675.80615234375,688.5610961914062,674.0003662109375,680.720703125,13149130.0,-0.006285310239928066,0.014353448868073309,0.7332806105221967
2020-02-18,653.4246826171875,670.8458862304688,674.7318115234375,666.2742309570312,674.7318115234375,11127161.0,-0.0073398202611455465,0.014391913330539262,0.7534398986971845
2020-02-19,669.6334838867188,687.4867553710938,688.6982421875,674.3660888671875,676.3090209960938,14084409.0,0.024805921326096048,0.015602653166962308,0.762768468707185
2020-02-20,661.6849975585938,679.3263549804688,689.4068603515625,678.3434448242188,684.3780517578125,16892268.0,-0.01186990573110236,0.015781981018969094,0.7417715538434703
2020-02-24,643.4279174804688,660.58251953125,675.2346801757812,658.1138305664062,671.9202270507812,21370214.0,-0.02759179994330807,0.01684725611965234,0.7238048341430507
2020-02-25,630.7147827148438,647.5304565429688,663.53125,644.6045532226562,663.53125,27745062.0,-0.019758444450789447,0.017217915027954646,0.7044874639946277
2020-02-26,619.8494873046875,636.3755493164062,645.6788940429688,634.249755859375,644.6045532226562,29362748.0,-0.01722695536544705,0.016903243702615377,0.6831724658385391
2020-02-27,617.2892456054688,633.7468872070312,637.198486328125,625.8607177734375,634.546875,25054993.0,-0.004130424807402111,0.016795707204005986,0.6401158673148971
2020-02-28,591.6401977539062,607.4140625,620.374755859375,605.7454223632812,619.4146728515625,39315769.0,-0.0415511010991364,0.01830902513832535,0.5697152580301269
2020-03-02,586.0740966796875,601.6995239257812,625.8607177734375,594.8191528320312,619.506103515625,29500495.0,-0.009407915647634879,0.017855224014698887,0.5591512346916315
2020-03-03,597.9634399414062,613.9058227539062,618.95751953125,604.3739013671875,607.8941040039062,27398798.0,0.020286416562472098,0.018223778970937098,0.580160083564498
2020-03-04,596.5606689453125,612.4657592773438,618.9118041992188,597.9278564453125,618.0889282226562,22105261.0,-0.002345914319161757,0.016707811940886438,0.6074435478200746
2020-03-05,583.8475952148438,599.4136962890625,620.80908203125,597.0592651367188,618.1803588867188,30510390.0,-0.021310613307687243,0.01659048024283257,0.6105602353225892
2020-03-06,565.9689331054688,581.0584106445312,588.8988647460938,567.38916015625,580.6012573242188,33734039.0,-0.030622138818257927,0.017319235158290213,0.6435686569348479
2020-03-09,496.12457275390625,509.3518981933594,567.3434448242188,500.59716796875,566.9091186523438,88187018.0,-0.12340670355937533,0.031333377959414405,0.7514457572820596
2020-03-11,513.669189453125,527.3642578125,538.7476806640625,506.5403137207031,506.5403137207031,59578576.0,0.035363329419124456,0.032977617231468706,0.7616829953790699
2020-03-12,473.3477783203125,485.96783447265625,503.3401489257813,479.4303588867187,496.0255126953125,55970485.0,-0.07849684575347116,0.03583898459969839,0.7859126869604538
2020-03-13,492.1837463378906,505.3059692382813,521.1696166992188,430.8335876464844,456.25201416015625,73297403.0,0.03979308424012906,0.03743528883919478,0.7777408103088116
2020-03-16,452.2853393554687,464.3438720703125,493.6025085449219,459.4521789550781,484.8477783203125,38482258.0,-0.0810640482935232,0.040122830316485635,0.7293851420975159
2020-03-17,448.8566284179687,460.8236999511719,484.5963439941406,458.6293029785156,478.7674560546875,45445979.0,-0.0075808580096495826,0.039707833658304215,0.7131738912085259
2020-03-18,431.2674560546875,442.765625,473.5786437988281,439.3368835449219,468.732666015625,44730415.0,-0.03918661605884188,0.0398569791422092,0.7592129081781764
2020-03-19,408.64654541015625,419.54156494140625,442.0798645019531,407.8838195800781,420.6387634277344,61404010.0,-0.052452162403978764,0.04036816599976953,0.7886575742678695
2020-03-20,453.2872924804687,465.37249755859375,473.1214599609375,425.1647033691406,429.5077819824219,63360475.0,0.10924048562678235,0.04904587900815849,0.7781518720718882
2020-03-23,393.6624145507813,404.1579284667969,434.30804443359375,400.3177185058594,418.8558044433594,40670949.0,-0.1315388251971712,0.055156333449579105,0.7651838272187842
2020-03-24,420.0906066894531,431.2907409667969,443.4513549804687,409.5296325683594,425.1647033691406,45734887.0,0.06713415139931445,0.05879240378032322,0.7624286983915496
2020-03-25,481.9197082519531,494.7682800292969,526.4498901367188,440.3655090332031,440.616943359375,73130298.0,0.1471803953193518,0.06959818296880319,0.7368849816327948
2020-03-26,474.772705078125,487.4307556152344,510.6091003417969,476.52734375,500.962890625,45744488.0,-0.014830277848051021,0.069589079744296,0.7334683483713792
2020-03-27,474.5055236816406,487.1564636230469,506.2203063964844,478.2874450683594,500.59716796875,41657940.0,-0.0005627564382422179,0.06961203994119526,0.7268413810185084
2020-03-30,458.8533935546875,471.0870666503906,491.3623962402344,466.3096923828125,475.7273254394531,30229866.0,-0.032986191615873794,0.06943882802127842,0.6529071181612697
2020-03-31,495.9464416503906,509.1690368652344,516.5065307617188,479.1103515625,490.9738159179687,44292810.0,0.08083856111065746,0.07237281100901093,0.6023912801408813
2020-04-01,481.1181640625,493.9454040527344,514.1292724609375,477.8302917480469,513.054931640625,41597459.0,-0.02989894944814142,0.0722897072064504,0.6197402807021465
2020-04-03,479.7823181152344,492.5738830566406,518.6323852539062,482.9048156738281,518.6323852539062,41367807.0,-0.0027765444064424827,0.0722878930623783,0.6322884905106976
2020-04-07,537.0693359375,551.3883666992188,554.9999389648438,502.8829956054687,503.8430480957031,54373624.0,0.1194021031189949,0.07761245494920298,0.6296887840245465
2020-04-08,530.8575439453125,545.0108642578125,561.8574829101562,530.31298828125,539.456298828125,49880330.0,-0.01156608947212423,0.07735035715229231,0.6573143670098518
2020-04-09,543.2366943359375,557.7200927734375,563.5946655273438,545.3994750976562,554.9999389648438,33032857.0,0.023319156959932474,0.07182768935294781,0.709450396527502
2020-04-13,529.5216674804688,543.639404296875,555.4571533203125,539.456298828125,550.4054565429688,23673784.0,-0.025246871204520294,0.07184514429659011,0.7069077075857945
2020-04-15,512.0215454101562,525.6727294921875,565.0576171875,522.5411376953125,547.2509765625,35321842.0,-0.03304892536991033,0.06978998619750214,0.7115683290701085
2020-04-16,520.1259765625,533.9931640625,542.8621826171875,523.4555053710938,525.6727294921875,37455706.0,0.015828301025597735,0.0693875839052433,0.7436353006628411
2020-04-17,545.0401000976562,559.5715942382812,562.3146362304688,545.2394409179688,555.914306640625,33269335.0,0.047900171608065145,0.06691600534217852,0.6808943164153071
2020-04-20,553.8569946289062,568.62353515625,574.6580810546875,549.5139770507812,560.4859619140625,36030932.0,0.01617659788641279,0.06677094792282684,0.6426510173041321
2020-04-21,550.98486328125,565.6748046875,572.3722534179688,532.1416625976562,553.1712646484375,61371628.0,-0.005185691208216325,0.06580767704091678,0.6675417222507347
2020-04-22,607.2031860351562,623.3920288085938,633.1296997070312,594.3162841796875,603.4595947265625,142683366.0,0.1020324268422046,0.06661590404378065,0.6616236768724563
2020-04-23,610.4537963867188,626.7293701171875,633.5640258789062,618.6832275390625,625.1064453125,65464502.0,0.005353414518108668,0.06343547733098084,0.6716163741443228
2020-04-24,630.9819946289062,647.8047485351562,683.4408569335938,615.89453125,617.2431640625,134986308.0,0.033627767348969106,0.0529879472079756,0.6813310024157703
2020-04-27,636.6594848632812,653.6336059570312,674.3203735351562,650.5477294921875,655.5765380859375,58482901.0,0.008997864095494634,0.052150673257762695,0.7110747994836156
2020-04-28,635.9469604492188,652.9021606445312,665.3827514648438,636.4441528320312,662.8912353515625,78453401.0,-0.0011191609188316853,0.04322915104132777,0.7110585938180881
2020-04-29,635.41259765625,652.353515625,664.5598754882812,649.1762084960938,660.5596923828125,37494672.0,-0.0008402631448876097,0.04283564202178861,0.6860355775897837
2020-04-30,652.80126953125,670.2058715820312,683.4408569335938,657.4281005859375,664.697021484375,71345899.0,0.02736595393156982,0.042739145351744876,0.6894762544635726
2020-05-04,639.0863037109375,656.1251831054688,669.7487182617188,648.0104370117188,658.319580078125,53456868.0,-0.021009404332440473,0.04208210462194543,0.6415808482224072
2020-05-05,650.4190063476562,667.760009765625,676.1490478515625,661.6111450195312,664.582763671875,44903763.0,0.017732663915521085,0.03936153571762219,0.6011416327151401
2020-05-06,650.4635620117188,667.8057861328125,678.8692016601562,660.833984375,669.2915649414062,40489094.0,6.850301671335046e-05,0.03813979492746479,0.617164514180155
2020-05-07,671.0360717773438,688.9268188476562,691.9898681640625,660.6054077148438,665.1770629882812,50026966.0,0.031627459195407326,0.0380311453236485,0.625731047689557
2020-05-08,695.4605712890625,714.00244140625,722.277099609375,702.7103881835938,706.322021484375,84262770.0,0.036398191600977015,0.030018736260605246,0.6579256805088309
2020-05-11,702.1399536132812,720.8599243164062,738.3236694335938,718.8026733398438,722.3228149414062,67085063.0,0.009604257379880243,0.02945932656139829,0.6592870060184972
2020-05-12,658.7014770507812,676.2633056640625,716.9968872070312,669.7487182617188,715.3739013671875,100683202.0,-0.06186583791302769,0.03393241641950667,0.6970311684793982
2020-05-13,672.677001953125,690.6114501953125,704.7102661132812,671.020751953125,704.7102661132812,66430125.0,0.02121678087760892,0.03295281114220844,0.7002110939333821
2020-05-14,645.4812622070312,662.690673828125,690.726806640625,659.9678344726562,677.9432373046875,49266771.0,-0.04042912076246197,0.03352655414678272,0.68191829351298
2020-05-15,656.0224609375,673.5128784179688,676.8818359375,653.0684204101562,666.40576171875,62152260.0,0.01633075868759737,0.03352962467480996,0.7146302510397313
2020-05-18,647.6390380859375,664.9058837890625,683.9427490234375,659.0217895507812,678.40478515625,62796089.0,-0.012779170456423183,0.03286794577146133,0.7018505900781981
2020-05-19,633.3218994140625,650.2070922851562,674.5743408203125,647.5996704101562,672.4052734375,42315854.0,-0.022106664098242912,0.03354590308799044,0.648352831583513
2020-05-20,644.4698486328125,661.65234375,667.7210693359375,642.8692626953125,650.7147827148438,55320985.0,0.01760234286713258,0.033488204751116364,0.6767976222416683
2020-05-21,647.8637084960938,665.1366577148438,674.4589233398438,657.6372680664062,662.2522583007812,39167981.0,0.00526612667835602,0.025215378266982887,0.6737847222313798
2020-05-22,643.5034790039062,660.6600952148438,672.8667602539062,658.3295288085938,670.0054931640625,37828973.0,-0.006730164747627332,0.02531451723148209,0.6908055500458559
2020-05-26,640.132080078125,657.1988525390625,669.0363159179688,653.6221923828125,668.3209838867188,33216635.0,-0.00523913084510419,0.024307152649018622,0.715680604834325
2020-05-27,649.7966918945312,667.12109375,671.020751953125,651.6377563476562,660.40625,35667956.0,0.01509784014453186,0.024450575710330758,0.770374157918388
2020-05-28,661.7987060546875,679.443115234375,682.9043579101562,668.7132568359375,671.4822387695312,40126278.0,0.01847041437709307,0.024738835411135893,0.7948468448735572
2020-05-29,658.2699584960938,675.8203735351562,679.3277587890625,670.3977661132812,677.4817504882812,40022527.0,-0.00533205569353612,0.024789078298221412,0.7507777262187114
2020-06-01,683.4204711914062,701.6412963867188,709.9483032226562,681.1506958007812,683.019775390625,39943702.0,0.03820698844099191,0.025480342712877028,0.7288411975113526
2020-06-02,690.3203735351562,708.7252807617188,710.7097778320312,701.8489379882812,704.248779296875,22153960.0,0.010096130617394783,0.02490583626764242,0.6775476827184194
2020-06-03,692.9951171875,711.4712524414062,719.9397583007812,707.6407470703125,713.0172729492188,25381289.0,0.0038746410433263545,0.024700335849758174,0.6246815700897487
2020-06-04,710.1441650390625,729.0774536132812,733.5540161132812,711.1712646484375,712.5557250976562,34202350.0,0.024746275155821396,0.025134102316686485,0.6278231607143002
2020-06-05,710.9981689453125,729.9542846679688,746.7067260742188,726.2622680664062,736.0922241210938,33076685.0,0.0012025782204421187,0.024326474301570637,0.6222555888132817
2020-06-08,705.5140991210938,724.323974609375,746.891357421875,722.2472534179688,746.891357421875,31414953.0,-0.007713198238405772,0.023126460138435546,0.6415178532811202
2020-06-09,690.97216796875,709.3944702148438,730.5542602539062,707.479248046875,720.0781860351562,25857161.0,-0.02061182217401414,0.023516809274361516,0.6588706190469149
2020-06-10,706.7052612304688,725.5469970703125,728.9620971679688,710.7328491210938,712.140380859375,22132647.0,0.022769503593710994,0.019099746194717403,0.7101030513044165
2020-06-11,691.219482421875,709.6483154296875,723.608642578125,706.5562744140625,722.708740234375,20385805.0,-0.021912641178913672,0.0194491311603108,0.7166518278723103
2020-06-12,714.189697265625,733.23095703125,735.1692504882812,690.865234375,692.249755859375,38548899.0,0.033231434338725,0.01800391836265796,0.7054359848545543
2020-06-15,725.7647705078125,745.1145629882812,750.837158203125,720.4473876953125,722.2472534179688,53107403.0,0.016207281183842737,0.01799992974443623,0.7233650717610303
2020-06-16,727.1806640625,746.5682983398438,760.8055419921875,731.6156616210938,758.2442626953125,51187003.0,0.0019508987101934938,0.017519761146838644,0.672739182455057
2020-06-17,726.1243286132812,745.4837646484375,754.7598876953125,739.368896484375,742.2070922851562,41782053.0,-0.00145264512853982,0.01634823881317031,0.6329176793106274
2020-06-18,744.3521728515625,764.1975708007812,768.397216796875,740.984130859375,741.6302490234375,40471557.0,0.02510292455438301,0.01668710267503921,0.6371214401620174
2020-06-19,790.8770141601562,811.9628295898438,825.5308837890625,767.0127563476562,770.7047119140625,105804173.0,0.06250380264271982,0.020727804868386056,0.6551106770505035
2020-06-22,784.9208984375,805.8479614257812,832.6380004882812,800.7022094726562,818.423828125,60198705.0,-0.0075310264630477075,0.020763024213697998,0.6573465292865276
2020-06-23,773.57080078125,794.195068359375,813.9703369140625,791.9798583984375,807.6246948242188,37962078.0,-0.014460180228152986,0.021220844636849704,0.6793305588450356
2020-06-24,776.6947021484375,797.4024658203125,818.1007690429688,789.9492797851562,801.1175537109375,51586221.0,0.004038287593110423,0.021217492584771718,0.6969941727252709
2020-06-25,772.2220458984375,792.810546875,807.1632080078125,790.572265625,797.0101928710938,39679374.0,-0.00575857700281468,0.02134976923063389,0.7140325882498666
2020-06-26,782.8980102539062,803.7711791992188,808.5477294921875,792.3952026367188,797.8409423828125,30921913.0,0.013824992969538874,0.021150947919941817,0.7421972750080266
2020-06-29,774.5820922851562,795.2334594726562,802.8943481445312,791.72607421875,797.4948120117188,25621946.0,-0.01062196845544805,0.020396626358141656,0.7321742378707389
2020-06-30,766.018798828125,786.44189453125,803.47119140625,782.4960327148438,801.625244140625,30276420.0,-0.011055372364429439,0.020744344675757812,0.717971239988952
2020-07-01,781.0775756835938,801.902099609375,807.1632080078125,788.2647705078125,793.7797241210938,28464103.0,0.01965849516814222,0.02098147213915864,0.7123344628796935
2020-07-02,794.5241088867188,812.4012451171875,815.7471313476562,800.7252807617188,804.3942260742188,28789533.0,0.017215361984187938,0.020696871215868703,0.7145314514867108
2020-07-03,806.9586791992188,825.1155395507812,827.46923828125,815.9317016601562,821.3773803710938,29434266.0,0.015650337319434104,0.02077885481353616,0.67833002342555
2020-07-06,835.7996215820312,854.6054077148438,857.4666748046875,827.0538330078125,833.0072021484375,47016185.0,0.035740296407038574,0.021469101004507052,0.6782634000281318
2020-07-07,823.0039672851562,841.5218505859375,860.397216796875,833.607177734375,858.3897094726562,35189589.0,-0.015309476059171878,0.021117628518419994,0.7089249981886611
2020-07-08,811.5172729492188,829.7767333984375,846.8291015625,826.084716796875,841.7987670898438,26204095.0,-0.01395703397861936,0.021450493550019854,0.7490387950519247
2020-07-09,823.3651123046875,841.8910522460938,846.8521728515625,824.3540649414062,834.8532104492188,36418942.0,0.01459961451271563,0.020373246349869412,0.7709571608656743
2020-07-10,847.6474609375,866.7197875976562,869.7426147460938,841.8910522460938,843.8524780273438,43759967.0,0.029491592818213563,0.020154925984457554,0.7878345313153661
2020-07-13,873.3514404296875,893.002197265625,898.8632202148438,876.8496704101562,878.3956909179688,69608392.0,0.030323903128027796,0.020668913440140504,0.7945492416518374
2020-07-14,865.227294921875,884.6951904296875,896.09423828125,870.9886474609375,892.5407104492188,67331128.0,-0.009302263821555523,0.02103509433063511,0.7950304033847392
2020-07-15,832.2791137695312,851.0056762695312,913.2158813476562,829.7767333984375,894.3635864257812,139669773.0,-0.03808037650420959,0.023443656420336318,0.7973541695026042
2020-07-16,832.0083618164062,850.7288208007812,862.543212890625,836.4453735351562,852.3901977539062,60961724.0,-0.000325313886466172,0.02310318069357052,0.7786913502117213
2020-07-17,862.8351440429688,882.249267578125,886.0797119140625,848.2366943359375,851.4672241210938,49726765.0,0.03705104857271224,0.0203546694755511,0.7052008912454254
2020-07-20,866.5361328125,886.0335083007812,891.61767578125,876.6881713867188,885.0643920898438,36592938.0,0.004289334753090346,0.020155764702199007,0.6910672117540674
2020-07-21,889.84814453125,909.8699951171876,912.3851928710938,893.6944580078125,894.8482055664062,42173371.0,0.02690252701071638,0.020159703431408448,0.7461007923297076
2020-07-22,904.494140625,924.845703125,927.6146850585938,904.8627319335938,915.1541748046876,59771457.0,0.016458983685879502,0.020247691993005242,0.7689898222238907
2020-07-23,928.7764892578124,949.6743774414062,959.7811889648438,919.0076904296876,924.8225708007812,58333751.0,0.02684633049809859,0.02040715765580144,0.8170167987528149
2020-07-24,968.65283203125,990.4478759765624,998.22412109375,949.6743774414062,949.7666625976562,120597372.0,0.04293427238377112,0.02172932858242819,0.854666511545597
2020-07-27,973.1889038085938,995.0859375,1014.745849609375,982.0255126953124,1005.515869140625,80304827.0,0.004682866376214179,0.021193439181905544,0.8475824392828577
2020-07-28,982.8927001953124,1005.0081787109376,1012.5306396484376,992.5245971679688,995.0859375,55114422.0,0.009971133403538168,0.020516412499340646,0.8505810478126354
2020-07-29,946.311279296875,967.6036376953124,1007.36181640625,955.5123291015624,1005.1005249023438,72663399.0,-0.03721812247783329,0.02326503837159835,0.8809118030768953
2020-07-30,951.8177490234376,973.2339477539062,987.47119140625,956.2276611328124,968.6881713867188,72857444.0,0.005818877833363656,0.023215903548077867,0.8675142030582088
2020-07-31,932.9740600585938,953.96630859375,982.5331420898438,947.3668823242188,975.8414306640624,74958061.0,-0.019797580980368767,0.02404613481389078,0.8377253662722223
2020-08-03,906.7509765625,927.1531982421876,949.30517578125,924.4302978515624,946.6746215820312,46715383.0,-0.02810698026743297,0.024343797620398334,0.826155330902557
2020-08-04,970.661376953125,992.5015258789062,1000.0701293945312,923.1150512695312,932.506591796875,92041055.0,0.07048285807522348,0.027981655490330232,0.8911513326139542
2020-08-05,959.7613525390624,981.3563232421876,1013.45361328125,977.5950927734376,1000.9931640625,74549993.0,-0.011229481952065967,0.02787208919315868,0.9239074460406018
2020-08-06,963.214111328125,984.8867797851562,1000.3931884765624,972.7493286132812,995.4551391601562,49322975.0,0.003597518049594628,0.02785995451840401,0.9565285257236612
2020-08-07,968.7881469726562,990.5863037109376,995.8243408203124,978.4719848632812,982.90234375,32984416.0,0.005786912358297425,0.02740882979470495,0.9748148924623602
2020-08-10,956.782470703125,978.3104248046876,999.1471557617188,972.8878173828124,996.42431640625,26958997.0,-0.012392468164528547,0.027163350806056766,0.9492613475297953
2020-08-11,963.078857421875,984.7483520507812,996.8396606445312,969.3111572265624,985.2098388671876,46828306.0,0.006580792302897098,0.02695710463197641,0.9093868501726247
2020-08-12,960.2803955078124,981.8870239257812,989.9171752929688,972.287841796875,978.8411254882812,30264617.0,-0.0029057453525186405,0.02502799347029407,0.947726674349275
2020-08-13,957.7754516601562,979.3257446289062,987.1019897460938,973.7646484375,982.0716552734376,24830322.0,-0.002608554604857316,0.025070600007034698,0.9708706298944706
2020-08-14,954.0518798828124,975.5183715820312,995.4551391601562,964.1885375976562,979.5564575195312,33224635.0,-0.0038877293951203873,0.024173812997018655,0.9475650868128384
2020-08-17,943.9192504882812,965.15771484375,971.4571533203124,955.350830078125,971.4571533203124,30979066.0,-0.010620627251188619,0.024435444277560628,0.9670569848250546
2020-08-18,956.19580078125,977.7105102539062,984.9791259765624,961.0042114257812,962.2271728515624,30547672.0,0.013005932749669213,0.023959780343082535,0.9588961161491786
2020-08-19,962.063232421875,983.7099609375,994.0706787109376,979.002685546875,988.0711669921876,34087543.0,0.006136224020050207,0.023784863454500368,0.9615223408077044
2020-08-20,946.4917602539062,967.7882080078124,980.1795043945312,963.6116333007812,978.379638671875,22537845.0,-0.016185497629682355,0.023492411935674747,1.0043706148807692
2020-08-21,939.63134765625,960.7734375,979.3026733398438,958.53515625,977.4566650390624,25280895.0,-0.0072482539053650985,0.021386060351011205,1.0125844788318001
2020-08-24,945.9051513671876,967.1882934570312,971.2263793945312,955.535400390625,965.1807861328124,32717218.0,0.0066768778272314755,0.02142007489038048,0.9880703923163403
2020-08-25,939.7442016601562,960.8887939453124,974.3646240234376,958.9966430664062,971.9186401367188,19388008.0,-0.0065132848659577025,0.021284025754495926,0.9541484939916657
2020-08-26,964.658447265625,986.3635864257812,991.278564453125,944.690185546875,962.2271728515624,59870421.0,0.026511731130083094,0.020494822971717164,1.0009125668135883
2020-08-27,952.6075439453124,974.0415649414062,992.2246704101562,970.6495361328124,991.3016357421876,28085062.0,-0.012492404285134873,0.02068365121247628,0.9881218315544582
2020-08-28,955.1124877929688,976.6029052734376,984.3330078125,972.0340576171876,978.379638671875,27166900.0,0.0026295654108321465,0.0201409945167485,0.9398277868792556
2020-08-31,939.1123046875,960.2427368164062,1003.3006591796876,950.8511962890624,1003.3006591796876,62076132.0,-0.016752145228926096,0.019413524948501727,0.9401972469037458
2020-09-01,942.0687255859376,963.2655639648438,979.4872436523438,951.7972412109376,969.149658203125,38616258.0,0.003148101546195159,0.010848036339661069,0.9806610797335286
2020-09-02,960.5512084960938,982.1639404296876,986.6866455078124,962.2271728515624,965.4576416015624,26949439.0,0.019619038832501934,0.011552785007049881,1.0006698373637952
2020-09-03,953.2846069335938,974.7338256835938,987.0327758789062,970.5341796875,982.0716552734376,18586429.0,-0.00756503297088873,0.011644415732345707,1.0053508413583516
2020-09-04,937.5552368164062,958.6505126953124,967.7420654296876,956.3199462890624,961.5579833984376,28475945.0,-0.01650018263463182,0.012074241497857402,0.9973863701765407
2020-09-07,939.992431640625,961.1426391601562,971.8032836914062,943.4210205078124,961.7656860351562,21926473.0,0.0025995213172660403,0.011829769480885918,0.9337291030951974
2020-09-08,951.0277709960938,972.4263305664062,978.8411254882812,960.150390625,965.4576416015624,27397082.0,0.011739817241090078,0.012053733566549863,0.8794672011525001
2020-09-09,975.51318359375,997.462646484375,1000.4393310546876,960.5888061523438,962.2271728515624,55310877.0,0.025746264561770538,0.013389044528832567,0.9417325627243618
2020-09-10,1044.4110107421875,1067.91064453125,1082.194091796875,1003.9236450195312,1007.5003051757812,140304404.0,0.07062726399516284,0.02050876162742113,0.896958487286003
2020-09-11,1047.0062255859375,1070.564208984375,1078.9173583984375,1055.496337890625,1066.9876708984375,59470807.0,0.0024848597123710015,0.020420349490444446,0.880065672205848
2020-09-14,1039.2431640625,1062.62646484375,1089.1396484375,1053.142578125,1072.9871826171875,44063445.0,-0.007414532343485436,0.02030474662082091,0.8399969497704142
2020-09-15,1046.60009765625,1070.14892578125,1073.333251953125,1055.9808349609375,1066.964599609375,27178393.0,0.007079126279735171,0.02022504165253876,0.8701631596101416
2020-09-16,1049.1724853515625,1072.7794189453125,1093.45458984375,1066.3184814453125,1070.6795654296875,33952295.0,0.0024578515720312666,0.020228174931532544,0.9000317026612221
2020-09-17,1037.528076171875,1060.872802734375,1077.002197265625,1057.6883544921875,1070.6795654296875,25828669.0,-0.011098660460758913,0.01998447658708256,0.9201029619582044
2020-09-18,1040.664794921875,1064.0802001953125,1070.42578125,1050.62744140625,1068.0260009765625,33074915.0,0.0030232615598928536,0.019789949095421186,0.9146217448935675
2020-09-21,1018.1654052734376,1041.074462890625,1078.0635986328125,1037.151611328125,1061.4495849609375,33627381.0,-0.021620208311290523,0.02067796323015908,0.8906265313002164
2020-09-22,997.9901733398438,1020.4453735351562,1050.8350830078125,1016.0149536132812,1050.8350830078125,34792254.0,-0.019815279353530557,0.021236426131884433,0.8785201974232184
2020-09-23,1006.8590698242188,1029.5137939453125,1050.7197265625,1017.74560546875,1042.9896240234375,42988708.0,0.008886757326171502,0.020574408659302545,0.9604515455550351
2020-09-24,984.4724731445312,1006.6234741210938,1027.298583984375,1004.2467041015624,1018.9454956054688,29826318.0,-0.022234091493654407,0.0210537453820286,0.9633536728582921
2020-09-25,993.72509765625,1016.0841674804688,1021.2068481445312,1000.2086181640624,1010.22314453125,28374935.0,0.00939856091878788,0.021121201407090322,0.9562904248214293
2020-09-28,1000.2919921875,1022.7990112304688,1032.836669921875,1018.55322265625,1027.7601318359375,19666849.0,0.006608361353394709,0.02065939976416726,0.9443315677145584
2020-09-29,1013.2908325195312,1036.0902099609375,1044.8355712890625,1022.7990112304688,1026.837158203125,25842539.0,0.012995045880157985,0.020771152846180762,0.9953803425412764
2020-09-30,1008.4614868164062,1031.1522216796875,1046.2200927734375,1026.837158203125,1042.9896240234375,24465159.0,-0.004766001574411649,0.020510920935223956,0.9950483923330583
2020-10-01,1004.354248046875,1026.9525146484375,1044.7432861328125,1021.7606201171876,1044.7432861328125,20783227.0,-0.004072777020466378,0.020434268152916053,0.9920982635505825
2020-10-05,998.4640502929688,1020.929931640625,1037.9822998046875,1018.0686645507812,1035.6055908203125,18922799.0,-0.005864661562751006,0.0200399832951139,1.0032061697024452
2020-10-06,997.6292114257812,1020.076171875,1030.9444580078125,1016.0610961914062,1026.9525146484375,18412175.0,-0.000836123110233733,0.020061360627120203,0.9554013411307213
2020-10-07,1018.9102172851562,1041.8359375,1065.6031494140625,1024.5296630859375,1031.4521484375,53170865.0,0.021331578522004957,0.020389082195817698,0.9319537511120672
2020-10-08,1010.673095703125,1033.4134521484375,1046.681640625,1025.498779296875,1042.528076171875,21077808.0,-0.008084246719969768,0.019855423610531893,0.969581274873803
2020-10-09,1008.0552368164062,1030.73681640625,1039.7591552734375,1023.1912841796876,1031.4521484375,18545499.0,-0.002590213292357868,0.011532919427887665,0.9532370016328499
2020-10-12,1009.6799926757812,1032.398193359375,1041.0281982421875,1027.4140625,1031.4521484375,14226473.0,0.0016117726489932593,0.011517861601631322,0.9411278257657502
2020-10-13,1029.3812255859375,1052.542724609375,1054.873291015625,1027.2293701171875,1029.4215087890625,23112012.0,0.019512353471465183,0.012363617108581177,0.9350098731081079
2020-10-14,1032.4501953125,1055.680908203125,1063.295654296875,1046.912353515625,1051.7120361328125,26742011.0,0.0029813733243635454,0.012266656802263744,0.9388502384366721
2020-10-15,995.8915405273438,1018.2993774414062,1056.8345947265625,1012.9921264648438,1056.8345947265625,20036197.0,-0.035409606149661044,0.014489458105054705,0.9245614383945763
2020-10-16,982.03515625,1004.13134765625,1030.29833984375,1002.6776123046876,1022.22216796875,21583600.0,-0.013913547523464742,0.014590673669418575,0.9346662720547412
2020-10-19,982.2156982421876,1004.31591796875,1028.544677734375,994.6013793945312,1010.7077026367188,31200385.0,0.00018384473411026114,0.014546385835633094,0.92149911128529
2020-10-20,973.053466796875,994.947509765625,1012.0691528320312,993.2630004882812,1005.608154296875,18482288.0,-0.009328125646647423,0.013956395587377343,0.8852999546343808
2020-10-21,958.9263305664062,980.5025634765624,1011.607666015625,968.1112670898438,1000.5316772460938,34082321.0,-0.014518355581192077,0.013650842217905497,0.8663872048295665
2020-10-22,950.9600219726562,972.3570556640624,984.1483764648438,964.9961547851562,981.7947387695312,30802210.0,-0.00830752930628631,0.013475706450874078,0.903759053532558
2020-10-23,953.71337890625,975.1722412109376,985.3021240234376,967.48828125,971.9186401367188,23422125.0,0.0028953445675690137,0.012714939768635518,0.900107618770188
2020-10-26,915.8229370117188,936.4293212890624,970.049560546875,931.5374145507812,970.049560546875,37324416.0,-0.039729380684567106,0.015031377147913761,0.8346886995582014
2020-10-27,918.2603149414062,938.9214477539062,950.6204223632812,925.3071899414062,939.1060180664062,36478896.0,0.0026614073869350996,0.01491067739968796,0.7982063708789731
2020-10-28,907.8567504882812,928.2838745117188,949.6282348632812,926.414794921875,942.2903442382812,29924017.0,-0.011329646162252849,0.014421557359375427,0.82497918635404
2020-10-29,914.8300170898438,935.4140014648438,942.3826904296876,918.84619140625,921.6151733398438,30655304.0,0.007681020819432227,0.014714972126978738,0.8428750316949359
2020-10-30,927.287109375,948.1514282226562,953.0433349609376,933.0603637695312,938.4598999023438,34021563.0,0.013616838158397204,0.01527904604561828,0.8028487889433675
2020-11-02,847.3765869140625,866.44287109375,935.4601440429688,857.9974365234375,935.4601440429688,99366895.0,-0.0861766778088805,0.023933193109234658,0.7531980718785287
2020-11-03,835.1677856445312,853.9592895507812,881.003173828125,846.8983764648438,872.2346801757812,88691623.0,-0.01440776327558535,0.023915137451451327,0.7376618513261286
2020-11-04,863.5121459960938,882.9414672851562,890.2332153320312,847.7752075195312,847.7752075195312,80180117.0,0.03393852210150561,0.02489088194586534,0.7243929785002066
2020-11-05,882.37841796875,902.232177734375,904.9780883789062,891.61767578125,902.2091064453124,37205373.0,0.0218482994826823,0.025765977796027087,0.7363692310056165
2020-11-06,915.8455810546876,936.452392578125,941.4596557617188,912.9158935546876,918.3847045898438,66674086.0,0.037928356365491744,0.027611390031359914,0.700261528261123
2020-11-09,925.5719604492188,946.397705078125,954.8431396484376,939.6136474609376,951.6588134765624,35838510.0,0.01062010845030259,0.02778775633330568,0.6737749709387502
2020-11-10,940.8499755859376,962.0194702148438,964.53466796875,942.0134887695312,958.53515625,36934242.0,0.016506566522719535,0.027661953625280743,0.6579728282507389
2020-11-11,901.425048828125,921.7074584960938,966.8421630859376,912.892822265625,964.0731811523438,56724780.0,-0.04190352105101536,0.028851302316832195,0.6767292146836302
2020-11-12,893.661865234375,913.7696533203124,926.8993530273438,906.84716796875,914.231201171875,40046527.0,-0.008612123219609136,0.02804197226978464,0.7320931050528023
2020-11-13,901.0640258789062,921.3382568359376,939.9136352539062,914.5773315429688,914.6926879882812,45388670.0,0.008282954585501878,0.02811050757497936,0.7170679691508293
2020-11-14,903.7269897460938,924.0610961914062,930.0606079101562,920.8536987304688,929.8760375976562,5226220.0,0.0029553547702563243,0.028138555360632332,0.7036908445663892
2020-11-17,899.642333984375,919.884521484375,962.2271728515624,916.0771484375,962.2271728515624,46542562.0,-0.004519789502874461,0.028109083254143588,0.6932116392191974
2020-11-18,896.9117431640625,917.0924682617188,925.9994506835938,904.5858154296876,919.884521484375,30402290.0,-0.003035196007527996,0.027989813896439567,0.6193898627513463
2020-11-19,890.5703125,910.6083984375,927.8223266601562,908.323974609375,917.0924682617188,27796343.0,-0.007070295056781917,0.027978724884132472,0.5886800932939638
2020-11-20,857.3287963867188,876.6189575195312,915.5233764648438,874.5421752929688,911.462158203125,57471248.0,-0.037326099519268685,0.028968820634190807,0.5584447139647216
2020-11-23,880.4376220703125,900.2477416992188,909.1546630859376,888.9640502929688,900.3861694335938,45327567.0,0.02695444942592351,0.028584515700522006,0.5394322531372353
2020-11-24,886.4630737304688,906.4087524414062,911.0006713867188,891.61767578125,906.3856811523438,30936268.0,0.006843700801866692,0.02863235366662454,0.5455875517110625
2020-11-25,879.1286010742188,898.9093627929688,919.74609375,896.3250122070312,913.7696533203124,32637879.0,-0.008273861454132114,0.028584467725188214,0.5700785337175823
2020-11-26,881.2951049804688,901.1245727539062,906.84716796875,890.7177734375,901.332275390625,25838637.0,0.002464376546960967,0.028522826273790002,0.573019484529769
2020-11-27,871.00439453125,890.6023559570312,902.7398071289062,886.7257690429688,895.5404052734375,47336811.0,-0.011676804274825536,0.028379148210407726,0.5463601712161555
2020-12-01,882.3331909179688,902.18603515625,907.424072265625,890.7177734375,895.47119140625,19750687.0,0.013006589240936783,0.020641247357022365,0.5755063226210999
2020-12-02,883.8001098632812,903.6859130859376,905.4627075195312,893.002197265625,903.847412109375,22188887.0,0.0016625453518146482,0.02026908102881489,0.5829745418934136
2020-12-03,886.4630737304688,906.4087524414062,914.27734375,903.9166259765624,910.0776977539062,27785372.0,0.003013083883412815,0.018921866407169044,0.5698506358542509
2020-12-04,878.6547241210938,898.4248046875,908.6931762695312,895.3096923828125,908.6931762695312,18464552.0,-0.008808431891601964,0.01842039285224905,0.5746478804397015
2020-12-07,883.8226318359375,903.708984375,906.84716796875,895.5866088867188,895.5866088867188,18242188.0,0.0058816137590487205,0.016203352038502962,0.5512697689585063
2020-12-08,899.867919921875,920.1152954101562,929.5760498046876,899.9246826171875,905.0704345703124,43403061.0,0.0181544209301443,0.01658672767681527,0.5182797919806195
2020-12-09,914.8525390625,935.4370727539062,938.598388671875,922.653564453125,927.5916137695312,29175254.0,0.016652020600896655,0.016594964477263115,0.4982282597368988
2020-12-10,905.8482666015624,926.2301635742188,936.1524047851562,923.461181640625,932.9680786132812,16065507.0,-0.009842321113482155,0.013771300184310652,0.5086661891062102
2020-12-11,905.306640625,925.6763916015624,940.5366821289062,911.1160278320312,928.9991455078124,26944202.0,-0.0005979213037459186,0.013612935922405669,0.545484151380791
2020-12-14,898.7621459960938,918.984619140625,929.9221801757812,916.7001953125,926.6685791015624,17312747.0,-0.007229036367598196,0.013602212003534373,0.5211502618581623
2020-12-15,891.1118774414062,911.1622314453124,918.2462158203124,905.0473022460938,918.2462158203124,18551265.0,-0.008512005750096141,0.013710581009967223,0.5215749251533441
2020-12-16,892.1048583984375,912.177490234375,920.6691284179688,907.1702270507812,917.461669921875,18561011.0,0.0011143168239238221,0.013683938871006138,0.5297041000243479
2020-12-17,896.1895141601562,916.3540649414062,925.3071899414062,912.4544067382812,915.846435546875,20252358.0,0.004578672252779636,0.013710639031499435,0.5587215136526711
2020-12-18,898.875,919.0999755859376,925.2610473632812,906.84716796875,913.8158569335938,18466344.0,0.002996560211218746,0.01361999000616232,0.5264111307960696
2020-12-21,875.47265625,895.1712036132812,933.1526489257812,856.1975708007812,927.6146850585938,44135540.0,-0.02603514810179386,0.012118520520988975,0.5157368942170985
2020-12-22,874.1187744140625,893.7867431640625,904.0320434570312,871.5193481445312,899.4631958007812,28140001.0,-0.0015464581632242957,0.010486173400227072,0.48246621653681393
2020-12-23,877.3458862304688,897.0864868164062,900.5938720703125,886.379638671875,890.6947021484375,19501410.0,0.00369184590340077,0.010396340236151297,0.49297325984933577
2020-12-24,900.0485229492188,920.2999267578124,922.4458618164062,898.0325317382812,898.5401611328125,20776988.0,0.0258764953196422,0.011761216205810754,0.5291597904364592
2020-12-28,904.17822265625,924.5226440429688,931.3067016601562,920.8306274414062,926.0917358398438,17221499.0,0.004588307854224816,0.011782402146078506,0.5677477404477499
2020-12-29,898.197998046875,918.4077758789062,928.6761474609376,914.9464721679688,927.1531982421876,18611939.0,-0.006613988768504719,0.011539718401683736,0.588666328357158
2020-12-30,900.6578369140625,920.9229125976562,926.3224487304688,911.7160034179688,920.8075561523438,22043630.0,0.002738637664007726,0.011229855852237543,0.6152552885668767
2020-12-31,896.0541381835938,916.2156372070312,928.4915161132812,913.1235961914062,919.9999389648438,18781189.0,-0.005111484674626743,0.011313464019659693,0.627439464938417
2021-01-01,897.047119140625,917.23095703125,921.6151733398438,914.6926879882812,917.461669921875,10015175.0,0.0011081707172784228,0.011301416157082642,0.6368584415045166
2021-01-04,898.5590209960938,918.7769775390624,922.4920043945312,908.231689453125,920.7383422851562,24513534.0,0.0016854207802563526,0.011080409036030097,0.5962469786394816
2021-01-05,887.3883056640625,907.3548583984376,915.4310913085938,902.6936645507812,908.6931762695312,24123091.0,-0.012431810344130767,0.011422740212104342,0.6182899995464307
2021-01-06,863.9860229492188,883.4260864257812,907.3086547851562,879.2264404296875,907.2625122070312,46401468.0,-0.02637208825659587,0.012072840921648521,0.5898972704300274
2021-01-07,862.5870361328125,881.9954223632812,897.6171875,879.2264404296875,886.3104248046875,32325918.0,-0.0016192238985890395,0.011253584752880451,0.5530399476442694
2021-01-08,872.7646484375,892.4022216796875,894.5712890625,882.433837890625,885.1566772460938,27540187.0,0.011798939560135446,0.011584144110910098,0.5572668314495259
2021-01-11,856.313232421875,875.58056640625,894.755859375,873.388427734375,894.755859375,33307825.0,-0.018849773584525664,0.012188100903566151,0.5704983673219717
2021-01-12,883.3036499023438,903.1782836914062,904.5396728515624,876.8035278320312,878.2341918945312,41161546.0,0.03151932780967637,0.014324034516046075,0.5722496164378366
2021-01-13,875.0665283203125,894.755859375,911.4390869140624,885.3643798828125,906.177978515625,26619458.0,-0.009325356668617779,0.01434830654337176,0.5946753345963752
2021-01-14,884.9058837890625,904.8165893554688,907.7240600585938,894.8712768554688,897.6171875,21553242.0,0.01124412276131359,0.014596468740513614,0.6080335749537238
2021-01-15,874.457275390625,894.1328735351562,910.9083862304688,886.102783203125,904.8165893554688,20593268.0,-0.011807592863658845,0.014766872036156127,0.6343256421783159
2021-01-18,895.44482421875,915.5925903320312,921.6151733398438,887.625732421875,899.5093383789062,35100458.0,0.024000656657296116,0.01578695186452609,0.6010544021845313
2021-01-19,910.0909423828124,930.5682983398438,937.30615234375,920.5306396484376,920.5306396484376,32006615.0,0.016356248612906743,0.014940881614298754,0.5850660859546528
2021-01-20,927.3773803710938,948.2437133789062,949.7666625976562,923.645751953125,932.8757934570312,30924537.0,0.018994187485287695,0.015380416405154983,0.5557990102260278
2021-01-21,947.5524291992188,968.8727416992188,978.379638671875,957.6121826171876,960.8426513671876,39087742.0,0.021754950309497367,0.015938839573092688,0.5332111610962932
2021-01-22,925.0756225585938,945.8900756835938,976.2337036132812,939.2213745117188,974.2261352539062,30532660.0,-0.02372091078867289,0.016208262564747875,0.557558774534626
2021-01-25,876.0595092773438,895.7711791992188,939.1290893554688,891.61767578125,939.1290893554688,54207104.0,-0.052986060907842525,0.020241354632170035,0.5769791848331932
2021-01-27,855.2977294921875,874.5421752929688,888.38720703125,871.3117065429688,888.38720703125,42370131.0,-0.02369905190833732,0.02082587268878232,0.5607575973941415
2021-01-28,846.9703979492188,866.0275268554688,887.6026611328125,863.0046997070312,867.6889038085938,34067814.0,-0.009736178708100729,0.020855825568440678,0.5780905638872255
2021-01-29,831.3538208007812,850.0596313476562,882.8953247070312,844.544677734375,874.2191162109375,43712383.0,-0.018438161695202293,0.0211424703361097,0.5838684831154028
2021-02-01,855.4331665039062,874.6806640625,879.1571655273438,852.8516845703125,858.11279296875,34180952.0,0.028964016403907555,0.022347043681287312,0.605191078223589
2021-02-02,869.1991577148438,888.7564086914062,895.3096923828125,856.0591430664062,883.4260864257812,41470034.0,0.016092421652527333,0.02270594224609159,0.5921248959265888
2021-02-03,871.3881225585938,890.9946899414062,900.84765625,876.8496704101562,889.91015625,30301696.0,0.0025183697249602233,0.022569780151406246,0.5792169043580176
2021-02-04,868.5220336914062,888.0641479492188,895.3096923828125,879.1571655273438,887.9256591796875,25626981.0,-0.003289107107372513,0.021761773163054006,0.5307277105200582
2021-02-05,868.2738647460938,887.810302734375,897.4556884765625,886.0797119140625,890.7177734375,20248046.0,-0.00028573707480705757,0.021757017553193952,0.5246325601185857
2021-02-08,880.776123046875,900.5938720703125,908.6931762695312,890.2562866210938,892.1022338867188,21183400.0,0.014398980331438604,0.021835363237838364,0.5599810303562779
2021-02-09,882.8974609375,902.7628784179688,918.2000732421876,900.9861450195312,905.4396362304688,19604141.0,0.002408487054901709,0.021346310711799696,0.5836282123956299
2021-02-10,891.08935546875,911.1390991210938,915.9617919921876,889.4486083984375,901.6553344726562,21234156.0,0.009278421213887666,0.02026571522528962,0.5698248069585314
2021-02-11,927.8287963867188,948.7052001953124,952.6279907226562,910.1930541992188,913.7696533203124,42539278.0,0.04122980562217826,0.02203359706423008,0.5429501875091752
2021-02-12,921.46484375,942.1980590820312,958.9966430664062,930.1067504882812,948.6129150390624,30497029.0,-0.006858972971632404,0.02205601747463759,0.559229948791713
2021-02-15,917.4026489257812,938.0445556640624,951.2896118164062,934.5371704101562,945.1747436523438,15791099.0,-0.004408409991733642,0.021868918131781854,0.5961681252933876
2021-02-16,929.5437622070312,950.4589233398438,959.6427612304688,939.1521606445312,941.3442993164062,21421660.0,0.013234225228656582,0.021443515529419817,0.5887605400478084
2021-02-17,940.2633056640624,961.4195556640624,967.2805786132812,946.3515625,950.6896362304688,23742994.0,0.01153204818628395,0.021301259185570492,0.5722275724082827
2021-02-18,933.2449340820312,954.2432250976562,973.0262451171876,950.2742919921876,962.2271728515624,18646877.0,-0.007464261914458481,0.020999893384354734,0.5202159787895514
2021-02-19,938.9318237304688,960.05810546875,971.43408203125,947.5975952148438,949.30517578125,23403483.0,0.006093673204914163,0.02045146941804235,0.5016177313570779
2021-02-22,906.3447265625,926.73779296875,964.488525390625,920.6691284179688,959.919677734375,23804335.0,-0.03470656371886194,0.021246890147853078,0.541883544611983
2021-02-23,913.2728881835938,933.8218383789062,947.4130249023438,929.2760620117188,945.1516723632812,25644108.0,0.007644068992788577,0.01738425365711231,0.5659215391625604
2021-02-24,930.2208251953124,951.1511840820312,953.112548828125,935.06787109375,936.8446655273438,10807663.0,0.01855736355584403,0.016618646022909675,0.5444550021936095
2021-02-25,967.84033203125,989.6171875,993.1476440429688,956.6891479492188,958.0736694335938,34855693.0,0.04044147993358349,0.01810332171184131,0.506345518941273
2021-02-26,941.4142456054688,962.5963745117188,984.7944946289062,955.627685546875,976.9951782226562,37481215.0,-0.027304179781720395,0.018848300427288363,0.522519606779022
2021-03-01,948.590576171875,969.9342041015624,974.6876831054688,951.8433837890624,973.85693359375,17680764.0,0.007622925401761682,0.018092832572704918,0.5327068930211022
2021-03-02,950.5313720703124,971.9186401367188,982.99462890625,964.1193237304688,979.3026733398438,17150760.0,0.0020459784728936725,0.01792519668622351,0.5252852615879929
2021-03-03,993.9056396484376,1016.268798828125,1024.4835205078125,972.4724731445312,978.8642578125,31924461.0,0.04563160023182977,0.020115840310495837,0.48838256001899666
2021-03-04,982.0578002929688,1004.1544189453124,1010.6615600585938,995.7781982421876,1006.0696411132812,21435754.0,-0.011920487099418842,0.02043354319566399,0.4539331196216786
2021-03-05,983.3440551757812,1005.4696655273438,1020.8145751953124,993.6322021484376,994.99365234375,25511666.0,0.0013097547643619034,0.020409338232276725,0.44718430430061545
2021-03-08,988.94091796875,1011.1923217773438,1030.021484375,1000.5316772460938,1000.7623901367188,19506841.0,0.005691662814769627,0.020323275179274916,0.4041398815909096
2021-03-09,988.9181518554688,1011.169189453125,1021.6683349609376,990.6555786132812,1015.2996215820312,15154484.0,-2.3020701103160235e-05,0.020353159875163035,0.4208561628364113
2021-03-10,984.8109741210938,1006.9695434570312,1022.268310546875,1001.5700073242188,1018.5301513671876,11519358.0,-0.00415320289820631,0.02045650469652975,0.4140639791540579
2021-03-12,964.7938842773438,986.5020751953124,1018.2532348632812,980.1795043945312,1012.9921264648438,16864952.0,-0.020325819238168563,0.019352780631279223,0.3798503485774907
2021-03-15,951.8402099609376,973.2570190429688,991.7169799804688,960.150390625,987.6327514648438,16698099.0,-0.013426364457221673,0.019567885522789638,0.39482233982635995
2021-03-16,948.0940551757812,969.4265747070312,981.148681640625,967.0729370117188,975.6106567382812,13873801.0,-0.003935697132725791,0.01956027122986367,0.4242093343164268
2021-03-17,927.6707763671876,948.543701171875,970.5341796875,939.1983032226562,968.249755859375,19210236.0,-0.02154140583109876,0.020032852499635833,0.36859396381787346
2021-03-18,906.796142578125,927.1993408203124,962.1348876953124,923.461181640625,956.6430053710938,20647480.0,-0.02250220047979612,0.020450782166324788,0.3343737911816543
2021-03-19,939.6990966796876,960.8426513671876,967.2344360351562,915.0618896484376,918.84619140625,41787429.0,0.03628484127426446,0.022067821039141292,0.32167122972664985
2021-03-22,930.8527221679688,951.7972412109376,957.150634765625,938.3214721679688,955.7661743164062,18572478.0,-0.009414050245420524,0.02213601792116141,0.3085479418503676
2021-03-23,942.1814575195312,963.3809204101562,973.626220703125,948.8436889648438,951.589599609375,17421165.0,0.012170276867405683,0.02072707446077025,0.3538014294174624
2021-03-24,924.0374755859376,944.82861328125,959.8042602539062,941.644287109375,959.8042602539062,16822814.0,-0.019257417760439766,0.021218332315685578,0.38815282792336303
2021-03-25,898.829833984375,919.0538330078124,947.920654296875,916.0771484375,947.920654296875,22001648.0,-0.027279890986648847,0.021669793036963345,0.4348347231128429
2021-03-26,900.274169921875,920.5306396484376,929.3222045898438,910.8622436523438,928.5376586914062,20180202.0,0.0016069069838253736,0.019327677672005793,0.4310264945967496
2021-03-30,915.9132690429688,936.5216064453124,945.5670166015624,919.0999755859376,926.691650390625,20441701.0,0.017371484869382448,0.019002891872005594,0.4435953634774446
2021-03-31,904.0879516601562,924.4302978515624,946.0285034179688,922.5381469726562,931.3067016601562,16250796.0,-0.012910957601005912,0.01905562215994103,0.4618756341367656
2021-04-01,912.5507202148438,933.0834350585938,936.8446655273438,924.453369140625,931.3067016601562,11723312.0,0.009360558935828545,0.019211542317615803,0.41402134109382477
2021-04-05,899.3489990234375,919.5845947265624,934.5371704101562,905.5088500976562,934.5140991210938,14875099.0,-0.014466835540163925,0.01578655611648759,0.37227912614068426
2021-04-06,895.6027221679688,915.754150390625,925.2841186523438,908.6931762695312,924.845703125,14009194.0,-0.004165542919975063,0.015699215677971355,0.3999250605386945
2021-04-07,903.9751586914062,924.31494140625,944.64404296875,919.9076538085938,922.9996948242188,24266353.0,0.009348382174599212,0.015956057361790395,0.4075964622516639
2021-04-08,905.103515625,925.4686889648438,933.1526489257812,919.7691650390624,928.076171875,15369188.0,0.0012482167488176987,0.015843396337055837,0.46505543091884277
2021-04-09,894.5872802734375,914.7157592773438,925.93017578125,913.7696533203124,922.2843627929688,14037885.0,-0.011618820576893563,0.015890723519127067,0.48778656975767926
2021-04-12,862.5870361328125,881.9954223632812,905.185791015625,876.965087890625,904.0781860351562,20901482.0,-0.0357709581236656,0.01732278981100178,0.4881497319783445
2021-04-13,871.9071655273438,891.525390625,895.5866088867188,885.0874633789062,887.9256591796875,19411189.0,0.010804856790238349,0.017409826348434118,0.467532220176059
2021-04-15,877.5490112304688,897.2941284179688,905.0011596679688,882.8491821289062,888.9871215820312,19723716.0,0.006470695420552897,0.017465645150745338,0.4992294964746885
2021-04-16,872.0425415039062,891.663818359375,899.8785400390625,889.0563354492188,893.7406005859375,15656948.0,-0.006274828705967628,0.0174736571642214,0.5045100852194391
2021-04-19,858.3216552734375,877.6342163085938,884.4182739257812,872.2346801757812,878.6956787109375,18478808.0,-0.01573419366308204,0.01721361312941446,0.46129728168903683
2021-04-20,858.073486328125,877.3804321289062,885.6181640625,872.4423828125,881.6954345703125,17203668.0,-0.000289132802123504,0.01664635523085019,0.42187405115819226
2021-04-22,860.4430541992188,879.8032836914062,883.5183715820312,866.0967407226562,873.2730712890625,14490954.0,0.0027614975976399947,0.013999463483690326,0.41685338325582755
2021-04-23,859.5178833007812,878.8572387695312,885.572021484375,874.7037353515625,879.6187133789062,11828857.0,-0.0010752261801898477,0.013963329011661791,0.3987142756872742
2021-04-26,874.6378173828125,894.3174438476562,905.4627075195312,882.1569213867188,886.0797119140625,20846778.0,0.017591180330031708,0.014338946200264416,0.47390927706250413
2021-04-27,897.5661010742188,917.7616577148438,921.7074584960938,894.5020751953125,895.3096923828125,19992524.0,0.026214603617317644,0.015300750130204288,0.49146962484762524
2021-04-28,901.47021484375,921.7536010742188,926.691650390625,913.8389282226562,922.0074462890624,17122437.0,0.004349667132993007,0.014063099104183296,0.4933596897962876
2021-04-29,913.543701171875,934.0987548828124,943.5364379882812,926.36865234375,933.5679931640624,17412606.0,0.013393106205087157,0.01436701084329193,0.4555111602670891
2021-04-30,900.2064208984375,920.46142578125,939.6136474609376,917.2540283203124,926.9224243164062,19828769.0,-0.014599498914314335,0.014207439350535707,0.47682793887167263
2021-05-03,884.206298828125,904.1012573242188,913.3081665039062,896.7403564453125,907.3086547851562,23640186.0,-0.017773836865486725,0.014465455116453368,0.4918814696046989
2021-05-04,865.0466918945312,884.5105590820312,908.139404296875,881.9262084960938,899.9246826171875,21849830.0,-0.021668706679636607,0.014950357028367861,0.43525777723093284
2021-05-05,866.6263427734375,886.1258544921875,894.617431640625,880.5647583007812,887.625732421875,12393609.0,0.0018260874166764474,0.014709525405679573,0.4118658833535322
2021-05-06,871.5460205078125,891.1561889648438,893.002197265625,879.8955688476562,886.9334716796875,14624666.0,0.005676815360390108,0.014788820097111773,0.40897079084729004
2021-05-07,871.884521484375,891.5023193359375,902.5321655273438,888.8486938476562,894.2713012695312,12288548.0,0.0003883913971236552,0.014584980997921692,0.4125513726428014
2021-05-10,869.379638671875,888.9409790039062,898.4478759765625,886.5181274414062,894.8482055664062,13941237.0,-0.0028729524963184705,0.014570181108350762,0.4730026838110667
2021-05-11,872.5164794921875,892.1484375,894.6405029296875,881.4646606445312,883.772216796875,13478264.0,0.0036081369758147464,0.014433351197488183,0.5184476863893237
2021-05-12,863.4895629882812,882.9183959960938,892.0330200195312,880.0802001953125,890.7408447265625,13177961.0,-0.010345840698802622,0.01216482520201887,0.4945866950257445
2021-05-14,874.3895874023438,894.0636596679688,896.232666015625,879.6187133789062,889.7947387695312,13291616.0,0.012623226592734627,0.012255324122711958,0.47765312184261854
2021-05-17,884.7930908203125,904.7012329101562,906.1318359375,890.8792724609375,894.0636596679688,11873078.0,0.011898018420914314,0.012459554653696294,0.5142955223294903
2021-05-18,897.2501220703125,917.4385986328124,924.1995849609376,910.3084106445312,914.231201171875,12064918.0,0.014079033142597064,0.012707157338358416,0.5018141976229847
2021-05-19,901.3573608398438,921.6382446289062,930.5913696289062,910.0776977539062,913.7696533203124,16317002.0,0.0045775850774523175,0.012051836425546322,0.46464631581776356
2021-05-20,896.0992431640625,916.2617797851562,928.030029296875,914.231201171875,922.030517578125,11422532.0,-0.00583355492973614,0.012182863508982244,0.4354846087299911
2021-05-21,903.8397827148438,924.176513671875,927.4300537109376,916.5386962890624,919.3076782226562,10785605.0,0.008638038263987236,0.012266657694930145,0.4474749515225936
2021-05-24,896.2119750976562,916.3771362304688,927.5223999023438,914.6926879882812,926.691650390625,8551760.0,-0.008439336000763298,0.012489223825907569,0.44977760201481337
2021-05-25,886.056884765625,905.993408203125,921.6151733398438,904.5396728515624,921.3382568359376,14780102.0,-0.011331125463844294,0.012281938252220568,0.49223213844881
2021-05-26,889.1710815429688,909.177734375,913.5389404296876,906.9856567382812,911.462158203125,7480204.0,0.0035146691266525476,0.010756058230797047,0.5094242565816248
2021-05-27,891.9017333984375,911.9698486328124,919.7691650390624,905.5780639648438,909.2931518554688,26819294.0,0.003071008394391672,0.010730018028483744,0.49764933644828147
2021-05-28,945.476318359375,966.7498779296876,971.4571533203124,918.3847045898438,918.3847045898438,56469931.0,0.06006781123386862,0.017094233908613064,0.4414266594242533
2021-05-31,975.0393676757812,996.9780883789062,1011.4691772460938,962.250244140625,970.0726318359376,59124142.0,0.031267889784595715,0.01783137728658316,0.46094504826095845
2021-06-01,978.9210205078124,1000.947021484375,1016.22265625,990.609375,999.608642578125,28013832.0,0.003981021649704264,0.01707102014999921,0.443177565612455
2021-06-02,993.5219116210938,1015.8765258789062,1019.6838989257812,995.4551391601562,995.4551391601562,24630162.0,0.014915290209732257,0.01596024350758876,0.3960898017150052
2021-06-03,997.313232421875,1019.7531127929688,1038.3746337890625,1013.4998168945312,1024.9910888671875,23974257.0,0.003816041454581587,0.01593203918936621,0.38010617795582397
2021-06-04,988.669921875,1010.9154052734376,1022.8912963867188,1008.031005859375,1022.1298217773438,14468646.0,-0.008666595675147715,0.01632064543073016,0.3932084465930659
2021-06-07,1005.324462890625,1027.9447021484375,1034.6826171875,1008.3771362304688,1016.22265625,16336573.0,0.01684540072185059,0.016413660298808867,0.40748994956327644
2021-06-08,999.54736328125,1022.0375366210938,1027.829345703125,1014.4458618164062,1027.5755615234375,9674735.0,-0.00574650256969178,0.016519362783459265,0.46146376478717516
2021-06-09,981.6741333007812,1003.7621459960938,1024.9910888671875,995.8935546875,1024.068115234375,11409161.0,-0.017881323724166176,0.017433847998499976,0.4864780142618201
2021-06-10,985.284912109375,1007.4541625976562,1029.1446533203125,1004.93896484375,1012.2537231445312,14155653.0,0.0036781847316815774,0.017016615930331196,0.4658558593506042
2021-06-11,1002.3753051757812,1021.3683471679688,1028.2216796875,1006.1157836914062,1007.4080200195312,13762778.0,0.017345635619059552,0.017134700815221917,0.4671159809792669
2021-06-14,1016.75537109375,1036.02099609375,1042.1820068359375,1013.0151977539062,1022.22216796875,20332436.0,0.014345989814111615,0.01718028930222473,0.5192635303160975
2021-06-15,1019.065185546875,1038.3746337890625,1049.865966796875,1033.8980712890625,1043.451171875,15174215.0,0.002271750431610986,0.017131086597258136,0.5220627680634352
2021-06-16,1001.6732177734376,1020.6530151367188,1037.01318359375,1017.9993896484376,1036.02099609375,10797349.0,-0.017066590067154608,0.01792560819721865,0.475567476100508
2021-06-17,1003.507568359375,1022.5220947265624,1031.4521484375,1006.0234985351562,1015.2996215820312,15745975.0,0.0018312864449094857,0.01775301051595739,0.4461913497851185
2021-06-18,1008.0366821289062,1027.1370849609375,1031.4521484375,1008.0771484375,1027.06787109375,29369026.0,0.004513283120461065,0.017742541653850374,0.47818069465192825
2021-06-21,1013.2905883789062,1032.490478515625,1037.2208251953125,1015.368896484375,1016.9149169921876,12186448.0,0.005212018910764282,0.01743322875904354,0.491104403068966
2021-06-22,1008.0819702148438,1027.1832275390625,1043.451171875,1024.2296142578125,1040.2205810546875,12871913.0,-0.005140300545370069,0.017156475848286036,0.5374038540462549
2021-06-23,998.8425903320312,1017.7686767578124,1038.6514892578125,1016.0841674804688,1038.3746337890625,16653951.0,-0.009165306151486252,0.017507529595583174,0.531131439127152
2021-06-24,975.3587036132812,993.8399047851562,1022.0375366210938,987.6096801757812,1018.4609375,91461975.0,-0.023511098691680332,0.018707462677628878,0.5120105674620952
2021-06-25,953.14306640625,971.2033081054688,993.8399047851562,960.4273071289062,993.8399047851562,55355022.0,-0.02277688928671262,0.014485271771521497,0.49619083636114236
2021-06-28,944.7868041992188,962.6886596679688,981.37939453125,960.3811645507812,979.3026733398438,20277042.0,-0.00876705974323233,0.012661569183190752,0.4465898042235371
2021-06-29,945.60205078125,963.5193481445312,973.3031616210938,961.8118286132812,964.3038940429688,27144063.0,0.0008628894671345311,0.012609640288222614,0.4320092914659576
2021-06-30,955.951171875,974.0646362304688,979.6026000976562,965.0192260742188,967.4190063476562,19762858.0,0.010944478266729174,0.012363886073936523,0.3983754742098819
2021-07-01,950.19921875,968.20361328125,979.8333740234376,966.8421630859376,977.4566650390624,12534407.0,-0.006016994689925559,0.01232203736800456,0.3795549233913109
2021-07-02,964.284912109375,982.5562133789062,984.3330078125,965.8960571289062,967.76513671875,14086620.0,0.01482393700334228,0.012798047284936524,0.40299773332950845
2021-07-05,973.8640747070312,992.3169555664062,993.8629760742188,983.6868896484376,985.9713134765624,11702287.0,0.009933954661492939,0.012372224709767496,0.39451276685767456
2021-07-06,962.3599853515624,980.5948486328124,991.7169799804688,978.4719848632812,989.8941040039062,10070124.0,-0.01181282856021737,0.012554431662502646,0.43032816397853996
2021-07-07,955.679443359375,973.7877197265624,981.956298828125,968.2266845703124,981.956298828125,10454892.0,-0.006941832675791182,0.012045784133943688,0.46228408641524243
2021-07-08,947.7760009765624,965.7345581054688,976.9721069335938,960.3811645507812,976.9721069335938,11185460.0,-0.008269972151991323,0.012083595102989267,0.4850689766838268
2021-07-09,938.0835571289062,955.8584594726562,965.3192138671876,953.5048217773438,963.6116333007812,9037675.0,-0.010226513266498927,0.01132504610743056,0.4812740173758293
2021-07-12,943.92626953125,961.8118286132812,969.8419189453124,957.3814086914062,959.8042602539062,8585292.0,0.006228349658132792,0.010794340743918045,0.4911617123406674
2021-07-13,950.9917602539062,969.01123046875,970.5572509765624,963.6347045898438,969.149658203125,6717133.0,0.007485214630338577,0.011005843430293307,0.4963337172727477
2021-07-14,944.7868041992188,962.6886596679688,972.3109130859376,960.4965209960938,969.3111572265624,8532544.0,-0.006524721153241986,0.010559922340517579,0.459279027103587
2021-07-15,943.1336669921876,961.0042114257812,966.8421630859376,959.2274169921876,966.8421630859376,9448356.0,-0.0017497462916327144,0.01050630950337788,0.42852847195034566
2021-07-16,956.7437744140624,974.8722534179688,975.956787109375,963.4270629882812,963.4962768554688,8828185.0,0.014430730126811842,0.011099130133825305,0.42657409193696644
2021-07-19,950.652099609375,968.6651000976562,980.2256469726562,965.5730590820312,969.149658203125,8354449.0,-0.006367091135155878,0.010974280370378016,0.4372920667523065
2021-07-20,948.3194580078124,966.288330078125,972.8416748046876,961.7656860351562,968.9188842773438,6741464.0,-0.0024537279226765074,0.01096479146152536,0.46046867730244884
2021-07-22,960.5029296875,978.7026977539062,980.1795043945312,968.2958984375,977.9181518554688,7972397.0,0.012847434033761207,0.011408518641435262,0.48887010233533235
2021-07-23,953.7092895507812,971.7802124023438,985.04833984375,970.095703125,985.04833984375,9937030.0,-0.007073003034909098,0.01030818221438666,0.4976827595490311
2021-07-26,940.642578125,958.4659423828124,978.8411254882812,955.8123168945312,972.8416748046876,12389668.0,-0.013700937559217863,0.009467862309137128,0.5309791382284869
2021-07-27,930.746337890625,948.3821411132812,961.627197265625,942.3826904296876,958.44287109375,10824523.0,-0.010520723242298247,0.009555029279374832,0.5243952550602287
2021-07-28,922.7523803710938,940.2366943359376,949.7666625976562,930.4990234375,949.7666625976562,12897848.0,-0.008588760647340488,0.009705941703889123,0.4922754081150463
2021-07-29,929.9536743164062,947.5745239257812,957.3352661132812,943.0287475585938,947.920654296875,13765738.0,0.0078041456175019785,0.009523197258430361,0.4752452358975289
2021-07-30,921.8237915039062,939.2906494140624,954.3585815429688,937.352294921875,949.7666625976562,11350608.0,-0.008742244949433764,0.009612796220955623,0.4268405966699003
2021-08-02,938.67236328125,956.4584350585938,959.6427612304688,941.9904174804688,948.0591430664062,10925104.0,0.018277432121659887,0.009946144098292916,0.4494085654602488
2021-08-03,945.5794067382812,963.4962768554688,964.9961547851562,952.6279907226562,964.53466796875,11817299.0,0.00735831129925546,0.009808781891892685,0.4678386597434637
2021-08-04,952.8261108398438,970.8803100585938,975.6106567382812,963.150146484375,966.5652465820312,13169800.0,0.007663771069803094,0.009689502115749675,0.4983016884823048
2021-08-05,966.64013671875,984.9560546875,994.4398193359376,971.1110229492188,975.7490844726562,21252078.0,0.014497950593241216,0.010110686537564669,0.5183322985161933
2021-08-06,946.168212890625,964.0962524414062,990.8170776367188,959.3427734375,982.9715576171876,16620987.0,-0.021178433473305502,0.011074083611993463,0.5418178312883587
2021-08-09,940.7783813476562,958.6043701171876,964.4423828125,953.6893920898438,960.3811645507812,7494143.0,-0.005696483426030907,0.010899432078986894,0.5785361893675943
2021-08-10,945.7151489257812,963.6347045898438,975.149169921875,957.0352783203124,960.8426513671876,11919198.0,0.005247535100724843,0.010873054661747358,0.555036238980812
2021-08-11,958.9630737304688,977.1336059570312,978.379638671875,961.48876953125,967.7420654296876,9184963.0,0.014008366916545167,0.011197634989509238,0.5018170913752834
2021-08-12,955.88330078125,973.9954223632812,981.240966796875,971.4571533203124,980.6409912109376,8137612.0,-0.0032115657355169525,0.011112785881390409,0.5073801070383737
2021-08-13,971.8032836914062,990.2171020507812,992.1785278320312,973.2800903320312,977.1336059570312,12780901.0,0.01665473483755253,0.01165312996134172,0.5017227914069662
2021-08-16,984.4171142578124,1003.0698852539062,1016.6841430664062,982.140869140625,991.9246826171876,21935444.0,0.01297981883585786,0.011573047101848699,0.5222579776643856
2021-08-17,980.2276000976562,998.801025390625,1008.4694213867188,991.232421875,1000.9239501953124,12658169.0,-0.004255832308761476,0.011507044578794682,0.5347072631720268
2021-08-18,984.0321044921876,1002.6776123046876,1009.2078247070312,993.424560546875,1003.3006591796876,10075860.0,0.0038812459414041545,0.01147685607765563,0.5678904657215716
2021-08-20,972.9808959960938,991.4170532226562,1002.3776245117188,986.2251586914062,988.994140625,9426282.0,-0.011230536529900026,0.011532179524247815,0.5897025062571595
2021-08-23,979.3671264648438,997.9241943359376,1003.3006591796876,984.0560913085938,1003.3006591796876,9854395.0,0.006563572311676369,0.011450713299037504,0.5722477841587011
2021-08-24,989.036865234375,1007.7772216796876,1011.607666015625,994.8090209960938,999.1702270507812,11864472.0,0.0098734565498797,0.011020736686942853,0.5775623879766414
2021-08-25,997.5969848632812,1016.49951171875,1024.5296630859375,1006.1157836914062,1008.561767578125,13380559.0,0.008655005621936773,0.010649878278078978,0.5695970357039358
2021-08-26,1010.2108154296876,1029.352294921875,1036.02099609375,1017.6071166992188,1018.9916381835938,18589616.0,0.012644214805977105,0.010434564519998375,0.5255970611002194
2021-08-27,1008.829345703125,1027.9447021484375,1035.02880859375,1022.7067260742188,1032.3751220703125,10480636.0,-0.0013675063714052582,0.010487267246013478,0.5452049435733682
2021-08-30,1028.23681640625,1047.719970703125,1050.304443359375,1032.2828369140625,1038.3746337890625,14027062.0,0.01923761514847544,0.010545666601506494,0.5455479004017961
2021-08-31,1022.7566528320312,1042.1358642578125,1053.9501953125,1034.7979736328125,1050.7889404296875,26485463.0,-0.00532967064277301,0.01036336554754119,0.5588592360103533
2021-09-01,1026.810302734375,1046.2662353515625,1058.1729736328125,1044.3741455078125,1048.9891357421875,11145486.0,0.0039634549343865455,0.010339269260441895,0.5924523709625293
2021-09-02,1039.1749267578125,1058.865234375,1065.04931640625,1040.68212890625,1040.68212890625,9956770.0,0.012041780249487877,0.010462518452214043,0.6112974452993278
2021-09-03,1081.7945556640625,1102.2923583984375,1105.2921142578125,1062.6033935546875,1066.0645751953125,30664428.0,0.04101294960918822,0.013145471872306478,0.6905408150723051
2021-09-06,1098.5977783203125,1119.4140625,1144.5196533203125,1113.1375732421875,1113.59912109375,33641710.0,0.015532729914632615,0.011671602035930633,0.6864641011109146
2021-09-07,1105.52734375,1126.4749755859375,1134.3665771484375,1113.1375732421875,1121.444580078125,17349882.0,0.006307645588253807,0.01125522757085446,0.6942405960278143
2021-09-08,1101.2020263671875,1122.067626953125,1132.5206298828125,1110.6685791015625,1131.59765625,14301651.0,-0.00391244722011197,0.01156218275142596,0.6819521888424375
2021-09-09,1098.5977783203125,1119.4140625,1125.0673828125,1115.02978515625,1120.4754638671875,8963249.0,-0.0023649139617607506,0.011671333291798576,0.6545470408268497
2021-09-13,1074.1175537109375,1094.469970703125,1122.8291015625,1092.854736328125,1122.8291015625,16311160.0,-0.02228315502949929,0.013216394328788088,0.6734104687322382
2021-09-14,1072.71337890625,1093.039306640625,1104.83056640625,1091.9085693359375,1096.0621337890625,8908356.0,-0.0013072822428386033,0.013058618030323323,0.650751801616035
2021-09-15,1077.1746826171875,1097.5850830078125,1105.63818359375,1093.0623779296875,1093.0623779296875,9071075.0,0.0041588963078713626,0.012924331473581343,0.6640414384907736
2021-09-16,1099.7752685546875,1120.6138916015625,1124.5596923828125,1092.3701171875,1099.0849609375,13448882.0,0.02098135641527321,0.013243184956076199,0.6759788892319465
2021-09-17,1082.7227783203125,1103.2384033203125,1133.3743896484375,1096.3389892578125,1128.82861328125,34882133.0,-0.015505431629486588,0.01407827096200064,0.6608717181639363
2021-09-20,1084.444091796875,1104.9921875,1116.068115234375,1093.754638671875,1094.7237548828125,11779819.0,0.0015898007421926152,0.013589319642565514,0.6758599581270976
2021-09-21,1089.1318359375,1109.7686767578125,1115.260498046875,1100.215576171875,1109.9071044921875,9915736.0,0.004322716289465456,0.01358954041232276,0.6625853396131847
2021-09-22,1100.81689453125,1121.6754150390625,1126.9825439453125,1106.7919921875,1111.2916259765625,10995912.0,0.010728782511156387,0.01360565402418296,0.6830175680585268
2021-09-23,1127.7203369140625,1149.0885009765625,1152.3651123046875,1128.597900390625,1129.4747314453125,15748397.0,0.024439525334745582,0.014243866446277427,0.694141601195434
2021-09-24,1124.459228515625,1145.765625,1156.2647705078125,1140.82763671875,1155.387939453125,15192163.0,-0.002891770496363799,0.014300009735830675,0.6634701795190328
2021-09-27,1143.3685302734375,1165.033203125,1167.5484619140625,1142.3505859375,1147.7501220703125,15373834.0,0.01681635160998618,0.014420111225825396,0.7133342104941351
2021-09-28,1154.0574951171875,1175.9246826171875,1183.700927734375,1159.65673828125,1169.4405517578125,18035258.0,0.009348661049114027,0.014122392203703116,0.702516335703596
2021-09-29,1144.90869140625,1166.6024169921875,1186.0545654296875,1163.002685546875,1186.0545654296875,9719875.0,-0.0079275111938929,0.014242382015542709,0.7126717569382452
2021-09-30,1141.013427734375,1162.6334228515625,1169.717529296875,1153.9111328125,1165.287109375,13590654.0,-0.0034022483199865894,0.014385594210059714,0.7078137866810877
2021-10-01,1143.02880859375,1164.6871337890625,1172.1173095703125,1151.442138671875,1154.6495361328125,8958928.0,0.0017663077492231505,0.014318648312010449,0.6959471860653975
2021-10-04,1157.72607421875,1179.662841796875,1188.2928466796875,1170.84814453125,1178.2091064453125,10918552.0,0.012858176027148227,0.011727934606041428,0.7216005683482952
2021-10-05,1181.75341796875,1204.1453857421875,1205.4376220703125,1175.6015625,1179.17822265625,13533634.0,0.020753910864635294,0.012064041226760806,0.7170365498096198
2021-10-06,1159.4019775390625,1181.370361328125,1209.1064453125,1177.332275390625,1209.1064453125,10258881.0,-0.018913793765966913,0.013057086245783072,0.7083926187865912
2021-10-07,1165.0860595703125,1187.1622314453125,1199.32275390625,1184.9931640625,1197.592041015625,6336665.0,0.0049025981854153855,0.012979105011207786,0.6776005433908147
2021-10-08,1209.8570556640625,1232.781494140625,1238.8502197265625,1191.36181640625,1193.0924072265625,15772493.0,0.03842720091446439,0.015133892769820023,0.6857580106763249
2021-10-11,1201.4324951171875,1224.197509765625,1255.279541015625,1220.82861328125,1246.6956787109375,14768666.0,-0.00696326934445235,0.014030822364522674,0.7095540666363706
2021-10-12,1208.29443359375,1231.189208984375,1238.2041015625,1218.9364013671875,1220.6671142578125,6682011.0,0.005711464026860069,0.01393353038043041,0.6797388998844411
2021-10-13,1220.5911865234375,1243.718994140625,1255.048828125,1231.8814697265625,1236.3580322265625,9959762.0,0.010176950739658741,0.013955276893846886,0.7061283792538771
2021-10-14,1223.0595703125,1246.234130859375,1254.102783203125,1240.142333984375,1246.2110595703125,8623469.0,0.002022285443575189,0.013547853185417846,0.7009756006340414
2021-10-18,1226.3206787109375,1249.5570068359375,1266.8170166015625,1228.6510009765625,1231.5584716796875,13594479.0,0.002666352872415123,0.012650761386443235,0.6862641124610692
2021-10-19,1237.3038330078125,1260.748291015625,1269.74755859375,1249.7415771484375,1257.033203125,8833409.0,0.008956184534391287,0.01261292377840226,0.7031670199929639
2021-10-20,1223.0595703125,1246.234130859375,1265.7786865234375,1242.1268310546875,1265.7786865234375,12710570.0,-0.011512340231489948,0.013250249261106769,0.6704040322763225
2021-10-21,1187.7772216796875,1210.2833251953125,1258.9715576171875,1201.3763427734375,1258.6947021484375,20831669.0,-0.02884761256869739,0.015289202755650459,0.7279906409632506
2021-10-22,1189.99658203125,1212.544677734375,1229.8509521484375,1205.206787109375,1209.1295166015625,11027475.0,0.0018684988321497897,0.014507877144877052,0.7117787937012751
2021-10-25,1178.4017333984375,1200.730224609375,1236.819580078125,1186.0545654296875,1236.819580078125,17198417.0,-0.009743598265652853,0.014728354167139631,0.6922728273039661
2021-10-26,1205.2371826171875,1228.0740966796875,1231.6968994140625,1201.353271484375,1207.791259765625,9750178.0,0.022772750971231437,0.015089963954466072,0.7096395077448139
2021-10-27,1189.99658203125,1212.544677734375,1235.3427734375,1209.1064453125,1223.8975830078125,9896298.0,-0.012645312313417256,0.01538205718146158,0.6608892094175489
2021-10-28,1176.9522705078125,1199.25341796875,1217.4134521484375,1195.515380859375,1209.1295166015625,9886181.0,-0.010961637806700009,0.015495989668350564,0.6832613221345804
2021-10-29,1148.7130126953125,1170.47900390625,1198.122802734375,1154.5341796875,1198.122802734375,14233025.0,-0.023993545464945476,0.016490597589862824,0.680301812585512
2021-11-01,1149.4150390625,1171.1943359375,1179.5936279296875,1151.0267333984375,1170.47900390625,15481114.0,0.0006111416510727885,0.016487822915166754,0.6761435909607849
2021-11-02,1132.6572265625,1154.1187744140625,1175.901611328125,1151.5574951171875,1174.51708984375,10569130.0,-0.014579426865397704,0.016538719263844443,0.6915552207499065
2021-11-03,1124.8670654296875,1146.1810302734375,1162.9796142578125,1135.7510986328125,1156.5416259765625,11989430.0,-0.006877774626004807,0.015764974665538455,0.6870380982066094
2021-11-04,1131.7740478515625,1153.2188720703125,1156.010986328125,1149.1346435546875,1150.4959716796875,1705656.0,0.006140265489270602,0.01536965728928317,0.7139748358880604
2021-11-08,1133.17822265625,1154.6495361328125,1162.9796142578125,1133.628173828125,1162.70263671875,20337183.0,0.0012406847527146603,0.015316187023480074,0.712826902065716
2021-11-09,1142.123291015625,1163.76416015625,1167.0869140625,1147.773193359375,1156.05712890625,15682497.0,0.00789378773835514,0.012393163878807888,0.7351086664917548
2021-11-10,1154.8953857421875,1176.7784423828125,1180.5166015625,1155.43408203125,1161.4566650390625,10253470.0,0.011182763565923848,0.012732174443201627,0.7670103840231941
2021-11-11,1157.00146484375,1178.9244384765625,1186.2852783203125,1170.1558837890625,1172.232666015625,10722478.0,0.0018236102832889234,0.012639253825977175,0.756351734196787
2021-11-12,1174.4615478515625,1196.7152099609375,1199.32275390625,1180.0550537109375,1182.7779541015625,8712341.0,0.015090804582663653,0.01293457547193605,0.764568069413867
2021-11-15,1167.53173828125,1189.654296875,1200.9149169921875,1186.0545654296875,1199.8995361328125,4803269.0,-0.005900414179577984,0.012931234899046571,0.7728651942485316
2021-11-16,1140.4019775390625,1162.010498046875,1188.362060546875,1151.442138671875,1187.0006103515625,11337581.0,-0.023236850744739357,0.013688889363614934,0.7739613962196605
2021-11-17,1115.9898681640625,1137.1356201171875,1153.2650146484375,1135.7510986328125,1153.2650146484375,10202029.0,-0.021406582815368558,0.013912399489676187,0.7907382360279892
2021-11-18,1120.2017822265625,1141.427490234375,1148.673095703125,1130.6976318359375,1135.28955078125,8505625.0,0.0037741508078645847,0.013958747085932062,0.7965938623404772
2021-11-22,1070.5848388671875,1090.8702392578125,1130.213134765625,1084.986083984375,1124.259765625,24124307.0,-0.044292862363380814,0.01570671909115857,0.7991078097355122
2021-11-23,1080.5941162109375,1101.0693359375,1108.176513671875,1065.6031494140625,1076.7021484375,25326999.0,0.009349354652117947,0.015967361936751398,0.7624693706621642
2021-11-24,1064.9913330078125,1085.1707763671875,1112.16845703125,1081.5479736328125,1098.36962890625,16820296.0,-0.014439078437550212,0.016079733881006846,0.7342429382264655
2021-11-25,1129.1016845703125,1150.4959716796875,1154.672607421875,1087.8243408203125,1095.13916015625,42401936.0,0.06019800309682877,0.020921199428379826,0.7452810500421302
2021-11-26,1092.7098388671875,1113.41455078125,1143.4119873046875,1108.2918701171875,1138.8892822265625,15763138.0,-0.03223079568513276,0.021832433316833415,0.7179926808205037
2021-11-29,1105.7989501953125,1126.7518310546875,1153.7496337890625,1107.1842041015625,1125.644287109375,24325354.0,0.011978579182278182,0.0220506535438042,0.7318920862020829
2021-11-30,1089.4486083984375,1110.0916748046875,1142.62744140625,1102.453857421875,1138.9815673828125,32172299.0,-0.014785998660956534,0.021679720666183816,0.7490345622143815
2021-12-01,1117.3486328125,1138.5201416015625,1141.7506103515625,1119.1832275390625,1122.8291015625,10104610.0,0.025609307496456735,0.022566359340222112,0.7659816850865155
2021-12-02,1124.52734375,1145.8348388671875,1151.995849609375,1136.0279541015625,1139.76611328125,12720411.0,0.006424772650797772,0.022397748650901893,0.7711056284057
2021-12-03,1090.73974609375,1111.406982421875,1153.057373046875,1107.599609375,1153.01123046875,19222481.0,-0.030046043650283627,0.02334460038347949,0.7621646135580701
2021-12-06,1070.06396484375,1090.3394775390625,1119.1370849609375,1087.8243408203125,1114.983642578125,10332254.0,-0.01895574203108108,0.023597765664684196,0.7801229153977458
2021-12-07,1078.782470703125,1099.223388671875,1109.445556640625,1089.1396484375,1096.5928955078125,11235122.0,0.008147649248844813,0.02370624385201532,0.7695422126474585
2021-12-08,1095.2008056640625,1115.9527587890625,1122.2752685546875,1110.507080078125,1118.7218017578125,8744178.0,0.015219319377924645,0.02392583741213426,0.7342596100550912
2021-12-09,1112.570068359375,1133.6512451171875,1142.1658935546875,1119.1370849609375,1123.7520751953125,13213547.0,0.015859431992273576,0.02408199812100319,0.7978615576507182
2021-12-10,1113.7025146484375,1134.8050537109375,1138.05859375,1121.6060791015625,1126.1749267578125,8364414.0,0.0010178651406040906,0.02407665853576738,0.7848613617899177
2021-12-13,1091.3736572265625,1112.0531005859375,1141.7967529296875,1109.445556640625,1141.5198974609375,12901733.0,-0.020049211641515963,0.024074311429458907,0.7733934940421127
2021-12-14,1078.0126953125,1098.4388427734375,1110.36865234375,1095.32373046875,1098.36962890625,12991523.0,-0.012242334992779491,0.024150786961694197,0.787394474076209
2021-12-15,1074.8648681640625,1095.2314453125,1109.9071044921875,1089.647216796875,1100.215576171875,9366969.0,-0.0029200279014571784,0.023709256895651887,0.780424353689706
2021-12-16,1088.7694091796875,1109.3994140625,1114.7528076171875,1093.131591796875,1110.2301025390625,9761279.0,0.012936082876515265,0.023525247294300475,0.7649656113582399
2021-12-17,1060.03173828125,1080.1173095703125,1111.2916259765625,1070.6795654296875,1106.69970703125,21049821.0,-0.026394634764848268,0.024163436613160522,0.770039871959278
2021-12-20,1031.45263671875,1050.9967041015625,1069.6873779296875,1037.0362548828125,1069.6873779296875,14325846.0,-0.026960609319904516,0.022860624038657372,0.7727473563204922
2021-12-21,1046.8065185546875,1066.6414794921875,1082.6785888671875,1057.8499755859375,1066.6876220703125,12836561.0,0.014885687708144468,0.023033235453355574,0.7735442916384617
2021-12-22,1071.6490478515625,1091.9547119140625,1094.6314697265625,1071.6026611328125,1072.94091796875,17658543.0,0.023731729652557654,0.023467810744324955,0.7461879315826253
2021-12-23,1071.2640380859375,1091.5625,1098.36962890625,1088.23974609375,1095.6005859375,9072401.0,-0.000359268518361322,0.018815125176756393,0.7993252872093323
2021-12-24,1074.68359375,1095.046875,1103.9075927734375,1078.7789306640625,1093.754638671875,7886494.0,0.0031920754757830405,0.01748509670673541,0.769387093371246
2021-12-27,1073.528564453125,1093.8699951171875,1097.4466552734375,1083.6478271484375,1089.85498046875,4017223.0,-0.0010747621938143048,0.017229251256459906,0.7553829838025521
2021-12-28,1086.2783203125,1106.8612060546875,1109.837890625,1095.1622314453125,1096.3389892578125,6374613.0,0.011876494283941108,0.017165352506097634,0.7573390025538562
2021-12-29,1088.1353759765625,1108.75341796875,1116.3681640625,1099.3387451171875,1103.4461669921875,15425312.0,0.0017095578815642387,0.016086311542031956,0.7422140292432333
2021-12-30,1068.4786376953125,1088.7242431640625,1109.884033203125,1082.4940185546875,1107.599609375,29333171.0,-0.018064607322970994,0.016404276521751852,0.7507662871634977
2021-12-31,1072.5775146484375,1092.90087890625,1100.16943359375,1089.1396484375,1095.13916015625,9477290.0,0.0038361805360622725,0.015099244032821158,0.7303456357910646
2022-01-03,1088.74658203125,1109.3763427734375,1111.2685546875,1090.7779541015625,1091.4471435546875,5421611.0,0.015074963964830435,0.014852790016248002,0.7362909825684648
2022-01-04,1113.3175048828125,1134.4127197265625,1135.7510986328125,1109.445556640625,1114.9375,10847728.0,0.02256808265310095,0.01555301969868565,0.7067588117808308
2022-01-05,1118.5260009765625,1139.719970703125,1143.1351318359375,1122.8060302734375,1136.212646484375,11643813.0,0.004678356417559648,0.015246066787321207,0.654450889803189
2022-01-06,1094.4761962890625,1115.21435546875,1132.5206298828125,1111.7530517578125,1131.2283935546875,14447422.0,-0.02150133717633973,0.015634741313799945,0.688539364747237
2022-01-07,1103.30810546875,1124.213623046875,1134.3896484375,1112.929931640625,1121.883056640625,13112115.0,0.008069530620796517,0.015754643427466904,0.6794133782313303
2022-01-10,1104.2138671875,1125.1365966796875,1133.9051513671875,1115.0067138671875,1131.59765625,9246731.0,0.0008209508425256473,0.015056940710507586,0.6611968322152816
2022-01-11,1112.16259765625,1133.2359619140625,1142.18896484375,1123.7520751953125,1124.213623046875,16205164.0,0.0071985425151341875,0.014803298903909782,0.6706385429986806
2022-01-12,1141.851318359375,1163.4871826171875,1165.2640380859375,1137.5970458984375,1140.5045166015625,14800442.0,0.026694586534100617,0.01577008011961697,0.642918317096518
2022-01-13,1148.28271484375,1170.04052734375,1172.671142578125,1157.626220703125,1163.5565185546875,11856712.0,0.0056324290045184355,0.015615243564754461,0.6253618956978177
2022-01-14,1149.958740234375,1171.748046875,1184.8084716796875,1165.6793212890625,1169.902099609375,19930176.0,0.0014595929808567387,0.014038730651354617,0.5875700455110254
2022-01-17,1155.9595947265625,1177.8629150390625,1183.7470703125,1170.8250732421875,1171.28662109375,8036453.0,0.005218321564271378,0.011975026172344583,0.5944136907095952
2022-01-18,1142.168212890625,1163.810302734375,1182.5240478515625,1161.0181884765625,1179.0167236328125,6215029.0,-0.011930678112672122,0.012395985781719488,0.5631575461864097
2022-01-19,1142.0777587890625,1163.718017578125,1173.132568359375,1157.903076171875,1167.5946044921875,9755485.0,-7.919507874731835e-05,0.01156111060376264,0.5255843492602527
2022-01-20,1122.0816650390625,1143.3427734375,1158.341552734375,1132.9820556640625,1153.772705078125,16494486.0,-0.017508522161574835,0.012445131899624333,0.5599163403033739
2022-01-21,1122.2626953125,1143.52734375,1154.7879638671875,1131.59765625,1131.59765625,13338594.0,0.000161334312000605,0.012453345764661575,0.5533460099324375
2022-01-24,1076.993408203125,1097.4005126953125,1155.9417724609375,1086.8782958984375,1142.2120361328125,21868937.0,-0.04033751393364238,0.01568030243900495,0.5453399541430509
2022-01-25,1074.8873291015625,1095.2545166015625,1102.361572265625,1063.757080078125,1084.31689453125,24510205.0,-0.0019555171698555363,0.015445126502589201,0.5199907536935688
2022-01-27,1058.9674072265625,1079.03271484375,1087.3397216796875,1066.5491943359375,1078.0635986328125,20020431.0,-0.014810781971266285,0.015764116264904725,0.4853752885325709
2022-01-28,1057.9483642578125,1077.994384765625,1096.4774169921875,1074.5562744140625,1091.4471435546875,14667727.0,-0.0009622987089081825,0.015259135061824419,0.4684771261719864
2022-01-31,1080.93408203125,1101.41552734375,1110.55322265625,1087.3858642578125,1089.23193359375,12143683.0,0.02172669153807205,0.01602471695851532,0.45796487572549965
2022-02-01,1077.35595703125,1097.7696533203125,1117.1064453125,1083.186279296875,1111.2916259765625,13200509.0,-0.003310215728674293,0.015668652739590876,0.49459253498547906
2022-02-02,1079.5523681640625,1100.0079345703125,1110.830078125,1096.1082763671875,1110.830078125,10017691.0,0.002038705145200881,0.014728462300715343,0.46252636195241187
2022-02-03,1065.602783203125,1085.793701171875,1108.268798828125,1083.232421875,1103.9075927734375,9572839.0,-0.01292163805324309,0.014869097975081368,0.41730736748394737
2022-02-04,1055.887451171875,1075.89453125,1083.809326171875,1071.187255859375,1080.37109375,11061241.0,-0.00911721720737857,0.014273999221054134,0.47249601774317684
2022-02-07,1049.4561767578125,1069.34130859375,1087.662841796875,1063.757080078125,1080.8326416015625,10714467.0,-0.0060908711500688995,0.014114433710502774,0.48135673629077247
2022-02-08,1067.0972900390625,1087.316650390625,1089.1396484375,1066.0645751953125,1075.5946044921875,12060849.0,0.016809766498064205,0.014745388616248623,0.46921500991018195
2022-02-09,1079.5299072265625,1099.98486328125,1101.6923828125,1088.2166748046875,1094.2852783203125,11486225.0,0.011650875045371878,0.01491788226153424,0.44447573703235443
2022-02-10,1078.4202880859375,1098.854248046875,1105.6151123046875,1091.4932861328125,1105.6151123046875,12464491.0,-0.0010278725334027516,0.013380556871498547,0.43118549213496143
2022-02-11,1076.3140869140625,1096.708251953125,1100.4464111328125,1081.8017578125,1095.2545166015625,15943370.0,-0.0019530429788309212,0.013236653281260505,0.419613865725077
2022-02-14,1059.1712646484375,1079.240478515625,1086.80908203125,1067.4490966796875,1080.0250244140625,10719633.0,-0.015927341724919497,0.01348678073515517,0.41892622087453985
2022-02-15,1095.1329345703125,1115.883544921875,1118.6295166015625,1077.9251708984375,1085.078369140625,11212671.0,0.03395264875677251,0.015846391757242947,0.459505466387523
2022-02-16,1092.8682861328125,1113.5760498046875,1122.8291015625,1105.7305908203125,1121.444580078125,10392840.0,-0.0020679210404612736,0.01569279189746374,0.46313695760085855
2022-02-17,1106.7049560546875,1127.6748046875,1132.9359130859375,1112.214599609375,1116.875732421875,12853252.0,0.012660876061137305,0.01603343693442102,0.4416469909866493
2022-02-18,1098.0543212890625,1118.8602294921875,1133.628173828125,1116.8988037109375,1128.0902099609375,6775458.0,-0.00781656819940868,0.01566474658550092,0.5154398154171849
2022-02-21,1086.957763671875,1107.553466796875,1124.9058837890625,1100.4925537109375,1113.1375732421875,11107193.0,-0.010105654521864293,0.01579359624097225,0.5724278004818242
2022-02-22,1082.020751953125,1102.5230712890625,1105.70751953125,1083.2093505859375,1085.8629150390625,13494914.0,-0.00454204559160809,0.012926094064405556,0.5568204228785201
2022-02-23,1075.2498779296875,1095.6236572265625,1110.6224365234375,1092.8316650390625,1108.1072998046875,7310110.0,-0.006257619376722312,0.013001382626563144,0.5338662092482616
2022-02-24,1021.6695556640624,1041.0281982421875,1079.863525390625,1035.3287353515625,1063.757080078125,24846650.0,-0.04983057739917163,0.016891050899012088,0.5290918029594552
2022-02-25,1034.44189453125,1054.0426025390625,1065.1185302734375,1050.489013671875,1052.2657470703125,14570089.0,0.012501438255039243,0.01718581732031462,0.49258258879512823
2022-02-28,1068.682373046875,1088.931884765625,1092.5316162109375,1035.1441650390625,1035.1441650390625,21297446.0,0.03310043676367225,0.018138559713792052,0.4872406051632884
2022-03-02,1086.3463134765625,1106.930419921875,1108.0611572265625,1074.9254150390625,1077.3482666015625,21471786.0,0.016528709441820943,0.018510417992325136,0.5026272825747802
2022-03-03,1077.1746826171875,1097.5850830078125,1114.452880859375,1093.7777099609375,1107.599609375,10186748.0,-0.00844264001782602,0.01861500181864019,0.5058676648933766
2022-03-04,1053.2833251953125,1073.240966796875,1091.1240234375,1070.8411865234375,1085.9090576171875,10805667.0,-0.022179649974530258,0.019064367437415627,0.46581725076597025
2022-03-07,1014.3323364257812,1033.552001953125,1067.0338134765625,1025.45263671875,1051.61962890625,17983310.0,-0.036980542497725866,0.020683644859432557,0.5372930615412456
2022-03-08,1012.4979248046876,1031.682861328125,1036.5286865234375,1006.0696411132812,1020.6068725585938,21289374.0,-0.0018084917094899344,0.02065904825634828,0.5834905880348734
2022-03-09,1066.2139892578125,1086.416748046875,1092.3701171875,1031.059814453125,1031.9136962890625,20414228.0,0.053053011899739655,0.023720436588675016,0.5761849702515119
2022-03-10,1083.4927978515625,1104.02294921875,1109.9071044921875,1089.1396484375,1107.599609375,17980493.0,0.016205760539474534,0.02385737909459643,0.5554853815840062
2022-03-11,1086.617919921875,1107.207275390625,1112.6761474609375,1096.546630859375,1096.546630859375,12257423.0,0.002884303501148544,0.023860634906983966,0.5333475121085788
2022-03-14,1095.5404052734375,1116.298828125,1118.8602294921875,1095.6005859375,1101.553955078125,8340678.0,0.00821124443834309,0.023910495748614456,0.4930650815927527
2022-03-15,1070.4488525390625,1090.7318115234375,1120.49853515625,1080.3018798828125,1120.49853515625,15925769.0,-0.02290335674850108,0.024221691771472063,0.45953821842197096
2022-03-16,1088.5203857421875,1109.1456298828125,1111.2454833984375,1097.03125,1099.2926025390625,11149828.0,0.016882201480491243,0.0232745225930584,0.45751543004217016
2022-03-17,1124.006591796875,1145.30419921875,1152.5496826171875,1114.5682373046875,1122.7137451171875,21422098.0,0.03260040557760613,0.024380670568995257,0.435876400452454
2022-03-21,1117.5296630859375,1138.7047119140625,1146.3656005859375,1125.59814453125,1127.9056396484375,11999466.0,-0.005762358297724313,0.02429214751834123,0.3976200567135961
2022-03-22,1146.4033203125,1168.1253662109375,1169.8790283203125,1132.3360595703125,1135.335693359375,22557065.0,0.025837038765334386,0.024825992144109934,0.391935340470577
2022-03-23,1150.049072265625,1171.84033203125,1183.6778564453125,1164.3641357421875,1164.3641357421875,15462187.0,0.0031801652075913456,0.024649481689971036,0.40320018397000595
2022-03-24,1167.916748046875,1190.0465087890625,1192.5848388671875,1158.3646240234375,1158.3646240234375,13168266.0,0.015536446410978177,0.024730007347140866,0.37017892390030416
2022-03-25,1175.70703125,1197.984375,1207.2835693359375,1189.2850341796875,1191.8233642578125,14222488.0,0.006670238453342581,0.024613219853037587,0.3579238124217378
2022-03-28,1187.528076171875,1210.029541015625,1213.629150390625,1193.6693115234375,1204.5145263671875,9891424.0,0.010054413733757261,0.02099935909555669,0.36361641884261875
2022-03-29,1187.800048828125,1210.306396484375,1217.4365234375,1203.314697265625,1217.4365234375,8684065.0,0.0002290241904230328,0.021032748898460657,0.33477894415794485
2022-03-30,1210.627197265625,1233.5660400390625,1240.5115966796875,1207.791259765625,1218.3134765625,15811550.0,0.019218005976697095,0.02034904061902978,0.3744810542573046
2022-03-31,1193.3255615234375,1215.9366455078125,1232.066162109375,1213.0985107421875,1229.8740234375,13223718.0,-0.014291464607160465,0.020709471994395334,0.39485329932443985
2022-04-01,1202.882080078125,1225.67431640625,1229.96630859375,1210.0526123046875,1216.5135498046875,7922880.0,0.008008307927710234,0.020476620145453178,0.3899983672819552
2022-04-04,1206.4375,1229.297119140625,1234.5120849609375,1219.12109375,1225.48974609375,7929162.0,0.0029557510089801564,0.019417292333472055,0.38905974092365686
2022-04-05,1189.385009765625,1211.921630859375,1232.158447265625,1209.45263671875,1223.482177734375,13149870.0,-0.014134582383567351,0.017244955814488934,0.43043286987931006
2022-04-06,1186.214599609375,1208.691162109375,1215.8212890625,1193.9462890625,1193.9462890625,12257215.0,-0.002665587787149537,0.017272000648156115,0.4945633688458491
2022-04-07,1165.2899169921875,1187.369873046875,1202.6685791015625,1184.6700439453125,1197.63818359375,15496499.0,-0.017639879515964574,0.014615022502645177,0.491166852429686
2022-04-08,1184.6748046875,1207.1220703125,1211.4371337890625,1181.4395751953125,1181.4395751953125,15152495.0,0.016635248801730063,0.01463334829959179,0.45616561252154797
2022-04-11,1182.2064208984375,1204.60693359375,1217.6904296875,1192.0540771484375,1199.8995361328125,9254209.0,-0.0020835960883912596,0.01470554850135108,0.4213239375547814
2022-04-12,1159.9454345703125,1181.9241943359375,1201.0994873046875,1179.316650390625,1193.9000244140625,13217742.0,-0.018830033346636244,0.01554857070969383,0.3681251091258858
2022-04-13,1155.68798828125,1177.5860595703125,1196.4844970703125,1174.747802734375,1188.13134765625,10354235.0,-0.0036703849699961655,0.014417435259702089,0.3881714497818827
2022-04-18,1152.1551513671875,1173.986328125,1181.3472900390625,1163.810302734375,1168.9791259765625,9974224.0,-0.0030569123759056627,0.01416226136348292,0.3991712399031594
2022-04-19,1196.0655517578125,1218.728759765625,1231.2816162109375,1177.3092041015625,1180.5166015625,26141820.0,0.03811153414409452,0.014808616259534524,0.39065183582614565
2022-04-20,1231.234619140625,1254.564208984375,1261.7406005859375,1222.5592041015625,1226.251220703125,25072240.0,0.02940396312821303,0.015744736260385053,0.42208029440308087
2022-04-21,1260.0628662109375,1283.938720703125,1287.123046875,1260.8175048828125,1269.5399169921875,21708633.0,0.02341409721766441,0.015584256502256805,0.4747009585321098
2022-04-22,1249.5098876953125,1273.185791015625,1293.12255859375,1266.4478759765625,1273.23193359375,15054154.0,-0.008374961915478263,0.01586123858613962,0.5038528313197311
2022-04-25,1220.6138916015625,1243.7420654296875,1273.0010986328125,1229.2740478515625,1265.6171875,17063215.0,-0.02312586429151664,0.016747674268887965,0.5150192477638249
2022-04-26,1257.1416015625,1280.9620361328125,1289.89208984375,1249.6031494140625,1250.66455078125,12227666.0,0.02992568756776115,0.017835980998143153,0.5048808311915194
2022-04-27,1258.364501953125,1282.2081298828125,1305.12158203125,1271.455078125,1271.8243408203125,19338945.0,0.0009727626459143934,0.01777594483483882,0.4676694046244327
2022-04-28,1277.16064453125,1301.3603515625,1315.736083984375,1285.78466796875,1296.79150390625,25614076.0,0.01493696186514426,0.01795641540035176,0.4707774477371946
2022-04-29,1263.754150390625,1287.699951171875,1318.11279296875,1281.7235107421875,1318.11279296875,18214862.0,-0.010497108721624904,0.017841263056616426,0.4902256954318979
2022-05-02,1259.3155517578125,1283.17724609375,1294.73779296875,1272.839599609375,1274.66259765625,9467006.0,-0.00351223268500489,0.0174726929425493,0.5190203593462067
2022-05-04,1220.0023193359375,1243.1190185546875,1287.5845947265625,1235.112060546875,1285.277099609375,19247660.0,-0.03121793609790635,0.01899694771175084,0.5440919876314906
2022-05-05,1196.1109619140625,1218.77490234375,1259.89453125,1214.6676025390625,1256.894775390625,17210669.0,-0.01958304262477084,0.01952825795076921,0.5305904549047354
2022-05-06,1186.9393310546875,1209.4295654296875,1227.1280517578125,1196.9228515625,1205.5299072265625,19649948.0,-0.007667876268517948,0.01933887739642074,0.5257683232889693
2022-05-09,1140.5831298828125,1162.195068359375,1198.561279296875,1156.9801025390625,1188.3389892578125,18083752.0,-0.039055240616792,0.021229590082828927,0.5575620028651522
2022-05-10,1120.813232421875,1142.050537109375,1166.0255126953125,1134.3665771484375,1151.442138671875,19511677.0,-0.01733314910853423,0.02121761104990344,0.5259519420507963
2022-05-11,1109.3319091796875,1130.3515625,1146.8040771484375,1117.7294921875,1141.1275634765625,16643899.0,-0.010243743480239265,0.020841013562012605,0.5049430206026226
2022-05-12,1086.731201171875,1107.32275390625,1123.682861328125,1093.754638671875,1120.2908935546875,20490321.0,-0.020373260537078552,0.021193536827209515,0.42031974301070396
2022-05-13,1099.0506591796875,1119.87548828125,1143.5965576171875,1114.68359375,1119.5986328125,19308778.0,0.011336251314518098,0.021155130085104747,0.41067592836359457
2022-05-16,1099.322265625,1120.1524658203125,1144.9810791015625,1115.2835693359375,1123.498291015625,13437911.0,0.00024712823111827653,0.021161668439896218,0.40038345270634446
2022-05-17,1145.497314453125,1167.2022705078125,1172.1634521484375,1122.3675537109375,1123.7982177734375,16551828.0,0.0420031962164189,0.023359663860044916,0.45959786571363925
2022-05-18,1149.6641845703125,1171.4481201171875,1186.0545654296875,1157.5570068359375,1172.048095703125,17276788.0,0.0036376079320419308,0.021602805577223702,0.47629375150655423
2022-05-19,1123.1683349609375,1144.4503173828125,1159.518310546875,1138.0816650390625,1146.3656005859375,14699118.0,-0.02304659914171181,0.020789427533477064,0.45722870820347844
2022-05-20,1188.660400390625,1211.1832275390625,1220.39013671875,1154.672607421875,1159.518310546875,21793091.0,0.05831010667867975,0.02439619014712512,0.46066082370531636
2022-05-23,1180.7117919921875,1203.083984375,1224.6129150390625,1196.6690673828125,1214.436767578125,15252755.0,-0.006687030539442085,0.02437819407757048,0.48445159337297694
2022-05-24,1184.765380859375,1207.21435546875,1217.4365234375,1198.838134765625,1203.130126953125,13527818.0,0.003433173865696748,0.02391731693742105,0.4692717073982687
2022-05-25,1183.0216064453125,1205.4376220703125,1226.066650390625,1200.591796875,1216.0521240234375,12714544.0,-0.0014718309989760758,0.022768164826015506,0.45491545177217513
2022-05-26,1171.743896484375,1193.9462890625,1216.0059814453125,1175.901611328125,1211.16015625,17882023.0,-0.009532970403494323,0.022797940286881438,0.38595558694494747
2022-05-27,1166.308837890625,1188.408203125,1202.2762451171875,1172.2557373046875,1196.692138671875,16521973.0,-0.004638435591648449,0.022389610681097693,0.3998511407436193
2022-05-30,1206.935546875,1229.8048095703125,1234.050537109375,1197.222900390625,1206.822021484375,13853398.0,0.03483357723487046,0.023967524899999114,0.43864775854563237
2022-05-31,1192.374267578125,1214.967529296875,1236.2657470703125,1207.1451416015625,1219.005615234375,70620653.0,-0.012064670176114234,0.02407146745826879,0.498836979693796
2022-06-01,1192.7593994140625,1215.35986328125,1225.3743896484375,1207.3758544921875,1215.72900390625,9776989.0,0.00032299576266425767,0.023101596115911983,0.5335839807247245
2022-06-02,1233.88427734375,1257.2640380859375,1261.0252685546875,1215.590576171875,1215.590576171875,22126569.0,0.034478770781340984,0.023945282391691216,0.4979434204811986
2022-06-03,1258.88525390625,1282.73876953125,1300.20654296875,1265.4324951171875,1266.3555908203125,23939791.0,0.020262010807302833,0.024175882586875988,0.515742938697851
2022-06-06,1253.472900390625,1277.223876953125,1298.6605224609375,1269.9552001953125,1282.9696044921875,11093152.0,-0.004299322355894475,0.022140551094769655,0.5184626941949882
2022-06-07,1255.8282470703125,1279.6236572265625,1288.0921630859375,1270.0706787109375,1278.308349609375,12358255.0,0.0018790567222901622,0.021530857474295954,0.5020563562313746
2022-06-08,1233.77099609375,1257.148681640625,1283.4310302734375,1253.572021484375,1279.6236572265625,12479250.0,-0.017563907348014607,0.021879474243014327,0.4741063127853013
2022-06-09,1267.60400390625,1291.6226806640625,1293.583984375,1250.66455078125,1250.66455078125,17278305.0,0.027422437323959548,0.021505652113237097,0.4018191273993634
2022-06-10,1229.33251953125,1252.6259765625,1287.5384521484375,1246.7418212890625,1279.2314453125,18093057.0,-0.030191987605799997,0.02310605775992212,0.40166788299050804
2022-06-13,1206.0751953125,1228.9278564453125,1233.4967041015625,1207.4219970703125,1222.974609375,17620803.0,-0.01891866020726285,0.0237401225918837,0.41791282966280885
2022-06-14,1190.3134765625,1212.86767578125,1233.058349609375,1206.106689453125,1222.9976806640625,14714312.0,-0.013068603691759106,0.02236512315593697,0.4984757817440722
2022-06-15,1175.9107666015625,1198.1920166015625,1217.113525390625,1192.7001953125,1207.9989013671875,11195535.0,-0.012099930181863505,0.022585965143234032,0.507571335281483
2022-06-16,1159.4697265625,1181.4395751953125,1227.151123046875,1178.6705322265625,1210.5140380859375,17111475.0,-0.013981537125115295,0.02215711734030247,0.5081041069750809
2022-06-17,1173.057373046875,1195.2845458984375,1211.3677978515625,1179.6397705078125,1181.4395751953125,24457187.0,0.011718845411047063,0.01795644602954413,0.5128369887185747
2022-06-20,1151.7930908203125,1173.6171875,1207.791259765625,1163.4871826171875,1202.20703125,12066797.0,-0.018127231212341388,0.018341711068730195,0.5450875618902467
2022-06-21,1170.3851318359375,1192.561767578125,1196.8536376953125,1166.81005859375,1181.4395751953125,11720049.0,0.016141823704102665,0.018722497532436468,0.5281160228598049
2022-06-22,1134.8311767578125,1156.333984375,1180.655029296875,1154.2110595703125,1180.562744140625,10617206.0,-0.03037799619203374,0.019885539798442303,0.5186214538937388
2022-06-23,1116.4200439453125,1137.573974609375,1165.287109375,1128.3670654296875,1160.6951904296875,19446323.0,-0.01622367554714188,0.020076244554839816,0.4771961262141035
2022-06-24,1132.317626953125,1153.772705078125,1158.8260498046875,1138.9815673828125,1144.5196533203125,14240234.0,0.014239786444206093,0.02039800654528819,0.49428819682484726
2022-06-27,1128.9658203125,1150.3575439453125,1174.4940185546875,1145.23486328125,1174.4940185546875,15474529.0,-0.0029601293496103187,0.01854246911959517,0.49025613602294527
2022-06-28,1144.840576171875,1166.5330810546875,1169.41748046875,1145.48876953125,1145.48876953125,13572847.0,0.01406132548368988,0.018801380479306417,0.5600766631626559
2022-06-29,1168.5960693359375,1190.73876953125,1198.51513671875,1154.2110595703125,1157.0723876953125,19205146.0,0.02075004472980524,0.019469418952550645,0.5573230251732648
2022-06-30,1175.616455078125,1197.89208984375,1207.2374267578125,1184.2086181640625,1190.6695556640625,23112959.0,0.006007538384222855,0.01771244319446052,0.5430222523317635
2022-07-01,1090.943359375,1111.6146240234375,1196.20751953125,1091.4471435546875,1188.31591796875,81997149.0,-0.07202442202758896,0.02281928524728955,0.5130222308261888
2022-07-04,1093.2078857421875,1113.922119140625,1126.9825439453125,1091.9547119140625,1097.885009765625,41857728.0,0.0020757506315312035,0.02290162008354231,0.520624037209373
2022-07-05,1102.0625,1122.9444580078125,1137.5509033203125,1115.4912109375,1118.214111328125,17647327.0,0.008099661897152277,0.02306396010250091,0.49488190289261924
2022-07-06,1092.3701171875,1113.068359375,1126.95947265625,1102.0616455078125,1116.875732421875,23943726.0,-0.00879476691430836,0.022920484520763958,0.46800077079540037
2022-07-07,1081.6134033203125,1102.1077880859375,1122.9444580078125,1096.0621337890625,1119.552490234375,23301033.0,-0.009847133034801892,0.02155028798297103,0.42319678210069117
2022-07-08,1083.1080322265625,1103.6307373046875,1115.9066162109375,1099.54638671875,1115.9066162109375,19010108.0,0.0013818513173577962,0.020962519223204273,0.44759704182521964
2022-07-11,1097.8277587890625,1118.6295166015625,1120.8907470703125,1093.754638671875,1096.75439453125,13847467.0,0.013590266274953633,0.02117532481924396,0.4739992309724319
2022-07-12,1096.26513671875,1117.0372314453125,1125.921142578125,1109.445556640625,1109.445556640625,10778989.0,-0.0014233763518933795,0.02108641802484096,0.5525031732883414
2022-07-13,1076.8349609375,1097.2388916015625,1123.2906494140625,1095.13916015625,1120.1986083984375,14224132.0,-0.017723974913045892,0.021238621297368362,0.5515597056462987
2022-07-14,1085.7122802734375,1106.2843017578125,1123.267578125,1096.9620361328125,1102.0616455078125,16970315.0,0.008243899629901463,0.021279691772250586,0.54410101092868
2022-07-15,1087.818359375,1108.4302978515625,1114.5220947265625,1099.80029296875,1114.5220947265625,9603210.0,0.001939813281868874,0.021033170111512796,0.5416876521185116
2022-07-18,1097.08056640625,1117.8680419921875,1119.1370849609375,1104.0460205078125,1117.2911376953125,15160908.0,0.00851447941784289,0.02090452003453851,0.519125756944791
2022-07-19,1103.806396484375,1124.7213134765625,1129.2901611328125,1107.738037109375,1107.738037109375,16439888.0,0.006130661944142357,0.020558794843140032,0.5001727938411495
2022-07-20,1133.653564453125,1155.134033203125,1173.36328125,1147.4039306640625,1172.2095947265625,23924246.0,0.02704022015437957,0.020501781684596026,0.46267420251412505
2022-07-21,1126.0897216796875,1147.427001953125,1153.7496337890625,1138.6585693359375,1150.9805908203125,16523230.0,-0.006672093671831969,0.020209359134796365,0.41121434799103257
2022-07-22,1133.6988525390625,1155.1802978515625,1161.2720947265625,1151.442138671875,1153.7496337890625,10969995.0,0.00675712664176098,0.020012474559102433,0.432375472661577
2022-07-25,1096.242431640625,1117.01416015625,1138.727783203125,1108.984130859375,1138.727783203125,23110452.0,-0.033039127467183294,0.02135236802116711,0.45685597942140027
2022-07-26,1096.7406005859375,1117.5218505859375,1127.8594970703125,1112.837646484375,1117.3372802734375,11303288.0,0.0004544331900808718,0.02105363075463813,0.5310144412508201
2022-07-27,1095.6990966796875,1116.46044921875,1120.06005859375,1108.5225830078125,1116.8065185546875,8655086.0,-0.0009496355890294961,0.020371570643977006,0.5507922134625511
2022-07-28,1112.864501953125,1133.9512939453125,1138.95849609375,1117.2911376953125,1124.213623046875,12496073.0,0.01566616722187142,0.020708342063476767,0.5457958309674484
2022-07-29,1136.5748291015625,1158.1107177734375,1161.6412353515625,1137.1356201171875,1142.0736083984375,15130683.0,0.02130567297889807,0.013476739536626132,0.537957264364825
2022-08-01,1166.195556640625,1188.2928466796875,1194.2462158203125,1157.2569580078125,1162.5872802734375,15700044.0,0.02606139673397223,0.014499385415551319,0.4061606955038724
2022-08-02,1170.6341552734375,1192.8155517578125,1203.499267578125,1182.1549072265625,1187.2083740234375,13917913.0,0.0038060500295493682,0.014456877368687213,0.3690932416993126
2022-08-03,1180.462646484375,1202.830078125,1204.5145263671875,1184.8778076171875,1199.8995361328125,14250977.0,0.008395869167717729,0.014220167121637874,0.33196952657715517
2022-08-04,1164.859619140625,1186.931396484375,1208.0911865234375,1169.902099609375,1204.5145263671875,14467127.0,-0.013217722212743088,0.014411371389391137,0.296898836936428
2022-08-05,1147.6939697265625,1169.4405517578125,1190.11572265625,1166.18701171875,1188.8236083984375,13942438.0,-0.01473623871237506,0.01499340591993484,0.31134754528937253
2022-08-08,1162.7081298828125,1184.7392578125,1192.307861328125,1168.0560302734375,1168.0560302734375,10165178.0,0.013082024086810362,0.014974944104820998,0.30178121783595213
2022-08-10,1169.6605224609375,1191.8233642578125,1195.2384033203125,1180.078125,1189.2388916015625,10724688.0,0.005979482210058729,0.014951801043583105,0.3762258177712343
2022-08-11,1173.5555419921875,1195.792236328125,1204.4683837890625,1190.7618408203125,1201.3302001953125,8198226.0,0.003330042740140593,0.014107135306445142,0.3940944808308249
2022-08-12,1192.532958984375,1215.1290283203125,1218.9825439453125,1191.6849365234375,1195.4229736328125,12650587.0,0.01617087245821547,0.014330271147256851,0.39510892431191763
2022-08-16,1200.8211669921875,1223.574462890625,1226.343505859375,1212.49853515625,1221.2208251953125,6607378.0,0.00695008716142409,0.01432141210531553,0.3891247563538201
2022-08-17,1207.09423828125,1229.96630859375,1235.388916015625,1225.535888671875,1229.8970947265625,6595965.0,0.005223984604447951,0.014298417523075186,0.36818647229079154
2022-08-18,1209.2833251953125,1228.1895751953125,1231.7430419921875,1218.451904296875,1227.589599609375,7410035.0,0.001813517822087718,0.014311235054744112,0.3415305606467582
2022-08-19,1187.72216796875,1206.2913818359375,1228.3741455078125,1202.1839599609375,1222.974609375,9460724.0,-0.017829698613499145,0.014135921077701173,0.3156651642363588
2022-08-22,1184.427734375,1202.9454345703125,1214.344482421875,1193.4385986328125,1207.7451171875,9471680.0,-0.002773740932514701,0.014030325449739166,0.28297606992370467
2022-08-23,1202.6944580078125,1221.497802734375,1224.451416015625,1195.9075927734375,1197.130615234375,9678484.0,0.01542240451035326,0.014296002735327449,0.3347689243502539
2022-08-24,1199.490966796875,1218.244140625,1232.20458984375,1216.213623046875,1218.40576171875,10369622.0,-0.002663595221220061,0.011623190785364928,0.36903206370480013
2022-08-25,1195.9920654296875,1214.690673828125,1228.9278564453125,1210.3294677734375,1222.489990234375,7871946.0,-0.0029169885093265346,0.011710212153883588,0.42022054923805835
2022-08-26,1189.6077880859375,1208.20654296875,1222.974609375,1203.130126953125,1215.1290283203125,10742038.0,-0.005338059948964857,0.011856051624438492,0.4566185335374316
2022-08-29,1180.3609619140625,1198.8150634765625,1225.2821044921875,1189.7696533203125,1192.97705078125,19838975.0,-0.007773004064434597,0.011819996578562876,0.43977470030393
2022-08-30,1198.673095703125,1217.4134521484375,1220.782470703125,1189.1004638671875,1206.360595703125,23139054.0,0.015514011713304798,0.011412202714238014,0.43933198601391155
2022-09-01,1163.4346923828125,1181.6241455078125,1202.1839599609375,1177.1475830078125,1191.892578125,19909939.0,-0.02939784287027991,0.012156947674045999,0.40112999383070763
2022-09-02,1149.8482666015625,1167.8253173828125,1188.5235595703125,1165.610107421875,1181.6241455078125,12999345.0,-0.01167785855983361,0.012389407082004191,0.36937759382962404
2022-09-05,1167.7060546875,1185.9622802734375,1191.36181640625,1168.0560302734375,1168.0560302734375,11327815.0,0.015530560513620673,0.012765793998062954,0.3253242749648715
2022-09-06,1179.9974365234375,1198.44580078125,1202.6685791015625,1186.9775390625,1187.4390869140625,10899618.0,0.010526092407071586,0.01262067354316917,0.25724501556278845
2022-09-07,1173.135986328125,1191.4771728515625,1197.5458984375,1186.0545654296875,1188.362060546875,7488501.0,-0.005814800933405473,0.012196080375975969,0.2895908885912478
2022-09-08,1174.79443359375,1193.16162109375,1198.9765625,1186.51611328125,1194.4769287109375,7057077.0,0.0014136871470593615,0.011870904532581172,0.3070568321218346
2022-09-09,1167.478759765625,1185.7315673828125,1204.5145263671875,1183.2855224609375,1204.5145263671875,8314850.0,-0.006227194834202643,0.011892702950979531,0.3646577230470948
2022-09-12,1180.542724609375,1198.9996337890625,1205.4376220703125,1186.308349609375,1186.308349609375,7435419.0,0.011189895091858082,0.012136794329748464,0.41098635375793824
2022-09-13,1190.403076171875,1209.01416015625,1213.6060791015625,1200.361083984375,1208.20654296875,8888657.0,0.008352388572605562,0.011719716153818744,0.40862404359768373
2022-09-14,1176.135009765625,1194.5230712890625,1204.5145263671875,1187.32373046875,1188.362060546875,8678219.0,-0.011985911908203084,0.011890312975650913,0.4283038658304202
2022-09-15,1164.479736328125,1182.6856689453125,1201.537841796875,1179.939697265625,1192.0540771484375,10365600.0,-0.009909809112665258,0.01195671155496401,0.4068786436850186
2022-09-16,1135.625732421875,1153.38037109375,1178.2091064453125,1149.5960693359375,1173.940185546875,20217708.0,-0.0247784508446951,0.012977222427037223,0.3833862485576552
2022-09-19,1137.1025390625,1154.8802490234375,1164.2255859375,1145.142578125,1153.38037109375,7580254.0,0.0013004342878666364,0.012528305342917732,0.35027375004973427
2022-09-20,1137.2841796875,1155.0648193359375,1171.148193359375,1151.3035888671875,1164.1102294921875,8411448.0,0.00015973988163797692,0.012537175825310033,0.3127723708472408
2022-09-21,1140.4195556640625,1158.249267578125,1168.9791259765625,1151.442138671875,1152.249755859375,9207309.0,0.0027568975569711718,0.011917864433670976,0.3405278295570921
2022-09-22,1129.673095703125,1147.334716796875,1155.134033203125,1140.873779296875,1147.28857421875,10308170.0,-0.009423251212734463,0.012015600178994026,0.37004543060974643
2022-09-23,1108.498291015625,1125.828857421875,1151.8804931640625,1124.259765625,1146.8271484375,9528051.0,-0.01874418782570053,0.012525428406795382,0.41790092566422943
2022-09-26,1080.257568359375,1097.1466064453125,1115.8143310546875,1096.13134765625,1104.8536376953125,12479523.0,-0.02547655949056571,0.013438828796832737,0.41467077393157936
2022-09-27,1088.845703125,1105.8690185546875,1119.5986328125,1089.185791015625,1104.83056640625,16154822.0,0.007950080626297318,0.013708222786845616,0.43649173270176395
2022-09-28,1059.855224609375,1076.42529296875,1097.4466552734375,1073.956298828125,1089.3011474609375,16997059.0,-0.026624964797511752,0.013799314487886157,0.46724771223400824
2022-09-29,1056.6063232421875,1073.1256103515625,1092.600830078125,1067.4490966796875,1089.1396484375,14671827.0,-0.003065419966566618,0.012663256929710685,0.4463406105801364
2022-09-30,1080.4393310546875,1097.331298828125,1108.5225830078125,1066.526123046875,1066.526123046875,18613024.0,0.02255618510721069,0.013925161377687425,0.42604646379137767
2022-10-03,1076.690673828125,1093.52392578125,1115.4219970703125,1090.524169921875,1103.6768798828125,11852723.0,-0.0034695675349981636,0.01322374881436487,0.3875709006792461
2022-10-04,1096.5477294921875,1113.69140625,1115.9066162109375,1103.0538330078125,1106.5843505859375,8948850.0,0.018442674527366032,0.013786861170593459,0.3818935858844716
2022-10-06,1100.5916748046875,1117.7987060546875,1130.674560546875,1115.975830078125,1120.983154296875,13352162.0,0.0036878880907196265,0.013868924482182986,0.42492043717662703
2022-10-07,1105.2493896484375,1122.5291748046875,1127.8594970703125,1114.360595703125,1114.360595703125,7714340.0,0.004232009881936172,0.013931321475727275,0.4813933821435798
2022-10-10,1093.1851806640625,1110.2763671875,1115.7220458984375,1102.0616455078125,1109.9071044921875,6329527.0,-0.010915372672779755,0.014028401063080856,0.481093994210567
2022-10-11,1071.4195556640625,1088.17041015625,1114.060546875,1085.0322265625,1114.060546875,9215177.0,-0.019910281793957707,0.01407434768768431,0.4895070618659081
2022-10-12,1079.3033447265625,1096.177490234375,1099.1541748046875,1081.3402099609375,1085.4476318359375,7417103.0,0.007358265042692436,0.014027340688222367,0.5521835145563533
2022-10-13,1082.7340087890625,1099.661865234375,1104.83056640625,1089.185791015625,1094.4007568359375,7328492.0,0.0031785911525819,0.014027921445813425,0.53682377336234
2022-10-14,1077.2357177734375,1094.07763671875,1115.1451416015625,1093.3392333984375,1114.5220947265625,9106089.0,-0.0050781549032290485,0.013962872196769994,0.5194817309057932
2022-10-17,1094.525634765625,1111.6376953125,1114.060546875,1081.571044921875,1086.8321533203125,16729355.0,0.016050263379610463,0.01371573246476056,0.4966372267143549
2022-10-18,1113.8372802734375,1131.25146484375,1136.674072265625,1116.8988037109375,1117.7525634765625,12415820.0,0.01764384943980568,0.01437802173535654,0.4500916874922779
2022-10-19,1133.21728515625,1150.9344482421875,1166.6024169921875,1126.8441162109375,1132.7513427734375,19247142.0,0.017399314267928734,0.014952373826238352,0.4390781383916786
2022-10-20,1136.261962890625,1154.0264892578125,1162.51806640625,1146.8271484375,1146.8271484375,8717053.0,0.0026867554653962067,0.014951683446375276,0.47534474171753927
2022-10-21,1123.0843505859375,1140.6429443359375,1161.5028076171875,1138.5201416015625,1157.3031005859375,8243452.0,-0.01159733647262462,0.01503091072432496,0.5052372484555213
2022-10-24,1126.8331298828125,1144.4503173828125,1154.9033203125,1133.12060546875,1135.28955078125,3370033.0,0.0033379320929181056,0.014393373769985812,0.47961305252432584
2022-10-25,1109.4298095703125,1126.77490234375,1153.2880859375,1125.1365966796875,1153.2880859375,12233241.0,-0.015444452111831208,0.013576709226985544,0.48361607290156966
2022-10-27,1113.7919921875,1131.205322265625,1139.1893310546875,1122.73681640625,1134.3665771484375,12513059.0,0.003931914015251614,0.013504543967894302,0.4980205415432692
2022-10-28,1147.871826171875,1165.81787109375,1169.902099609375,1135.0357666015625,1137.5970458984375,17609592.0,0.030598023889040427,0.013355628857726887,0.49585358797567164
2022-10-31,1158.5272216796875,1176.6400146484375,1181.8780517578125,1168.60986328125,1172.671142578125,12419943.0,0.0092827398189117,0.01329313780921754,0.48296390517729965
2022-11-01,1149.5528564453125,1167.525390625,1199.8995361328125,1157.441650390625,1199.8995361328125,13963166.0,-0.007746356810989341,0.01287083983761729,0.5059076684965087
2022-11-02,1156.7322998046875,1174.8170166015625,1176.9168701171875,1160.672119140625,1168.656005859375,8981896.0,0.006245422573760928,0.012789605399282684,0.4836730181804096
2022-11-03,1161.0491943359375,1179.2012939453125,1181.23193359375,1165.3101806640625,1167.525390625,6693449.0,0.0037319737090240057,0.012309247307842618,0.39144733836663226
2022-11-04,1178.1343994140625,1196.5537109375,1199.8995361328125,1177.332275390625,1178.6243896484375,12575815.0,0.014715315390143147,0.012588617218962797,0.35261801706779194
2022-11-07,1184.427734375,1202.9454345703125,1204.653076171875,1187.900634765625,1195.74609375,11789748.0,0.005341780160283527,0.012594527569810117,0.38412503709105933
2022-11-09,1183.246337890625,1201.74560546875,1210.029541015625,1195.3076171875,1204.653076171875,11254205.0,-0.000997440747196321,0.012183946660145974,0.34947639746427756
2022-11-10,1168.9329833984375,1187.2083740234375,1198.307373046875,1182.8240966796875,1195.2845458984375,5966242.0,-0.012096681843701274,0.01148065333712829,0.37247640143203375
2022-11-11,1195.8785400390625,1214.5753173828125,1216.5135498046875,1194.361572265625,1199.8995361328125,12310132.0,0.023051412718534392,0.012204965802900992,0.380907163422135
2022-11-14,1190.0850830078125,1208.691162109375,1219.2825927734375,1202.2762451171875,1214.0906982421875,9043112.0,-0.004844519604023323,0.012405514085370786,0.3808786620831187
2022-11-15,1184.745849609375,1203.2685546875,1212.0831298828125,1195.2845458984375,1210.1910400390625,7086433.0,-0.004486429982756501,0.012381371013490928,0.37623580569393894
2022-11-16,1177.9527587890625,1196.369140625,1207.260498046875,1191.2926025390625,1204.5145263671875,9716161.0,-0.005733795836931788,0.012301228193483928,0.3895310497607035
2022-11-17,1180.9970703125,1199.461181640625,1205.8990478515625,1190.6695556640625,1192.9539794921875,6661451.0,0.0025844088404420873,0.01185902619784635,0.37751327985508737
2022-11-18,1180.3609619140625,1198.8150634765625,1204.0531005859375,1186.562255859375,1203.0146484375,5303197.0,-0.0005386197937554682,0.011381228453602356,0.37545436065735016
2022-11-21,1159.117919921875,1177.239990234375,1194.361572265625,1173.6402587890625,1194.361572265625,6390268.0,-0.017997072656266044,0.012233081700016798,0.35464841296369765
2022-11-22,1165.5477294921875,1183.7701416015625,1185.3623046875,1170.5943603515625,1174.51708984375,6611488.0,0.005547157420140447,0.011894957433715343,0.3674685824363508
2022-11-23,1161.912353515625,1180.078125,1189.700439453125,1177.8629150390625,1188.362060546875,6413408.0,-0.0031190279767834284,0.011942097796472461,0.3283908194701255
2022-11-24,1171.9320068359375,1190.2542724609375,1197.130615234375,1175.993896484375,1184.2086181640625,9389439.0,0.008623415776582322,0.011331024542319733,0.32854706149408075
2022-11-25,1189.4261474609375,1208.02197265625,1211.390869140625,1191.638671875,1194.8231201171875,7349922.0,0.014927607167442902,0.011650840603565327,0.4762879008444698
2022-11-28,1230.2991943359375,1249.533935546875,1255.76416015625,1154.672607421875,1204.0069580078125,31527484.0,0.03436366937304314,0.012134660871019665,0.49996715920858437
2022-11-29,1232.4119873046875,1251.6798095703125,1260.656005859375,1243.280517578125,1247.8724365234375,11058913.0,0.0017173001319328307,0.012064024057743145,0.49849320061537833
2022-11-30,1241.1136474609375,1260.517578125,1267.0247802734375,1245.2188720703125,1251.818359375,26164986.0,0.007060674714208792,0.011810888238045257,0.5251246876561451
2022-12-01,1237.4556884765625,1256.802490234375,1271.4320068359375,1253.43359375,1265.3402099609375,9485801.0,-0.002947319926630776,0.0118935912671159,0.5167894023490736
2022-12-02,1236.93310546875,1256.271728515625,1268.2015380859375,1246.326416015625,1259.89453125,11589592.0,-0.00042230442082002995,0.01192455476634886,0.5190510249024385
2022-12-05,1218.8936767578125,1237.9501953125,1253.7796630859375,1235.8966064453125,1251.5875244140625,14828536.0,-0.014583997009362304,0.01223594094424186,0.5233373420312522
2022-12-06,1222.4151611328125,1241.52685546875,1244.6650390625,1228.051025390625,1229.9432373046875,8594245.0,0.0028890824869705067,0.012210549854907125,0.5117076258560153
2022-12-07,1204.375732421875,1223.205322265625,1243.7420654296875,1219.351806640625,1239.1270751953125,8462111.0,-0.014757203022760623,0.012743564792972303,0.4761969838065841
2022-12-08,1203.8077392578125,1222.62841796875,1229.8970947265625,1218.40576171875,1227.589599609375,7757008.0,-0.00047160794490630487,0.0123764249155801,0.4919573716778414
2022-12-09,1185.5638427734375,1204.0992431640625,1227.589599609375,1200.7532958984375,1221.1285400390625,12655763.0,-0.015155157995265012,0.011817877525179432,0.49734605667572174
2022-12-12,1187.38134765625,1205.9451904296875,1210.5140380859375,1192.97705078125,1193.2078857421875,9479842.0,0.0015330299535458725,0.011776678593670467,0.501944443704442
2022-12-13,1192.7886962890625,1211.4371337890625,1215.1290283203125,1202.9915771484375,1205.9451904296875,8333348.0,0.004554011770090405,0.011770862742175599,0.5117410241809868
2022-12-14,1188.471923828125,1207.0528564453125,1217.875,1204.97607421875,1217.2750244140625,7268947.0,-0.003619058827743382,0.011722225985222485,0.5226583077658997
2022-12-15,1171.591064453125,1189.9080810546875,1206.822021484375,1186.51611328125,1201.0533447265625,8688551.0,-0.014203835224500638,0.01215878302828144,0.49931713031613867
2022-12-16,1165.7974853515625,1184.02392578125,1208.5758056640625,1180.5858154296875,1186.51611328125,15837349.0,-0.0049450523116330025,0.012202607078921058,0.4898245703950819
2022-12-19,1181.110595703125,1199.5765380859375,1201.74560546875,1184.5316162109375,1191.131103515625,7729933.0,0.013135309128707418,0.011840191504828467,0.5026268463000529
2022-12-20,1191.334716796875,1209.9603271484375,1211.8985595703125,1184.2086181640625,1192.469482421875,7467588.0,0.00865636218229282,0.01192307151916214,0.5233140122816596
2022-12-21,1174.3856201171875,1192.746337890625,1215.1290283203125,1188.8697509765625,1209.591064453125,8527550.0,-0.014226981251128423,0.012382824926883425,0.4926433419157428
2022-12-22,1171.3411865234375,1189.654296875,1202.0455322265625,1184.5546875,1198.9765625,7451122.0,-0.0025923627994067777,0.012253941375160593,0.5176685782818019
2022-12-23,1136.9888916015625,1154.764892578125,1195.515380859375,1150.1729736328125,1182.9625244140625,10257115.0,-0.02932731753745743,0.01337002237921275,0.5287306511710067
2022-12-26,1146.917236328125,1164.8486328125,1173.132568359375,1150.2421875,1160.5567626953125,5990242.0,0.00873213872175782,0.010632220274421946,0.5386298102744694
2022-12-27,1156.3006591796875,1174.378662109375,1176.270751953125,1160.7874755859375,1167.5946044921875,5763271.0,0.00818142979662917,0.010892588864745143,0.5525616942154005
2022-12-28,1156.1871337890625,1174.2633056640625,1176.7322998046875,1163.671875,1171.28662109375,7459393.0,-9.817982003534897e-05,0.010655281095865698,0.5676646845705166
2022-12-29,1155.66455078125,1173.7325439453125,1176.31689453125,1165.517822265625,1166.2100830078125,6930648.0,-0.0004519882573852385,0.010676477547805461,0.5387681345744337
2022-12-30,1157.4365234375,1175.5323486328125,1189.2850341796875,1172.71728515625,1174.563232421875,7289476.0,0.0015332932511014086,0.010713675919596113,0.510383303891123
2023-01-02,1170.477783203125,1188.7774658203125,1190.2081298828125,1175.993896484375,1176.8245849609375,5316175.0,0.011267364992849416,0.010834442431993012,0.5264362103408801
2023-01-03,1161.912353515625,1180.078125,1187.4390869140625,1175.809326171875,1183.7701416015625,7658932.0,-0.007317891727991466,0.01083399092200826,0.5423652562723439
2023-01-04,1144.418212890625,1162.3104248046875,1181.9241943359375,1160.2105712890625,1180.0550537109375,9264891.0,-0.01505633413059737,0.010852025291459852,0.5289763031511004
2023-01-05,1142.37353515625,1160.233642578125,1170.5482177734375,1155.5955810546875,1164.5948486328125,13637099.0,-0.0017866525640224395,0.010843109265680599,0.5549502716110636
2023-01-06,1152.75634765625,1170.7789306640625,1175.8785400390625,1162.195068359375,1166.048583984375,6349597.0,0.009088806927394222,0.010715277232077786,0.5564134047873333
2023-01-09,1179.974609375,1198.4227294921875,1200.8226318359375,1173.755615234375,1174.655517578125,10722753.0,0.023611461150562674,0.012078236493269308,0.539075688267835
2023-01-10,1162.52587890625,1180.701171875,1202.6685791015625,1174.9786376953125,1202.6685791015625,8047142.0,-0.014787377906370525,0.012442720733146768,0.5410394033378908
2023-01-11,1147.871826171875,1165.81787109375,1180.5166015625,1163.4871826171875,1177.9783935546875,11509553.0,-0.012605356147565638,0.012693992395408556,0.5531363319820362
2023-01-12,1123.0843505859375,1140.6429443359375,1168.748291015625,1137.5970458984375,1165.2178955078125,17688773.0,-0.02159428868343527,0.013176761025383996,0.5164739458683423
2023-01-13,1121.266845703125,1138.7969970703125,1141.242919921875,1123.5675048828125,1134.5511474609375,20618583.0,-0.0016183155627307322,0.013159000794554116,0.5010094838369714
2023-01-16,1110.5885009765625,1127.9517822265625,1144.3580322265625,1120.06005859375,1141.150634765625,13623855.0,-0.009523464256063208,0.01276940471893688,0.497298889866751
2023-01-17,1126.3560791015625,1143.9658203125,1145.904052734375,1130.9515380859375,1134.3665771484375,10751000.0,0.014197498093249994,0.013091575143766632,0.5235748036921299
2023-01-18,1124.492919921875,1142.0736083984375,1149.6422119140625,1135.451171875,1141.5198974609375,13448286.0,-0.0016541475775349035,0.012808687498474105,0.5073292635264556
2023-01-19,1123.2889404296875,1140.8507080078125,1145.05029296875,1133.7435302734375,1141.242919921875,11940054.0,-0.0010706865920251385,0.012810066243329121,0.520348926832633
2023-01-20,1109.9296875,1127.2825927734375,1142.2120361328125,1124.79052734375,1142.2120361328125,14930286.0,-0.011892980023979649,0.011365314928017083,0.5184021031620292
2023-01-23,1104.3177490234375,1121.5830078125,1138.15087890625,1119.1370849609375,1130.213134765625,10954118.0,-0.005056120707252032,0.011150986236718965,0.5108281451787798
2023-01-24,1097.7972412109375,1114.9605712890625,1127.7440185546875,1101.7615966796875,1126.0595703125,16488755.0,-0.00590455764952269,0.010927873908235804,0.521694047642293
2023-01-25,1082.620361328125,1099.54638671875,1114.3836669921875,1098.36962890625,1113.3453369140625,12385018.0,-0.013824847898207038,0.011194510631773699,0.5376426294737277
2023-01-27,1062.0816650390625,1078.6866455078125,1101.7615966796875,1066.8260498046875,1100.4002685546875,25830975.0,-0.018971282106560627,0.01170746682911797,0.4853511553960512
2023-01-30,1072.26025390625,1089.0242919921875,1094.6314697265625,1061.9111328125,1076.0792236328125,21772103.0,0.009583621676411358,0.012046566437869352,0.5165752034117809
2023-01-31,1069.5791015625,1086.3013916015625,1101.900146484375,1080.37109375,1099.2926025390625,22691594.0,-0.0025004678985186546,0.0115256103441767,0.5322854294330125
2023-02-01,1063.240478515625,1079.863525390625,1098.3465576171875,1063.757080078125,1098.3465576171875,19347800.0,-0.005926277951406433,0.011511476849133742,0.5638900253452258
2023-02-02,1057.35595703125,1073.8870849609375,1083.6015625,1066.526123046875,1069.756591796875,13662663.0,-0.005534516041554638,0.011239708603567544,0.5355557729084022
2023-02-03,1058.28759765625,1074.8331298828125,1084.0631103515625,1058.2191162109375,1084.0631103515625,24699575.0,0.0008811040584817409,0.011281716558101871,0.5349353174549774
2023-02-06,1050.3128662109375,1066.7337646484375,1071.14111328125,1064.1263427734375,1068.3720703125,14837879.0,-0.007535504963843365,0.010891262181828341,0.5401350450899148
2023-02-07,1047.791015625,1064.1724853515625,1074.0947265625,1058.2191162109375,1066.9876708984375,15135435.0,-0.002401047028049108,0.008674220714613249,0.5356961690323433
2023-02-08,1068.7159423828125,1085.424560546875,1089.093505859375,1064.68017578125,1067.4490966796875,21160332.0,0.019970515537710565,0.010153001622828608,0.5796313362737876
2023-02-09,1070.578857421875,1087.316650390625,1094.1468505859375,1077.140625,1086.1168212890625,13172763.0,0.0017431339471822849,0.010030218372417963,0.6071624406877606
2023-02-10,1061.763671875,1078.3636474609375,1086.7860107421875,1071.279541015625,1086.7860107421875,10790445.0,-0.008234036648270271,0.009164452193313338,0.573493579951113
2023-02-13,1055.72021484375,1072.2257080078125,1084.524658203125,1067.7030029296875,1080.001953125,10352493.0,-0.00569190413209153,0.009182907244878444,0.575997866939449
2023-02-14,1080.598388671875,1097.4927978515625,1099.2464599609375,1072.3641357421875,1075.2716064453125,14321920.0,0.02356512026418578,0.010781155910564348,0.5727055465436464
2023-02-15,1105.0675048828125,1122.344482421875,1124.7674560546875,1095.13916015625,1096.5235595703125,33503591.0,0.022644042844642387,0.011558155169491127,0.5916437696894645
2023-02-16,1104.2042236328125,1121.4676513671875,1137.0433349609375,1119.16015625,1130.4207763671875,17264487.0,-0.0007812022760469439,0.01155676795886061,0.5792665309439137
2023-02-17,1108.8162841796875,1126.15185546875,1129.5208740234375,1112.491455078125,1116.82958984375,11809520.0,0.00417681842558193,0.011610860665636998,0.5940500883541877
2023-02-20,1097.093017578125,1114.2452392578125,1130.5592041015625,1112.2607421875,1128.3670654296875,8836937.0,-0.010572776364152547,0.01154676184096641,0.5847334300169091
2023-02-21,1106.0445556640625,1123.3367919921875,1129.19775390625,1113.299072265625,1118.6756591796875,13311592.0,0.008159324635661491,0.01165108749055841,0.5805589699248423
2023-02-22,1080.9617919921875,1097.8619384765625,1121.444580078125,1096.085205078125,1119.5755615234375,11024335.0,-0.022677896241544704,0.012668521574380035,0.6067920853693317
2023-02-23,1075.78173828125,1092.600830078125,1105.1767578125,1089.7626953125,1097.4466552734375,9851910.0,-0.004792078452089177,0.012332405538392755,0.6442347010243962
2023-02-24,1083.14306640625,1100.0771484375,1105.8228759765625,1092.8316650390625,1094.6776123046875,9434053.0,0.006842771040862727,0.011598341035166711,0.6140397941463946
2023-02-27,1075.940673828125,1092.7623291015625,1102.8231201171875,1085.3092041015625,1099.2926025390625,11199715.0,-0.006649530243517776,0.011537264984636033,0.608259477599648
2023-02-28,1055.356689453125,1071.8564453125,1092.3701171875,1067.7491455078125,1087.3397216796875,21994038.0,-0.019131151815056424,0.012317666584552883,0.5590459528715553
2023-03-01,1065.0579833984375,1081.70947265625,1082.4478759765625,1072.179443359375,1081.755615234375,11551145.0,0.009192431376295662,0.012436753646099802,0.5729052250726361
2023-03-02,1056.947021484375,1073.4716796875,1085.2861328125,1071.41796875,1078.525146484375,9333535.0,-0.007615512057082219,0.012495458209209269,0.5480447073190376
2023-03-03,1083.9154052734375,1100.8616943359375,1104.5767822265625,1080.625,1084.13232421875,14643807.0,0.025515360033077306,0.013733969360311963,0.5569393134190971
2023-03-06,1094.5029296875,1111.6146240234375,1118.9525146484375,1107.599609375,1107.599609375,10171916.0,0.009767851220263468,0.013693942217939233,0.5369740045493868
2023-03-08,1098.433349609375,1115.606689453125,1116.3681640625,1100.6771240234375,1111.6146240234375,15782657.0,0.0035910547292890005,0.013654589058635098,0.5592877984072222
2023-03-09,1072.032958984375,1088.79345703125,1115.39892578125,1086.8782958984375,1114.983642578125,16235128.0,-0.024034585834806,0.014216833811146542,0.5900884700496325
2023-03-10,1055.4249267578125,1071.9256591796875,1081.755615234375,1068.3951416015625,1080.6019287109375,13334091.0,-0.01549209106620808,0.014637748506978304,0.5972562564433838
2023-03-13,1038.06689453125,1054.29638671875,1081.755615234375,1049.912109375,1074.8331298828125,12771592.0,-0.016446486894984624,0.014974173092830206,0.5749042766414614
2023-03-14,1034.181884765625,1050.3505859375,1063.7340087890625,1047.166259765625,1052.2196044921875,16027522.0,-0.0037425427841808467,0.014948495472594107,0.5756232927279957
2023-03-15,1016.5057983398438,1032.398193359375,1060.6650390625,1027.9447021484375,1054.11181640625,21728555.0,-0.017091854620705504,0.014188062928530911,0.5564992842799668
2023-03-16,1011.439208984375,1027.25244140625,1040.2205810546875,1016.31494140625,1035.1441650390625,18363159.0,-0.004984319188088726,0.012845759382336024,0.5783238372923765
2023-03-17,1010.1671142578124,1025.9603271484375,1039.2745361328125,1021.1607055664062,1035.9517822265625,34014213.0,-0.0012577075470902033,0.012839254940277796,0.5548808316325505
2023-03-20,1000.2384033203124,1015.8765258789062,1024.5296630859375,1006.0696411132812,1022.22216796875,19524589.0,-0.00982878060210346,0.012730496370411333,0.5540112143539554
2023-03-21,1031.341796875,1047.4661865234375,1049.45068359375,1023.1451416015624,1024.0450439453125,21400360.0,0.03109598016976678,0.014990343091065941,0.6081754018704542
2023-03-22,1034.477294921875,1050.6505126953125,1057.5037841796875,1047.6046142578125,1054.527099609375,10920094.0,0.003040212329584291,0.01483302827857456,0.6351878652780281
2023-03-23,1021.390625,1037.359375,1047.5584716796875,1035.167236328125,1046.681640625,16249370.0,-0.012650514405793012,0.014301183207694669,0.6844730067140379
2023-03-24,1001.1699829101562,1016.8225708007812,1038.3746337890625,1014.3766479492188,1036.1824951171875,12375945.0,-0.019797168286955547,0.014799758413920061,0.6909121390190597
2023-03-27,1016.7329711914062,1032.62890625,1040.2205810546875,1015.3919677734376,1023.3759155273438,14054323.0,0.015544801129586672,0.015240679579386664,0.6601272417462329
2023-03-28,1021.4814453125,1037.45166015625,1041.3743896484375,1032.3751220703125,1036.067138671875,12576424.0,0.00467032569577186,0.015309953791123244,0.6584845966485894
2023-03-29,1015.43798828125,1031.313720703125,1035.974853515625,1020.4223022460938,1033.298095703125,18804065.0,-0.005916364960893761,0.014831310261229172,0.6293771379827373
2023-03-31,1059.218994140625,1075.7791748046875,1081.5018310546875,1040.543701171875,1040.68212890625,28171201.0,0.04311539095900829,0.017799911687469104,0.6353093021388917
2023-04-03,1059.4007568359375,1075.9637451171875,1084.0631103515625,1068.3720703125,1082.2171630859375,10293043.0,0.00017160067589228056,0.017712412702455514,0.6675324442171828
2023-04-05,1056.856201171875,1073.37939453125,1083.6015625,1065.3955078125,1083.6015625,16262928.0,-0.0024018820523238338,0.016688069116560473,0.660981260041371
2023-04-06,1063.9447021484375,1080.5787353515625,1086.37060546875,1069.8258056640625,1069.8258056640625,18435046.0,0.006707157481502746,0.016596633202726335,0.6720229241811589
2023-04-10,1056.4017333984375,1072.9178466796875,1084.709228515625,1071.3948974609375,1084.524658203125,12961408.0,-0.007089624803590211,0.016603300320255084,0.6699212317404151
2023-04-11,1061.6273193359375,1078.22509765625,1080.37109375,1072.5487060546875,1077.140625,10542367.0,0.0049465897037950235,0.015808046043720568,0.7106224212117394
2023-04-12,1066.3076171875,1082.9786376953125,1092.7392578125,1075.3177490234375,1078.22509765625,18179087.0,0.004408607207367465,0.015427866311491505,0.7222855147780609
2023-04-13,1070.3291015625,1087.0628662109375,1091.8162841796875,1080.8326416015625,1085.9090576171875,12378208.0,0.00377141109205148,0.01490390533872305,0.6929266471981355
2023-04-17,1075.7589111328125,1092.5777587890625,1119.114013671875,1084.086181640625,1119.114013671875,17929479.0,0.005073028064345619,0.014866790741220718,0.7003297737622459
2023-04-18,1063.4449462890625,1080.0711669921875,1096.985107421875,1073.4486083984375,1096.985107421875,10405576.0,-0.011446770011677598,0.014533571467794378,0.6624642015028918
2023-04-19,1068.7386474609375,1085.4476318359375,1088.17041015625,1076.3099365234375,1079.47119140625,12273475.0,0.004977879852029687,0.014439072018004715,0.677082528175375
2023-04-20,1066.034912109375,1082.70166015625,1088.6781005859375,1076.2637939453125,1086.416748046875,7007330.0,-0.0025298377278542006,0.01446093605362364,0.6808104868219794
2023-04-21,1067.37548828125,1084.0631103515625,1089.60107421875,1078.2481689453125,1084.8245849609375,7647317.0,0.0012575349612353737,0.01416102041333351,0.6828387169088111
2023-04-24,1071.465087890625,1088.2166748046875,1098.784912109375,1083.6015625,1096.0621337890625,12936186.0,0.0038314535552623763,0.012572399476135431,0.6850579925610172
2023-04-25,1079.666748046875,1096.546630859375,1098.646484375,1084.75537109375,1091.9085693359375,9236126.0,0.007654621927436267,0.012634983401140078,0.7149080947319933
2023-04-26,1073.328125,1090.1087646484375,1101.184814453125,1086.3936767578125,1097.9080810546875,8617834.0,-0.0058709069797153735,0.012301721569423165,0.7628372015222111
2023-04-27,1080.1212158203125,1097.0081787109375,1100.215576171875,1090.985595703125,1096.0621337890625,9167125.0,0.0063289973141367195,0.011135215347912208,0.7835619980980583
2023-04-28,1099.8648681640625,1117.060302734375,1118.6295166015625,1099.17724609375,1099.2926025390625,15565210.0,0.01827910798766741,0.01130176645430493,0.728359178432668
2023-05-02,1109.20263671875,1126.544189453125,1128.736328125,1120.5677490234375,1124.305908203125,12981805.0,0.008489923466938665,0.011345930742620986,0.7017765209343573
2023-05-03,1099.68310546875,1116.875732421875,1128.3670654296875,1113.6221923828125,1128.3670654296875,7061872.0,-0.008582319348032552,0.011485688321445614,0.6783379734832002
2023-05-04,1112.360595703125,1129.7515869140625,1131.9898681640625,1114.3375244140625,1117.3603515625,8635233.0,0.011528312266806173,0.007206442220149244,0.6385131982466843
2023-05-05,1109.5206298828125,1126.8671875,1135.91259765625,1124.213623046875,1126.5211181640625,8746585.0,-0.0025530981871192404,0.007277686281506108,0.6018666957941434
2023-05-08,1123.2205810546875,1140.781494140625,1146.2041015625,1127.974853515625,1130.674560546875,9153782.0,0.012347630862277859,0.007515418128118976,0.5446330093471302
2023-05-09,1126.69677734375,1144.3118896484375,1147.6578369140625,1136.7894287109375,1142.2120361328125,6464721.0,0.0030948473947995936,0.007466820636709886,0.5432288232956378
2023-05-10,1134.4443359375,1152.1805419921875,1153.680419921875,1145.0733642578125,1149.1346435546875,10872255.0,0.006876347522725146,0.007129244772891944,0.5550680280252213
2023-05-11,1127.0377197265625,1144.6580810546875,1158.1337890625,1142.9273681640625,1153.2650146484375,10557860.0,-0.0065288493902317946,0.0074683847410380024,0.6223973961303946
2023-05-12,1128.8778076171875,1146.527099609375,1147.9346923828125,1133.67431640625,1139.812255859375,6955341.0,0.0016326764032985608,0.007467022193769559,0.6378084054038393
2023-05-15,1131.1044921875,1148.7884521484375,1155.849365234375,1141.3582763671875,1149.0885009765625,6833343.0,0.00197247616640861,0.007466574360054815,0.59163019375694
2023-05-16,1114.99609375,1132.4283447265625,1153.56494140625,1130.7437744140625,1150.9805908203125,8717229.0,-0.014241300029095627,0.00835246439051397,0.5982845787712671
2023-05-17,1108.4073486328125,1125.736572265625,1137.5970458984375,1120.983154296875,1136.674072265625,8798967.0,-0.005909209148014072,0.00797246603412305,0.5758075322759751
2023-05-18,1106.021728515625,1123.313720703125,1133.9051513671875,1120.1292724609375,1130.4669189453125,10525531.0,-0.0021522954716333142,0.00799651920301507,0.5272445547218209
2023-05-19,1109.6114501953125,1126.95947265625,1128.8055419921875,1116.298828125,1123.313720703125,8050447.0,0.003245615874567953,0.007938039010623198,0.5348827328130272
2023-05-22,1115.541259765625,1132.9820556640625,1138.05859375,1122.5291748046875,1123.7520751953125,7434906.0,0.005344041438350988,0.007969502690445813,0.5200254588205925
2023-05-23,1115.3367919921875,1132.7744140625,1138.9815673828125,1131.34375,1135.589599609375,6092034.0,-0.00018329019356977394,0.007977848951511343,0.5652115519579337
2023-05-24,1108.8389892578125,1126.1749267578125,1137.1356201171875,1123.0367431640625,1128.782470703125,8112254.0,-0.005825866035288563,0.008047559756502285,0.5966366222449543
2023-05-25,1108.7027587890625,1126.0364990234375,1130.213134765625,1115.0067138671875,1123.2445068359375,11487863.0,-0.00012285865672989615,0.0078763758288343,0.6719570955214743
2023-05-26,1138.94287109375,1156.7493896484375,1157.903076171875,1131.020751953125,1134.3665771484375,12626260.0,0.027275220580957216,0.009710126777419673,0.729200756500824
2023-05-29,1145.349609375,1163.2564697265625,1167.5946044921875,1157.0723876953125,1163.4410400390625,10010304.0,0.005625162107645965,0.009029979957093348,0.6459556299654815
2023-05-30,1145.054443359375,1162.95654296875,1171.148193359375,1160.3720703125,1163.2564697265625,11342504.0,-0.00025770822568849105,0.008913586658448143,0.6178342319693864
2023-05-31,1122.311767578125,1139.8583984375,1158.29541015625,1135.7510986328125,1153.7496337890625,27107927.0,-0.019861654538038565,0.009896333129867027,0.5788935486949242
2023-06-01,1119.2901611328125,1136.7894287109375,1146.781005859375,1134.3665771484375,1144.5888671875,14592692.0,-0.0026923057679711926,0.009611793033189446,0.5493598135306466
2023-06-02,1115.63232421875,1133.0743408203125,1145.8348388671875,1131.1361083984375,1140.3660888671875,15800644.0,-0.0032679970226491273,0.009624495143552122,0.5198046960023825
2023-06-05,1125.6517333984375,1143.25048828125,1146.250244140625,1134.57421875,1138.6124267578125,10908682.0,0.008980924057308881,0.009430516881374527,0.5122881200214369
2023-06-06,1126.60595703125,1144.2196044921875,1148.0731201171875,1136.212646484375,1146.11181640625,7493309.0,0.0008477076919088944,0.009406944260416106,0.5348000655181431
2023-06-07,1135.1485595703125,1152.8958740234375,1153.7496337890625,1141.1044921875,1147.7501220703125,10312545.0,0.00758260018575907,0.00943524937582222,0.48706701868747704
2023-06-08,1135.830078125,1153.5880126953125,1161.52587890625,1149.5960693359375,1156.5185546875,12071109.0,0.000600378293168502,0.009306491509379827,0.5141320544122362
2023-06-09,1127.7874755859375,1145.4195556640625,1157.6954345703125,1143.5965576171875,1156.9801025390625,5877018.0,-0.007080814898245191,0.00945005672354032,0.5387553301219263
2023-06-12,1128.7869873046875,1146.434814453125,1148.765380859375,1137.5970458984375,1142.44287109375,6391969.0,0.0008862589276679156,0.009441204502396789,0.4895909999526583
2023-06-13,1145.46337890625,1163.371826171875,1164.57177734375,1147.4039306640625,1151.442138671875,11248016.0,0.01477372771755836,0.009376478316860375,0.5033208384812551
2023-06-14,1159.5496826171875,1177.6783447265625,1179.132080078125,1161.5950927734375,1163.4410400390625,13277380.0,0.012297471896821177,0.00951330090998154,0.5084897438752085
2023-06-15,1159.86767578125,1178.00146484375,1182.616455078125,1170.1328125,1177.6552734375,11813494.0,0.00027423849864272043,0.009468890578346748,0.48578807128647045
2023-06-16,1171.159423828125,1189.4697265625,1191.7772216796875,1181.5318603515625,1181.5318603515625,24171579.0,0.009735376097337323,0.009608764123035718,0.4978816049903591
2023-06-19,1159.5269775390625,1177.6552734375,1192.515625,1173.4326171875,1192.515625,6798554.0,-0.009932419150110228,0.009990992794860837,0.48284882014391745
2023-06-20,1161.9351806640625,1180.1011962890625,1183.2855224609375,1169.902099609375,1175.6939697265625,6921096.0,0.0020768840843281566,0.009977977611220601,0.5129895662090999
2023-06-21,1165.2069091796875,1183.424072265625,1185.9853515625,1175.901611328125,1180.0550537109375,6961603.0,0.0028157582024113115,0.009802453552415607,0.5179721859773787
2023-06-22,1152.1201171875,1170.1328125,1187.5775146484375,1168.517578125,1179.5936279296875,7619166.0,-0.011231303118002134,0.010264375829529764,0.56012996319032
2023-06-23,1142.6915283203125,1160.5567626953125,1169.1636962890625,1159.28759765625,1167.0869140625,6628570.0,-0.008183685647468852,0.008589576620879174,0.6077943347121957
2023-06-26,1133.9671630859375,1151.6959228515625,1160.856689453125,1148.53466796875,1156.9801025390625,12641159.0,-0.007634925977966556,0.008660201684387444,0.5670150860125166
2023-06-27,1134.3760986328125,1152.111328125,1158.1337890625,1147.588623046875,1152.157470703125,9689466.0,0.0003606237995130712,0.00866207880780427,0.534537817005663
2023-06-28,1149.3939208984375,1167.3638916015625,1171.2174072265625,1152.75732421875,1159.7491455078125,11354006.0,0.01323883876231613,0.007881498486833413,0.5374154798470198
2023-06-30,1158.8226318359375,1176.93994140625,1179.8935546875,1169.186767578125,1175.1632080078125,11151555.0,0.008203202371324547,0.007972697317955649,0.5208203006260643
2023-07-03,1188.5628662109375,1207.1451416015625,1210.0526123046875,1179.2935791015625,1180.5396728515625,12154387.0,0.025664181521793505,0.00949120495735543,0.5170122041657466
2023-07-04,1176.3167724609375,1194.707763671875,1211.4371337890625,1187.554443359375,1211.4371337890625,8061643.0,-0.01030327810008047,0.009847340634003759,0.5164426868642698
2023-07-05,1174.3856201171875,1192.746337890625,1204.0531005859375,1188.7313232421875,1204.0531005859375,10248062.0,-0.0016416941328736279,0.009881665510939533,0.5472969201856607
2023-07-06,1199.03662109375,1217.78271484375,1220.4132080078125,1188.8466796875,1188.8466796875,19117987.0,0.02099055076483536,0.010692919442894291,0.5701944045334815
2023-07-07,1196.6964111328125,1215.406005859375,1229.8740234375,1212.821533203125,1216.0521240234375,13375267.0,-0.0019517418565604405,0.010735636468520876,0.6216914589084452
2023-07-10,1242.794921875,1262.22509765625,1271.8935546875,1234.5120849609375,1240.9268798828125,33240016.0,0.03852147488146129,0.01313150147046475,0.7138362836714819
2023-07-11,1256.2677001953125,1275.9085693359375,1278.3544921875,1263.4019775390625,1270.462890625,20069348.0,0.010840709181516583,0.013158072310890145,0.6935579055627857
2023-07-12,1257.653564453125,1277.316162109375,1293.12255859375,1274.5009765625,1276.64697265625,18733835.0,0.001103159985405222,0.013002153241630805,0.713630484252796
2023-07-13,1246.4073486328125,1265.89404296875,1291.738037109375,1263.240478515625,1284.7694091796875,14682934.0,-0.008942220765861486,0.01321987570745321,0.7175205864856954
2023-07-14,1245.3623046875,1264.8326416015625,1274.1549072265625,1257.6331787109375,1269.12451171875,15124144.0,-0.0008384449485626666,0.013237381902695446,0.7012752583550133
2023-07-17,1270.8084716796875,1290.6766357421875,1299.1451416015625,1258.9715576171875,1267.7401123046875,22220040.0,0.020432742260151127,0.013704322826707312,0.6776251512437093
2023-07-18,1281.600341796875,1301.63720703125,1309.482666015625,1288.968994140625,1300.0450439453125,25867313.0,0.008492129504710899,0.013319639349717432,0.6664204048756219
2023-07-19,1291.3243408203125,1311.5133056640625,1318.0435791015625,1290.8150634765625,1306.0445556640625,39122156.0,0.007587387976039306,0.013310790043641756,0.7058632934432966
2023-07-20,1289.760498046875,1309.925048828125,1315.4749755859375,1290.0,1290.0,38717624.0,-0.001211037942988158,0.013381822650860064,0.715816006659736
2023-07-21,1249.834716796875,1269.375,1307.449951171875,1261.800048828125,1304.5,30249238.0,-0.030955965321050605,0.01525090257651384,0.7472027277969
2023-07-24,1224.554931640625,1243.699951171875,1257.4749755859375,1234.6500244140625,1240.5,23727866.0,-0.020226502605910968,0.015985162326149622,0.7688473928830439
2023-07-25,1223.767333984375,1242.9000244140625,1252.5999755859375,1240.0,1247.0,12026020.0,-0.0006431705396791054,0.015802246548721664,0.7383971073289503
2023-07-26,1243.65625,1263.0999755859375,1273.5,1242.5,1242.5,12911012.0,0.016252203718226443,0.016011157073402237,0.7177022592417326
2023-07-27,1232.0872802734375,1251.3499755859375,1268.824951171875,1245.175048828125,1267.0250244140625,17226898.0,-0.009302385387089496,0.016173266215146663,0.7558301560573875
2023-07-28,1244.46875,1263.925048828125,1271.425048828125,1250.2750244140625,1256.0250244140625,20827852.0,0.010049182330504003,0.01620613138984415,0.7421027592462057
2023-07-31,1255.00390625,1274.625,1276.949951171875,1258.9749755859375,1263.925048828125,8551174.0,0.008465585214574523,0.015416137953718666,0.7127715523388062
2023-08-01,1237.25634765625,1256.5999755859375,1279.5,1252.6500244140625,1277.5,9536632.0,-0.014141436935268481,0.015610968708727769,0.6990196782193715
2023-08-02,1224.0382080078125,1243.175048828125,1256.0,1231.800048828125,1254.5999755859375,12748214.0,-0.010683428437022635,0.015870380451929622,0.7154044993430523
2023-08-03,1218.8934326171875,1237.949951171875,1250.449951171875,1229.0250244140625,1237.6500244140625,10168350.0,-0.00420311666495965,0.015288942434844332,0.7365158271975065
2023-08-04,1235.4593505859375,1254.7750244140625,1258.0,1235.800048828125,1249.4000244140625,22885610.0,0.013590948581271745,0.015527784506630057,0.7994598627180091
2023-08-07,1242.49951171875,1261.925048828125,1264.199951171875,1252.5,1260.5,5982870.0,0.005698415839803683,0.012953448762117752,0.8157976597368021
2023-08-08,1235.016357421875,1254.324951171875,1267.2249755859375,1249.7750244140625,1264.0,9844072.0,-0.006022661760666237,0.012762772991104326,0.7735847576327658
2023-08-09,1243.1639404296875,1262.5999755859375,1264.5,1240.550048828125,1252.425048828125,11486586.0,0.006597145826327866,0.012864046610481473,0.7504292206726045
2023-08-10,1248.7025146484375,1268.2249755859375,1275.0,1254.2249755859375,1262.4749755859375,15470598.0,0.004455224318069995,0.01274962330026429,0.7875789685250563
2023-08-11,1253.969970703125,1273.574951171875,1279.425048828125,1256.175048828125,1266.2249755859375,22179330.0,0.004218343434801541,0.012778687423076905,0.7922192761491142
2023-08-14,1268.7884521484375,1288.625,1291.1500244140625,1262.5,1269.5,9575812.0,0.011817253835036734,0.012200778963066615,0.7683735748411423
2023-08-16,1267.754638671875,1287.574951171875,1291.4000244140625,1275.5,1275.5,10203112.0,-0.0008148036615654997,0.01203587497522472,0.7796700863541238
2023-08-17,1249.4654541015625,1269.0,1289.050048828125,1266.425048828125,1283.550048828125,13673744.0,-0.014426438691222288,0.012264311496116027,0.7923796790585035
2023-08-18,1258.7208251953125,1278.4000244140625,1288.800048828125,1254.2750244140625,1265.625,18639978.0,0.0074074645788466675,0.012428067036702031,0.815975415658176
2023-08-21,1244.986328125,1260.0,1277.7249755859375,1257.824951171875,1269.9749755859375,9221746.0,-0.010911472024133229,0.010566126449684863,0.8852118738800699
2023-08-22,1244.6898193359375,1259.699951171875,1268.9749755859375,1249.5,1258.449951171875,7713044.0,-0.0002381622852911658,0.009453014464370354,0.8690410687788657
2023-08-23,1246.0733642578125,1261.0999755859375,1271.425048828125,1258.4749755859375,1262.0999755859375,9517952.0,0.0011115579965241817,0.009446486867643824,0.8413488073731761
2023-08-24,1225.1258544921875,1239.9000244140625,1269.949951171875,1235.5,1269.949951171875,14140020.0,-0.016810815772554277,0.009519649268381936,0.7923024606958604
2023-08-25,1219.4691162109375,1234.175048828125,1252.5,1221.300048828125,1228.0,22222400.0,-0.004617271164842673,0.009353199463895902,0.7616473633348749
2023-08-28,1207.315673828125,1221.875,1242.0,1215.550048828125,1236.0,12580826.0,-0.009966174806111505,0.009238195358906567,0.7133386237231129
2023-08-29,1195.755126953125,1210.175048828125,1226.7249755859375,1204.074951171875,1226.0250244140625,16876644.0,-0.009575413560518165,0.009096313858693528,0.6650703136043852
2023-08-30,1194.6187744140625,1209.0250244140625,1221.5,1207.5,1216.0,12168946.0,-0.0009503221131553774,0.008666376530860128,0.6711395461989069
2023-08-31,1189.15966796875,1203.5,1212.5,1199.949951171875,1211.5,21638600.0,-0.004569747740646446,0.008438252776280686,0.6472325839431371
2023-09-01,1191.950927734375,1206.324951171875,1212.824951171875,1200.824951171875,1203.2750244140625,18112842.0,0.002347253981791031,0.00845126822561699,0.644796490294663
2023-09-04,1190.9874267578125,1205.3499755859375,1211.824951171875,1202.6500244140625,1206.324951171875,9347626.0,-0.0008083394661170251,0.007716826870855682,0.685119228135261
2023-09-05,1197.36083984375,1211.800048828125,1216.9749755859375,1206.2249755859375,1210.0,8675876.0,0.005351368908475873,0.007699441848941209,0.6951565067473015
2023-09-06,1199.8802490234375,1214.3499755859375,1218.074951171875,1208.625,1210.550048828125,8200370.0,0.0021041352747233066,0.007680411877445979,0.6933369938203291
2023-09-07,1201.5106201171875,1216.0,1219.125,1205.5,1210.8499755859375,13652572.0,0.0013587781739694549,0.007479530080566763,0.6956625862227702
2023-09-08,1209.51416015625,1224.0999755859375,1228.0,1211.4749755859375,1220.0,23109288.0,0.006661231207662377,0.007590151825216478,0.7233889942471939
2023-09-11,1222.556884765625,1237.300048828125,1238.425048828125,1226.0,1226.0,13271074.0,0.010783441020392859,0.007985141455673897,0.7004722319207412
2023-09-12,1204.8948974609375,1219.425048828125,1241.5,1217.9749755859375,1241.5,16255666.0,-0.014446761148519838,0.007884243147425857,0.6964654288401695
2023-09-13,1210.922119140625,1225.5250244140625,1231.324951171875,1213.125,1220.0,12803338.0,0.0050022800265721035,0.008057048947659138,0.6941311467562332
2023-09-14,1212.0338134765625,1226.6500244140625,1232.9000244140625,1222.5,1230.0,9209636.0,0.0009180560156307749,0.00755227304638877,0.684493950686733
2023-09-15,1214.28173828125,1228.925048828125,1234.0,1224.75,1234.0,25468592.0,0.0018546716928957707,0.007305919921967727,0.7117365717322809
2023-09-18,1203.709228515625,1218.2249755859375,1225.5,1216.0250244140625,1220.0250244140625,7516300.0,-0.00870680125733403,0.007176214001617397,0.7193714489583276
2023-09-20,1176.8826904296875,1191.074951171875,1213.800048828125,1177.5,1211.5250244140625,57081884.0,-0.0222865601180271,0.0085149905130922,0.6621261096996812
2023-09-21,1168.31103515625,1182.4000244140625,1195.050048828125,1180.0,1187.4749755859375,12226182.0,-0.0072833557185788544,0.008520891112468119,0.6531718363524724
2023-09-22,1163.4447021484375,1177.4749755859375,1191.2249755859375,1175.0,1188.0,19176786.0,-0.004165271799526971,0.007903141530131367,0.642996566409296
2023-09-25,1156.2811279296875,1170.2249755859375,1180.3499755859375,1167.550048828125,1175.199951171875,14254884.0,-0.0061572107428239375,0.007931794327458521,0.6216861416257285
2023-09-26,1157.2939453125,1171.25,1175.0999755859375,1167.800048828125,1169.2750244140625,10087782.0,0.0008759265877027467,0.007772683655388171,0.5698784147443536
2023-09-27,1170.336669921875,1184.449951171875,1185.9000244140625,1169.25,1171.75,11722778.0,0.011270018876538002,0.008105832544392351,0.5456612628375751
2023-09-28,1153.14404296875,1167.050048828125,1191.5,1162.5,1191.5,14518346.0,-0.014690325779737057,0.008660876964148726,0.5328643980831502
2023-09-29,1158.529052734375,1172.5,1184.550048828125,1167.050048828125,1170.9000244140625,12342014.0,0.004669850049054958,0.008747386362840509,0.5342152310522996
2023-10-03,1145.263916015625,1159.074951171875,1167.800048828125,1158.0,1164.9749755859375,8859056.0,-0.011449981929621433,0.008988062823654625,0.5907995303676523
2023-10-04,1143.2877197265625,1157.074951171875,1159.5,1147.550048828125,1154.5,10286386.0,-0.0017255378969222024,0.008984231330208838,0.6478836670180426
2023-10-05,1143.26318359375,1157.050048828125,1164.699951171875,1154.5,1159.625,10953682.0,-2.146103066547056e-05,0.00883178210606626,0.6567419144709097
2023-10-06,1145.18994140625,1159.0,1162.4000244140625,1156.0250244140625,1158.5250244140625,5431026.0,0.0016853143179538232,0.008821350740434792,0.6497080304315049
2023-10-09,1135.4324951171875,1149.125,1155.9749755859375,1147.5,1154.050048828125,7576878.0,-0.00852037372689518,0.008882506138839346,0.6299399396695866
2023-10-10,1140.447021484375,1154.199951171875,1158.949951171875,1151.875,1153.2750244140625,10236032.0,0.0044164020219183975,0.008770311644240747,0.6508056623695972
2023-10-11,1158.5537109375,1172.5250244140625,1174.8499755859375,1156.5,1157.2249755859375,9814118.0,0.01587683523392247,0.009249390996272838,0.613781189796695
2023-10-12,1160.7027587890625,1174.699951171875,1179.675048828125,1169.074951171875,1171.925048828125,12554450.0,0.0018549401993832593,0.008864858025772386,0.6094378054109986
2023-10-13,1160.6534423828125,1174.6500244140625,1178.75,1164.574951171875,1170.0,10150316.0,-4.2488402716811535e-05,0.008731009156490279,0.5725478015936907
2023-10-16,1158.059814453125,1172.0250244140625,1177.2750244140625,1168.0,1172.5,5929036.0,-0.002234627352987295,0.008702419120368407,0.5473802676080519
2023-10-17,1163.593017578125,1177.625,1179.8499755859375,1170.6500244140625,1178.0,7928180.0,0.004777994241699002,0.008798811680107927,0.5631249838871726
2023-10-18,1148.1541748046875,1162.0,1183.5,1160.5,1177.625,8918320.0,-0.013268249757609873,0.009035216628337122,0.6001237831833754
2023-10-19,1139.33544921875,1153.074951171875,1160.9000244140625,1150.5,1156.0,12032556.0,-0.0076807851937111815,0.007848909548330415,0.5861580904257773
2023-10-20,1135.8525390625,1149.550048828125,1157.3499755859375,1148.1500244140625,1150.0,8913312.0,-0.0030569663733699404,0.007743765061019832,0.577049990191812
2023-10-23,1118.1163330078125,1131.5999755859375,1153.125,1127.625,1145.0,7853962.0,-0.01561488436635139,0.008359323798003368,0.546532469026224
2023-10-25,1115.5225830078125,1128.9749755859375,1140.5999755859375,1121.5,1125.0250244140625,11620688.0,-0.0023197496749042257,0.008301556752057212,0.5123285886440627
2023-10-26,1099.9849853515625,1113.25,1129.0,1110.1500244140625,1125.5,15222534.0,-0.013928537075740377,0.008704416189811721,0.5052137048144316
2023-10-27,1119.40087890625,1132.9000244140625,1136.75,1117.9749755859375,1120.0,11771084.0,0.017651053253678883,0.009330165221220958,0.5202954698724098
2023-10-30,1142.47265625,1156.25,1162.5,1134.9749755859375,1137.0,16813304.0,0.020610826539901428,0.010142845055996103,0.5304243800053758
2023-10-31,1130.3192138671875,1143.949951171875,1164.0,1141.449951171875,1164.0,12808438.0,-0.010637840928906295,0.010314966255901796,0.5303866762984806
2023-11-01,1135.0125732421875,1148.699951171875,1158.75,1137.5999755859375,1144.574951171875,10309190.0,0.004152242408533846,0.010084915073051526,0.5624634829097442
2023-11-02,1146.2767333984375,1160.0999755859375,1162.1500244140625,1153.9749755859375,1156.9749755859375,10562104.0,0.009924260243279637,0.010337673318297897,0.6231624075641281
2023-11-03,1146.0296630859375,1159.8499755859375,1167.4749755859375,1157.875,1163.5999755859375,8850156.0,-0.00021554159244552284,0.01033796465324657,0.633052792273228
2023-11-06,1155.564697265625,1169.5,1170.0,1162.800048828125,1166.1500244140625,10647304.0,0.008320058796743801,0.010494367541900336,0.6368218010132476
2023-11-07,1148.0552978515625,1161.9000244140625,1169.550048828125,1159.7750244140625,1167.0250244140625,6960204.0,-0.0064984673137140625,0.010412283217257649,0.6253032347546074
2023-11-08,1154.033203125,1167.949951171875,1170.5,1160.875,1166.0,7884494.0,0.005206983744271199,0.010429004295807238,0.5834136280742221
2023-11-09,1141.50927734375,1155.2750244140625,1167.949951171875,1152.0999755859375,1167.925048828125,14513610.0,-0.010852309749265876,0.010081024705300855,0.5364887279600439
2023-11-10,1143.6583251953125,1157.449951171875,1158.175048828125,1149.0250244140625,1152.7750244140625,7734954.0,0.001882637219176475,0.010081394981337144,0.5472312237567122
2023-11-13,1143.51025390625,1157.300048828125,1162.300048828125,1155.8499755859375,1161.449951171875,3854810.0,-0.00012947161385568062,0.010081119144640514,0.5378363648538894
2023-11-15,1164.185791015625,1178.2249755859375,1180.9749755859375,1163.5,1170.0,12220648.0,0.01808076231826261,0.010907497310913143,0.5237540099589137
2023-11-16,1166.285400390625,1180.3499755859375,1187.074951171875,1173.4749755859375,1175.550048828125,13134910.0,0.0018035002584666504,0.010863706666297365,0.5568194481187839
2023-11-17,1163.7412109375,1177.7750244140625,1186.625,1176.0250244140625,1176.449951171875,7758634.0,-0.0021814467130196746,0.010415440167051903,0.5970491588458585
2023-11-20,1160.6781005859375,1174.675048828125,1179.199951171875,1168.199951171875,1174.2750244140625,4490186.0,-0.002632123295775446,0.010261006529107783,0.5734755586734791
2023-11-21,1175.2769775390625,1189.449951171875,1194.0,1180.0999755859375,1183.0,8214450.0,0.01257788610447208,0.010529464980033968,0.5596703923473533
2023-11-22,1179.87158203125,1194.0999755859375,1197.2249755859375,1186.0999755859375,1187.5,8534814.0,0.00390938015463238,0.009706744049464549,0.539099112528918
2023-11-23,1183.4781494140625,1197.75,1200.0,1194.0999755859375,1194.0999755859375,8531542.0,0.003056745698208463,0.009633525486484442,0.5060421275762659
2023-11-24,1182.6876220703125,1196.949951171875,1201.300048828125,1195.5250244140625,1195.800048828125,6749486.0,-0.0006679695304399047,0.008829509594128183,0.47579473646417164
2023-11-28,1182.9346923828125,1197.199951171875,1199.8499755859375,1187.625,1196.949951171875,13792174.0,0.00020890580732335629,0.008215757377724448,0.5054184671595785
2023-11-29,1186.047119140625,1200.3499755859375,1205.9749755859375,1199.0250244140625,1204.0,12531306.0,0.0026311061615269526,0.007067228221575629,0.5135137876083994
2023-11-30,1174.5606689453125,1188.7249755859375,1200.3499755859375,1184.949951171875,1197.3499755859375,28439984.0,-0.009684649125605738,0.006980934854840376,0.5649828339529148
2023-12-01,1182.8853759765625,1197.1500244140625,1198.199951171875,1188.800048828125,1189.0,14342842.0,0.007087507058043396,0.007060194021324718,0.6260595272527799
2023-12-04,1195.6810302734375,1210.0999755859375,1225.0,1199.300048828125,1225.0,15590990.0,0.010817323940885748,0.007114953288163739,0.7254834934179114
2023-12-05,1204.3514404296875,1218.875,1220.425048828125,1210.824951171875,1219.5,12693624.0,0.007251440757797489,0.007180669333751437,0.7180500746374621
2023-12-06,1215.887451171875,1230.550048828125,1236.4749755859375,1217.5,1223.550048828125,16422442.0,0.009578608332192262,0.007239544213857786,0.6783469058625806
2023-12-07,1213.886474609375,1228.5250244140625,1230.4749755859375,1221.0,1230.0,8142096.0,-0.0016456922559496823,0.006996781236797781,0.6563460922297323
2023-12-08,1213.244140625,1227.875,1238.3499755859375,1222.5,1231.925048828125,10204894.0,-0.0005291549068306978,0.00701111945996767,0.6080579806548511
2023-12-11,1215.022705078125,1229.675048828125,1233.800048828125,1226.199951171875,1228.0,7066138.0,0.0014659575872411068,0.0062763746917336724,0.5886132570979048
2023-12-12,1197.5830078125,1212.0250244140625,1232.4749755859375,1210.074951171875,1230.0,9197124.0,-0.014353392074680338,0.007397915791364243,0.614268486594588
2023-12-13,1202.4739990234375,1216.9749755859375,1219.175048828125,1203.1500244140625,1211.0,10031182.0,0.004084051943815892,0.007384104393227857,0.6177944011316181
2023-12-14,1217.39404296875,1232.074951171875,1237.4749755859375,1221.324951171875,1227.0,16972354.0,0.01240778923904351,0.006845117828652538,0.6162356776729859
2023-12-15,1232.9317626953125,1247.800048828125,1250.0,1235.0250244140625,1239.0,15932152.0,0.012763098206618473,0.007234325175353677,0.6230382701772083
2023-12-18,1245.4803466796875,1260.5,1267.449951171875,1245.4749755859375,1247.800048828125,14165188.0,0.010177841437828183,0.007313197213075638,0.652343021102013
2023-12-19,1263.8094482421875,1279.050048828125,1286.949951171875,1262.5999755859375,1277.5,16820604.0,0.014716492003557846,0.00758088474168945,0.6530144028629802
2023-12-20,1248.518798828125,1263.574951171875,1299.425048828125,1260.0,1285.5250244140625,17736722.0,-0.012098856702907224,0.008148349562251389,0.6495129761972324
2023-12-21,1266.008056640625,1281.2750244140625,1286.75,1259.125,1263.5,13765454.0,0.014008005188961281,0.008508752052969344,0.6241759995219789
2023-12-22,1267.2430419921875,1282.5250244140625,1290.449951171875,1273.824951171875,1279.800048828125,16541784.0,0.000975495649561342,0.008527984363120342,0.5916265694373744
2023-12-26,1273.66552734375,1289.0250244140625,1295.9749755859375,1281.3499755859375,1284.0,7465664.0,0.0050680770292224064,0.00847817008068537,0.5755587808078158
2023-12-27,1278.01318359375,1293.425048828125,1299.949951171875,1286.550048828125,1291.0,9204156.0,0.003413499193204217,0.008437980709681124,0.6268536928721733
2023-12-28,1287.2518310546875,1302.7750244140625,1306.0,1293.425048828125,1294.9000244140625,12302636.0,0.007228914051542468,0.008463990514343244,0.6603288451722927
2023-12-29,1277.074462890625,1292.4749755859375,1307.0,1289.6500244140625,1305.550048828125,10864584.0,-0.007906275927161754,0.0083192525991023,0.6773748164896828
2024-01-01,1279.69287109375,1295.125,1303.425048828125,1286.574951171875,1290.2750244140625,4030540.0,0.002050317565037041,0.00830428345481795,0.7414299066156566
2024-01-02,1290.2900390625,1305.8499755859375,1307.5,1286.5,1292.5,7448800.0,0.008281024461512132,0.008213139178930665,0.7426785787491464
2024-01-03,1276.25927734375,1291.6500244140625,1317.0,1288.5999755859375,1305.0,9037536.0,-0.010874114574227378,0.008796969145128467,0.7233678844779531
2024-01-04,1282.854736328125,1298.324951171875,1304.925048828125,1289.550048828125,1294.0,9612778.0,0.005167804929185005,0.008676256304508505,0.7187891878435433
2024-01-05,1288.3138427734375,1303.8499755859375,1309.925048828125,1299.0,1301.449951171875,8086406.0,0.004255436169599225,0.008620134492740116,0.6972540006908762
2024-01-08,1278.26025390625,1293.675048828125,1315.9749755859375,1284.4749755859375,1305.0,7734652.0,-0.00780367992130282,0.008925616543156264,0.6496593653049362
2024-01-09,1274.8759765625,1290.25,1303.4000244140625,1288.5999755859375,1300.0,5403074.0,-0.0026475651835438097,0.009001442796626943,0.6087420159381504
2024-01-10,1309.261474609375,1325.050048828125,1329.5,1287.5250244140625,1288.5,11102740.0,0.026971641696151405,0.00966114853950257,0.6536994714856375
2024-01-11,1343.696044921875,1359.9000244140625,1362.5,1328.5,1329.5,23725852.0,0.026300758847864092,0.010817403204772556,0.6950270480986924
2024-01-12,1354.39208984375,1370.7249755859375,1373.324951171875,1345.75,1359.9000244140625,15012164.0,0.007960167005252261,0.010715817222636356,0.727387769984304
2024-01-15,1377.51318359375,1394.125,1396.449951171875,1366.0,1375.0,8610594.0,0.01707119668180246,0.01091309253763045,0.7636200718468047
2024-01-16,1358.24560546875,1374.625,1396.300048828125,1370.5,1389.9749755859375,9069024.0,-0.013987218673823132,0.011691394119080803,0.7715511740266231
2024-01-17,1345.3509521484375,1361.574951171875,1386.2750244140625,1355.0250244140625,1359.5,12197382.0,-0.009493609453543828,0.011820470691676997,0.7770393537357799
2024-01-18,1351.650146484375,1367.949951171875,1371.0,1351.25,1351.4000244140625,10279438.0,0.0046821941337151785,0.011259867480050471,0.7548575135277449
2024-01-19,1351.1561279296875,1367.449951171875,1376.0,1359.0,1376.0,10422704.0,-0.0003654929169152332,0.011046583304603008,0.740497667855453
2024-01-23,1312.7442626953125,1328.574951171875,1371.75,1322.550048828125,1371.75,20055420.0,-0.028428887262075042,0.013134178158164677,0.703832997854775
2024-01-24,1327.8619384765625,1343.875,1349.5,1323.925048828125,1335.2249755859375,21919128.0,0.011516085966515988,0.013295548180191992,0.6858090083402045
2024-01-25,1336.952392578125,1353.074951171875,1364.1500244140625,1335.199951171875,1342.949951171875,11808872.0,0.006845933178860397,0.01333454572849554,0.7399826133602521
2024-01-29,1430.795654296875,1448.050048828125,1452.5,1360.175048828125,1364.5,23893438.0,0.0701919247384617,0.020209432630284848,0.712157441987012
2024-01-30,1390.852294921875,1407.625,1459.9749755859375,1404.425048828125,1459.949951171875,14093978.0,-0.02791688614306631,0.021369575094082473,0.7407548014828305
2024-01-31,1409.6259765625,1426.625,1434.25,1402.5,1404.0,15130226.0,0.013497969345249272,0.021453967088603528,0.7528444729040372
2024-02-01,1409.650634765625,1426.6500244140625,1443.3499755859375,1418.050048828125,1435.0,13349362.0,1.7492727528489738e-05,0.021468262196493833,0.7766307472862971
2024-02-02,1440.33056640625,1457.699951171875,1474.9000244140625,1433.175048828125,1433.175048828125,19652588.0,0.02176420943174051,0.021466744378649646,0.761006827339789
2024-02-05,1421.878173828125,1439.0250244140625,1470.5,1431.5250244140625,1460.75,8814432.0,-0.012811220568737403,0.021888083376240243,0.7279857391778034
2024-02-06,1410.7869873046875,1427.800048828125,1441.8499755859375,1419.824951171875,1441.8499755859375,9047984.0,-0.007800377506025469,0.022085826501628644,0.6832214750840627
2024-02-07,1424.966064453125,1442.1500244140625,1449.5,1429.25,1435.925048828125,9296568.0,0.01005047344215071,0.021910637169713157,0.66235548384519
2024-02-08,1432.845947265625,1450.125,1459.4749755859375,1427.5250244140625,1450.0,14694634.0,0.005529874015297365,0.021823361765971466,0.6718404882032402
2024-02-09,1443.3443603515625,1460.75,1471.9749755859375,1450.949951171875,1454.0,12556798.0,0.007326965683905007,0.02126860104009593,0.7067398536848275
2024-02-12,1435.04443359375,1452.3499755859375,1461.0,1442.3499755859375,1460.75,6674430.0,-0.005750482688546277,0.02078898472092003,0.694517101117971
2024-02-13,1447.6424560546875,1465.0999755859375,1479.0,1454.0,1455.5,7715594.0,0.00877883789938716,0.02079904289143449,0.7477412022535609
2024-02-14,1463.7236328125,1481.375,1483.6500244140625,1457.5,1457.5,7117888.0,0.01110852800051143,0.020636919996666614,0.7669915767449936
2024-02-15,1453.076904296875,1470.5999755859375,1484.7249755859375,1466.5250244140625,1483.3499755859375,10006782.0,-0.0072737286445034854,0.02039518013284397,0.7775796027152169
2024-02-16,1443.1712646484375,1460.574951171875,1477.0,1458.550048828125,1476.4749755859375,9767498.0,-0.006817009904393712,0.02031354133569697,0.7695252440414961
2024-02-19,1456.4364013671875,1474.0,1479.5,1453.5250244140625,1462.050048828125,6729828.0,0.00919165801293964,0.02034992575916001,0.759283830355001
2024-02-20,1453.4969482421875,1471.0250244140625,1475.5,1461.800048828125,1475.0250244140625,7117496.0,-0.002018250245764741,0.020371643300299884,0.7821881165635354
2024-02-21,1450.2115478515625,1467.699951171875,1488.5250244140625,1457.550048828125,1474.0,12720292.0,-0.0022603421318484473,0.018982311860286046,0.7804091971165679
2024-02-22,1464.0941162109375,1481.75,1484.949951171875,1458.0,1468.1500244140625,18493728.0,0.009572788452789194,0.018953007888158402,0.8091938061916489
2024-02-23,1475.82763671875,1493.625,1497.550048828125,1483.3499755859375,1489.5,14438584.0,0.008014184592298523,0.01896059591010473,0.8507150683392731
2024-02-26,1469.6025390625,1487.324951171875,1494.5250244140625,1482.5,1493.550048828125,7513106.0,-0.004218038408665636,0.011254369802473982,0.862541683680999
2024-02-27,1467.9476318359375,1485.6500244140625,1499.949951171875,1478.050048828125,1483.0250244140625,10826044.0,-0.001126091703419485,0.008937224708560005,0.8955092406116789
2024-02-28,1438.2802734375,1455.625,1491.2750244140625,1450.175048828125,1483.0,8647950.0,-0.02021009316342781,0.00992522272360481,0.8878732250190183
2024-02-29,1443.393798828125,1460.800048828125,1478.9749755859375,1454.5250244140625,1465.0,23628976.0,0.003555305238528872,0.009937306129103433,0.8589736174696387
2024-03-01,1474.345458984375,1492.125,1500.0,1462.5,1463.5,12132926.0,0.021443669898941753,0.00990264397428034,0.8623043444425634
2024-03-04,1489.4384765625,1507.4000244140625,1512.449951171875,1487.2249755859375,1490.4749755859375,10024420.0,0.010237097069856427,0.009518175658957644,0.8659523947520114
2024-03-05,1482.32421875,1500.199951171875,1507.4000244140625,1486.050048828125,1505.7750244140625,7107668.0,-0.004776469739736444,0.00937105174387662,0.8594501881173514
2024-03-06,1485.0909423828125,1503.0,1509.0,1478.5,1493.449951171875,7805676.0,0.0018664767112457348,0.009201979538493507,0.8564619564426589
2024-03-07,1461.3028564453125,1478.925048828125,1503.0999755859375,1475.550048828125,1502.9749755859375,8315726.0,-0.01601793214046021,0.010006600397135319,0.8535546460416252
2024-03-11,1449.12451171875,1466.5999755859375,1489.0,1463.5,1489.0,11277130.0,-0.008333895107949685,0.010100336116609704,0.8737770976267185
2024-03-12,1457.844482421875,1475.425048828125,1488.0,1465.0250244140625,1466.5999755859375,9432678.0,0.006017406118389745,0.010075221782949813,0.8612534037091297
2024-03-13,1415.10986328125,1432.175048828125,1483.0999755859375,1427.7750244140625,1479.7750244140625,13522134.0,-0.029313565099640226,0.011925429579330814,0.8794573107979244
2024-03-14,1414.418212890625,1431.4749755859375,1448.5250244140625,1425.5,1439.699951171875,18571102.0,-0.0004887609143089389,0.0115791244547581,0.886689445002306
2024-03-15,1401.3260498046875,1418.2249755859375,1433.2249755859375,1412.9000244140625,1425.949951171875,19223818.0,-0.009256217833324754,0.011638156067420642,0.8736305579330643
2024-03-18,1422.32275390625,1439.4749755859375,1441.7249755859375,1416.5250244140625,1420.0,9169392.0,0.014983453782571932,0.012148040222702293,0.8698645108852039
2024-03-19,1408.267333984375,1425.25,1437.5999755859375,1417.25,1428.75,8275764.0,-0.009882018608837861,0.012082701720529745,0.8748030200667826
2024-03-20,1426.546875,1443.75,1445.0,1424.0250244140625,1427.949951171875,8488806.0,0.012980164045918174,0.012513818617826392,0.9004673580986958
2024-03-21,1433.685791015625,1450.9749755859375,1457.9000244140625,1444.675048828125,1452.5250244140625,13006936.0,0.005004333289521323,0.012576330104658482,0.9508613433943776
2024-03-22,1437.6876220703125,1455.0250244140625,1460.0,1447.3499755859375,1449.9749755859375,19527608.0,0.002791288774545597,0.012380427470290596,0.942020300745193
2024-03-26,1424.397705078125,1441.574951171875,1452.4000244140625,1439.0,1445.0,11415906.0,-0.009243953128739935,0.012332421325621314,0.9134351003364406
2024-03-27,1475.0618896484375,1492.8499755859375,1500.0,1447.0,1448.0,16326644.0,0.03556884737295585,0.014855642159010066,0.8560307313504356
2024-03-28,1468.145263671875,1485.8499755859375,1505.949951171875,1478.6500244140625,1492.875,21854364.0,-0.004689041202339594,0.014894828562094394,0.8709349997658373
2024-04-01,1467.0831298828125,1484.7750244140625,1493.9749755859375,1482.5,1492.4749755859375,5013880.0,-0.0007234527913171362,0.014112320302315302,0.8624317902163787
2024-04-02,1469.2320556640625,1486.949951171875,1494.0,1475.0,1484.0,8910166.0,0.0014647607470079649,0.014100806521230424,0.8236061535661142
2024-04-03,1454.0650634765625,1471.5999755859375,1484.449951171875,1468.9000244140625,1482.074951171875,7008292.0,-0.010323074649119857,0.013448666174068955,0.8006022290881516
2024-04-04,1445.493408203125,1462.925048828125,1479.75,1450.0,1479.75,14490272.0,-0.005894959922180698,0.01324631133908845,0.7966913302028777
2024-04-05,1442.7020263671875,1460.0999755859375,1470.800048828125,1456.0,1460.875,7442298.0,-0.0019310927466680283,0.013223549729494672,0.8003522924370384
2024-04-08,1468.2686767578125,1485.9749755859375,1490.9749755859375,1461.0,1462.9749755859375,8357118.0,0.017721365828398783,0.013880471630672193,0.8215411256074934
2024-04-09,1446.2098388671875,1463.6500244140625,1489.800048828125,1462.5,1489.0,7071414.0,-0.015023706655197921,0.013823552858144334,0.8133390205242954
2024-04-10,1461.945068359375,1479.574951171875,1487.0,1466.3499755859375,1466.3499755859375,9138330.0,0.010880322529483566,0.01391262322866468,0.8006765623554104
2024-04-12,1449.6680908203125,1467.1500244140625,1486.4749755859375,1463.074951171875,1475.875,15551012.0,-0.008397700983963752,0.013986692465441415,0.7704325132606828
2024-04-15,1447.3707275390625,1464.824951171875,1482.125,1446.324951171875,1461.0,12902062.0,-0.0015847512239508532,0.01220907307592819,0.7932485257758736
2024-04-16,1448.2847900390625,1465.75,1471.175048828125,1450.925048828125,1453.3499755859375,9366184.0,0.0006315330845154676,0.0122034966547116,0.7931133691547778
2024-04-18,1446.876708984375,1464.324951171875,1486.0,1459.3499755859375,1463.5,19005692.0,-0.0009722404490967174,0.01196627886140606,0.7595032055170352
2024-04-19,1452.6077880859375,1470.125,1474.0,1443.0250244140625,1456.7750244140625,15741778.0,0.003961000316043073,0.011567938150354628,0.7600270951717324
2024-04-22,1462.2166748046875,1479.8499755859375,1482.824951171875,1467.800048828125,1472.449951171875,10350362.0,0.006614921658523842,0.011328055225257077,0.777825351383759
2024-04-23,1441.936279296875,1459.324951171875,1493.5,1455.550048828125,1479.0,14605554.0,-0.013869624014868687,0.011540040374945418,0.7842114864456924
2024-04-24,1432.895263671875,1450.175048828125,1468.550048828125,1449.5,1463.5,10462776.0,-0.006270052120062264,0.011588798623146554,0.7966931531319204
2024-04-25,1442.57861328125,1459.9749755859375,1467.9749755859375,1441.5,1442.5,15943926.0,0.006757890722983495,0.011672085753434524,0.7984563433515349
2024-04-26,1435.2421875,1452.550048828125,1465.0,1450.0,1463.949951171875,9413848.0,-0.005085633263730904,0.011530549133058907,0.8026864347293571
2024-04-29,1447.568359375,1465.0250244140625,1467.9000244140625,1450.0,1450.0,7247974.0,0.008588217363141082,0.008341944700025293,0.7900286236102225
2024-04-30,1449.5198974609375,1467.0,1483.074951171875,1462.875,1468.0,11474262.0,0.001348149172575308,0.008307053044444188,0.7938562038118553
2024-05-02,1449.0753173828125,1466.550048828125,1477.324951171875,1464.125,1472.0,14512646.0,-0.0003067085032111283,0.00830726402819538,0.7563406137728574
2024-05-03,1416.9130859375,1434.0,1474.949951171875,1416.1500244140625,1471.0,17226958.0,-0.022195003295895632,0.00958624004555508,0.723906334750902
2024-05-06,1402.610595703125,1419.5250244140625,1440.0,1418.0,1435.5,7394208.0,-0.010094119657954703,0.009575616260519747,0.709534311425074
2024-05-07,1384.775634765625,1401.4749755859375,1420.75,1392.0,1415.9749755859375,14517472.0,-0.012715546989404691,0.009848348175687477,0.7218070475687511
2024-05-08,1401.6473388671875,1418.550048828125,1432.949951171875,1397.5,1397.5,9439002.0,0.01218370953242398,0.010353649125820541,0.7232880348496993
2024-05-09,1377.51318359375,1394.125,1423.75,1390.0,1413.0,11009612.0,-0.017218421926975425,0.009896624628673701,0.775645146734753
2024-05-10,1390.65478515625,1407.425048828125,1410.0,1388.074951171875,1396.75,10505096.0,0.009540091317467692,0.00986816903792094,0.7680616971671026
2024-05-13,1385.9859619140625,1402.699951171875,1406.9749755859375,1384.0,1399.9000244140625,8456620.0,-0.0033572841312036195,0.009399315776213973,0.7426467080670557
2024-05-14,1403.1539306640625,1420.074951171875,1427.074951171875,1400.0250244140625,1400.9749755859375,7188300.0,0.012386827299672554,0.009864623712079966,0.7055507693709585
2024-05-15,1399.3992919921875,1416.2750244140625,1429.9749755859375,1413.0250244140625,1420.5,5046534.0,-0.0026758565755491404,0.009867651424120327,0.7137505373171242
2024-05-16,1408.3660888671875,1425.3499755859375,1427.5,1398.0250244140625,1418.550048828125,14711774.0,0.006407604267281597,0.010020889553016115,0.7041905452506801
2024-05-17,1418.5927734375,1435.699951171875,1437.199951171875,1413.25,1423.050048828125,10916476.0,0.007261382286290585,0.010204609143877436,0.6669180091046047
2024-05-21,1419.0128173828125,1436.125,1441.824951171875,1425.5999755859375,1425.5999755859375,11176128.0,0.0002960990307985245,0.010144757589698227,0.643993481495731
2024-05-22,1443.24560546875,1460.6500244140625,1468.7750244140625,1436.2750244140625,1436.2750244140625,10281604.0,0.017077215786275746,0.010812386189159848,0.5844003620870086
2024-05-23,1468.3428955078125,1486.050048828125,1492.2249755859375,1455.0,1458.550048828125,14608260.0,0.01738947961730397,0.011049515004329411,0.5708185702578352
2024-05-24,1462.6119384765625,1480.25,1488.5,1476.0999755859375,1483.625,7094776.0,-0.0039030100181525196,0.010980391572445496,0.60423303224387
2024-05-27,1448.77880859375,1466.25,1484.9000244140625,1461.550048828125,1480.2249755859375,6629010.0,-0.009457826453420637,0.011136967409071418,0.6180946797705054
2024-05-28,1438.8485107421875,1456.199951171875,1478.5,1452.75,1468.0,7820162.0,-0.006854253936252164,0.011188661723026981,0.593076023398846
2024-05-29,1423.6072998046875,1440.7750244140625,1458.0,1438.449951171875,1446.5,7383556.0,-0.010592644620828318,0.01125233680409706,0.5810112560558757
2024-05-30,1407.8720703125,1424.8499755859375,1440.4000244140625,1420.0999755859375,1435.5,13206858.0,-0.01105306884443924,0.011468842620912408,0.5874949204956919
2024-05-31,1413.35595703125,1430.4000244140625,1442.25,1422.25,1431.300048828125,31069832.0,0.003895159819125249,0.011528142807968562,0.5815594761753642
2024-06-03,1492.32861328125,1510.324951171875,1514.5,1459.0,1483.0,21527942.0,0.055875984996647254,0.016278311314453134,0.5428296626499501
2024-06-04,1380.625732421875,1397.2750244140625,1498.050048828125,1359.300048828125,1498.050048828125,36709098.0,-0.07485139657931561,0.023706622121369116,0.5073773907958024
2024-06-05,1403.821044921875,1420.75,1431.1500244140625,1384.0999755859375,1422.0,17464890.0,0.016800579588873044,0.023825776251289624,0.4857392459305906
2024-06-06,1414.5416259765625,1431.5999755859375,1443.699951171875,1421.3499755859375,1435.0,17855722.0,0.007636714874355022,0.02373453536055898,0.46042240472660767
2024-06-07,1452.4345703125,1469.949951171875,1472.0,1426.5,1428.5,18558696.0,0.02678814369268001,0.024021122791674322,0.49034883926158107
2024-06-10,1453.867431640625,1471.4000244140625,1493.3499755859375,1468.074951171875,1469.949951171875,9251760.0,0.000986523838947706,0.02397334768278338,0.44603986885326796
2024-06-11,1439.31787109375,1456.675048828125,1473.675048828125,1454.675048828125,1469.0,11774902.0,-0.01000748777380378,0.024104664634490625,0.4496787725383433
2024-06-12,1445.8885498046875,1463.324951171875,1476.0,1455.175048828125,1457.5,10081742.0,0.0045651338338099645,0.023993377675689907,0.47572940242688283
2024-06-13,1447.790771484375,1465.25,1472.25,1460.0999755859375,1472.0,9181160.0,0.0013156074027589337,0.023970960373052644,0.47273725218114354
2024-06-14,1459.9442138671875,1477.550048828125,1479.675048828125,1457.2249755859375,1470.0,8157998.0,0.008394474272240382,0.023994386493941283,0.4754591265813998
2024-06-18,1463.3778076171875,1481.0250244140625,1487.4000244140625,1471.3499755859375,1487.3499755859375,7196766.0,0.00235186640515872,0.02396366201337947,0.43566267359397415
2024-06-19,1441.2694091796875,1458.6500244140625,1487.5,1456.0,1487.5,8725874.0,-0.015107785783289307,0.02426133884808219,0.4392423565439545
2024-06-20,1456.1400146484375,1473.699951171875,1482.8499755859375,1450.0999755859375,1459.0,16113776.0,0.010317713936087491,0.02407285172425548,0.4133258890022296
2024-06-21,1436.872314453125,1454.199951171875,1474.699951171875,1440.574951171875,1473.625,31170360.0,-0.013232038129220913,0.02393051440621829,0.3989571683234262
2024-06-24,1424.2989501953125,1441.4749755859375,1449.5,1437.5,1445.5250244140625,8878386.0,-0.00875050909627828,0.023988005872285736,0.35544584598276
2024-06-25,1436.822998046875,1454.1500244140625,1455.925048828125,1441.0,1443.0,7045386.0,0.008793131420791411,0.02399842843241721,0.3561201803411484
2024-06-26,1495.9844970703125,1514.0250244140625,1518.9749755859375,1445.125,1446.050048828125,22014882.0,0.04117521720062789,0.025637909996050957,0.24542221930134495
2024-06-27,1512.3126220703125,1530.550048828125,1537.5,1506.0,1513.75,28383030.0,0.010914635166324516,0.025521005094390366,0.29873094595494554
2024-06-28,1546.7474365234375,1565.4000244140625,1581.0,1531.0250244140625,1531.0250244140625,28957336.0,0.02276964031814055,0.025637385264243907,0.36784617496227506
2024-07-01,1541.5599365234375,1560.1500244140625,1579.4000244140625,1555.675048828125,1562.5250244140625,7724306.0,-0.0033538119265674737,0.025705447607434408,0.3686542022269176
2024-07-02,1546.525146484375,1565.175048828125,1573.5,1557.0,1569.5,7749246.0,0.0032208997154759,0.022706313506350235,0.32261144296725985
2024-07-03,1533.927001953125,1552.425048828125,1575.0,1542.7750244140625,1566.324951171875,9049620.0,-0.008146097436494082,0.014077664129460711,0.3370282461707216
2024-07-04,1535.5079345703125,1554.0250244140625,1567.5,1550.800048828125,1557.0,6837176.0,0.0010306439714371507,0.013843525126382317,0.3365950153676907
2024-07-05,1569.6956787109375,1588.625,1598.5,1548.0,1553.824951171875,12269710.0,0.02226477856019149,0.01438902697812853,0.3721332615080356
2024-07-08,1581.824462890625,1600.9000244140625,1608.800048828125,1582.5250244140625,1589.0,9500806.0,0.0077268379751467275,0.013495368558056078,0.4175225851383854
2024-07-09,1571.325927734375,1590.2750244140625,1600.5,1580.5,1597.5999755859375,6960002.0,-0.00663697862976842,0.01370179431026549,0.4322495022743533
2024-07-10,1565.3480224609375,1584.2249755859375,1597.5,1563.1500244140625,1595.0,7134578.0,-0.003804370034202087,0.013436131974167912,0.4701106846562211
2024-07-11,1561.815673828125,1580.6500244140625,1604.25,1570.5,1587.5,11940946.0,-0.00225658996090794,0.013515146832108726,0.4939151750220964
2024-07-12,1577.69921875,1596.7249755859375,1605.1500244140625,1574.5,1584.5,12924784.0,0.010169922858401792,0.013569244307658036,0.4868965344281537
2024-07-15,1578.1932373046875,1597.2249755859375,1605.8499755859375,1585.5,1604.449951171875,5329688.0,0.00031312594239540914,0.013564110368670345,0.49028357170412423
2024-07-16,1557.4681396484375,1576.25,1600.0,1569.125,1593.5,9386838.0,-0.013132167320425991,0.014093956343163686,0.4358822418055427
2024-07-18,1567.7689208984375,1586.675048828125,1593.9000244140625,1557.824951171875,1576.0,12298374.0,0.006613799016347954,0.013429034131375975,0.43409500749805996
2024-07-19,1536.61962890625,1555.1500244140625,1589.9749755859375,1552.800048828125,1586.0,13140390.0,-0.01986854795816262,0.014379771637748298,0.4058195586147223
2024-07-22,1482.793701171875,1500.675048828125,1537.5,1499.2750244140625,1537.25,19674376.0,-0.03502879093942579,0.016349157790697125,0.35801076369568174
2024-07-23,1470.1708984375,1487.9000244140625,1505.75,1463.0,1501.0,18052044.0,-0.008512851601945037,0.016341246282534076,0.3708704679724166
2024-07-24,1477.8779296875,1495.699951171875,1509.5,1476.4000244140625,1485.0,11913362.0,0.005242268948590256,0.016279442362620515,0.4058981148707018
2024-07-25,1474.6171875,1492.4000244140625,1500.4749755859375,1477.074951171875,1481.0,12519876.0,-0.002206367739850834,0.013345498611633746,0.42517290973631944
2024-07-26,1491.044189453125,1509.0250244140625,1512.425048828125,1490.3499755859375,1492.4000244140625,9859940.0,0.011139841643223125,0.013355846675718746,0.42838430966903007
2024-07-29,1501.9871826171875,1520.0999755859375,1527.5,1511.7750244140625,1511.949951171875,7538550.0,0.007339147452146255,0.012340513797421232,0.4248015293293178
2024-07-30,1495.1199951171875,1513.1500244140625,1525.0,1510.0,1517.0250244140625,8228208.0,-0.004572067977327232,0.01235369481105319,0.43421509249686885
2024-07-31,1487.4869384765625,1505.425048828125,1510.449951171875,1501.1500244140625,1504.0,10057346.0,-0.005105313731040506,0.012328087801135082,0.4053090185199555
2024-08-01,1497.244384765625,1515.300048828125,1518.0,1504.300048828125,1512.0,10764222.0,0.006559685357006018,0.012372623027384943,0.4374688223085423
2024-08-02,1481.4595947265625,1499.324951171875,1509.324951171875,1493.2750244140625,1505.0,10268248.0,-0.010542560853573302,0.012535510981842626,0.41824369163103314
2024-08-05,1430.0792236328125,1447.324951171875,1483.9000244140625,1433.25,1480.0,17046704.0,-0.03468226286875775,0.013249270072712085,0.356109834213543
2024-08-06,1438.700439453125,1456.050048828125,1477.5,1451.324951171875,1455.1500244140625,10236186.0,0.006028488266833332,0.013171576165375736,0.3449506577957852
2024-08-07,1447.3707275390625,1464.824951171875,1472.5,1461.5,1469.0,8174568.0,0.006026472118986215,0.013373709633395335,0.3285273599635763
2024-08-08,1431.85791015625,1449.125,1465.0,1445.925048828125,1457.5250244140625,12387192.0,-0.010717929475600685,0.01345709660812234,0.3375220944728398
2024-08-09,1456.7330322265625,1474.300048828125,1476.5,1456.0,1460.0,6249776.0,0.01737261909430532,0.014307484806272348,0.36580231691198906
2024-08-12,1443.220947265625,1460.625,1473.0,1457.75,1470.0,8184584.0,-0.009275608270023716,0.013995677260459097,0.350972501991703
2024-08-13,1446.1851806640625,1463.625,1470.074951171875,1458.0,1460.75,6265064.0,0.002053901312930373,0.014031573272373407,0.3464458521155347
2024-08-14,1444.4312744140625,1461.8499755859375,1472.0,1453.699951171875,1463.550048828125,6267466.0,-0.0012127812353841527,0.013887449591446313,0.33578313319966036
2024-08-16,1460.5863037109375,1478.199951171875,1480.4000244140625,1458.050048828125,1468.6500244140625,9416902.0,0.011184353027407612,0.014101495397243783,0.3767109609295243
2024-08-19,1475.65625,1488.4000244140625,1498.300048828125,1480.5,1482.5,13797742.0,0.010317737644652603,0.013863893570297795,0.37001585723115765
2024-08-20,1483.1416015625,1495.949951171875,1503.925048828125,1490.0250244140625,1497.2249755859375,8411808.0,0.005072557760318563,0.011528023743605648,0.3110939304646196
2024-08-21,1485.8433837890625,1498.675048828125,1507.875,1490.0,1493.25,7769996.0,0.001821661683359288,0.011353091811555043,0.2980577243433866
2024-08-22,1485.2979736328125,1498.125,1506.5,1490.6500244140625,1503.0,10445782.0,-0.0003670710938989963,0.011301338803855022,0.313229030683382
2024-08-23,1487.1322021484375,1499.9749755859375,1511.324951171875,1498.425048828125,1503.75,9249654.0,0.001234922923336823,0.011287170861297923,0.342344817843177
2024-08-26,1499.6490478515625,1512.5999755859375,1523.0,1503.0,1506.9749755859375,8816114.0,0.008416767308946804,0.011167655902306005,0.3262231864384894
2024-08-27,1487.6031494140625,1500.449951171875,1513.4749755859375,1499.449951171875,1510.5,6251156.0,-0.008032478302011592,0.011190091871397518,0.3425616479322503
2024-08-28,1485.4715576171875,1498.300048828125,1507.4749755859375,1493.0,1505.0,9610286.0,-0.0014329035251872124,0.011150748118450755,0.34554854503741367
2024-08-29,1507.90283203125,1520.925048828125,1537.0,1494.0,1503.0999755859375,38335358.0,0.015100440192906905,0.011595502867066504,0.3293228927229907
2024-08-30,1496.6995849609375,1509.625,1539.7249755859375,1503.324951171875,1534.0,41620730.0,-0.00742968766443719,0.011648185448584142,0.4027963153471856
2024-09-02,1503.267822265625,1516.25,1526.800048828125,1506.625,1510.875,11240852.0,0.004388480741684075,0.011409811420092258,0.42203725764491146
2024-09-03,1496.203857421875,1509.125,1523.0,1507.5,1521.25,10923800.0,-0.004699072739482779,0.007947817022499274,0.3701616308411751
2024-09-04,1501.5823974609375,1514.550048828125,1517.5,1499.5,1500.699951171875,11983304.0,0.0035947909186186955,0.007906128648355912,0.38374192481569325
2024-09-05,1480.192138671875,1492.9749755859375,1525.7750244140625,1487.050048828125,1519.050048828125,16264168.0,-0.014245144871990911,0.008650229769842182,0.38412170617889047
2024-09-06,1452.2830810546875,1464.824951171875,1497.0,1461.625,1492.5,19394228.0,-0.01885502353919355,0.009397267430227252,0.3620541461221901
2024-09-09,1449.9283447265625,1462.449951171875,1469.925048828125,1455.5999755859375,1466.5,9010298.0,-0.0016214031264586426,0.008550634272305152,0.3750174491990188
2024-09-10,1449.0113525390625,1461.5250244140625,1472.050048828125,1457.574951171875,1460.5,10768260.0,-0.0006324396587149561,0.00828195954159455,0.4115080182551811
2024-09-11,1439.0721435546875,1451.5,1468.75,1447.550048828125,1463.050048828125,9760202.0,-0.0068593037362743026,0.008417515949220886,0.40518485120191533
2024-09-12,1467.1298828125,1479.800048828125,1486.0,1445.875,1457.0,22349376.0,0.01949710400793836,0.009493131790210392,0.41566220456227965
2024-09-13,1460.016357421875,1472.625,1483.1500244140625,1469.5,1476.4000244140625,8711328.0,-0.004848599618861527,0.00924582108047143,0.4555006629927123
2024-09-16,1458.752197265625,1471.3499755859375,1480.9000244140625,1464.75,1477.550048828125,5481774.0,-0.0008658534199453838,0.008922857998454692,0.4402927681047181
2024-09-17,1459.6942138671875,1472.300048828125,1477.4749755859375,1466.625,1474.0,5935328.0,0.0006457687627332565,0.008830785358274468,0.3830401494779538
2024-09-18,1450.919921875,1463.449951171875,1482.0,1460.550048828125,1470.0,8574714.0,-0.006011048005007624,0.008883817851662083,0.37502907613714415
2024-09-19,1457.0916748046875,1469.675048828125,1476.5,1455.550048828125,1466.25,16955902.0,0.0042536826716885745,0.008964994688343103,0.39210435238305397
2024-09-20,1473.2025146484375,1485.925048828125,1495.0,1471.375,1474.0,30897320.0,0.011056847089535138,0.009350007351594806,0.3780237463555072
2024-09-23,1480.5887451171875,1493.375,1501.5,1488.949951171875,1491.0,8832314.0,0.005013723772059109,0.009210483254360764,0.34309130633155394
2024-09-24,1476.6229248046875,1489.375,1500.5,1487.875,1488.5,17137444.0,-0.0026785427929117978,0.009059635278324419,0.3645282692876563
2024-09-25,1481.15869140625,1493.949951171875,1496.5,1480.199951171875,1483.9000244140625,7069002.0,0.0030717162285438526,0.009086763737988638,0.35761948590367043
2024-09-26,1485.12451171875,1497.949951171875,1504.0,1488.050048828125,1490.6500244140625,18818998.0,0.00267751209611089,0.008390494182749612,0.38051454110716876
2024-09-27,1513.10791015625,1526.175048828125,1533.4749755859375,1492.0,1499.0,20597478.0,0.01884245948180774,0.00929388863966988,0.45603478913945317
2024-09-30,1463.9324951171875,1476.574951171875,1524.9749755859375,1474.4000244140625,1519.4000244140625,27008814.0,-0.03249960872518631,0.011817324258714347,0.46579707368127493
2024-10-01,1452.2830810546875,1464.824951171875,1487.949951171875,1462.824951171875,1480.6500244140625,16431642.0,-0.007957616967555259,0.011889504630784078,0.38082605398557495
2024-10-03,1394.928466796875,1406.9749755859375,1449.4000244140625,1402.074951171875,1436.574951171875,37757294.0,-0.03949272356471989,0.01454089179238874,0.3661467087877223
2024-10-04,1374.653564453125,1386.5250244140625,1417.3499755859375,1381.7750244140625,1403.925048828125,37072876.0,-0.01453472549048096,0.014552215061387415,0.39706055383729266
2024-10-07,1358.9888916015625,1370.7249755859375,1396.5,1361.375,1393.5,22181340.0,-0.011395360443265057,0.014232452249505001,0.41851747518694743
2024-10-08,1385.3858642578125,1397.3499755859375,1401.0,1365.0999755859375,1372.9749755859375,17020808.0,0.01942397970975418,0.015107701985490277,0.391201643778358
2024-10-09,1362.8306884765625,1374.5999755859375,1400.9749755859375,1372.5,1397.5250244140625,14310610.0,-0.016280789607546198,0.015426028358948364,0.39893009266903745
2024-10-10,1359.31103515625,1371.050048828125,1386.0,1369.425048828125,1380.0250244140625,22358646.0,-0.0025826049780599547,0.015398560105018042,0.37025656078976066
2024-10-11,1360.35205078125,1372.0999755859375,1383.2750244140625,1368.824951171875,1370.0,7980122.0,0.0007658406340240731,0.014519877477379964,0.36481741899719333
2024-10-14,1360.7734375,1372.5250244140625,1380.074951171875,1368.25,1379.449951171875,12221432.0,0.0003097629900348231,0.014543631063473148,0.41122432861237695
2024-10-15,1332.5174560546875,1344.0250244140625,1371.699951171875,1340.699951171875,1358.5250244140625,33762794.0,-0.020764648005787145,0.015032710175519737,0.4770176021671288
2024-10-16,1342.4813232421875,1354.074951171875,1364.0,1337.625,1340.0,20034438.0,0.007477475917652132,0.01522988636883013,0.46093311445732155
2024-10-17,1344.811279296875,1356.425048828125,1368.449951171875,1352.050048828125,1365.699951171875,15543660.0,0.0017355593812362624,0.015276231698894284,0.4493901963976397
2024-10-18,1347.66162109375,1359.300048828125,1368.425048828125,1341.324951171875,1352.175048828125,12082452.0,0.0021195106263276475,0.015225280331513867,0.4554540214715323
2024-10-21,1357.476806640625,1369.199951171875,1374.0,1357.7249755859375,1367.125,14067408.0,0.007283123146972992,0.01505409171310022,0.4255891316496669
2024-10-22,1331.8482666015625,1343.3499755859375,1376.0,1340.2249755859375,1369.199951171875,15831960.0,-0.018879541745163153,0.015250147561619803,0.44115198487180296
2024-10-23,1327.0645751953125,1338.5250244140625,1357.4749755859375,1335.0,1337.5,17214742.0,-0.0035917690672500058,0.01524366734964761,0.4918181966846047
2024-10-24,1328.3287353515625,1339.800048828125,1343.699951171875,1323.125,1335.2750244140625,22155934.0,0.0009525988259191376,0.015190317910251258,0.5023763300284501
2024-10-25,1316.4808349609375,1327.8499755859375,1344.3499755859375,1322.0,1343.5,18597496.0,-0.008919403815719762,0.015089993673626016,0.5531931685731226
2024-10-28,1322.9251708984375,1334.3499755859375,1353.0,1322.0999755859375,1337.0,10824350.0,0.004895123245520772,0.0141813170507214,0.5717226292857268
2024-10-29,1328.52685546875,1340.0,1343.199951171875,1320.300048828125,1328.0999755859375,12008361.0,0.004234317022260736,0.01297765929511462,0.595048553803947
2024-10-30,1332.3935546875,1343.9000244140625,1350.0,1325.3499755859375,1335.0,11984423.0,0.0029105164135998507,0.013063975140367808,0.5874338164866635
2024-10-31,1320.64501953125,1332.050048828125,1343.0,1326.1500244140625,1340.0,9331650.0,-0.008817616322833066,0.0101887534108669,0.5775045443994457
2024-11-01,1327.1884765625,1338.6500244140625,1341.949951171875,1333.0,1333.050048828125,2127335.0,0.004954743276563756,0.009924134200245112,0.5739607932893677
2024-11-04,1291.0009765625,1302.1500244140625,1340.0,1285.0999755859375,1337.8499755859375,19796890.0,-0.027266285564600312,0.011281219779028658,0.5782152400293399
2024-11-05,1294.1240234375,1305.300048828125,1309.550048828125,1286.1500244140625,1293.0,16267479.0,0.0024190894752966763,0.01012309114335661,0.5567665455190083
2024-11-06,1314.002197265625,1325.3499755859375,1328.300048828125,1300.199951171875,1310.0,21625209.0,0.015360331365554813,0.010463012658497226,0.5554230170264147
2024-11-07,1294.470947265625,1305.6500244140625,1324.0,1302.5999755859375,1324.0,9611974.0,-0.014863940136967457,0.010865838946098914,0.5309360271426787
2024-11-08,1272.758544921875,1283.75,1301.6500244140625,1275.0,1297.6500244140625,19814406.0,-0.0167731862886642,0.011297414317296608,0.5510588065313606
2024-11-11,1261.802978515625,1272.699951171875,1286.0,1267.0,1278.949951171875,9056552.0,-0.008607733532774997,0.011325000705113539,0.5957992718700127
2024-11-12,1263.33984375,1274.25,1289.300048828125,1267.5,1275.550048828125,10671091.0,0.0012179914460044294,0.010627648543069147,0.613979093155082
2024-11-13,1241.3299560546875,1252.050048828125,1275.449951171875,1249.5,1270.25,14633633.0,-0.017421984911027644,0.010840304362139497,0.6163512767844621
2024-11-14,1256.746826171875,1267.5999755859375,1272.5999755859375,1251.0999755859375,1253.5999755859375,12612633.0,0.012419639147505102,0.011380013745055208,0.6341292107256377
2024-11-18,1249.9554443359375,1260.75,1272.9000244140625,1243.9000244140625,1267.5999755859375,13620611.0,-0.0054039379248916886,0.011314948550323061,0.7115046113613451
2024-11-19,1231.0189208984375,1241.6500244140625,1281.5,1235.1500244140625,1260.75,14183746.0,-0.015149758756049403,0.011281256944577343,0.7035546607545415
2024-11-21,1212.528564453125,1223.0,1243.949951171875,1217.25,1241.6500244140625,19433843.0,-0.015020367381370248,0.01105887075127883,0.6938892064418988
2024-11-22,1254.565673828125,1265.4000244140625,1268.8499755859375,1222.449951171875,1229.4000244140625,20471957.0,0.03466896418556509,0.0141296984007179,0.7144756236494127
2024-11-25,1275.9805908203125,1287.0,1304.449951171875,1282.449951171875,1290.0,28923341.0,0.017069586263143144,0.014793608625771375,0.720805561239943
2024-11-26,1284.6060791015625,1295.699951171875,1297.8499755859375,1284.199951171875,1294.949951171875,9247557.0,0.006759889878657832,0.014817740374205357,0.7209233252060543
2024-11-27,1282.1275634765625,1293.199951171875,1303.8499755859375,1286.0,1293.5,9572746.0,-0.0019293973968529388,0.014750339695825097,0.7432240123213029
2024-11-28,1259.91943359375,1270.800048828125,1296.5999755859375,1269.050048828125,1289.949951171875,15027412.0,-0.01732131069906484,0.015095689886696961,0.7687731143111758
2024-11-29,1281.1361083984375,1292.199951171875,1299.5,1275.25,1280.0,13202307.0,0.016839707555085237,0.01567074669719206,0.7485952527219508
2024-12-02,1297.9410400390625,1309.1500244140625,1311.3499755859375,1277.050048828125,1288.0,11024152.0,0.013117210209329766,0.015922496095602937,0.7276151755154732
2024-12-03,1311.969970703125,1323.300048828125,1326.800048828125,1307.0,1317.0,16869482.0,0.01080860395911376,0.016085781664914207,0.6790600414113196
2024-12-04,1297.74267578125,1308.949951171875,1328.4000244140625,1304.050048828125,1326.0,19608540.0,-0.010844222992581254,0.015029556537577437,0.6248129176669239
2024-12-05,1310.7305908203125,1322.050048828125,1329.949951171875,1306.1500244140625,1314.3499755859375,16858723.0,0.010008081942164404,0.01517914020160145,0.6045949316993394
2024-12-06,1300.320556640625,1311.550048828125,1323.9000244140625,1310.0,1323.9000244140625,9037514.0,-0.007942161610169252,0.014889960977023557,0.6870274545232282
2024-12-09,1284.0609130859375,1295.1500244140625,1315.0,1293.0999755859375,1303.0,14650002.0,-0.012504334774722237,0.01477840832515405,0.6847784381325618
2024-12-10,1273.8489990234375,1284.8499755859375,1294.9000244140625,1280.199951171875,1289.25,16043729.0,-0.007952826815636138,0.014387390947812552,0.7001813602435845
2024-12-11,1267.2559814453125,1278.199951171875,1290.0,1276.050048828125,1285.0,11724373.0,-0.005175666490439101,0.0142977434128951,0.6871251808367473
2024-12-12,1252.0870361328125,1262.9000244140625,1278.199951171875,1260.5999755859375,1270.0,20906813.0,-0.011969914156727657,0.014555551130179601,0.6803885467354873
2024-12-13,1261.9517822265625,1272.8499755859375,1275.199951171875,1239.5999755859375,1260.0,28630222.0,0.007878642465797059,0.014085318841656726,0.6872045962117967
2024-12-16,1257.4407958984375,1268.300048828125,1281.0,1266.550048828125,1275.0,9486781.0,-0.003574610687712587,0.013849999546838602,0.6728636756820497
2024-12-17,1234.6378173828125,1245.300048828125,1263.9000244140625,1242.800048828125,1261.050048828125,17462791.0,-0.01813443510820112,0.014398805403020474,0.6227630020260498
2024-12-18,1242.5196533203125,1253.25,1259.949951171875,1240.6500244140625,1240.6500244140625,12670179.0,0.006383925574390714,0.014047976993997381,0.6376502801629459
2024-12-19,1219.914794921875,1230.449951171875,1244.9000244140625,1229.0,1239.0,14244653.0,-0.01819275722362368,0.014249600843574803,0.6226771389647118
2024-12-20,1194.9803466796875,1205.300048828125,1239.5,1201.5,1224.0,20312896.0,-0.020439499828989516,0.012494226766816519,0.6896473633127361
2024-12-23,1211.834716796875,1222.300048828125,1227.199951171875,1213.199951171875,1215.0,10052824.0,0.014104307375446101,0.012267111267541781,0.6910774992796044
2024-12-24,1212.2808837890625,1222.75,1233.550048828125,1221.0,1222.300048828125,6734917.0,0.00036817478984829677,0.012095116234933766,0.693545508831248
2024-12-26,1206.1339111328125,1216.550048828125,1227.699951171875,1214.25,1224.25,10016178.0,-0.005070584497742225,0.012103285187362171,0.6975166518724789
2024-12-27,1210.595458984375,1221.050048828125,1227.9000244140625,1217.0,1218.300048828125,7000397.0,0.003699048513918557,0.011698342645955033,0.7103688459954592
2024-12-30,1200.3338623046875,1210.699951171875,1223.199951171875,1208.0999755859375,1216.4000244140625,8818766.0,-0.0084764870077213,0.010903160356994896,0.7160731685705265
2024-12-31,1205.043212890625,1215.449951171875,1219.0999755859375,1206.1500244140625,1208.0,6405475.0,0.003923367267915978,0.010359453051200628,0.7249803600271497
2025-01-01,1210.7935791015625,1221.25,1226.300048828125,1211.5999755859375,1214.8499755859375,5892590.0,0.004771917014613658,0.009997473555673396,0.69394398862263
2025-01-02,1231.167724609375,1241.800048828125,1244.449951171875,1220.0,1221.25,15486276.0,0.016827100720942623,0.01087077217798215,0.6726434226171385
2025-01-03,1240.4376220703125,1251.1500244140625,1262.050048828125,1235.5,1243.9000244140625,15521102.0,0.0075293538610903266,0.010733039579334205,0.6386543543819145
2025-01-06,1207.571533203125,1218.0,1262.0,1215.0,1253.949951171875,14816766.0,-0.02649555953674909,0.011943725760330565,0.7063250025403648
2025-01-07,1230.2257080078125,1240.8499755859375,1244.5,1221.25,1222.0,10070505.0,0.018760110007393527,0.012739864962534589,0.7245701162236035
2025-01-08,1254.664794921875,1265.5,1271.050048828125,1245.3499755859375,1249.0,19346579.0,0.019865530979382928,0.013555326622104421,0.7384431245348515
2025-01-09,1244.0068359375,1254.75,1269.75,1248.050048828125,1267.0,12794704.0,-0.008494666485831082,0.013633469492609147,0.7421831133360794
2025-01-10,1231.266845703125,1241.9000244140625,1256.75,1236.0,1253.8499755859375,8120332.0,-0.01024109342998425,0.013564472868580727,0.7331790247181835
2025-01-13,1229.234375,1239.8499755859375,1245.25,1226.4000244140625,1230.0,13764861.0,-0.0016507150421680716,0.01341192147487055,0.7537880439561373
2025-01-14,1228.143798828125,1238.75,1253.3499755859375,1227.25,1244.0999755859375,13095266.0,-0.0008871995398558319,0.013400619668484326,0.773046331398999
2025-01-15,1241.478515625,1252.199951171875,1257.0,1241.8499755859375,1244.949951171875,9578856.0,0.010857618472363662,0.01302286820966194,0.7441310519030937
2025-01-16,1255.6065673828125,1266.449951171875,1275.0,1251.300048828125,1258.9000244140625,14117603.0,0.011380021144143493,0.0131913867456293,0.7131356329292986
2025-01-17,1291.19921875,1302.3499755859375,1326.0,1285.0,1322.25,29366277.0,0.028346977701285025,0.013791737633181127,0.6904514889588319
2025-01-20,1294.272705078125,1305.449951171875,1316.0,1300.25,1316.0,14040244.0,0.0023803347179069956,0.012653234489176378,0.7335843275668325
2025-01-21,1262.7945556640625,1273.699951171875,1313.0,1270.199951171875,1310.5,14562976.0,-0.024321110451110406,0.013905507383119601,0.7468911609644723
2025-01-22,1266.16552734375,1277.0999755859375,1282.9000244140625,1268.699951171875,1278.300048828125,10273590.0,0.0026694537639297966,0.01389947577902632,0.742542503727228
2025-01-23,1252.8306884765625,1263.6500244140625,1277.3499755859375,1261.5999755859375,1270.0,8720682.0,-0.01053167108029096,0.01410338896093292,0.7553538299252446
2025-01-24,1235.6292724609375,1246.300048828125,1273.0,1243.5,1266.0,14235970.0,-0.013730040438697966,0.014524773709078582,0.7561366017862913
2025-01-27,1218.82421875,1229.3499755859375,1240.449951171875,1220.0,1239.0999755859375,9536019.0,-0.013600401095603454,0.014746524208237915,0.7644167913246571
2025-01-28,1223.8310546875,1234.4000244140625,1244.75,1218.5,1238.0,10568025.0,0.004107922914950768,0.014748594382560121,0.7725588918043284
2025-01-29,1224.921630859375,1235.5,1242.75,1228.050048828125,1236.0,5928156.0,0.0008911166028169326,0.014720158012738753,0.7602704988701492
2025-01-30,1242.3214111328125,1253.050048828125,1257.0,1232.4000244140625,1235.550048828125,9269259.0,0.01420481101409754,0.014579802828761448,0.7446495822106503
2025-01-31,1254.2681884765625,1265.0999755859375,1267.0,1249.0,1255.8499755859375,6584612.0,0.0096164947627011,0.014639718836804642,0.7146511642714913
2025-02-01,1253.7724609375,1264.5999755859375,1270.550048828125,1241.0,1265.0999755859375,7118453.0,-0.00039523248984307813,0.01318276750975017,0.7712568951256592
2025-02-03,1235.232666015625,1245.9000244140625,1256.0,1237.550048828125,1251.0,9252345.0,-0.014787208604033264,0.01306657206908737,0.7942471038763483
2025-02-04,1274.196044921875,1285.199951171875,1288.800048828125,1246.5999755859375,1248.050048828125,16691069.0,0.03154335209732628,0.01419944748394488,0.755827282502321
2025-02-05,1267.2559814453125,1278.199951171875,1290.5,1276.699951171875,1282.6500244140625,10112028.0,-0.005446621423933262,0.014109743993686662,0.7515774672724564
2025-02-06,1270.577392578125,1281.550048828125,1288.0,1270.3499755859375,1273.699951171875,9956001.0,0.0026209472919784815,0.013860362036105238,0.7387317230220295
2025-02-07,1255.8544921875,1266.699951171875,1283.699951171875,1262.0,1276.1500244140625,8764283.0,-0.01158756678390982,0.014160269912093154,0.746567625959983
2025-02-10,1242.916259765625,1253.6500244140625,1266.5,1245.550048828125,1264.5,6970972.0,-0.010302333990412138,0.014386831974217903,0.7428517149502311
2025-02-11,1224.2772216796875,1234.8499755859375,1264.550048828125,1230.0999755859375,1264.550048828125,8859714.0,-0.014996213895739241,0.014585854174439214,0.7039686482836139
2025-02-12,1206.1339111328125,1216.550048828125,1226.9000244140625,1193.3499755859375,1219.449951171875,21131654.0,-0.014819609664862288,0.01463002715851773,0.6768614458419847
2025-02-13,1205.6876220703125,1216.0999755859375,1228.0,1212.0,1217.050048828125,8511216.0,-0.0003700161801112323,0.012799160808542745,0.6586651435655276
2025-02-14,1206.827880859375,1217.25,1224.0,1205.449951171875,1219.0,10298145.0,0.0009457331801288049,0.012769384681489188,0.7301797693805832
2025-02-17,1214.4124755859375,1224.9000244140625,1227.5,1204.5,1211.0999755859375,8166683.0,0.0062847360811397746,0.01193895419836627,0.7406408374543747
2025-02-18,1214.908203125,1225.4000244140625,1229.9000244140625,1216.0999755859375,1224.8499755859375,6673250.0,0.00040820359558924046,0.011904218584984366,0.7377749351628123
2025-02-19,1216.9404296875,1227.449951171875,1232.75,1217.550048828125,1219.5,6217338.0,0.0016727408352932294,0.011755584064783166,0.6739196012956212
2025-02-20,1222.4429931640625,1233.0,1239.3499755859375,1222.0,1223.949951171875,7795582.0,0.004521637495415787,0.011451465211818073,0.6615257024262685
2025-02-21,1217.634521484375,1228.1500244140625,1240.0,1222.1500244140625,1228.699951171875,6904025.0,-0.003933493591583903,0.011065797347464037,0.58694490926483
2025-02-24,1204.151123046875,1214.550048828125,1223.25,1210.5,1216.550048828125,7172498.0,-0.011073436404433479,0.011288280321688535,0.5920469903688094
2025-02-25,1193.69140625,1204.0,1221.0,1201.5,1211.0,11552182.0,-0.008686382129851511,0.011417403096862344,0.5622373129954136
2025-02-27,1196.7647705078125,1207.0999755859375,1215.0,1200.6500244140625,1212.800048828125,11509215.0,0.0025746723497552804,0.010873163003041888,0.5389986751250266
2025-02-28,1189.82470703125,1200.0999755859375,1217.3499755859375,1193.300048828125,1202.0,23007298.0,-0.005799020532345489,0.01056244240541108,0.4577553411194979
2025-03-03,1161.2216796875,1171.25,1206.449951171875,1156.0,1204.0,17944938.0,-0.024039698599903736,0.011579181954647674,0.5611915302082833
2025-03-04,1151.9517822265625,1161.9000244140625,1174.0,1159.550048828125,1162.199951171875,11377373.0,-0.007982883563999676,0.01133563885739744,0.5596019965076298
2025-03-05,1165.534423828125,1175.5999755859375,1183.0,1157.0,1161.0,8664095.0,0.011790981021192692,0.008677674656979226,0.5538435423247743
2025-03-06,1199.2432861328125,1209.5999755859375,1213.949951171875,1185.1500244140625,1197.0,14468014.0,0.02892137856724375,0.011428605677570642,0.5469598527182643
2025-03-07,1239.0992431640625,1249.800048828125,1254.800048828125,1212.0,1216.0,16474965.0,0.03323425487731768,0.01394969654926204,0.5292787385436
2025-03-10,1227.796875,1238.4000244140625,1258.0,1235.4000244140625,1245.0,11931051.0,-0.0091214390020945,0.013863321299236427,0.5321680785864326
2025-03-11,1236.62060546875,1247.300048828125,1249.5,1229.75,1240.0,10089838.0,0.007186637014978459,0.013799662956125655,0.5442806687725475
2025-03-12,1246.2872314453125,1257.050048828125,1263.0,1244.0,1258.0,11977555.0,0.007816969840073407,0.013447491018529174,0.5128630436515258
2025-03-13,1237.2154541015625,1247.9000244140625,1264.1500244140625,1243.8499755859375,1260.050048828125,9505270.0,-0.007279042194173413,0.01308204411397038,0.4309511997951489
2025-03-17,1228.242919921875,1238.8499755859375,1257.4000244140625,1233.0999755859375,1242.1500244140625,16640917.0,-0.007252200212939597,0.013219560415693499,0.39426032368059805
2025-03-18,1228.242919921875,1238.8499755859375,1238.8499755859375,1238.8499755859375,1238.8499755859375,0.0,0.0,0.013221491894778776,0.44396400480047205
2025-03-19,1236.471923828125,1247.1500244140625,1253.25,1238.800048828125,1241.050048828125,16162399.0,0.006699817904729732,0.013230609126375872,0.44931311074395835
2025-03-20,1258.283447265625,1269.1500244140625,1273.0,1250.050048828125,1251.8499755859375,15971477.0,0.017640128350000284,0.01374239394093721,0.4518102603607565
2025-03-21,1265.421875,1276.3499755859375,1281.0,1270.0999755859375,1275.0,21780769.0,0.005673147612239138,0.01376884863715227,0.43582543853427885
2025-03-24,1290.951416015625,1302.0999755859375,1306.0,1284.25,1291.0,20299319.0,0.020174727116697655,0.014349688153147914,0.42265962602829477
2025-03-25,1274.4439697265625,1285.449951171875,1307.699951171875,1282.5999755859375,1307.699951171875,13713899.0,-0.012787039143588252,0.014701479812217795,0.4002057228952282
2025-03-26,1262.150146484375,1273.050048828125,1293.800048828125,1268.75,1291.0,12074747.0,-0.009646421132837424,0.014636043527557019,0.4078479520357494
2025-03-27,1267.2559814453125,1278.199951171875,1285.0,1271.300048828125,1278.1500244140625,15028056.0,0.004045346724523613,0.014400898962639864,0.3469489018130257
2025-03-28,1264.1824951171875,1275.0999755859375,1295.75,1269.0,1280.0,18147129.0,-0.002425308203808707,0.014453664911001411,0.331818573731451
2025-04-01,1241.8751220703125,1252.5999755859375,1277.9000244140625,1249.300048828125,1264.5999755859375,12099648.0,-0.017645690501992828,0.015056618495515605,0.29121078960551244
2025-04-02,1240.4376220703125,1251.1500244140625,1255.550048828125,1243.9000244140625,1247.550048828125,10142590.0,-0.0011575237916060521,0.01376801849042333,0.3386769700273638
2025-04-03,1238.008544921875,1248.699951171875,1251.800048828125,1233.050048828125,1233.050048828125,7434366.0,-0.001958242079422967,0.013570484634588079,0.34405755549232464
2025-04-04,1194.38525390625,1204.699951171875,1245.449951171875,1193.1500244140625,1241.0999755859375,17908652.0,-0.035236663910407695,0.01595817211182717,0.3443263169527713
2025-04-07,1155.71923828125,1165.699951171875,1171.25,1114.8499755859375,1132.199951171875,22156106.0,-0.032373152212439305,0.016266049320982367,0.33276371854954073
2025-04-08,1172.0780029296875,1182.199951171875,1196.5999755859375,1163.300048828125,1172.0,19555040.0,0.014154618272830488,0.01458023623492459,0.3506028019887141
2025-04-09,1175.2010498046875,1185.3499755859375,1189.800048828125,1168.0,1169.5,10223104.0,0.0026645384242292014,0.014544090674232539,0.37627588282464725
2025-04-11,1208.5133056640625,1218.949951171875,1222.6500244140625,1195.1500244140625,1195.1500244140625,11224242.0,0.02834600587270697,0.015955182532041177,0.38918155722712466
2025-04-15,1229.4822998046875,1240.0999755859375,1251.0,1237.0999755859375,1251.0,13378535.0,0.01735106601006997,0.016370363796453187,0.349345308893714
2025-04-16,1228.689208984375,1239.300048828125,1240.9000244140625,1229.0,1234.0999755859375,8248464.0,-0.0006450607873236258,0.01629388621837574,0.3409420464578343
2025-04-17,1263.5877685546875,1274.5,1280.199951171875,1227.5999755859375,1240.199951171875,15398401.0,0.028403081361119353,0.017397079379088614,0.3230519609430054
2025-04-21,1284.407958984375,1295.5,1300.9000244140625,1267.0,1270.0,10429964.0,0.016477043342625786,0.01770651305855332,0.31231814346830483
2025-04-22,1280.1446533203125,1291.199951171875,1303.9000244140625,1286.300048828125,1300.0,13051707.0,-0.0033192768965972785,0.01771981944281396,0.29669489455909437
2025-04-23,1288.869384765625,1300.0,1306.0,1285.4000244140625,1297.0,10480888.0,0.006815426227561927,0.017375288839600107,0.2604846569429806
2025-04-24,1290.4556884765625,1301.5999755859375,1304.5,1290.300048828125,1292.4000244140625,10468940.0,0.0012307715038371025,0.017345423714507067,0.2671253456540114
2025-04-25,1289.2659912109375,1300.4000244140625,1325.199951171875,1288.0999755859375,1303.5,14431012.0,-0.0009219202768825374,0.016757383472174207,0.30055338356280786
2025-04-28,1357.080322265625,1368.800048828125,1374.5999755859375,1320.199951171875,1340.0,31104496.0,0.052599177762373994,0.02015181461505255,0.4056942487606046
2025-04-29,1387.7156982421875,1399.699951171875,1410.9000244140625,1370.0,1371.0,32538970.0,0.0225744751242265,0.020346164162682822,0.47351678719566187
2025-04-30,1392.9703369140625,1405.0,1412.4000244140625,1369.0,1402.0,25480745.0,0.0037865383223170124,0.020346851394913112,0.4476443299539108
2025-05-02,1407.6436767578125,1419.800048828125,1426.699951171875,1409.0999755859375,1414.0,13007841.0,0.010533849468939094,0.020306393948765374,0.45394009298396504
2025-05-05,1419.0452880859375,1431.300048828125,1439.5,1426.9000244140625,1431.0,12685649.0,0.008099785134819015,0.019558568809949023,0.4268990127431976
2025-05-06,1408.7342529296875,1420.9000244140625,1432.0,1410.5999755859375,1431.0,14084117.0,-0.007266177649733696,0.019737426711207144,0.4388470458737956
2025-05-07,1393.9617919921875,1406.0,1424.4000244140625,1402.699951171875,1420.9000244140625,13440169.0,-0.010486336160832499,0.020021348849746788,0.44848673224006985
2025-05-08,1394.9532470703125,1407.0,1420.800048828125,1398.0,1404.0999755859375,16106175.0,0.0007112498232164643,0.0175755632817957,0.4334062036872483
2025-05-09,1365.408447265625,1377.199951171875,1394.800048828125,1374.5,1385.5,13668904.0,-0.021179777793082,0.016360618111889175,0.45325259748643026
2025-05-12,1424.20068359375,1436.5,1439.0,1400.0,1400.0,10674081.0,0.043058351107950754,0.018073629093606335,0.5164692291268421
2025-05-13,1403.5787353515625,1415.699951171875,1447.699951171875,1412.4000244140625,1433.5,11407896.0,-0.014479664614505894,0.01882776931122895,0.5633671818219702
2025-05-14,1412.2042236328125,1424.4000244140625,1429.9000244140625,1415.5,1420.0,5570160.0,0.0061453540610170165,0.018278833715547935,0.5841519602632045
2025-05-15,1441.7491455078125,1454.199951171875,1461.4000244140625,1412.699951171875,1425.0,20177211.0,0.02092113971943621,0.01839230163129792,0.5478902679928382
2025-05-16,1443.9302978515625,1456.4000244140625,1461.0,1447.300048828125,1453.199951171875,9036695.0,0.0015128514905287105,0.018344240055910517,0.5448289919472311
2025-05-19,1428.4638671875,1440.800048828125,1454.5999755859375,1438.199951171875,1452.0999755859375,6195791.0,-0.010711341598050206,0.018167995638681975,0.5002195961801308
2025-05-20,1412.402587890625,1424.5999755859375,1445.0,1421.800048828125,1438.199951171875,11270560.0,-0.011243742082533759,0.018406971275196034,0.5166589089442879
2025-05-21,1416.963134765625,1429.199951171875,1436.199951171875,1418.0999755859375,1423.9000244140625,6136364.0,0.003228928433082867,0.018310707171440017,0.5084488522256979
2025-05-22,1397.332763671875,1409.4000244140625,1423.800048828125,1396.9000244140625,1421.199951171875,12134466.0,-0.013853833322909237,0.018794394515945435,0.49661631304466575
2025-05-23,1414.5838623046875,1426.800048828125,1433.800048828125,1406.5999755859375,1406.5999755859375,6474883.0,0.012345734016484755,0.01886576815403431,0.4944066046803775
2025-05-26,1422.5152587890625,1434.800048828125,1441.0,1425.0999755859375,1432.0,4842944.0,0.0056068761250060994,0.018818544402681436,0.4993620879285785
2025-05-27,1409.9239501953125,1422.0999755859375,1437.0,1413.9000244140625,1426.0999755859375,12640414.0,-0.008851440092437768,0.015351466829883408,0.5366023083137633
2025-05-28,1400.802734375,1412.9000244140625,1422.5999755859375,1410.699951171875,1420.0999755859375,5944611.0,-0.006469296318463824,0.014663311218474263,0.5549481655896957
2025-05-29,1405.660888671875,1417.800048828125,1420.0,1408.5999755859375,1412.0999755859375,13771917.0,0.003468121654575773,0.014659807981257607,0.5411342057539034
2025-05-30,1408.7342529296875,1420.9000244140625,1430.5999755859375,1409.699951171875,1418.0,13788484.0,0.0021864194149390226,0.014478444456440984,0.5582839288150453
2025-06-02,1401.5958251953125,1413.699951171875,1417.5,1395.5999755859375,1412.0999755859375,8098668.0,-0.0050672635520357945,0.01439644655055638,0.5514629929338654
2025-06-03,1393.4661865234375,1405.5,1426.5,1403.4000244140625,1422.300048828125,11252626.0,-0.005800273178426574,0.014363994123338202,0.5645875526659453
2025-06-04,1411.31201171875,1423.5,1425.699951171875,1406.0999755859375,1414.699951171875,8126827.0,0.012806787396711927,0.014451279565320916,0.5461987450075872
2025-06-05,1430.0501708984375,1442.4000244140625,1454.699951171875,1423.5999755859375,1428.0,13716817.0,0.013277120171936607,0.014721659172611014,0.516444363746309
2025-06-06,1431.1407470703125,1443.5,1451.5,1437.0,1441.0,8182161.0,0.0007626139236709406,0.013739523381119174,0.51243696398399
2025-06-09,1436.3953857421875,1448.800048828125,1457.5,1445.300048828125,1457.0,7885125.0,0.0036716435351531462,0.009896803102055741,0.5178747661834983
2025-06-10,1426.1834716796875,1438.5,1453.9000244140625,1436.0,1450.0,7913181.0,-0.007109403277025583,0.009437284818610853,0.5496539309444204
2025-06-11,1436.4945068359375,1448.9000244140625,1468.5999755859375,1443.0999755859375,1445.800048828125,8195700.0,0.007229809741173154,0.009472413428812465,0.5557971760872464
2025-06-12,1429.257080078125,1441.5999755859375,1457.0,1434.4000244140625,1453.5,8828114.0,-0.005038255784043266,0.00828854052854341,0.5256946518680164
2025-06-13,1415.67431640625,1427.9000244140625,1435.5,1414.300048828125,1424.0,9757276.0,-0.0095033733687242,0.008517443116800345,0.556343006412902
2025-06-16,1425.4896240234375,1437.800048828125,1442.4000244140625,1424.4000244140625,1426.9000244140625,8458093.0,0.006933309097606699,0.008365968713584866,0.5788821067673934
2025-06-17,1418.946044921875,1431.199951171875,1448.0,1425.800048828125,1448.0,10366599.0,-0.004590408089462872,0.008023585095619287,0.5693855150243725
2025-06-18,1417.85546875,1430.0999755859375,1442.800048828125,1425.699951171875,1430.0,6681735.0,-0.0007685818469123085,0.007995519785910002,0.5040757562028774
2025-06-19,1421.0281982421875,1433.300048828125,1439.9000244140625,1425.699951171875,1430.0999755859375,10007230.0,0.002237695986731625,0.007300975819004159,0.4854333677833655
2025-06-20,1453.6463623046875,1466.199951171875,1471.0,1428.0999755859375,1431.0,29010635.0,0.022953917524542122,0.00847049842501861,0.499211248077508
2025-06-23,1444.326904296875,1456.800048828125,1463.800048828125,1442.0,1453.0,5989078.0,-0.006411090241396078,0.008581664615766345,0.529489229115174
2025-06-24,1438.3782958984375,1450.800048828125,1475.0,1443.0999755859375,1465.0,16402744.0,-0.00411860249971141,0.008364132494759115,0.5837052933939331
2025-06-25,1454.737060546875,1467.300048828125,1472.4000244140625,1460.5,1464.0,7525851.0,0.01137306138106009,0.008472701433914641,0.6064450404712775
2025-06-26,1482.497314453125,1495.300048828125,1498.800048828125,1465.0999755859375,1469.0999755859375,14657893.0,0.01908266081831589,0.009301303456419338,0.6097552736444212
2025-06-27,1502.4251708984375,1515.4000244140625,1522.0,1496.9000244140625,1499.4000244140625,11117052.0,0.0134420860335005,0.009603846537317872,0.6348409832370558
2025-06-30,1487.7518310546875,1500.5999755859375,1524.800048828125,1496.0,1513.800048828125,8409527.0,-0.009766436377643628,0.009872238915423548,0.6748179715152596
2025-07-01,1515.3138427734375,1528.4000244140625,1531.4000244140625,1500.0999755859375,1500.5999755859375,10368523.0,0.018525947099128137,0.010219091920870503,0.693317289950612
2025-07-02,1505.7960205078125,1518.800048828125,1530.0,1508.699951171875,1528.4000244140625,6361002.0,-0.006281089763032099,0.010269055999335487,0.660020717445944
2025-07-03,1504.8046875,1517.800048828125,1531.9000244140625,1513.0,1520.800048828125,11283291.0,-0.000658344818495471,0.010026010175881344,0.6451616848333169
2025-07-04,1514.223388671875,1527.300048828125,1530.0,1517.199951171875,1524.0,6603501.0,0.006259085481400639,0.010048349251178264,0.656148811096946
2025-07-07,1528.3016357421875,1541.5,1544.800048828125,1525.0,1526.5999755859375,7251074.0,0.009297338276263556,0.010150102299308763,0.6832221531045369
2025-07-08,1524.4349365234375,1537.5999755859375,1544.9000244140625,1530.199951171875,1536.0,7171261.0,-0.002530062867381666,0.009956181080801482,0.7422100799217712
2025-07-09,1505.9942626953125,1519.0,1551.0,1510.0999755859375,1536.699951171875,8870660.0,-0.01209672737504952,0.01048696008106167,0.7977769075536554
2025-07-10,1504.2095947265625,1517.199951171875,1524.699951171875,1507.5,1519.699951171875,10047129.0,-0.001185043006442732,0.010377609996253692,0.7463286455029896
2025-07-11,1482.3980712890625,1495.199951171875,1515.0,1490.300048828125,1512.0,7234991.0,-0.01450032197239437,0.010738468714853117,0.7220789362533504
2025-07-14,1470.9964599609375,1483.699951171875,1500.0,1479.0999755859375,1492.199951171875,10311846.0,-0.007691329035668826,0.010907257852360809,0.7050797549351125
2025-07-15,1472.6820068359375,1485.4000244140625,1496.5,1482.4000244140625,1486.199951171875,8132454.0,0.0011458537942672375,0.010810102351178545,0.7003761079334375
2025-07-16,1472.8802490234375,1485.5999755859375,1491.0,1471.5,1473.0,10409983.0,0.0001346130302264381,0.01080018132768477,0.7123254445912384
2025-07-17,1463.7591552734375,1476.4000244140625,1489.5999755859375,1473.9000244140625,1487.4000244140625,11854613.0,-0.006192692010126066,0.010952243834385585,0.6945035540755877
2025-07-18,1463.362548828125,1476.0,1484.800048828125,1469.0999755859375,1484.800048828125,10296318.0,-0.00027095061635218354,0.009724616935403817,0.685082396179584
2025-07-21,1416.3682861328125,1428.5999755859375,1476.0,1423.0999755859375,1465.0,22442744.0,-0.03211388916092317,0.012081716247503357,0.6950411280715499
2025-07-22,1400.70361328125,1412.800048828125,1431.9000244140625,1410.699951171875,1427.4000244140625,20396320.0,-0.011059745551301958,0.012276938154382857,0.7238605304396875
2025-07-23,1412.402587890625,1424.5999755859375,1426.0,1414.4000244140625,1426.0,8354596.0,0.008352212772528844,0.012131124732871043,0.7376896732567702
2025-07-24,1390.888427734375,1402.9000244140625,1423.0,1396.0,1419.199951171875,14740507.0,-0.015232314313711859,0.011490661202799046,0.7206755640051705
2025-07-25,1379.7841796875,1391.699951171875,1401.0,1384.0999755859375,1398.9000244140625,11854722.0,-0.007983564911071106,0.010845863913212165,0.7309390448428161
2025-07-28,1375.71923828125,1387.5999755859375,1407.800048828125,1385.0,1392.300048828125,7748361.0,-0.00294607045514228,0.010768325226007108,0.7134028949601241
2025-07-29,1404.9666748046875,1417.0999755859375,1420.199951171875,1383.0,1383.0,10750072.0,0.02125974232938521,0.011080161532319761,0.7340598889738967
2025-07-30,1398.026611328125,1410.0999755859375,1423.300048828125,1401.300048828125,1418.0999755859375,7209849.0,-0.004939664122301846,0.011067861790681062,0.7332557236032482
2025-07-31,1378.2969970703125,1390.199951171875,1402.5999755859375,1382.199951171875,1388.0999755859375,17065827.0,-0.014112474038723288,0.01128338592097873,0.7033118549349524
2025-08-01,1381.76708984375,1393.699951171875,1405.9000244140625,1384.300048828125,1386.9000244140625,10321171.0,0.002517666933043783,0.011128710242490002,0.716268389921344
2025-08-04,1399.4146728515625,1411.5,1416.0999755859375,1391.699951171875,1395.0999755859375,6312820.0,0.012771749405182442,0.011379829962433655,0.7143619775904406
2025-08-05,1379.7841796875,1391.699951171875,1411.0,1388.0999755859375,1411.0,9315972.0,-0.014027645661354837,0.011572701457562033,0.7151310973957442
2025-08-06,1380.874755859375,1392.800048828125,1395.9000244140625,1383.300048828125,1391.9000244140625,5834312.0,0.0007903961995867625,0.01151000625163166,0.7426479692227854
2025-08-07,1377.5040283203125,1389.4000244140625,1393.699951171875,1366.0,1387.699951171875,9976705.0,-0.002441008878437123,0.011495739820558782,0.7439022014182829
2025-08-08,1356.0888671875,1367.800048828125,1397.199951171875,1365.0,1385.0,8793606.0,-0.01554635100336188,0.011546727386744438,0.7532955821872335
2025-08-11,1374.331298828125,1386.199951171875,1388.0,1361.199951171875,1370.0,9997486.0,0.01345223906930193,0.012178177092457346,0.7406879804958981
2025-08-12,1368.5810546875,1380.4000244140625,1401.9000244140625,1375.199951171875,1381.9000244140625,12244664.0,-0.004184030550368867,0.012133494166792835,0.7520240791509915
2025-08-13,1370.7620849609375,1382.5999755859375,1391.800048828125,1377.5,1388.0,7457021.0,0.00159364347911084,0.012161411784080034,0.7601697499529569
2025-08-14,1367.4774169921875,1373.800048828125,1380.699951171875,1370.0999755859375,1377.300048828125,7126128.0,-0.002396234915443829,0.01214704768645174,0.7061017715443064
2025-08-18,1375.3409423828125,1381.699951171875,1394.9000244140625,1377.0,1390.0,11785109.0,0.005750387752597064,0.012300400106969582,0.6901940360658028
2025-08-19,1413.564208984375,1420.0999755859375,1421.0,1389.0999755859375,1390.0,14384719.0,0.0277918481328272,0.012136822142179742,0.713165444557861
2025-08-20,1406.4969482421875,1413.0,1424.9000244140625,1410.0,1413.0,8725641.0,-0.004999603624136206,0.011920670803949209,0.7477053965012774
2025-08-21,1418.24267578125,1424.800048828125,1431.9000244140625,1420.300048828125,1425.0,11021323.0,0.008351050852788644,0.011920629362722404,0.7648427714737565
2025-08-22,1402.71435546875,1409.199951171875,1423.4000244140625,1407.9000244140625,1420.0,5818868.0,-0.010948986783200665,0.011663084752816135,0.7725748540241317
2025-08-25,1406.0987548828125,1412.5999755859375,1419.5,1405.699951171875,1414.699951171875,5979407.0,0.002412750251587381,0.011496140406770149,0.7812037142284444
2025-08-26,1378.5262451171875,1384.9000244140625,1410.0,1381.5999755859375,1408.0,12145259.0,-0.019609227068779322,0.012368462280623311,0.7648988466507856
2025-08-28,1379.521728515625,1385.9000244140625,1392.199951171875,1366.5,1389.9000244140625,13161813.0,0.0007221359781603987,0.011335118729664853,0.7854994605499254
2025-08-29,1350.9537353515625,1357.199951171875,1403.5,1350.0,1381.0999755859375,18758842.0,-0.02070862138199292,0.012153273153351461,0.8040739523235096
2025-09-01,1347.6689453125,1353.9000244140625,1363.199951171875,1340.5999755859375,1356.0,11232238.0,-0.0024314600515965568,0.011797868106730692,0.7680313905090997
2025-09-02,1360.2109375,1366.5,1384.5,1354.5,1354.800048828125,11517006.0,0.009306434069823899,0.01200202137698836,0.7454646971537084
2025-09-03,1366.2828369140625,1372.5999755859375,1376.5,1360.5,1369.699951171875,7847563.0,0.004463939560155561,0.011649165008427114,0.7685660304470983
2025-09-04,1353.0440673828125,1359.300048828125,1374.0,1357.0999755859375,1371.800048828125,13223177.0,-0.009689625876550978,0.011434850200907667,0.7526300705395432
2025-09-05,1368.671875,1375.0,1381.0,1359.300048828125,1363.0,5777575.0,0.011550109855192225,0.01176762746674,0.7374335218353778
2025-09-08,1372.15576171875,1378.5,1386.0,1372.4000244140625,1380.0,6986720.0,0.0025454506535760313,0.011774440855246638,0.7118467963846911
2025-09-09,1369.8662109375,1376.199951171875,1381.199951171875,1368.699951171875,1376.5999755859375,9754452.0,-0.001668579358936717,0.011213594993051593,0.6780000186727005
2025-09-10,1370.66259765625,1377.0,1388.5,1374.0999755859375,1383.9000244140625,7790815.0,0.0005813609478000359,0.010796662646345,0.625334937671824
2025-09-11,1376.9337158203125,1383.300048828125,1385.5,1375.0,1376.0,9766072.0,0.004575245705825681,0.01079901038819553,0.627139047515312
2025-09-12,1388.579833984375,1395.0,1396.300048828125,1380.5,1383.300048828125,7403368.0,0.008458009292861446,0.010948345857538348,0.5983193263759111
2025-09-15,1392.8599853515625,1399.300048828125,1400.800048828125,1388.5999755859375,1393.0,5396697.0,0.0030823948774383325,0.010935256207349586,0.5890299371493244
2025-09-16,1398.8323974609375,1405.300048828125,1408.0,1398.199951171875,1404.699951171875,8686961.0,0.004287876866437168,0.010906506355892453,0.563997562036473
2025-09-17,1407.2933349609375,1413.800048828125,1416.199951171875,1406.9000244140625,1407.0,7519417.0,0.0060485713051525725,0.009002751532951844,0.4387694182752908
2025-09-18,1408.4876708984375,1415.0,1422.0,1410.699951171875,1420.4000244140625,9332642.0,0.0008486758999204369,0.008932795976013598,0.4611905482331977
2025-09-19,1400.9227294921875,1407.4000244140625,1417.0,1403.5999755859375,1414.9000244140625,13461373.0,-0.005370967430211482,0.00879228897714443,0.5205633379055155
2025-09-22,1384.199951171875,1390.5999755859375,1410.699951171875,1388.0,1403.9000244140625,7757970.0,-0.01193697408733907,0.008856173027999297,0.5349305839767555
2025-09-23,1383.40380859375,1389.800048828125,1395.0,1376.800048828125,1391.0,14014702.0,-0.0005751644315916682,0.00882735782696514,0.5371079469704158
2025-09-24,1376.635009765625,1383.0,1396.0,1380.4000244140625,1385.300048828125,5922759.0,-0.004892858315176718,0.00771857906629166,0.5227382057993595
2025-09-25,1366.0838623046875,1372.4000244140625,1384.5,1369.0,1381.300048828125,11411143.0,-0.007664448009885971,0.007900646265239685,0.5170774233100901
2025-09-26,1371.2598876953125,1377.5999755859375,1382.699951171875,1366.0,1372.0,9879109.0,0.0037889514205171615,0.006341182975115365,0.5152656042724566
2025-09-29,1366.48193359375,1372.800048828125,1389.0,1368.0,1381.5999755859375,14231999.0,-0.0034843534361621575,0.006373408484545388,0.5206591302956082
2025-09-30,1357.722412109375,1364.0,1377.0999755859375,1362.800048828125,1377.0999755859375,14604684.0,-0.006410272444172027,0.006225246494014076,0.5032538146321663
2025-10-01,1362.4007568359375,1368.699951171875,1378.5999755859375,1362.699951171875,1367.0,12045916.0,0.003445729911237372,0.006190254292225477,0.45135775241454124
2025-10-03,1357.125244140625,1363.4000244140625,1371.5999755859375,1356.9000244140625,1363.199951171875,12842347.0,-0.0038722179717254335,0.0058441245701212055,0.4635111678718466
2025-10-06,1368.671875,1375.0,1377.4000244140625,1359.0,1360.0,12396580.0,0.008508154209957652,0.005565201961465813,0.5327721498054837
2025-10-07,1378.4267578125,1384.800048828125,1395.9000244140625,1375.9000244140625,1376.0,11244040.0,0.00712726183001311,0.005765559741325712,0.5412329798784592
2025-10-08,1361.1068115234375,1367.4000244140625,1389.0,1364.5,1384.800048828125,8525081.0,-0.012565010212474692,0.006432091211938577,0.5580218301710189
2025-10-09,1371.458984375,1377.800048828125,1380.0,1369.0999755859375,1374.0,8826633.0,0.007605702038898432,0.006670179046163933,0.5569753556494905
2025-10-10,1375.3409423828125,1381.699951171875,1388.0,1375.0999755859375,1377.800048828125,6373084.0,0.0028305316105254885,0.006619097327060505,0.5406392633170464
2025-10-13,1368.671875,1375.0,1377.699951171875,1367.800048828125,1376.9000244140625,7600682.0,-0.0048490284679943985,0.006384902298111489,0.5467699768253892
2025-10-14,1369.5677490234375,1375.9000244140625,1388.0,1370.0999755859375,1380.0,9768174.0,0.0006545571950453688,0.006332018242032071,0.5482558765969523
2025-10-15,1367.97509765625,1374.300048828125,1384.0,1372.699951171875,1383.0,10882743.0,-0.001162886150263942,0.006216680594091852,0.5113626886915911
2025-10-16,1391.8646240234375,1398.300048828125,1400.5,1375.0,1375.0999755859375,12315932.0,0.017463421964418302,0.007331239714217983,0.47951928357181944
2025-10-17,1410.279541015625,1416.800048828125,1423.300048828125,1399.0999755859375,1401.0,19335561.0,0.013230393728203227,0.007950063967634978,0.49477204009761183
2025-10-20,1460.04931640625,1466.800048828125,1473.800048828125,1433.300048828125,1440.0,24721978.0,0.035290716445324666,0.011067210252561407,0.528659134314092
2025-10-21,1458.4566650390625,1465.199951171875,1474.0,1460.0,1468.0,2066169.0,-0.0010908202546936474,0.010597579695687826,0.5409197457667395
2025-10-23,1441.7340087890625,1448.4000244140625,1482.9000244140625,1444.5999755859375,1475.0,18707090.0,-0.0114659946029676,0.011043470058724442,0.5499274003548458
2025-10-24,1444.9193115234375,1451.5999755859375,1459.800048828125,1441.0,1450.0,9700837.0,0.002209355342217556,0.010919441745139534,0.5533669517880485
2025-10-27,1477.2696533203125,1484.0999755859375,1485.0,1458.0,1463.0,14113867.0,0.022389029988648,0.011502356389169287,0.5270591598069659
2025-10-28,1480.056884765625,1486.9000244140625,1492.0,1477.5999755859375,1484.0999755859375,17631577.0,0.0018867452120525652,0.011511898572057713,0.5069930986019227
2025-10-29,1497.277099609375,1504.199951171875,1508.300048828125,1488.0999755859375,1490.0,11884745.0,0.01163483310742941,0.011498772031037384,0.47585390410777584
2025-10-30,1481.6494140625,1488.5,1503.0999755859375,1484.0,1500.0,9318663.0,-0.010437403705000348,0.011735341007369931,0.44255491319274437
2025-10-31,1479.5592041015625,1486.4000244140625,1497.5,1482.300048828125,1490.4000244140625,8758053.0,-0.0014107318108448341,0.011807057729276465,0.4140609569707485
2025-11-03,1477.866943359375,1484.699951171875,1495.0,1479.300048828125,1486.0,8452085.0,-0.0011437600722541408,0.011724367021021056,0.42633210698411445
2025-11-04,1466.3203125,1473.0999755859375,1492.800048828125,1470.0999755859375,1483.9000244140625,10007806.0,-0.0078130381840249,0.011983769021001928,0.5013189525255504
2025-11-06,1489.2144775390625,1496.0999755859375,1501.5999755859375,1476.199951171875,1484.0,16772678.0,0.015613345081491259,0.012265169640158221,0.4977268496624187
2025-11-07,1471.19775390625,1478.0,1498.4000244140625,1475.9000244140625,1494.5999755859375,7821765.0,-0.012098138921255441,0.012232497083564274,0.5375386630821943
2025-11-10,1482.44580078125,1489.300048828125,1501.0,1475.5,1477.9000244140625,7068438.0,0.007645503023053557,0.012233123452040274,0.5281403304325861
2025-11-11,1486.5269775390625,1493.4000244140625,1498.800048828125,1480.199951171875,1497.0,7127506.0,0.0027530023395538894,0.012233515421595793,0.5080831194381655
2025-11-12,1504.5435791015625,1511.5,1524.699951171875,1500.0,1505.0,12384459.0,0.01211992909292925,0.012178365441159508,0.49127224785677387
2025-11-13,1503.9464111328125,1510.9000244140625,1522.0999755859375,1506.800048828125,1515.0,7196443.0,-0.00039690971869799085,0.01219951507338599,0.4890239291808318
2025-11-14,1511.9095458984375,1518.9000244140625,1520.9000244140625,1505.5,1505.5,7682823.0,0.005294826136542197,0.012119676984932536,0.45784351200047757
2025-11-17,1511.3123779296875,1518.300048828125,1523.699951171875,1511.5,1520.9000244140625,5871416.0,-0.0003949759893837612,0.011813590820050169,0.4346806301124165
2025-11-18,1512.4072265625,1519.4000244140625,1527.800048828125,1510.5,1521.699951171875,11045042.0,0.0007244356949636099,0.011639630563312887,0.44884056259301386
2025-11-19,1511.9095458984375,1518.9000244140625,1522.300048828125,1512.0,1517.4000244140625,5692366.0,-0.0003290652512906167,0.008942443580015702,0.5297869768279312
2025-11-20,1541.9705810546875,1549.0999755859375,1550.9000244140625,1526.699951171875,1530.0,18171724.0,0.019882826481121718,0.009778239964341927,0.5359958551636657
2025-11-21,1539.4820556640625,1546.5999755859375,1557.800048828125,1540.0999755859375,1541.0,9615271.0,-0.001613860485537244,0.009254079886970343,0.574730960087673
2025-11-24,1528.831298828125,1535.9000244140625,1550.0,1531.800048828125,1550.0,18433951.0,-0.006918402716518335,0.009532916079926457,0.5750004342201152
2025-11-25,1532.61376953125,1539.699951171875,1559.5999755859375,1525.0999755859375,1535.9000244140625,15033482.0,0.0024740929270772316,0.00835389522957322,0.5775964360378346
2025-11-26,1562.6748046875,1569.9000244140625,1571.5999755859375,1540.5,1542.300048828125,14054299.0,0.019614227507197768,0.009247981386695345,0.5759749000387585
2025-11-27,1556.2047119140625,1563.4000244140625,1575.5,1556.0,1575.0,9794643.0,-0.004140396168178739,0.009123102846045802,0.5516992264047519
2025-11-28,1560.285888671875,1567.5,1581.300048828125,1563.0,1568.0,8959508.0,0.002622519213936192,0.008642946107330367,0.5379812302970299
2025-12-01,1558.892333984375,1566.0999755859375,1577.5,1563.5999755859375,1575.0,8920233.0,-0.0008931406081523763,0.008630994856823396,0.514892153760578
2025-12-02,1539.1834716796875,1546.300048828125,1567.5,1542.0,1561.0999755859375,11389150.0,-0.012642863060538412,0.00925731125224142,0.5307777735976255
2025-12-03,1531.718017578125,1538.800048828125,1552.4000244140625,1533.0,1545.199951171875,6090883.0,-0.004850269145247221,0.009113334400599872,0.5753171290654419
2025-12-04,1528.53271484375,1535.5999755859375,1560.5,1517.5999755859375,1536.0,11867930.0,-0.002079562098127874,0.00858877784794037,0.5580907377532591
2025-12-05,1533.5096435546875,1540.5999755859375,1545.800048828125,1520.5999755859375,1530.4000244140625,10183266.0,0.003256017134998901,0.00798984649535592,0.5779402902046268
2025-12-08,1535.898681640625,1543.0,1551.0,1535.0,1539.199951171875,11301491.0,0.001557889183141814,0.007882964654310192,0.6002135561463364
2025-12-09,1522.3612060546875,1529.4000244140625,1542.5,1520.0999755859375,1540.300048828125,11503971.0,-0.008814042063944538,0.008226363242046493,0.5699258317034613
2025-12-10,1529.8267822265625,1536.9000244140625,1547.5,1531.4000244140625,1534.0,7991629.0,0.004903945359473916,0.007874009029113477,0.5447733976779678
2025-12-11,1537.889404296875,1545.0,1550.0,1524.0,1536.9000244140625,4706197.0,0.005270284298839245,0.007928074061268038,0.5141064024900013
2025-12-12,1549.3365478515625,1556.5,1559.800048828125,1546.0999755859375,1550.800048828125,5106655.0,0.007443411420030577,0.008001465837790652,0.4595321034268013
2025-12-15,1549.037841796875,1556.199951171875,1558.5999755859375,1546.5,1551.199951171875,5774543.0,-0.00019279610688960336,0.007999400796365656,0.43622923598870494
2025-12-16,1535.201904296875,1542.300048828125,1551.699951171875,1538.800048828125,1545.0,11731856.0,-0.008931955777110256,0.00831870863381463,0.4486137912439705
2025-12-17,1537.292236328125,1544.4000244140625,1550.0,1539.300048828125,1550.0,7116649.0,0.0013616007284771303,0.008315424731536734,0.4925379049087519
2025-12-18,1537.292236328125,1544.4000244140625,1551.5,1535.199951171875,1535.199951171875,6580829.0,0.0,0.007007899988657739,0.49342819485009554
2025-12-19,1557.8968505859375,1565.0999755859375,1574.199951171875,1551.0,1554.4000244140625,13937275.0,0.013403186310904314,0.007618302729202727,0.5305523663559262
2025-12-22,1568.1495361328125,1575.4000244140625,1577.5,1565.300048828125,1573.5,10184852.0,0.00658110679344337,0.007512335744505375,0.5581109398745452
2025-12-23,1563.4710693359375,1570.699951171875,1580.9000244140625,1568.0999755859375,1580.9000244140625,7506564.0,-0.002983431547231463,0.007566260541708225,0.6026597030746325
2025-12-24,1551.0286865234375,1558.199951171875,1575.699951171875,1553.5999755859375,1572.699951171875,8815745.0,-0.00795817911602592,0.006426935827350106,0.5920674311393449
2025-12-26,1552.0240478515625,1559.199951171875,1561.0,1554.300048828125,1554.699951171875,2311495.0,0.0006417426942348925,0.006367346946524109,0.6082832572567285
2025-12-29,1538.4866943359375,1545.5999755859375,1558.0999755859375,1543.5999755859375,1554.9000244140625,5972105.0,-0.008722386443924313,0.006611280769511762,0.5823627739990458
2025-12-30,1532.71337890625,1539.800048828125,1553.5999755859375,1537.800048828125,1547.0,8815884.0,-0.0037525936694431383,0.006646899065218586,0.576837538316714
2025-12-31,1563.172607421875,1570.4000244140625,1577.0,1541.0,1541.0,5771830.0,0.019872749161595316,0.00752310364490903,0.5749506380734903
