Date,Adj Close,Close,High,Low,Open,Volume
2015-01-01,970.3305053710938,1272.7750244140625,1283.5,1270.5,1283.5,366830.0
2015-01-02,983.2528686523438,1289.7249755859375,1295.4749755859375,1275.300048828125,1275.5,925740.0
2015-01-05,968.310546875,1270.125,1299.949951171875,1262.324951171875,1290.5,1754242.0
2015-01-06,932.6119995117188,1223.300048828125,1264.550048828125,1220.0,1264.550048828125,2423784.0
2015-01-07,921.5960083007812,1208.8499755859375,1239.574951171875,1203.7249755859375,1235.0,2636332.0
2015-01-08,931.5449829101562,1221.9000244140625,1224.5,1210.2750244140625,1221.199951171875,1565408.0
2015-01-09,957.6558227539062,1256.1500244140625,1259.949951171875,1225.0,1227.5,3197642.0
2015-01-12,956.6651611328124,1254.8499755859375,1264.0,1240.125,1258.5,1596006.0
2015-01-13,952.1668090820312,1248.949951171875,1265.199951171875,1240.050048828125,1260.0,1468432.0
2015-01-14,961.3346557617188,1260.9749755859375,1265.9000244140625,1250.25,1258.0,1787096.0
2015-01-15,967.8721923828124,1269.550048828125,1290.875,1261.625,1266.5,5009920.0
2015-01-16,965.22216796875,1266.074951171875,1272.5,1242.1500244140625,1271.8499755859375,5293830.0
2015-01-19,957.160400390625,1255.5,1275.5,1251.5,1268.0,1135074.0
2015-01-20,953.1389770507812,1250.2249755859375,1265.0,1241.625,1260.0,2058566.0
2015-01-21,958.2279663085938,1256.9000244140625,1261.0,1244.125,1261.0,2310480.0
2015-01-22,958.132568359375,1256.7750244140625,1260.625,1247.75,1258.25,2113214.0
2015-01-23,954.33984375,1251.800048828125,1266.0250244140625,1248.050048828125,1257.0,3150380.0
2015-01-27,955.6575927734376,1251.0250244140625,1257.5,1244.7750244140625,1256.175048828125,2738736.0
2015-01-28,969.9996948242188,1269.800048828125,1272.449951171875,1251.449951171875,1251.5,3121980.0
2015-01-29,971.9280395507812,1272.324951171875,1284.3499755859375,1256.449951171875,1269.0,3734392.0
2015-01-30,948.0184936523438,1241.0250244140625,1287.5,1235.0,1280.3499755859375,5817402.0
2015-02-02,960.2981567382812,1257.0999755859375,1260.7249755859375,1231.0250244140625,1241.0,3181802.0
2015-02-03,977.1231079101562,1279.125,1282.5,1253.550048828125,1255.824951171875,2345054.0
2015-02-04,960.3364868164062,1257.1500244140625,1285.8499755859375,1251.050048828125,1284.0,2245418.0
2015-02-05,974.8885498046876,1276.199951171875,1295.8499755859375,1259.5,1260.0,4530168.0
2015-02-06,983.8067626953124,1287.875,1297.4000244140625,1275.425048828125,1276.5,2136416.0
2015-02-09,959.8013305664062,1256.449951171875,1284.550048828125,1250.0,1280.75,2076432.0
2015-02-10,932.3966064453124,1220.574951171875,1263.125,1216.5,1255.0,3799054.0
2015-02-11,939.558349609375,1229.949951171875,1243.625,1223.625,1227.5250244140625,2937522.0
2015-02-12,940.41748046875,1231.074951171875,1239.9000244140625,1223.5,1239.9000244140625,3107980.0
2015-02-13,969.6752319335938,1269.375,1273.875,1230.125,1235.0,4158326.0
2015-02-16,987.2637329101562,1292.4000244140625,1297.5,1277.5,1280.0,2364392.0
2015-02-18,1006.6856689453124,1317.824951171875,1321.5,1282.625,1292.5250244140625,2660014.0
2015-02-19,1024.0263671875,1340.5250244140625,1343.6500244140625,1317.5,1318.0,2618002.0
2015-02-20,1021.9260864257812,1337.7750244140625,1349.4000244140625,1321.125,1349.4000244140625,1801588.0
2015-02-23,1029.984619140625,1348.324951171875,1361.0,1335.5,1335.5,1614892.0
2015-02-24,1033.0787353515625,1352.375,1365.0,1339.5,1347.0,2199922.0
2015-02-25,1020.6458740234376,1336.0999755859375,1361.0,1333.925048828125,1355.0,1767994.0
2015-02-26,1014.6305541992188,1328.2249755859375,1346.375,1312.675048828125,1339.5,1991994.0
2015-02-27,1016.884033203125,1331.175048828125,1337.875,1308.1500244140625,1329.7249755859375,2877376.0
2015-03-02,1019.5772094726562,1334.699951171875,1354.4749755859375,1326.2750244140625,1339.8499755859375,2176038.0
2015-03-03,1060.29248046875,1388.0,1395.0,1338.074951171875,1341.0,3424308.0
2015-03-04,1048.8343505859375,1373.0,1406.050048828125,1357.824951171875,1394.0,3862994.0
2015-03-05,1029.9083251953125,1348.2249755859375,1385.3499755859375,1340.5250244140625,1375.0,2173514.0
2015-03-09,1010.94482421875,1323.4000244140625,1339.9000244140625,1305.0,1320.0,2883174.0
2015-03-10,1009.378662109375,1321.3499755859375,1339.125,1297.625,1324.449951171875,3037052.0
2015-03-11,995.5711059570312,1303.2750244140625,1329.9749755859375,1298.9000244140625,1321.0,2240200.0
2015-03-12,1000.3453369140624,1309.5250244140625,1312.449951171875,1295.050048828125,1311.949951171875,1827636.0
2015-03-13,986.3279418945312,1291.175048828125,1319.9749755859375,1287.5,1319.0,1586838.0
2015-03-16,978.6701049804688,1281.1500244140625,1305.0,1276.0,1292.5999755859375,1556296.0
2015-03-17,986.8439331054688,1291.8499755859375,1303.3499755859375,1278.875,1291.25,1267318.0
2015-03-18,977.543212890625,1279.675048828125,1299.7249755859375,1275.8499755859375,1295.4749755859375,1255170.0
2015-03-19,991.6370849609376,1298.125,1302.925048828125,1284.050048828125,1288.0,2448964.0
2015-03-20,997.2516479492188,1305.4749755859375,1309.0,1289.425048828125,1298.0,1963908.0
2015-03-23,999.6195068359376,1308.574951171875,1315.5,1303.0,1308.0,1566608.0
2015-03-24,989.746337890625,1295.6500244140625,1318.5,1291.050048828125,1315.0,2394878.0
2015-03-25,983.0433349609376,1286.875,1307.0,1272.5999755859375,1295.699951171875,2224858.0
2015-03-26,959.8780517578124,1256.550048828125,1293.3499755859375,1250.5,1276.6500244140625,3091642.0
2015-03-27,960.527099609375,1257.4000244140625,1285.949951171875,1252.050048828125,1265.5,2751776.0
2015-03-30,979.376708984375,1282.074951171875,1284.949951171875,1260.0,1262.5,1339006.0
2015-03-31,975.4803466796876,1276.9749755859375,1284.7249755859375,1260.5,1284.7249755859375,2427028.0
2015-04-01,971.16455078125,1271.324951171875,1281.800048828125,1261.125,1279.0,2075758.0
2015-04-06,972.9402465820312,1273.6500244140625,1281.449951171875,1250.050048828125,1279.0,1568542.0
2015-04-07,987.34033203125,1292.5,1299.5,1272.0,1281.2249755859375,1886922.0
2015-04-08,1008.882080078125,1320.699951171875,1328.25,1295.425048828125,1297.0,1652134.0
2015-04-09,1017.7243041992188,1332.2750244140625,1343.7249755859375,1317.574951171875,1329.5,2544450.0
2015-04-10,1013.5993041992188,1326.875,1335.4000244140625,1314.0,1324.25,1815544.0
2015-04-13,1014.2678833007812,1327.75,1332.5,1314.0,1332.0,1308642.0
2015-04-15,1003.6688842773438,1313.875,1356.949951171875,1304.699951171875,1327.3499755859375,2913934.0
2015-04-16,986.4998168945312,1291.4000244140625,1313.5,1285.675048828125,1313.4749755859375,3217570.0
2015-04-17,945.2684326171876,1237.425048828125,1280.0,1235.0,1278.550048828125,9668742.0
2015-04-20,927.67919921875,1214.4000244140625,1241.949951171875,1212.425048828125,1240.0250244140625,2890722.0
2015-04-21,927.010986328125,1213.5250244140625,1226.0,1200.5,1214.4000244140625,2546032.0
2015-04-22,933.9056396484376,1222.550048828125,1236.5,1203.7750244140625,1215.75,4186812.0
2015-04-23,938.5460815429688,1228.625,1239.9000244140625,1215.8499755859375,1236.0,4342990.0
2015-04-24,952.2198486328124,1246.5250244140625,1257.0,1223.7750244140625,1227.6500244140625,3625158.0
2015-04-27,954.9508666992188,1250.0999755859375,1260.0,1243.0,1249.75,2733052.0
2015-04-28,952.9646606445312,1247.5,1255.0,1227.550048828125,1255.0,3088298.0
2015-04-29,950.0239868164062,1243.6500244140625,1247.5,1225.5250244140625,1242.0,2019620.0
2015-04-30,941.0094604492188,1231.8499755859375,1245.0,1213.550048828125,1240.0,3738054.0
2015-05-04,947.8275146484376,1240.7750244140625,1252.4000244140625,1228.5999755859375,1245.5,1890630.0
2015-05-05,961.692626953125,1258.925048828125,1268.2249755859375,1250.0,1250.5,3255070.0
2015-05-06,940.7615966796876,1231.5250244140625,1257.5,1227.9000244140625,1257.5,3394406.0
2015-05-07,972.157958984375,1272.625,1276.875,1226.8499755859375,1232.449951171875,3205028.0
2015-05-08,965.2828369140624,1263.625,1294.0,1258.1500244140625,1280.0,3003664.0
2015-05-11,976.2637939453124,1278.0,1281.5250244140625,1262.5,1267.5,2573082.0
2015-05-12,963.62109375,1261.449951171875,1282.5,1256.5,1280.0,2467386.0
2015-05-13,960.75634765625,1257.699951171875,1273.5,1240.2249755859375,1273.5,1863774.0
2015-05-14,954.5880737304688,1249.625,1260.0,1242.5,1260.0,1309050.0
2015-05-15,959.1331176757812,1255.574951171875,1266.199951171875,1250.5,1257.5,1461454.0
2015-05-18,962.6663208007812,1260.199951171875,1262.625,1248.550048828125,1257.050048828125,4507752.0
2015-05-19,959.7250366210938,1256.3499755859375,1265.0,1248.375,1259.699951171875,1957722.0
2015-05-20,976.6646728515624,1278.5250244140625,1284.949951171875,1258.449951171875,1260.0,1897814.0
2015-05-21,976.0729370117188,1277.75,1290.0,1274.074951171875,1278.5,1579578.0
2015-05-22,999.906494140625,1308.949951171875,1314.375,1269.625,1275.0,2691632.0
2015-05-25,993.4512939453124,1300.5,1318.449951171875,1292.8499755859375,1310.0,982978.0
2015-05-26,996.4496459960938,1304.425048828125,1311.625,1294.449951171875,1302.5,1961740.0
2015-05-27,998.8944091796876,1307.625,1316.574951171875,1296.0,1304.0,1620690.0
2015-05-28,996.6978149414062,1304.75,1311.5,1291.125,1301.949951171875,2763608.0
2015-05-29,997.00390625,1305.1500244140625,1324.300048828125,1298.625,1308.5,4423532.0
2015-06-01,999.84912109375,1308.875,1323.550048828125,1304.175048828125,1304.7249755859375,882264.0
2015-06-02,993.03125,1299.949951171875,1315.0,1295.25,1308.0,3935820.0
2015-06-03,997.2326049804688,1305.449951171875,1312.800048828125,1295.25,1302.0,1804684.0
2015-06-04,995.2271118164062,1302.824951171875,1311.4000244140625,1294.25,1308.550048828125,4131468.0
2015-06-05,992.9915161132812,1287.925048828125,1304.5,1285.0,1296.0,2308534.0
2015-06-08,993.608642578125,1288.7249755859375,1295.0,1280.824951171875,1295.0,1570320.0
2015-06-09,987.5173950195312,1280.824951171875,1295.0,1275.5,1292.5,2578914.0
2015-06-10,1002.5905151367188,1300.375,1305.0,1281.9000244140625,1283.0,2763350.0
2015-06-11,991.2377319335938,1285.6500244140625,1306.5,1278.375,1302.75,1847336.0
2015-06-12,965.9869384765624,1252.9000244140625,1294.4749755859375,1238.4000244140625,1285.949951171875,2571456.0
2015-06-15,965.6013793945312,1252.4000244140625,1260.2249755859375,1240.5,1252.6500244140625,2525176.0
2015-06-16,968.3772583007812,1256.0,1259.6500244140625,1247.2249755859375,1250.0,1267396.0
2015-06-17,969.0712280273438,1256.9000244140625,1264.574951171875,1250.9000244140625,1260.5,1975720.0
2015-06-18,975.3353881835938,1265.0250244140625,1273.1500244140625,1254.0,1257.5,2165046.0
2015-06-19,982.8528442382812,1274.7750244140625,1277.5,1263.550048828125,1267.5,1999610.0
2015-06-22,999.0245361328124,1295.75,1300.0,1273.5,1273.5,1102002.0
2015-06-23,992.5096435546876,1287.300048828125,1304.0,1283.5999755859375,1300.0,898318.0
2015-06-24,990.8521118164062,1285.1500244140625,1293.949951171875,1279.425048828125,1290.0,1170246.0
2015-06-25,983.0263061523438,1275.0,1286.5,1272.074951171875,1281.0,1930992.0
2015-06-26,999.525634765625,1296.4000244140625,1298.175048828125,1275.0999755859375,1275.0999755859375,1290102.0
2015-06-29,999.5640258789062,1296.449951171875,1302.0,1271.699951171875,1286.0,1372756.0
2015-06-30,983.3923950195312,1275.4749755859375,1294.375,1270.0,1292.5,1549952.0
2015-07-01,999.641357421875,1296.550048828125,1304.0,1278.375,1281.949951171875,1279708.0
2015-07-02,993.7236938476562,1288.875,1301.4749755859375,1285.5250244140625,1300.0,1445880.0
2015-07-03,1003.804931640625,1301.949951171875,1305.0,1285.0,1286.5250244140625,963470.0
2015-07-06,1015.1384887695312,1316.6500244140625,1322.5,1290.1500244140625,1290.1500244140625,1182338.0
2015-07-07,1008.5654296875,1308.125,1323.449951171875,1301.5,1316.375,1642836.0
2015-07-08,1000.4124145507812,1297.550048828125,1310.8499755859375,1290.25,1298.9749755859375,2667850.0
2015-07-09,972.425048828125,1261.25,1299.125,1253.324951171875,1297.5,3934122.0
2015-07-10,953.8633422851562,1237.175048828125,1279.5,1227.5,1279.5,8263654.0
2015-07-13,967.4327392578124,1254.7750244140625,1259.300048828125,1237.699951171875,1237.699951171875,2280308.0
2015-07-14,963.5587768554688,1249.75,1257.5,1245.0,1255.5,1703274.0
2015-07-15,981.38818359375,1272.875,1274.9749755859375,1250.0,1250.5,2003660.0
2015-07-16,979.2485961914062,1270.0999755859375,1279.425048828125,1263.300048828125,1271.8499755859375,1456608.0
2015-07-17,988.5775146484376,1282.199951171875,1285.050048828125,1271.6500244140625,1273.4000244140625,1070526.0
2015-07-20,996.4005126953124,1289.574951171875,1291.949951171875,1275.949951171875,1282.0,853786.0
2015-07-21,989.54345703125,1280.699951171875,1300.175048828125,1277.550048828125,1288.0,1274500.0
2015-07-22,976.6591796875,1264.0250244140625,1284.5,1260.5250244140625,1280.5,1320628.0
2015-07-23,961.4188232421876,1244.300048828125,1268.925048828125,1241.5,1258.75,1496780.0
2015-07-24,967.8125,1252.574951171875,1258.25,1246.050048828125,1248.75,1574972.0
2015-07-27,964.6834106445312,1248.5250244140625,1252.5,1240.574951171875,1244.0,2003738.0
2015-07-28,966.6145629882812,1251.0250244140625,1259.5,1246.074951171875,1249.75,1891188.0
2015-07-29,968.4300537109376,1253.375,1257.5250244140625,1241.75,1255.5,2413318.0
2015-07-30,958.347412109375,1240.324951171875,1258.4000244140625,1236.4000244140625,1258.0250244140625,2770574.0
2015-07-31,969.9755859375,1255.375,1259.5,1243.5,1244.949951171875,1963776.0
2015-08-03,969.5318603515624,1254.800048828125,1262.5,1250.449951171875,1251.699951171875,1179324.0
2015-08-04,969.2612915039062,1254.449951171875,1261.5,1243.0,1255.199951171875,2342692.0
2015-08-05,984.0382690429688,1273.574951171875,1275.0,1255.5,1260.0,988994.0
2015-08-06,994.1406860351562,1286.6500244140625,1291.5,1275.050048828125,1282.5,2211366.0
2015-08-07,985.93115234375,1276.0250244140625,1286.5,1273.5,1286.5,1188506.0
2015-08-10,993.677001953125,1286.050048828125,1294.5,1278.300048828125,1286.0,1431182.0
2015-08-11,1006.078125,1302.0999755859375,1305.0,1271.050048828125,1289.0,2200306.0
2015-08-12,1032.1552734375,1335.8499755859375,1345.699951171875,1301.0,1301.550048828125,3479784.0
2015-08-13,1018.2091064453124,1317.800048828125,1342.0,1278.0,1335.0,1406426.0
2015-08-14,1044.3250732421875,1351.5999755859375,1359.675048828125,1318.550048828125,1319.0,2293964.0
2015-08-17,1037.197265625,1342.375,1348.4000244140625,1327.5,1345.050048828125,773644.0
2015-08-18,1058.8897705078125,1370.449951171875,1374.949951171875,1345.0,1353.449951171875,1916926.0
2015-08-19,1056.0694580078125,1366.800048828125,1376.425048828125,1360.949951171875,1375.0,1690070.0
2015-08-20,1038.0087890625,1343.425048828125,1372.5,1336.0,1372.5,2349298.0
2015-08-21,1033.87451171875,1338.074951171875,1364.949951171875,1327.550048828125,1356.0,3536080.0
2015-08-24,996.2077026367188,1289.324951171875,1322.5,1284.550048828125,1319.5,4692344.0
2015-08-25,991.7645874023438,1283.574951171875,1311.0,1267.75,1293.949951171875,3925800.0
2015-08-26,995.4736938476562,1288.375,1319.5,1255.9749755859375,1279.0250244140625,3216158.0
2015-08-27,994.662353515625,1287.324951171875,1307.449951171875,1272.9000244140625,1307.449951171875,5264798.0
2015-08-28,993.1942749023438,1285.425048828125,1304.5,1278.8499755859375,1304.5,2744152.0
2015-08-31,990.5669555664062,1282.0250244140625,1295.0,1265.5250244140625,1295.0,3692044.0
2015-09-01,980.2714233398438,1268.699951171875,1305.5999755859375,1265.0,1278.0,2987602.0
2015-09-02,1001.2882080078124,1295.9000244140625,1310.2249755859375,1274.0,1279.8499755859375,3765950.0
2015-09-03,1006.6195068359376,1302.800048828125,1307.5,1288.125,1298.050048828125,2265074.0
2015-09-04,984.1541137695312,1273.7249755859375,1307.449951171875,1269.574951171875,1305.699951171875,2426396.0
2015-09-07,981.1790771484376,1269.875,1279.9749755859375,1266.3499755859375,1276.5,1759184.0
2015-09-08,981.3916015625,1270.1500244140625,1282.050048828125,1261.75,1272.5,1787746.0
2015-09-09,985.0423583984376,1274.875,1287.0,1272.0,1281.4749755859375,2045076.0
2015-09-10,983.3621215820312,1272.699951171875,1289.25,1263.5,1271.0,2665818.0
2015-09-11,985.9119262695312,1276.0,1284.199951171875,1270.300048828125,1273.25,1592672.0
2015-09-14,985.77685546875,1275.824951171875,1282.5,1271.5,1282.5,1589318.0
2015-09-15,980.21337890625,1268.625,1279.449951171875,1268.0,1275.824951171875,1379900.0
2015-09-16,985.2745971679688,1275.175048828125,1282.5,1270.5250244140625,1277.5,1756816.0
2015-09-18,985.6219482421876,1275.625,1293.0,1269.5,1282.5,2455294.0
2015-09-21,985.5450439453124,1275.5250244140625,1278.550048828125,1266.5999755859375,1275.0,1108840.0
2015-09-22,976.176513671875,1263.4000244140625,1286.199951171875,1245.0,1278.75,2081246.0
2015-09-23,978.436279296875,1266.324951171875,1278.875,1256.300048828125,1267.1500244140625,1228352.0
2015-09-24,996.8834838867188,1290.199951171875,1295.0,1264.949951171875,1267.75,2354254.0
2015-09-28,1002.0216674804688,1296.8499755859375,1309.5,1289.75,1297.0,2366812.0
2015-09-29,999.916015625,1294.125,1317.0,1284.925048828125,1291.675048828125,3325952.0
2015-09-30,999.8388061523438,1294.0250244140625,1321.8499755859375,1285.4749755859375,1321.8499755859375,3368336.0
2015-10-01,1021.685791015625,1322.300048828125,1324.9749755859375,1296.0999755859375,1299.5,2834408.0
2015-10-05,1047.589599609375,1355.824951171875,1385.0,1326.3499755859375,1326.3499755859375,4807306.0
2015-10-06,1043.0887451171875,1350.0,1363.0,1342.0,1362.5,3979590.0
2015-10-07,1025.298095703125,1326.9749755859375,1358.5,1323.4749755859375,1346.9749755859375,2065530.0
2015-10-08,1017.5136108398438,1316.9000244140625,1339.175048828125,1310.0,1335.0,2357550.0
2015-10-09,1015.9102783203124,1314.824951171875,1325.300048828125,1304.0,1325.25,2249724.0
2015-10-12,1001.5968627929688,1296.300048828125,1330.175048828125,1293.5,1327.5,2455912.0
2015-10-13,1003.8956298828124,1299.2750244140625,1306.0,1283.800048828125,1301.4000244140625,6179712.0
2015-10-14,959.5255737304688,1241.8499755859375,1274.0,1240.0,1274.0,8337128.0
2015-10-15,953.363525390625,1233.875,1251.75,1232.5,1245.0,3215710.0
2015-10-16,955.0054321289062,1236.0,1246.0,1235.0,1240.449951171875,2333828.0
2015-10-19,961.4766235351562,1244.375,1247.4749755859375,1227.925048828125,1245.0,3130642.0
2015-10-20,976.1572875976562,1263.375,1265.0,1247.800048828125,1248.125,2695084.0
2015-10-21,977.41259765625,1265.0,1271.0,1261.125,1267.5,1929688.0
2015-10-23,982.3106079101562,1268.574951171875,1274.0,1263.6500244140625,1274.0,2335398.0
2015-10-26,982.0782470703124,1268.2750244140625,1274.5,1257.550048828125,1274.5,1414630.0
2015-10-27,979.9681396484376,1265.550048828125,1272.449951171875,1260.175048828125,1265.0250244140625,1530420.0
2015-10-28,979.1937255859376,1264.550048828125,1266.7750244140625,1255.0250244140625,1255.0250244140625,1255342.0
2015-10-29,966.12646484375,1247.675048828125,1267.699951171875,1245.0250244140625,1266.7750244140625,3130316.0
2015-10-30,966.0684204101562,1247.5999755859375,1255.949951171875,1242.5,1250.0,1516696.0
2015-11-02,974.644287109375,1258.675048828125,1261.4000244140625,1243.7750244140625,1250.0,1319294.0
2015-11-03,984.7496948242188,1271.7249755859375,1273.9000244140625,1259.25,1264.0,1364906.0
2015-11-04,981.0134887695312,1266.9000244140625,1273.5999755859375,1260.0,1272.5,991434.0
2015-11-05,961.2092895507812,1241.324951171875,1267.4749755859375,1240.0,1265.4000244140625,1596098.0
2015-11-06,970.1534423828124,1252.875,1259.125,1241.7249755859375,1246.0,908024.0
2015-11-09,956.8345336914062,1235.675048828125,1251.375,1234.300048828125,1247.5,2021556.0
2015-11-10,951.7238159179688,1229.074951171875,1238.5,1225.0,1236.4749755859375,1361920.0
2015-11-13,928.203369140625,1198.699951171875,1219.0250244140625,1193.2750244140625,1219.0250244140625,2743232.0
2015-11-16,919.3759155273438,1187.300048828125,1195.0,1178.0,1195.0,2043528.0
2015-11-17,925.5511474609376,1195.2750244140625,1199.2249755859375,1187.5,1190.25,1985028.0
2015-11-18,910.4130859375,1175.7249755859375,1194.449951171875,1173.0,1194.449951171875,1520352.0
2015-11-19,914.7103271484376,1181.2750244140625,1190.800048828125,1176.0,1182.675048828125,1866906.0
2015-11-20,928.5708618164062,1199.175048828125,1211.7750244140625,1180.9749755859375,1183.25,2012126.0
2015-11-23,925.7446899414062,1195.5250244140625,1206.699951171875,1191.125,1202.6500244140625,1088082.0
2015-11-24,916.80126953125,1183.9749755859375,1196.2249755859375,1182.75,1190.0250244140625,998640.0
2015-11-26,908.1281127929688,1172.7750244140625,1191.199951171875,1168.925048828125,1188.949951171875,2915292.0
2015-11-27,911.1485595703124,1176.675048828125,1179.7249755859375,1166.25,1174.0,1737206.0
2015-11-30,918.9691162109376,1186.7750244140625,1195.625,1175.074951171875,1182.5,4100048.0
2015-12-01,914.458740234375,1180.949951171875,1189.0250244140625,1178.5250244140625,1181.449951171875,1721994.0
2015-12-02,915.736572265625,1182.5999755859375,1189.050048828125,1173.25,1189.0,1640296.0
2015-12-03,910.1417846679688,1175.375,1186.5,1173.5,1180.0,2283358.0
2015-12-04,901.488525390625,1164.199951171875,1173.6500244140625,1160.550048828125,1170.0,1246092.0
2015-12-07,898.1591796875,1159.9000244140625,1171.949951171875,1157.625,1166.0999755859375,1382604.0
2015-12-08,901.7203979492188,1164.5,1174.5,1158.6500244140625,1159.699951171875,1139964.0
2015-12-09,916.6849365234376,1183.824951171875,1186.4000244140625,1160.0,1168.949951171875,5282806.0
2015-12-10,923.2279663085938,1192.2750244140625,1195.5999755859375,1176.0,1184.5,1723988.0
2015-12-11,923.7894287109376,1193.0,1195.9749755859375,1181.625,1191.5,1652378.0
2015-12-14,920.8662109375,1189.2249755859375,1193.5,1165.300048828125,1167.5999755859375,2718532.0
2015-12-15,919.8597412109376,1187.925048828125,1192.5,1181.5250244140625,1189.2249755859375,1135868.0
2015-12-16,932.4620971679688,1204.199951171875,1207.25,1192.0,1192.0,1435934.0
2015-12-17,944.5999145507812,1219.875,1222.5,1196.675048828125,1207.5,1618844.0
2015-12-18,935.714599609375,1208.4000244140625,1217.0999755859375,1200.324951171875,1210.0,3024970.0
2015-12-21,947.1746826171876,1223.199951171875,1225.0,1203.425048828125,1209.9749755859375,1610104.0
2015-12-22,931.1652221679688,1202.5250244140625,1220.0,1200.0,1220.0,1560858.0
2015-12-23,939.1986694335938,1212.9000244140625,1217.5,1205.2750244140625,1207.5,849834.0
2015-12-24,942.4706420898438,1217.125,1219.0999755859375,1202.0,1210.5,843160.0
2015-12-28,953.485595703125,1231.3499755859375,1233.199951171875,1210.0999755859375,1214.0,3704198.0
2015-12-29,950.8140869140624,1227.9000244140625,1232.6500244140625,1222.875,1229.175048828125,1708524.0
2015-12-30,936.2952270507812,1209.1500244140625,1229.5,1206.1500244140625,1226.5250244140625,1605762.0
2015-12-31,943.4772338867188,1218.425048828125,1224.25,1203.75,1207.875,1240318.0
2016-01-01,935.5598754882812,1208.199951171875,1219.5,1206.125,1219.5,712262.0
2016-01-04,917.4400024414062,1184.800048828125,1207.0,1183.0250244140625,1205.074951171875,1870184.0
2016-01-05,909.4451293945312,1174.4749755859375,1193.300048828125,1170.5,1192.5,2678020.0
2016-01-06,922.0861206054688,1190.800048828125,1193.074951171875,1175.0999755859375,1175.0999755859375,2653228.0
2016-01-07,918.0784912109376,1185.625,1191.449951171875,1180.0,1185.0,3199580.0
2016-01-08,928.2802734375,1198.800048828125,1203.675048828125,1186.25,1192.5,1907544.0
2016-01-11,914.6329345703124,1181.175048828125,1192.0,1174.425048828125,1191.25,2930228.0
2016-01-12,900.9656982421876,1163.5250244140625,1182.5,1150.800048828125,1181.3499755859375,3482594.0
2016-01-13,882.43994140625,1139.5999755859375,1163.5,1127.550048828125,1158.5,4746092.0
2016-01-14,882.284912109375,1139.4000244140625,1149.449951171875,1125.0,1136.5,2742052.0
2016-01-15,875.431884765625,1130.550048828125,1145.8499755859375,1127.5,1144.425048828125,3269408.0
2016-01-18,881.8392944335938,1138.824951171875,1145.949951171875,1130.0,1131.0,2213922.0
2016-01-19,882.4786376953125,1139.6500244140625,1150.0,1134.1500244140625,1138.5,967910.0
2016-01-20,882.7880249023438,1140.050048828125,1142.5,1121.5,1136.9000244140625,1615954.0
2016-01-21,874.9869995117188,1127.25,1144.949951171875,1122.875,1142.5,2675536.0
2016-01-22,890.9962768554688,1147.875,1151.0250244140625,1130.0,1136.5,1343178.0
2016-01-25,894.4505004882812,1152.324951171875,1169.5,1145.75,1150.949951171875,1397560.0
2016-01-27,900.3111572265625,1159.875,1164.9749755859375,1140.949951171875,1151.0,1626986.0
2016-01-28,904.7552490234376,1165.5999755859375,1174.449951171875,1154.0250244140625,1157.75,3106660.0
2016-01-29,928.0802001953124,1195.6500244140625,1200.0,1167.5250244140625,1179.3499755859375,2235744.0
2016-02-01,932.5043334960938,1201.3499755859375,1206.4749755859375,1179.5,1195.550048828125,1495274.0
2016-02-02,930.7192993164062,1199.050048828125,1216.5,1189.8499755859375,1204.5,1475588.0
2016-02-03,937.7830200195312,1208.1500244140625,1214.949951171875,1180.1500244140625,1193.75,1308692.0
2016-02-04,939.2386474609376,1210.0250244140625,1220.0,1201.0,1210.949951171875,1250046.0
2016-02-05,939.9758911132812,1210.9749755859375,1219.9749755859375,1204.050048828125,1204.050048828125,1402996.0
2016-02-08,917.0775756835938,1181.4749755859375,1206.0250244140625,1173.5,1200.0,1063658.0
2016-02-09,885.4270629882812,1140.699951171875,1166.800048828125,1127.800048828125,1166.800048828125,2489610.0
2016-02-10,880.537353515625,1134.4000244140625,1144.949951171875,1129.050048828125,1137.5,1890732.0
2016-02-11,853.0399169921875,1098.9749755859375,1144.5,1085.824951171875,1140.0,1962408.0
2016-02-12,864.1591796875,1113.300048828125,1121.699951171875,1082.0,1100.0,2172568.0
2016-02-15,880.6729125976562,1134.574951171875,1153.425048828125,1120.0,1125.0,2479712.0
2016-02-16,879.275634765625,1132.7750244140625,1141.0,1121.5,1133.0,1588702.0
2016-02-17,883.1567993164062,1137.7750244140625,1139.824951171875,1123.199951171875,1132.5,1585178.0
2016-02-18,898.7977905273438,1157.925048828125,1159.875,1139.0,1142.5,1529140.0
2016-02-19,900.2722778320312,1159.824951171875,1163.5,1152.7249755859375,1153.675048828125,879012.0
2016-02-22,898.8169555664062,1157.949951171875,1171.5,1152.5,1160.125,1324884.0
2016-02-23,878.6741943359375,1132.0,1159.949951171875,1128.375,1155.125,1306852.0
2016-02-24,858.0851440429688,1105.4749755859375,1131.2249755859375,1100.5999755859375,1131.2249755859375,1659328.0
2016-02-25,858.8226318359375,1106.425048828125,1114.0,1092.824951171875,1109.9000244140625,1830556.0
2016-02-26,857.9103393554688,1105.25,1128.449951171875,1099.800048828125,1114.8499755859375,1537536.0
2016-02-29,844.8313598632812,1088.4000244140625,1118.5,1057.5,1118.5,2191718.0
2016-03-01,883.5835571289062,1138.324951171875,1142.550048828125,1081.0,1096.5,1999760.0
2016-03-02,899.9620971679688,1159.425048828125,1165.0,1128.125,1152.5,1527486.0
2016-03-03,921.035888671875,1186.574951171875,1195.5,1150.5,1168.0,2648284.0
2016-03-04,914.9817504882812,1178.7750244140625,1190.0,1174.7750244140625,1190.0,1512966.0
2016-03-08,913.720458984375,1177.1500244140625,1183.5,1152.0999755859375,1171.050048828125,1268152.0
2016-03-09,914.865234375,1178.625,1184.699951171875,1147.574951171875,1170.5,2017784.0
2016-03-10,911.3914184570312,1174.1500244140625,1179.925048828125,1157.4749755859375,1178.0250244140625,1661666.0
2016-03-11,917.9700317382812,1182.625,1195.425048828125,1167.5,1170.0,1530528.0
2016-03-14,913.9917602539062,1177.5,1199.0,1170.0,1181.0,1636742.0
2016-03-15,904.2503051757812,1164.949951171875,1181.75,1160.050048828125,1174.5250244140625,1623356.0
2016-03-16,903.1443481445312,1163.5250244140625,1166.0,1153.449951171875,1157.5,1918246.0
2016-03-17,912.8472900390624,1176.0250244140625,1180.9000244140625,1166.0,1167.0,2221088.0
2016-03-18,941.4892578125,1212.925048828125,1215.0,1180.0,1180.0,3204070.0
2016-03-21,949.40673828125,1223.125,1227.4749755859375,1210.0,1213.0,2336982.0
2016-03-22,959.82763671875,1236.550048828125,1242.5,1218.25,1221.0,1951984.0
2016-03-23,960.0991821289062,1236.9000244140625,1243.949951171875,1228.6500244140625,1243.949951171875,2278434.0
2016-03-28,959.9439086914062,1236.699951171875,1258.574951171875,1230.7750244140625,1245.5,3320882.0
2016-03-29,958.3916625976562,1234.699951171875,1243.4749755859375,1227.5,1239.0,1838796.0
2016-03-30,966.1923217773438,1244.75,1252.5,1230.0,1235.449951171875,2136504.0
2016-03-31,978.1460571289062,1260.1500244140625,1275.0,1236.074951171875,1239.1500244140625,4363964.0
2016-04-01,952.3757934570312,1226.949951171875,1260.425048828125,1217.050048828125,1252.5,3041400.0
2016-04-04,959.1091918945312,1235.625,1244.0,1223.5,1228.0,1752352.0
2016-04-05,955.8106689453124,1231.375,1242.449951171875,1221.0250244140625,1235.4000244140625,1491794.0
2016-04-06,963.242919921875,1240.949951171875,1244.5,1229.675048828125,1235.0,1763150.0
2016-04-07,958.9341430664062,1235.4000244140625,1242.3499755859375,1228.5,1240.0,2390942.0
2016-04-08,943.8955688476562,1216.0250244140625,1236.8499755859375,1213.5,1233.0,1399500.0
2016-04-11,972.8482666015624,1253.324951171875,1258.5,1206.5,1216.5,2400648.0
2016-04-12,977.3110961914062,1259.074951171875,1262.5,1244.050048828125,1249.0,1303628.0
2016-04-13,980.4359741210938,1263.0999755859375,1272.5,1256.25,1265.0,1601468.0
2016-04-18,977.9325561523438,1259.875,1276.75,1220.0,1226.5,7121504.0
2016-04-20,950.9979248046876,1225.175048828125,1267.449951171875,1220.0,1267.449951171875,6405024.0
2016-04-21,940.926513671875,1212.199951171875,1233.699951171875,1206.0999755859375,1225.5,2525724.0
2016-04-22,938.0739135742188,1208.5250244140625,1217.699951171875,1202.0999755859375,1209.5,1964126.0
2016-04-25,951.3471069335938,1225.625,1228.5250244140625,1201.1500244140625,1201.1500244140625,2267654.0
2016-04-26,966.3088989257812,1244.9000244140625,1246.75,1221.0,1224.5,2554368.0
2016-04-27,974.5751953125,1255.550048828125,1257.300048828125,1237.949951171875,1240.0,1848670.0
2016-04-28,981.0374145507812,1263.875,1270.0,1249.050048828125,1250.6500244140625,4992744.0
2016-04-29,984.045166015625,1267.75,1271.0,1255.0,1258.5,2372178.0
2016-05-02,980.6296997070312,1263.3499755859375,1265.0,1250.0,1264.5,1116692.0
2016-05-03,961.7678833007812,1239.050048828125,1265.0,1236.0,1262.5,2153118.0
2016-05-04,961.728759765625,1239.0,1247.0250244140625,1228.5,1236.949951171875,1364892.0
2016-05-05,958.7403564453124,1235.1500244140625,1244.9749755859375,1231.7750244140625,1239.0,1246566.0
2016-05-06,959.9439086914062,1236.699951171875,1242.1500244140625,1215.5,1232.5,885598.0
2016-05-09,975.1381225585938,1256.2750244140625,1259.0,1228.199951171875,1236.699951171875,1821276.0
2016-05-10,979.1551513671876,1261.449951171875,1266.9749755859375,1248.0,1257.5,1158534.0
2016-05-11,977.36962890625,1259.1500244140625,1262.800048828125,1245.0,1250.0,1598716.0
2016-05-12,995.9598388671876,1283.0999755859375,1284.949951171875,1260.2750244140625,1260.2750244140625,1513082.0
2016-05-13,979.3491821289062,1261.699951171875,1283.0,1255.074951171875,1282.5,1621730.0
2016-05-16,990.119140625,1275.574951171875,1282.4000244140625,1261.25,1269.0,1111526.0
2016-05-17,997.51220703125,1285.0999755859375,1295.625,1276.0,1282.0999755859375,1756698.0
2016-05-18,990.099609375,1275.550048828125,1282.925048828125,1263.0250244140625,1282.925048828125,1500740.0
2016-05-19,992.3702392578124,1278.4749755859375,1280.0,1263.050048828125,1277.5,1038792.0
2016-05-20,981.63916015625,1264.6500244140625,1282.9000244140625,1261.4000244140625,1271.1500244140625,1230918.0
2016-05-23,966.948974609375,1245.7249755859375,1272.949951171875,1240.0999755859375,1272.0,1533016.0
2016-05-24,957.7315063476562,1233.8499755859375,1244.125,1229.800048828125,1242.0,1339158.0
2016-05-25,980.5326538085938,1263.2249755859375,1266.4749755859375,1240.5,1240.5,1548678.0
2016-05-26,989.168212890625,1274.3499755859375,1282.449951171875,1252.550048828125,1265.0,1943248.0
2016-05-27,998.4636840820312,1286.324951171875,1289.925048828125,1275.300048828125,1276.574951171875,1104676.0
2016-05-30,1023.2050170898438,1318.199951171875,1320.9749755859375,1291.0,1291.5,1349464.0
2016-05-31,997.2018432617188,1284.699951171875,1323.5,1281.0,1320.0,3722608.0
2016-06-01,1022.0992431640624,1316.7750244140625,1322.5,1285.5,1285.5999755859375,1911942.0
2016-06-02,1028.541259765625,1325.074951171875,1327.1500244140625,1300.0,1300.0,1408756.0
2016-06-03,1020.5464477539062,1314.7750244140625,1329.0,1310.25,1325.699951171875,1554922.0
2016-06-06,1024.4483642578125,1306.25,1319.5,1301.5999755859375,1310.25,1322026.0
2016-06-07,1031.761474609375,1315.574951171875,1319.5,1306.5,1307.0,1202194.0
2016-06-08,1024.683837890625,1306.550048828125,1314.2750244140625,1302.75,1308.625,938266.0
2016-06-09,1010.6257934570312,1288.625,1311.199951171875,1277.5999755859375,1311.199951171875,1562138.0
2016-06-10,1002.194580078125,1277.875,1301.625,1276.5999755859375,1283.0,1396832.0
2016-06-13,998.7635498046876,1273.5,1276.675048828125,1259.0,1270.0,1029978.0
2016-06-14,993.9993896484376,1267.425048828125,1279.4749755859375,1259.125,1279.4749755859375,977570.0
2016-06-15,1002.6259765625,1278.425048828125,1282.449951171875,1261.0,1265.0,1270844.0
2016-06-16,1003.1947631835938,1279.1500244140625,1282.3499755859375,1258.2249755859375,1272.7750244140625,1145070.0
2016-06-17,1020.5667114257812,1301.300048828125,1305.0,1279.5,1279.5,1878988.0
2016-06-20,1042.8001708984375,1329.6500244140625,1334.0,1295.9000244140625,1301.300048828125,1872838.0
2016-06-21,1039.623779296875,1325.5999755859375,1332.5,1320.699951171875,1331.75,1027690.0
2016-06-22,1046.0745849609375,1333.824951171875,1338.8499755859375,1315.875,1325.0,1761712.0
2016-06-23,1037.330078125,1322.675048828125,1329.75,1312.6500244140625,1327.5,1397014.0
2016-06-24,1009.3314819335938,1286.9749755859375,1296.5999755859375,1257.074951171875,1282.574951171875,3766586.0
2016-06-27,978.7063598632812,1247.925048828125,1273.5,1241.324951171875,1273.5,4272566.0
2016-06-28,966.19677734375,1231.9749755859375,1251.449951171875,1229.199951171875,1247.925048828125,4499524.0
2016-06-29,981.470458984375,1251.449951171875,1256.25,1232.6500244140625,1237.5,2531264.0
2016-06-30,1001.1554565429688,1276.550048828125,1281.449951171875,1250.175048828125,1261.0,5121812.0
2016-07-01,980.6666870117188,1250.425048828125,1282.300048828125,1247.175048828125,1281.0,2197296.0
2016-07-04,978.0591430664062,1247.0999755859375,1262.925048828125,1241.0,1258.0,1883484.0
2016-07-05,974.5691528320312,1242.6500244140625,1248.5250244140625,1238.574951171875,1247.0999755859375,1559748.0
2016-07-07,952.8057861328124,1214.9000244140625,1245.925048828125,1212.5,1243.8499755859375,3316800.0
2016-07-08,951.5508422851562,1213.300048828125,1221.0250244140625,1201.75,1217.5,2456356.0
2016-07-11,966.275146484375,1232.074951171875,1235.9000244140625,1213.5,1215.0,1543632.0
2016-07-12,966.5891723632812,1232.4749755859375,1237.5,1217.925048828125,1235.8499755859375,1465536.0
2016-07-13,977.6278686523438,1246.550048828125,1249.625,1225.625,1239.0,2102300.0
2016-07-14,988.9212036132812,1260.949951171875,1264.5,1235.5,1243.0,2699988.0
2016-07-15,958.9033813476562,1222.675048828125,1263.9000244140625,1213.2750244140625,1258.5,8336366.0
2016-07-18,954.237060546875,1216.7249755859375,1234.5,1215.300048828125,1223.5,2598850.0
2016-07-19,967.0792846679688,1233.0999755859375,1236.4000244140625,1213.75,1213.75,2362896.0
2016-07-20,978.35302734375,1247.4749755859375,1251.25,1224.074951171875,1225.0,2815252.0
2016-07-21,982.7057495117188,1253.0250244140625,1259.75,1232.2249755859375,1244.75,2527148.0
2016-07-22,986.254638671875,1257.550048828125,1262.0,1246.0,1249.449951171875,1517216.0
2016-07-25,1006.0498657226562,1279.4749755859375,1281.5999755859375,1252.9000244140625,1256.0,1688796.0
2016-07-26,1003.5537109375,1276.300048828125,1284.0,1266.5,1279.4749755859375,2311290.0
2016-07-27,1013.362548828125,1288.7750244140625,1290.199951171875,1272.5,1277.5,1750510.0
2016-07-28,1029.7568359375,1309.625,1314.7750244140625,1288.5250244140625,1290.25,4632080.0
2016-07-29,1029.7764892578125,1309.6500244140625,1317.449951171875,1299.5,1307.0,2488084.0
2016-08-01,1064.746826171875,1354.125,1362.5,1316.0,1316.0,3961704.0
2016-08-02,1061.18896484375,1349.5999755859375,1357.8499755859375,1344.9000244140625,1351.449951171875,2578162.0
2016-08-03,1044.3228759765625,1328.1500244140625,1349.5,1324.5250244140625,1343.0,2294702.0
2016-08-04,1042.6324462890625,1326.0,1341.4749755859375,1318.125,1335.0,1415416.0
2016-08-05,1041.4921875,1324.550048828125,1342.1500244140625,1316.0,1336.949951171875,1868484.0
2016-08-08,1041.6495361328125,1324.75,1334.0,1314.5250244140625,1320.0,2058244.0
2016-08-09,1041.9246826171875,1325.0999755859375,1329.9000244140625,1289.425048828125,1329.0,2261914.0
2016-08-10,1051.831787109375,1337.699951171875,1341.0,1324.0,1325.5,2062078.0
2016-08-11,1065.3956298828125,1354.949951171875,1357.5,1332.7750244140625,1332.7750244140625,2233138.0
2016-08-12,1076.6201171875,1369.2249755859375,1372.4000244140625,1351.0250244140625,1352.5,2327358.0
2016-08-16,1058.2403564453125,1345.8499755859375,1370.0,1336.925048828125,1369.0,3183754.0
2016-08-17,1031.8404541015625,1312.2750244140625,1349.5,1309.0,1349.5,1848566.0
2016-08-18,1037.34423828125,1319.2750244140625,1328.7750244140625,1315.050048828125,1317.5,1292064.0
2016-08-19,1023.564697265625,1301.75,1323.2249755859375,1300.0,1320.0,2416244.0
2016-08-22,1002.0199584960938,1274.3499755859375,1297.2249755859375,1268.1500244140625,1294.0,2265274.0
2016-08-23,1022.6013793945312,1300.5250244140625,1302.4749755859375,1270.0999755859375,1272.4749755859375,1503374.0
2016-08-24,1011.2001953125,1286.0250244140625,1301.0,1284.5250244140625,1294.9000244140625,1116878.0
2016-08-25,1002.9437255859376,1275.5250244140625,1294.8499755859375,1263.0,1290.0,1939690.0
2016-08-26,992.6822509765624,1262.4749755859375,1286.2750244140625,1258.5999755859375,1279.9000244140625,1250314.0
2016-08-29,983.0900268554688,1250.2750244140625,1267.4749755859375,1233.375,1267.4749755859375,1488728.0
2016-08-30,1000.2313232421876,1272.074951171875,1274.9000244140625,1250.625,1255.0,1444026.0
2016-08-31,987.31591796875,1255.6500244140625,1275.0,1250.425048828125,1275.0,3231668.0
2016-09-01,985.8219604492188,1253.75,1267.4749755859375,1243.5250244140625,1262.449951171875,1345736.0
2016-09-02,988.6920776367188,1257.4000244140625,1259.699951171875,1248.0250244140625,1256.0,1742330.0
2016-09-06,976.60302734375,1242.0250244140625,1260.074951171875,1240.0,1259.949951171875,2239066.0
2016-09-07,959.5006713867188,1220.2750244140625,1249.8499755859375,1211.5,1249.8499755859375,3854040.0
2016-09-08,912.9322509765624,1161.050048828125,1180.0,1142.375,1180.0,7021516.0
2016-09-09,924.8643798828124,1176.2249755859375,1183.324951171875,1160.0250244140625,1164.8499755859375,2742438.0
2016-09-12,927.4591674804688,1179.5250244140625,1181.9749755859375,1162.0,1168.5,2024454.0
2016-09-14,915.4288330078124,1164.2249755859375,1188.800048828125,1155.0,1181.0,2069858.0
2016-09-15,914.8389892578124,1163.4749755859375,1171.050048828125,1158.375,1169.9749755859375,2818964.0
2016-09-16,928.5008544921876,1180.8499755859375,1188.0,1160.0,1168.3499755859375,4358004.0
2016-09-19,948.06005859375,1205.7249755859375,1213.5,1175.0,1182.5,2802546.0
2016-09-20,946.1141357421876,1203.25,1208.449951171875,1192.699951171875,1205.5,1184552.0
2016-09-21,948.82666015625,1206.699951171875,1212.0,1200.3499755859375,1203.8499755859375,1678020.0
2016-09-22,934.909423828125,1189.0,1214.0,1185.550048828125,1212.625,2857574.0
2016-09-23,942.8116455078124,1199.050048828125,1201.925048828125,1185.574951171875,1191.0,1800726.0
2016-09-26,943.9908447265624,1200.550048828125,1209.550048828125,1197.5,1200.550048828125,1753476.0
2016-09-27,957.7515869140624,1218.050048828125,1224.0,1200.550048828125,1200.550048828125,2038792.0
2016-09-28,952.6204833984376,1211.5250244140625,1218.75,1207.5999755859375,1215.5,1731328.0
2016-09-29,958.4193115234376,1218.9000244140625,1228.25,1209.800048828125,1217.5,3603958.0
2016-09-30,955.6676635742188,1215.4000244140625,1224.9000244140625,1211.550048828125,1218.5250244140625,2175364.0
2016-10-03,948.1585083007812,1205.8499755859375,1228.824951171875,1200.550048828125,1225.0,1818880.0
2016-10-04,945.583251953125,1202.574951171875,1212.5250244140625,1199.0,1210.0,1780718.0
2016-10-05,938.19189453125,1193.175048828125,1207.699951171875,1188.050048828125,1204.0,1176354.0
2016-10-06,939.13525390625,1194.375,1201.199951171875,1186.375,1197.5,2267572.0
2016-10-07,930.8992309570312,1183.9000244140625,1194.0,1179.0999755859375,1194.0,1816512.0
2016-10-10,935.8136596679688,1190.1500244140625,1193.449951171875,1177.5250244140625,1184.949951171875,1202142.0
2016-10-13,915.60546875,1164.449951171875,1184.949951171875,1160.449951171875,1181.6500244140625,5173334.0
2016-10-14,930.2702026367188,1183.0999755859375,1193.5,1145.5,1157.5,7741214.0
2016-10-17,928.7960205078124,1181.2249755859375,1187.9000244140625,1172.199951171875,1184.449951171875,2728346.0
2016-10-18,943.6373291015624,1200.0999755859375,1207.8499755859375,1177.4000244140625,1188.0,2128632.0
2016-10-19,941.6321411132812,1197.550048828125,1205.0,1185.1500244140625,1200.5,1985058.0
2016-10-20,944.0107421875,1200.574951171875,1204.675048828125,1193.0,1198.449951171875,1265854.0
2016-10-21,954.822509765625,1214.324951171875,1215.949951171875,1199.125,1200.0,1259660.0
2016-10-24,957.0101928710938,1213.8499755859375,1217.449951171875,1201.2750244140625,1214.0999755859375,1253190.0
2016-10-25,945.4796752929688,1199.2249755859375,1207.300048828125,1190.5,1202.5,1772466.0
2016-10-26,944.6124267578124,1198.125,1201.375,1186.25,1199.300048828125,1437130.0
2016-10-27,953.2257690429688,1209.050048828125,1214.75,1182.75,1189.8499755859375,2941602.0
2016-10-28,945.578125,1199.3499755859375,1207.550048828125,1194.0,1205.0,1752102.0
2016-11-01,926.3802490234376,1175.0,1199.8499755859375,1167.074951171875,1199.8499755859375,2934776.0
2016-11-02,908.2669067382812,1152.0250244140625,1172.0,1147.5,1170.5,2325076.0
2016-11-03,914.3377075195312,1159.7249755859375,1167.5,1142.25,1147.0,1463310.0
2016-11-04,918.7130737304688,1165.2750244140625,1168.074951171875,1147.0,1160.0,1183752.0
2016-11-07,897.623291015625,1138.5250244140625,1172.449951171875,1130.0250244140625,1168.949951171875,2048052.0
2016-11-08,900.0474243164062,1141.5999755859375,1153.5,1130.0,1140.2249755859375,1933634.0
2016-11-09,855.3648681640625,1084.925048828125,1137.5,1071.425048828125,1090.0,4500226.0
2016-11-10,849.68798828125,1077.7249755859375,1108.75,1070.4000244140625,1102.4000244140625,2172426.0
2016-11-11,828.2825317382812,1050.574951171875,1073.5250244140625,1043.0999755859375,1073.5250244140625,2398424.0
2016-11-15,836.22607421875,1060.6500244140625,1078.7750244140625,1025.949951171875,1058.449951171875,6290324.0
2016-11-16,863.1502075195312,1094.800048828125,1104.449951171875,1069.0,1072.550048828125,4019958.0
2016-11-17,842.4937133789062,1068.5999755859375,1104.300048828125,1065.074951171875,1092.5,2504688.0
2016-11-18,837.723876953125,1062.550048828125,1075.0,1052.0999755859375,1071.0,2140534.0
2016-11-21,840.798583984375,1066.449951171875,1070.0,1052.5,1063.0999755859375,1793366.0
2016-11-22,841.62646484375,1067.5,1088.7249755859375,1061.0250244140625,1066.0,1318860.0
2016-11-23,850.0427856445312,1078.175048828125,1081.4749755859375,1063.5999755859375,1074.5,1275808.0
2016-11-24,862.6965942382812,1094.2249755859375,1103.800048828125,1068.5,1077.449951171875,3026234.0
2016-11-25,906.8085327148438,1150.175048828125,1153.625,1096.0999755859375,1106.0,4276148.0
2016-11-28,899.8110961914062,1141.300048828125,1159.7249755859375,1125.949951171875,1147.0,1924296.0
2016-11-29,890.8430786132812,1129.925048828125,1146.0,1126.2750244140625,1137.5,1442296.0
2016-11-30,897.2290649414062,1138.0250244140625,1147.375,1121.1500244140625,1132.5,3445832.0
2016-12-01,892.2619018554688,1131.7249755859375,1145.0,1127.0250244140625,1138.5,1123052.0
2016-12-02,875.8631591796875,1110.925048828125,1135.4000244140625,1102.5999755859375,1129.0,1998032.0
2016-12-05,861.7308349609375,1093.0,1118.925048828125,1085.0,1114.5,2249526.0
2016-12-06,860.2921752929688,1091.175048828125,1101.9749755859375,1084.949951171875,1095.0,1593444.0
2016-12-07,849.3331298828125,1077.2750244140625,1092.2249755859375,1072.824951171875,1091.0999755859375,2065706.0
2016-12-08,865.5745239257812,1097.875,1099.5,1080.0,1080.25,3239546.0
2016-12-09,865.3773803710938,1097.625,1109.949951171875,1086.6500244140625,1102.5,1588718.0
2016-12-12,870.4823608398438,1104.0999755859375,1108.800048828125,1081.5,1097.4000244140625,1311758.0
2016-12-13,867.3677978515625,1100.1500244140625,1109.0,1091.5,1109.0,2147534.0
2016-12-14,870.2454833984375,1103.800048828125,1112.3499755859375,1094.5,1107.0,1870366.0
2016-12-15,890.626220703125,1129.6500244140625,1136.050048828125,1101.0,1101.0,4295410.0
2016-12-16,899.8309326171875,1141.324951171875,1145.0,1126.0,1138.5,1987230.0
2016-12-19,902.2947387695312,1144.449951171875,1148.8499755859375,1130.6500244140625,1140.0,1334210.0
2016-12-20,922.1624755859376,1169.6500244140625,1172.5,1143.5250244140625,1146.0,2922760.0
2016-12-21,912.0314331054688,1156.800048828125,1171.9000244140625,1152.800048828125,1171.9000244140625,2034902.0
2016-12-22,909.70556640625,1153.8499755859375,1162.5,1143.0999755859375,1153.0,1868300.0
2016-12-23,901.9794311523438,1144.050048828125,1158.875,1139.4000244140625,1150.0,1118954.0
2016-12-26,903.949951171875,1146.550048828125,1150.800048828125,1133.0,1133.0,897408.0
2016-12-27,915.8947143554688,1161.699951171875,1165.0,1140.75,1140.75,1294692.0
2016-12-28,911.9522705078124,1156.699951171875,1174.949951171875,1151.574951171875,1163.3499755859375,1350418.0
2016-12-29,927.050537109375,1175.8499755859375,1179.949951171875,1151.5,1151.5,1963516.0
2016-12-30,932.5108032226562,1182.7750244140625,1189.300048828125,1172.824951171875,1177.449951171875,1405748.0
2017-01-02,930.854736328125,1180.675048828125,1187.550048828125,1176.199951171875,1183.300048828125,823132.0
2017-01-03,933.5746459960938,1184.125,1185.8499755859375,1171.6500244140625,1180.625,1475324.0
2017-01-04,938.0096435546876,1189.75,1194.425048828125,1179.1500244140625,1184.8499755859375,1420066.0
2017-01-05,920.2308349609376,1167.199951171875,1194.9749755859375,1160.199951171875,1192.0,2216404.0
2017-01-06,899.337890625,1140.699951171875,1164.675048828125,1128.550048828125,1160.5,3009896.0
2017-01-09,908.1289672851562,1151.8499755859375,1155.6500244140625,1128.5,1137.5,1854578.0
2017-01-10,912.72119140625,1157.675048828125,1164.9000244140625,1145.75,1152.0,1533914.0
2017-01-11,916.28857421875,1162.199951171875,1164.800048828125,1140.0999755859375,1157.5,1931296.0
2017-01-12,924.1533813476562,1172.175048828125,1180.0,1152.0,1162.199951171875,2570374.0
2017-01-13,886.6840209960938,1124.6500244140625,1178.9749755859375,1118.925048828125,1174.0,10235580.0
2017-01-16,890.3306274414062,1129.2750244140625,1136.949951171875,1114.0,1125.0,3364808.0
2017-01-17,898.29345703125,1139.375,1143.9000244140625,1126.4000244140625,1127.449951171875,3009956.0
2017-01-18,904.7388916015624,1147.550048828125,1149.0,1132.7249755859375,1139.0,3136574.0
2017-01-19,903.1226196289062,1145.5,1147.574951171875,1141.4749755859375,1147.5,2251676.0
2017-01-20,900.8952026367188,1142.675048828125,1150.0,1132.5,1143.5,2037246.0
2017-01-23,911.9050903320312,1153.3499755859375,1156.75,1129.9000244140625,1132.5,2318546.0
2017-01-24,916.5106811523438,1159.175048828125,1161.5,1145.0,1152.0,2282638.0
2017-01-25,930.2086791992188,1176.5,1180.0,1159.0250244140625,1161.300048828125,4111648.0
2017-01-27,932.1063232421876,1178.9000244140625,1189.375,1172.5250244140625,1172.5250244140625,2871658.0
2017-01-30,922.262939453125,1166.449951171875,1175.9749755859375,1159.074951171875,1170.5,2577956.0
2017-01-31,881.5043334960938,1114.9000244140625,1166.0250244140625,1100.0250244140625,1160.0,4666804.0
2017-02-01,857.033447265625,1083.949951171875,1119.9749755859375,1077.7750244140625,1110.0,4864152.0
2017-02-02,872.7474365234375,1103.824951171875,1109.5,1076.5,1085.0250244140625,6009482.0
2017-02-03,882.5916748046875,1116.2750244140625,1121.5,1095.5,1104.8499755859375,2153372.0
2017-02-06,885.8331298828125,1120.375,1129.25,1107.4749755859375,1129.0,2408910.0
2017-02-07,887.3550415039062,1122.300048828125,1126.300048828125,1113.0,1122.0,1814638.0
2017-02-08,897.7718505859375,1135.4749755859375,1141.300048828125,1122.0250244140625,1122.449951171875,2212584.0
2017-02-09,916.0952758789062,1158.6500244140625,1164.0,1135.0999755859375,1137.5,4033202.0
2017-02-10,947.978759765625,1198.9749755859375,1212.2249755859375,1155.5,1155.5,5782160.0
2017-02-13,954.4226684570312,1207.125,1214.5,1191.175048828125,1198.0,3819812.0
2017-02-14,951.2600708007812,1203.125,1209.824951171875,1199.0,1209.824951171875,2033328.0
2017-02-15,954.205078125,1206.8499755859375,1214.0,1187.550048828125,1198.5,1924972.0
2017-02-16,967.6661376953124,1223.875,1239.0,1217.800048828125,1230.0,4175680.0
2017-02-17,951.9121704101562,1203.949951171875,1237.800048828125,1201.0,1236.0,2723324.0
2017-02-20,989.1917114257812,1251.0999755859375,1277.5,1204.050048828125,1212.5,3973948.0
2017-02-21,974.6241455078124,1232.675048828125,1262.949951171875,1227.574951171875,1257.0,5501112.0
2017-02-22,953.3353881835938,1205.75,1235.0,1200.074951171875,1232.949951171875,4505496.0
2017-02-23,981.1270751953124,1240.9000244140625,1246.625,1207.5,1207.5,4853352.0
2017-02-27,984.3095703125,1244.925048828125,1251.0,1235.0250244140625,1239.550048828125,2139892.0
2017-02-28,974.9793701171876,1233.125,1245.0,1225.0,1244.75,2354828.0
2017-03-01,980.23779296875,1239.7750244140625,1250.949951171875,1235.0,1239.949951171875,1130374.0
2017-03-02,988.8951416015624,1250.7249755859375,1255.0,1235.0250244140625,1243.3499755859375,1544942.0
2017-03-03,985.9700317382812,1247.0250244140625,1249.8499755859375,1237.699951171875,1246.0,1013970.0
2017-03-06,977.45068359375,1236.25,1242.0,1227.2750244140625,1240.0,1400694.0
2017-03-07,988.2429809570312,1249.9000244140625,1252.5,1237.5250244140625,1241.449951171875,1511672.0
2017-03-08,993.14501953125,1256.0999755859375,1260.0,1246.0999755859375,1251.0,1791510.0
2017-03-09,996.1300048828124,1259.875,1262.0,1252.0250244140625,1257.074951171875,858468.0
2017-03-10,1005.0247192382812,1271.125,1274.7750244140625,1256.9749755859375,1259.800048828125,1171420.0
2017-03-14,1015.0068969726562,1283.75,1293.574951171875,1275.5250244140625,1278.4000244140625,3402294.0
2017-03-15,987.6502685546876,1249.1500244140625,1286.074951171875,1246.925048828125,1286.0,3022496.0
2017-03-16,996.5846557617188,1260.449951171875,1263.5,1253.0,1253.0,1571818.0
2017-03-17,998.501708984375,1262.875,1273.0,1254.875,1273.0,2593152.0
2017-03-20,980.4152221679688,1240.0,1262.9749755859375,1233.0,1262.9749755859375,3487540.0
2017-03-21,983.064208984375,1243.3499755859375,1246.0,1232.5,1241.0,3373700.0
2017-03-22,980.0006713867188,1239.4749755859375,1248.0,1234.9749755859375,1240.074951171875,1888716.0
2017-03-23,972.6475219726562,1230.175048828125,1242.5250244140625,1223.5999755859375,1241.0,2620638.0
2017-03-24,959.5420532226562,1213.5999755859375,1234.9000244140625,1211.6500244140625,1234.9000244140625,5099814.0
2017-03-27,953.5529174804688,1206.0250244140625,1220.0,1203.0,1213.4749755859375,2181270.0
2017-03-28,960.629638671875,1214.9749755859375,1221.699951171875,1205.0,1205.0,1153158.0
2017-03-29,966.4210815429688,1222.300048828125,1225.4000244140625,1212.800048828125,1218.0,1717764.0
2017-03-30,964.9979248046876,1220.5,1232.5,1217.5,1222.449951171875,2986086.0
2017-03-31,961.360595703125,1215.9000244140625,1220.425048828125,1207.5,1219.199951171875,1867044.0
2017-04-03,953.4146118164062,1205.8499755859375,1217.5,1204.0999755859375,1217.5,1196888.0
2017-04-05,949.2838745117188,1200.625,1209.949951171875,1197.5,1209.949951171875,2905568.0
2017-04-06,948.8092041015624,1200.0250244140625,1205.0,1196.2750244140625,1200.0,1720704.0
2017-04-07,960.2736206054688,1214.5250244140625,1216.625,1196.074951171875,1197.449951171875,2277012.0
2017-04-10,957.5850219726562,1211.125,1224.5,1202.5,1216.0,2543264.0
2017-04-11,956.41943359375,1209.6500244140625,1221.550048828125,1203.0,1208.6500244140625,1557784.0
2017-04-12,946.1207275390624,1196.625,1214.0,1191.5,1211.25,1050538.0
2017-04-13,920.5824584960938,1164.324951171875,1204.5,1160.5250244140625,1200.0,2500472.0
2017-04-17,915.1270751953124,1157.425048828125,1166.449951171875,1147.574951171875,1165.199951171875,2270882.0
2017-04-18,912.7354736328124,1154.4000244140625,1167.0999755859375,1151.0250244140625,1165.0,1730620.0
2017-04-19,908.9202880859376,1149.574951171875,1174.3499755859375,1126.4000244140625,1131.75,5626812.0
2017-04-20,919.33740234375,1162.75,1166.0,1145.4749755859375,1152.6500244140625,1268842.0
2017-04-21,913.5260620117188,1155.4000244140625,1167.824951171875,1150.5,1164.550048828125,1161154.0
2017-04-24,920.365234375,1164.050048828125,1169.824951171875,1141.25,1150.0,2000020.0
2017-04-25,913.802734375,1155.75,1172.2249755859375,1151.3499755859375,1164.0,3148710.0
2017-04-26,913.3480834960938,1155.175048828125,1171.9749755859375,1151.5250244140625,1170.0,2187438.0
2017-04-27,910.3040161132812,1151.324951171875,1163.9000244140625,1138.824951171875,1153.0250244140625,5773186.0
2017-04-28,898.6419067382812,1136.574951171875,1149.375,1134.0,1147.0,2540510.0
2017-05-02,905.2635498046876,1144.949951171875,1151.0,1140.0,1147.0,2382696.0
2017-05-03,924.0020751953124,1168.6500244140625,1172.5,1134.25,1147.5,3514406.0
2017-05-04,921.1555786132812,1165.050048828125,1175.0,1154.4000244140625,1174.9749755859375,2708208.0
2017-05-05,917.3604736328124,1160.25,1166.25,1151.25,1154.0,1682474.0
2017-05-08,926.0380859375,1171.2249755859375,1173.699951171875,1158.8499755859375,1160.5,1071782.0
2017-05-09,930.0306396484376,1176.2750244140625,1180.5,1166.2750244140625,1171.9749755859375,1790270.0
2017-05-10,922.0850219726562,1166.2249755859375,1178.074951171875,1158.0,1177.5,1206388.0
2017-05-11,928.80517578125,1174.7249755859375,1180.0,1161.375,1173.6500244140625,2071302.0
2017-05-12,933.2333374023438,1180.324951171875,1184.949951171875,1160.0250244140625,1171.6500244140625,2314446.0
2017-05-15,934.9923706054688,1182.550048828125,1188.9749755859375,1170.800048828125,1187.550048828125,1817604.0
2017-05-16,960.3128662109376,1214.574951171875,1217.5,1186.7249755859375,1190.0,3601026.0
2017-05-17,970.6708374023438,1227.675048828125,1230.375,1211.5,1216.75,2876198.0
2017-05-18,1002.6329956054688,1268.0999755859375,1286.0,1221.125,1225.0,5138594.0
2017-05-19,991.1488037109376,1253.574951171875,1270.2750244140625,1243.0,1268.0999755859375,1786044.0
2017-05-22,1000.7159423828124,1265.675048828125,1276.875,1255.0,1255.0,1663940.0
2017-05-23,996.90087890625,1260.8499755859375,1282.074951171875,1257.0,1266.5999755859375,2748596.0
2017-05-24,1011.705810546875,1279.574951171875,1285.0,1264.824951171875,1267.4000244140625,2534548.0
2017-05-25,1037.5802001953125,1312.300048828125,1318.7750244140625,1284.0,1288.5,4094094.0
2017-05-26,1019.2567749023438,1289.125,1313.425048828125,1282.324951171875,1312.5,1362550.0
2017-05-29,1017.1220092773438,1286.425048828125,1298.25,1282.0,1289.5,1749290.0
2017-05-30,1008.5234375,1275.550048828125,1287.9749755859375,1262.5,1280.0,927634.0
2017-05-31,1006.7440795898438,1273.300048828125,1286.25,1264.0,1266.5,2502730.0
2017-06-01,1009.5119018554688,1276.800048828125,1282.0,1265.0,1265.0,1080064.0
2017-06-02,1013.9785766601562,1282.449951171875,1295.925048828125,1276.25,1278.125,1355648.0
2017-06-05,1029.4163818359375,1301.9749755859375,1309.949951171875,1280.074951171875,1282.5,1500188.0
2017-06-06,1065.806640625,1348.0,1354.4749755859375,1315.0,1315.5,5946720.0
2017-06-07,1033.8839111328125,1307.625,1350.0,1288.2750244140625,1348.5,4927776.0
2017-06-08,996.8609619140624,1260.800048828125,1302.4749755859375,1257.75,1299.0,3330714.0
2017-06-09,991.0895385742188,1253.5,1273.699951171875,1243.0,1260.0,3148034.0
2017-06-12,983.2620239257812,1243.5999755859375,1256.449951171875,1235.199951171875,1248.5,1626506.0
2017-06-13,980.0037841796876,1225.7750244140625,1240.550048828125,1223.5,1232.5,1175414.0
2017-06-14,987.4594116210938,1235.0999755859375,1238.0,1227.5,1227.5,1489142.0
2017-06-15,963.8738403320312,1205.5999755859375,1234.8499755859375,1202.5,1234.5,2997198.0
2017-06-16,959.27685546875,1199.8499755859375,1217.5,1193.25,1207.4749755859375,2450426.0
2017-06-19,972.069091796875,1215.8499755859375,1223.175048828125,1202.574951171875,1208.449951171875,1644742.0
2017-06-20,977.3859252929688,1222.5,1224.5,1190.1500244140625,1215.5,1670958.0
2017-06-21,961.9154663085938,1203.1500244140625,1221.074951171875,1198.5999755859375,1220.0,1657818.0
2017-06-22,957.3382568359376,1197.425048828125,1215.5,1192.5,1204.5,5775882.0
2017-06-23,944.0868530273438,1180.8499755859375,1206.9749755859375,1177.0,1199.699951171875,1424756.0
2017-06-27,936.5512084960938,1171.425048828125,1192.3499755859375,1165.800048828125,1175.300048828125,1974330.0
2017-06-28,939.4295654296876,1175.0250244140625,1179.0,1167.5,1174.949951171875,1789726.0
2017-06-29,932.7138061523438,1166.625,1186.0250244140625,1161.550048828125,1179.5,2471826.0
2017-06-30,944.346435546875,1181.175048828125,1188.5,1161.550048828125,1162.199951171875,1753848.0
2017-07-03,948.8435668945312,1186.800048828125,1191.5250244140625,1171.550048828125,1178.699951171875,1475956.0
2017-07-04,946.145263671875,1183.425048828125,1190.2249755859375,1175.0250244140625,1186.6500244140625,1215134.0
2017-07-05,941.8082275390624,1178.0,1182.5,1172.5,1180.4000244140625,815856.0
2017-07-06,938.4302368164062,1173.7750244140625,1180.949951171875,1170.050048828125,1179.5,1026788.0
2017-07-07,932.1939086914062,1165.9749755859375,1178.2249755859375,1162.75,1175.0,1232090.0
2017-07-10,973.367919921875,1217.4749755859375,1222.449951171875,1189.4749755859375,1203.0,783608.0
2017-07-11,989.6978149414062,1237.9000244140625,1257.4000244140625,1213.0,1213.0,3537504.0
2017-07-12,975.166748046875,1219.7249755859375,1241.6500244140625,1215.050048828125,1241.25,2646450.0
2017-07-13,977.9452514648438,1223.199951171875,1236.0,1213.300048828125,1222.5,3131960.0
2017-07-14,958.3775024414062,1198.7249755859375,1212.5,1187.5,1191.5,4508432.0
2017-07-17,957.578125,1197.7249755859375,1211.050048828125,1191.0999755859375,1198.8499755859375,2211822.0
2017-07-18,962.7348022460938,1204.175048828125,1221.5,1198.074951171875,1198.074951171875,1908002.0
2017-07-19,979.224609375,1224.800048828125,1230.0,1207.550048828125,1207.75,3915576.0
2017-07-20,977.265625,1222.3499755859375,1228.449951171875,1215.25,1224.625,1182504.0
2017-07-21,995.8541870117188,1245.5999755859375,1250.0,1217.2750244140625,1217.449951171875,2148416.0
2017-07-24,1014.4940795898438,1265.3499755859375,1270.0,1241.0,1241.0,2271402.0
2017-07-25,1030.850341796875,1285.75,1290.0,1259.199951171875,1262.875,2678832.0
2017-07-26,1024.63720703125,1278.0,1287.5,1273.5,1280.0,1459826.0
2017-07-27,994.8519287109376,1240.8499755859375,1292.4000244140625,1233.25,1271.0999755859375,4255304.0
2017-07-28,995.8942260742188,1242.1500244140625,1246.5250244140625,1221.0,1240.5,1382752.0
2017-07-31,998.9005737304688,1245.9000244140625,1259.5,1231.5,1235.5,2019662.0
2017-08-01,1002.8491821289062,1250.824951171875,1260.375,1245.5,1250.0,1747460.0
2017-08-02,991.6848754882812,1236.9000244140625,1254.0,1231.0,1250.0,1251024.0
2017-08-03,997.9585571289062,1244.7249755859375,1251.0,1233.2249755859375,1240.0,1882548.0
2017-08-04,1011.32763671875,1261.4000244140625,1264.1500244140625,1244.0,1245.4000244140625,1387890.0
2017-08-07,1003.5709838867188,1251.7249755859375,1260.0,1240.5999755859375,1258.25,1885520.0
2017-08-08,1003.4103393554688,1251.5250244140625,1264.300048828125,1248.1500244140625,1256.0,1073958.0
2017-08-09,1006.9982299804688,1256.0,1261.425048828125,1246.6500244140625,1250.0,992946.0
2017-08-10,1006.7778930664062,1255.7249755859375,1260.300048828125,1243.175048828125,1254.5,1526172.0
2017-08-11,1000.6046142578124,1248.0250244140625,1267.5,1241.5,1249.949951171875,1394736.0
2017-08-14,989.9212036132812,1234.699951171875,1254.949951171875,1231.5,1251.5,786504.0
2017-08-16,999.1215209960938,1246.175048828125,1271.9000244140625,1232.5999755859375,1242.0,1373340.0
2017-08-17,996.4349975585938,1242.824951171875,1252.5,1231.050048828125,1250.3499755859375,1752374.0
2017-08-18,1007.7200317382812,1256.9000244140625,1274.949951171875,1235.699951171875,1237.0,2837356.0
2017-08-21,1013.7334594726562,1264.4000244140625,1274.5,1247.1500244140625,1252.75,2304834.0
2017-08-22,1001.2054443359376,1248.7750244140625,1269.75,1246.0,1261.5,1131326.0
2017-08-23,997.9585571289062,1244.7249755859375,1258.4000244140625,1236.574951171875,1252.5,1562272.0
2017-08-24,1000.8248291015624,1248.300048828125,1258.9749755859375,1243.074951171875,1248.8499755859375,1623908.0
2017-08-28,997.0965576171876,1243.6500244140625,1252.699951171875,1230.5,1252.300048828125,2036796.0
2017-08-29,990.5023803710938,1235.425048828125,1248.0,1231.9749755859375,1241.0,1312602.0
2017-08-30,995.9943237304688,1242.2750244140625,1245.0,1230.050048828125,1240.5,970782.0
2017-08-31,1000.7246704101562,1248.175048828125,1252.199951171875,1233.324951171875,1242.5,1784664.0
2017-09-01,984.7298583984376,1228.2249755859375,1249.0250244140625,1218.2750244140625,1240.0,1702330.0
2017-09-04,984.629638671875,1228.0999755859375,1230.5,1219.0,1226.550048828125,1062544.0
2017-09-05,995.913818359375,1242.175048828125,1245.0,1218.5250244140625,1230.0,1165994.0
2017-09-06,983.4268798828124,1226.5999755859375,1237.425048828125,1225.0,1234.074951171875,1228764.0
2017-09-07,986.1928100585938,1230.050048828125,1234.199951171875,1225.5250244140625,1229.0,870636.0
2017-09-08,990.4019775390624,1235.300048828125,1237.0,1226.2750244140625,1226.875,1021134.0
2017-09-11,983.9281005859376,1227.2249755859375,1241.4749755859375,1225.0,1235.5999755859375,732764.0
2017-09-12,997.5579223632812,1244.2249755859375,1248.5,1228.5,1236.949951171875,1396460.0
2017-09-13,997.8579711914062,1244.5999755859375,1265.824951171875,1237.5999755859375,1250.0,1278980.0
2017-09-14,996.95654296875,1243.4749755859375,1248.800048828125,1235.949951171875,1241.0,1081510.0
2017-09-15,1004.6129150390624,1253.0250244140625,1258.5,1242.5,1249.5,2944072.0
2017-09-18,1001.8067626953124,1249.5250244140625,1259.4749755859375,1244.625,1252.4749755859375,726600.0
2017-09-19,1001.4863891601562,1249.125,1252.5,1245.75,1252.5,782754.0
2017-09-20,999.601806640625,1246.7750244140625,1257.0,1237.1500244140625,1257.0,1334642.0
2017-09-21,1012.1697387695312,1262.449951171875,1270.5,1240.0,1245.5250244140625,2438740.0
2017-09-22,1003.631103515625,1251.800048828125,1263.449951171875,1246.0,1259.949951171875,2435396.0
2017-09-25,1006.497314453125,1255.375,1267.0,1246.375,1248.2750244140625,1599558.0
2017-09-26,992.0257568359376,1237.324951171875,1263.199951171875,1233.0,1255.0,1449230.0
2017-09-27,1000.1837158203124,1247.5,1256.0999755859375,1236.875,1245.0,2010356.0
2017-09-28,992.7472534179688,1238.2249755859375,1257.0,1226.0,1247.3499755859375,4332866.0
2017-09-29,976.5113525390624,1217.9749755859375,1242.0,1210.75,1239.5,1985014.0
2017-10-03,981.5228271484376,1224.2249755859375,1227.1500244140625,1213.5250244140625,1220.0,1923006.0
2017-10-04,979.057373046875,1221.1500244140625,1227.0,1212.5,1224.800048828125,1300778.0
2017-10-05,973.9659423828124,1214.800048828125,1221.7249755859375,1212.199951171875,1220.5,1684686.0
2017-10-06,980.8010864257812,1223.324951171875,1227.5,1214.0250244140625,1215.0,1389188.0
2017-10-09,983.7876586914062,1227.050048828125,1233.9749755859375,1220.5250244140625,1220.5250244140625,1773616.0
2017-10-10,985.8524780273438,1229.625,1234.9749755859375,1225.625,1227.5,1222010.0
2017-10-11,1002.3279418945312,1250.175048828125,1257.2249755859375,1228.375,1230.0,1527746.0
2017-10-12,1021.5101928710938,1274.0999755859375,1277.5,1253.5,1256.5,5006356.0
2017-10-13,1025.67919921875,1279.300048828125,1304.4749755859375,1261.5,1274.0999755859375,4066320.0
2017-10-16,1036.021484375,1292.199951171875,1295.0,1277.5250244140625,1277.5250244140625,1218590.0
2017-10-17,1040.0904541015625,1297.2750244140625,1307.4749755859375,1288.7750244140625,1292.5,1443016.0
2017-10-18,1036.90380859375,1293.300048828125,1306.824951171875,1290.0,1297.5,1514144.0
2017-10-19,1035.821044921875,1291.949951171875,1297.9000244140625,1285.5,1296.0,86822.0
2017-10-23,1037.4246826171875,1293.949951171875,1314.5,1273.7249755859375,1292.0,1886088.0
2017-10-24,1033.6162109375,1289.199951171875,1310.449951171875,1284.5250244140625,1310.0,1339020.0
2017-10-25,1028.9940185546875,1279.949951171875,1307.0,1277.5,1289.25,1105106.0
2017-10-26,1020.5325317382812,1269.425048828125,1284.574951171875,1258.949951171875,1267.550048828125,3007552.0
2017-10-27,1038.8018798828125,1292.1500244140625,1296.574951171875,1265.1500244140625,1269.0,1409270.0
2017-10-30,1051.6243896484375,1308.0999755859375,1310.0,1290.8499755859375,1293.0,1137252.0
2017-10-31,1054.7601318359375,1312.0,1320.0,1300.6500244140625,1300.6500244140625,1592634.0
2017-11-01,1046.258544921875,1301.425048828125,1313.425048828125,1289.425048828125,1312.0,741882.0
2017-11-02,1055.6241455078125,1313.074951171875,1337.0,1303.375,1304.25,1468422.0
2017-11-03,1053.1922607421875,1310.050048828125,1318.3499755859375,1301.4000244140625,1316.199951171875,666886.0
2017-11-06,1071.4615478515625,1332.7750244140625,1335.9000244140625,1305.875,1310.0,1377000.0
2017-11-07,1089.3486328125,1355.0250244140625,1384.0,1333.0250244140625,1335.0,2696892.0
2017-11-08,1099.378173828125,1367.5,1379.5,1359.125,1361.5,1402252.0
2017-11-09,1099.940673828125,1368.199951171875,1375.0,1359.6500244140625,1375.0,1152432.0
2017-11-10,1088.826904296875,1354.375,1363.0,1346.675048828125,1361.0999755859375,1356566.0
2017-11-13,1109.0052490234375,1379.4749755859375,1388.699951171875,1351.0250244140625,1351.0250244140625,1496996.0
2017-11-14,1091.1781005859375,1357.300048828125,1378.2750244140625,1353.75,1378.2750244140625,1657252.0
2017-11-15,1087.4395751953125,1352.6500244140625,1377.5,1350.675048828125,1353.0,6670834.0
2017-11-16,1104.0609130859375,1373.324951171875,1381.5,1343.4749755859375,1355.0,1653482.0
2017-11-17,1088.2435302734375,1353.6500244140625,1374.050048828125,1351.800048828125,1374.050048828125,1325464.0
2017-11-20,1086.6959228515625,1351.7249755859375,1363.449951171875,1347.6500244140625,1357.5,1014498.0
2017-11-21,1074.43603515625,1336.4749755859375,1350.5,1333.0,1350.5,1527740.0
2017-11-22,1077.5311279296875,1340.324951171875,1354.8499755859375,1336.199951171875,1336.5,1822624.0
2017-11-23,1077.7724609375,1340.625,1346.5,1334.5,1340.5,793470.0
2017-11-24,1080.5059814453125,1344.0250244140625,1351.449951171875,1336.550048828125,1341.0,2287512.0
2017-11-27,1079.6214599609375,1342.925048828125,1347.949951171875,1331.0999755859375,1344.0,1856786.0
2017-11-28,1079.400146484375,1342.6500244140625,1351.199951171875,1335.0,1343.0,911716.0
2017-11-29,1068.4869384765625,1329.074951171875,1346.5,1325.0,1338.75,1447532.0
2017-11-30,1059.985107421875,1318.5,1333.4749755859375,1311.5,1326.824951171875,4299962.0
2017-12-01,1057.1514892578125,1314.9749755859375,1334.0,1310.75,1317.5,1031144.0
2017-12-04,1058.1162109375,1316.175048828125,1329.25,1301.4749755859375,1311.0,1259104.0
2017-12-05,1059.4027099609375,1317.7750244140625,1325.8499755859375,1314.074951171875,1315.5,1167914.0
2017-12-06,1058.49853515625,1316.6500244140625,1322.5,1306.425048828125,1318.0,1407518.0
2017-12-07,1052.04638671875,1308.625,1322.9749755859375,1307.5,1316.1500244140625,1326300.0
2017-12-08,1045.7158203125,1300.75,1322.5,1298.5,1309.0,1385548.0
2017-12-11,1069.6729736328125,1330.550048828125,1336.324951171875,1304.175048828125,1304.175048828125,1008002.0
2017-12-12,1049.99658203125,1306.074951171875,1331.0,1303.699951171875,1330.5,1882246.0
2017-12-13,1056.5284423828125,1314.199951171875,1325.7249755859375,1300.5,1305.699951171875,2961458.0
2017-12-14,1028.1494140625,1278.9000244140625,1316.0,1265.550048828125,1316.0,5504150.0
2017-12-15,1023.245849609375,1272.800048828125,1292.2249755859375,1268.425048828125,1281.875,2718138.0
2017-12-18,1037.27490234375,1290.25,1294.4749755859375,1247.175048828125,1268.5,2180664.0
2017-12-19,1035.1842041015625,1287.6500244140625,1298.9000244140625,1282.3499755859375,1288.0,1801952.0
2017-12-20,1040.6710205078125,1294.4749755859375,1296.375,1275.324951171875,1291.0,1577570.0
2017-12-21,1043.384521484375,1297.8499755859375,1304.0,1290.0250244140625,1293.5,1293648.0
2017-12-22,1063.90478515625,1323.375,1331.949951171875,1295.0999755859375,1302.0,3665664.0
2017-12-26,1064.9901123046875,1324.7249755859375,1344.875,1315.800048828125,1343.0,2175786.0
2017-12-27,1053.11181640625,1309.949951171875,1329.25,1305.25,1324.7249755859375,739284.0
2017-12-28,1055.9454345703125,1313.4749755859375,1326.75,1302.824951171875,1304.4000244140625,2605088.0
2017-12-29,1085.7916259765625,1350.5999755859375,1354.449951171875,1309.2750244140625,1311.550048828125,2609542.0
2018-01-01,1063.4425048828125,1322.800048828125,1347.4000244140625,1317.5,1341.1500244140625,1351760.0
2018-01-02,1057.6541748046875,1315.5999755859375,1334.800048828125,1310.0999755859375,1330.0,1920290.0
2018-01-03,1060.648681640625,1319.324951171875,1334.5,1315.5999755859375,1316.0,1257120.0
2018-01-04,1068.0650634765625,1328.550048828125,1331.0,1320.0,1325.0,913082.0
2018-01-05,1080.9677734375,1344.5999755859375,1349.75,1325.0,1325.0,1153706.0
2018-01-08,1091.0972900390625,1357.199951171875,1363.425048828125,1340.925048828125,1350.0,1242220.0
2018-01-09,1088.9268798828125,1354.5,1360.5,1338.2750244140625,1357.5,2149396.0
2018-01-10,1128.1588134765625,1403.300048828125,1408.0,1347.324951171875,1355.5,3365850.0
2018-01-11,1121.6876220703125,1395.25,1410.949951171875,1391.0999755859375,1405.0,2520744.0
2018-01-12,1115.9993896484375,1388.175048828125,1402.5,1370.2750244140625,1402.5,3360314.0
2018-01-15,1103.840087890625,1373.050048828125,1404.0,1367.5250244140625,1388.574951171875,1457214.0
2018-01-16,1145.9459228515625,1425.425048828125,1430.824951171875,1375.2750244140625,1378.0,4267752.0
2018-01-17,1161.260498046875,1444.4749755859375,1462.5,1431.074951171875,1435.0,4280806.0
2018-01-18,1173.0185546875,1459.0999755859375,1466.5,1434.0250244140625,1448.5,2209478.0
2018-01-19,1189.5390625,1479.6500244140625,1491.0,1451.824951171875,1465.2750244140625,1820000.0
2018-01-22,1255.6583251953125,1558.199951171875,1567.3499755859375,1461.0,1480.5,4367110.0
2018-01-23,1249.8563232421875,1551.0,1571.175048828125,1545.0250244140625,1557.4749755859375,3239610.0
2018-01-24,1279.108154296875,1587.300048828125,1629.5250244140625,1541.324951171875,1545.0,5621538.0
2018-01-25,1257.531494140625,1560.5250244140625,1589.9000244140625,1540.5,1587.5,3833844.0
2018-01-29,1288.87890625,1599.425048828125,1612.5,1561.0,1565.699951171875,3141060.0
2018-01-30,1270.344482421875,1576.425048828125,1601.9000244140625,1571.8499755859375,1590.0,1574758.0
2018-01-31,1254.0267333984375,1556.175048828125,1575.0,1549.300048828125,1568.5,3043214.0
2018-02-01,1264.603271484375,1569.300048828125,1595.0,1544.4000244140625,1562.0,2400630.0
2018-02-02,1270.6669921875,1576.824951171875,1595.0,1551.7249755859375,1560.0,2456490.0
2018-02-05,1250.3397216796875,1551.5999755859375,1594.0,1538.425048828125,1555.0,2757742.0
2018-02-06,1207.6505126953125,1498.625,1538.574951171875,1492.5,1505.0,2657306.0
2018-02-07,1190.647216796875,1477.5250244140625,1515.5,1473.7249755859375,1513.5,2180324.0
2018-02-08,1198.36328125,1487.0999755859375,1513.800048828125,1479.5,1489.875,2755004.0
2018-02-09,1197.355712890625,1485.8499755859375,1497.0,1448.324951171875,1475.0,2102458.0
2018-02-12,1195.5831298828125,1483.6500244140625,1511.675048828125,1477.7750244140625,1489.1500244140625,1974562.0
2018-02-14,1173.220947265625,1455.9000244140625,1487.2249755859375,1446.25,1485.0,2847532.0
2018-02-15,1178.882080078125,1462.925048828125,1471.5,1452.550048828125,1465.9749755859375,2465236.0
2018-02-16,1181.782958984375,1466.5250244140625,1499.800048828125,1461.5,1461.5,2515756.0
2018-02-19,1177.9752197265625,1461.800048828125,1476.6500244140625,1447.5999755859375,1472.5,1568224.0
2018-02-20,1186.496826171875,1472.375,1492.5250244140625,1463.949951171875,1464.0,1889068.0
2018-02-21,1225.8021240234375,1521.1500244140625,1531.300048828125,1480.0250244140625,1487.0,3089228.0
2018-02-22,1228.98486328125,1525.0999755859375,1539.5,1511.25,1526.0,3463010.0
2018-02-23,1239.300048828125,1537.9000244140625,1544.5,1496.050048828125,1525.0,3362500.0
2018-02-26,1221.5313720703125,1515.8499755859375,1544.9749755859375,1510.5999755859375,1537.5,1363882.0
2018-02-27,1225.8218994140625,1521.175048828125,1539.2750244140625,1516.0,1520.5,1717800.0
2018-02-28,1222.8807373046875,1517.5250244140625,1531.9749755859375,1510.7249755859375,1517.5,2706864.0
2018-03-01,1223.948486328125,1518.8499755859375,1530.5999755859375,1510.0,1524.5,1718124.0
2018-03-05,1251.4075927734375,1552.925048828125,1556.824951171875,1516.4749755859375,1524.5,2858168.0
2018-03-06,1226.0037841796875,1521.4000244140625,1563.5,1515.074951171875,1561.0,1906764.0
2018-03-07,1219.8184814453125,1513.7249755859375,1544.5,1509.25,1535.0,1917772.0
2018-03-08,1210.3502197265625,1501.9749755859375,1527.449951171875,1493.75,1527.449951171875,1951826.0
2018-03-09,1222.498046875,1517.050048828125,1531.5999755859375,1488.5999755859375,1502.5,1872436.0
2018-03-12,1229.770751953125,1526.074951171875,1541.949951171875,1517.75,1521.5,2091340.0
2018-03-13,1163.1478271484375,1443.4000244140625,1469.8499755859375,1436.0,1462.449951171875,88067154.0
2018-03-14,1163.188232421875,1443.449951171875,1461.5250244140625,1437.5250244140625,1446.4749755859375,3668668.0
2018-03-15,1156.2578125,1434.8499755859375,1451.2750244140625,1427.800048828125,1447.5,2348906.0
2018-03-16,1138.5294189453125,1412.8499755859375,1436.0,1402.5,1434.4000244140625,7197482.0
2018-03-19,1140.6651611328125,1415.5,1424.0,1410.0,1414.5,3489940.0
2018-03-20,1154.303955078125,1432.425048828125,1436.5999755859375,1409.5,1410.0,4024984.0
2018-03-21,1151.0401611328125,1428.375,1442.1500244140625,1425.0,1436.25,3907678.0
2018-03-22,1140.8060302734375,1415.675048828125,1437.9749755859375,1411.2750244140625,1429.9749755859375,2326094.0
2018-03-23,1135.487548828125,1409.074951171875,1417.050048828125,1399.0250244140625,1401.0,3654122.0
2018-03-26,1135.0240478515625,1408.5,1413.699951171875,1390.7750244140625,1409.5,2964210.0
2018-03-27,1147.394287109375,1423.8499755859375,1431.5,1411.5250244140625,1412.5,2494574.0
2018-03-28,1147.978271484375,1424.574951171875,1437.5,1412.5,1417.949951171875,6865654.0
2018-04-02,1172.354736328125,1454.824951171875,1457.0,1420.0,1420.0,1662988.0
2018-04-03,1172.999267578125,1455.625,1464.949951171875,1446.050048828125,1446.050048828125,1937290.0
2018-04-04,1172.858642578125,1455.449951171875,1467.0,1446.0,1464.7249755859375,2841820.0
2018-04-05,1191.81591796875,1478.9749755859375,1481.875,1460.175048828125,1463.2750244140625,1809424.0
2018-04-06,1188.7335205078125,1475.1500244140625,1480.0,1463.2750244140625,1477.0,1129018.0
2018-04-09,1178.0960693359375,1461.949951171875,1481.75,1457.5,1469.8499755859375,1235866.0
2018-04-10,1183.6165771484375,1468.800048828125,1478.625,1462.8499755859375,1462.8499755859375,1184532.0
2018-04-11,1214.4598388671875,1507.074951171875,1512.5,1472.800048828125,1475.300048828125,3124416.0
2018-04-12,1264.865234375,1569.625,1575.0,1503.9749755859375,1505.0,6114360.0
2018-04-13,1270.526123046875,1576.6500244140625,1620.4000244140625,1566.050048828125,1575.0,8179118.0
2018-04-16,1284.3658447265625,1593.824951171875,1599.9749755859375,1555.375,1558.0,6270274.0
2018-04-17,1275.8848876953125,1583.300048828125,1597.4749755859375,1573.5999755859375,1593.824951171875,3301724.0
2018-04-18,1272.863037109375,1579.550048828125,1596.7249755859375,1572.925048828125,1583.0,2433066.0
2018-04-19,1285.7767333984375,1595.574951171875,1608.5999755859375,1582.875,1589.949951171875,4820952.0
2018-04-20,1370.9134521484375,1701.2249755859375,1711.175048828125,1620.0,1625.0,18465662.0
2018-04-23,1373.4112548828125,1704.324951171875,1778.949951171875,1694.7750244140625,1712.0,15185910.0
2018-04-24,1364.14453125,1692.824951171875,1721.574951171875,1671.25,1705.0,8314336.0
2018-04-25,1398.2310791015625,1735.125,1741.5,1682.5250244140625,1692.5,8196574.0
2018-04-26,1426.0328369140625,1769.625,1780.0,1733.5,1733.5,12135034.0
2018-04-27,1390.858154296875,1725.9749755859375,1772.0,1710.0,1762.5,4501330.0
2018-04-30,1423.15185546875,1766.050048828125,1774.5,1718.800048828125,1725.9749755859375,3458558.0
2018-05-02,1410.117431640625,1749.875,1766.0999755859375,1735.6500244140625,1765.25,3158046.0
2018-05-03,1402.9053955078125,1740.925048828125,1763.0,1735.199951171875,1754.9000244140625,3761550.0
2018-05-04,1402.4622802734375,1740.375,1748.5,1735.0,1746.0,2347244.0
2018-05-07,1378.3673095703125,1710.4749755859375,1745.0,1705.449951171875,1745.0,3484426.0
2018-05-08,1386.526611328125,1720.5999755859375,1743.25,1698.3499755859375,1717.3499755859375,2992820.0
2018-05-09,1405.9071044921875,1744.6500244140625,1747.375,1720.0999755859375,1720.0999755859375,2615050.0
2018-05-10,1390.5758056640625,1725.625,1755.574951171875,1720.0999755859375,1751.4749755859375,3858678.0
2018-05-11,1392.8724365234375,1728.4749755859375,1742.5,1721.25,1727.0999755859375,2627876.0
2018-05-14,1383.4439697265625,1716.7750244140625,1735.5,1705.4000244140625,1728.5,2433894.0
2018-05-15,1403.12646484375,1741.199951171875,1747.9000244140625,1716.8499755859375,1725.0,1952890.0
2018-05-16,1407.7603759765625,1746.949951171875,1754.5,1737.625,1739.9749755859375,1648450.0
2018-05-17,1406.9144287109375,1745.9000244140625,1766.574951171875,1738.0,1756.4749755859375,2968048.0
2018-05-18,1411.044189453125,1751.0250244140625,1758.8499755859375,1729.0,1740.4000244140625,1874996.0
2018-05-21,1433.0838623046875,1778.375,1796.0,1759.0250244140625,1764.3499755859375,3446178.0
2018-05-22,1413.803955078125,1754.449951171875,1787.4749755859375,1746.8499755859375,1779.0,1857416.0
2018-05-23,1408.244140625,1747.550048828125,1772.5,1740.5,1762.5,1507298.0
2018-05-24,1452.0008544921875,1801.8499755859375,1807.5,1751.175048828125,1755.0,2962316.0
2018-05-25,1444.7889404296875,1792.9000244140625,1837.4000244140625,1786.2750244140625,1812.5,3769772.0
2018-05-28,1411.044189453125,1751.0250244140625,1808.25,1743.0,1808.25,3716798.0
2018-05-29,1419.686767578125,1761.75,1772.0,1744.0,1764.949951171875,3525312.0
2018-05-30,1415.899169921875,1757.050048828125,1766.5,1741.25,1754.5250244140625,3779106.0
2018-05-31,1414.6807861328125,1741.050048828125,1759.050048828125,1726.0999755859375,1734.0,5049371.0
2018-06-01,1407.6927490234375,1732.449951171875,1757.5,1716.300048828125,1754.0,1603856.0
2018-06-04,1417.28076171875,1744.25,1749.0,1712.5999755859375,1745.0,1681483.0
2018-06-05,1398.8768310546875,1721.5999755859375,1751.9000244140625,1711.1500244140625,1744.0,2449568.0
2018-06-06,1402.2486572265625,1725.75,1734.9000244140625,1715.199951171875,1723.0,2236512.0
2018-06-07,1410.21142578125,1735.550048828125,1749.0,1723.800048828125,1725.0,2414762.0
2018-06-08,1419.5963134765625,1747.0999755859375,1757.300048828125,1735.0,1735.0,2582138.0
2018-06-11,1421.7091064453125,1749.699951171875,1763.0,1743.0,1747.0999755859375,2179378.0
2018-06-12,1447.1416015625,1781.0,1785.0,1753.0,1757.0,4608875.0
2018-06-13,1482.16259765625,1824.0999755859375,1831.6500244140625,1798.0,1816.0,5370983.0
2018-06-14,1452.4635009765625,1787.550048828125,1832.300048828125,1784.0,1830.0,3819998.0
2018-06-15,1495.122314453125,1840.050048828125,1847.0999755859375,1788.5999755859375,1800.0,9183574.0
2018-06-18,1486.143798828125,1829.0,1867.949951171875,1822.1500244140625,1867.949951171875,4674987.0
2018-06-19,1482.4874267578125,1824.5,1839.0,1821.0,1822.1500244140625,3245034.0
2018-06-20,1480.8216552734375,1822.449951171875,1836.300048828125,1818.5999755859375,1832.0,3107695.0
2018-06-21,1478.302490234375,1819.3499755859375,1832.0,1817.5999755859375,1832.0,2910659.0
2018-06-22,1470.543212890625,1809.800048828125,1827.0,1799.550048828125,1827.0,2949458.0
2018-06-25,1478.2215576171875,1819.25,1822.3499755859375,1806.0,1811.9000244140625,2083217.0
2018-06-26,1504.83251953125,1852.0,1861.0,1821.0,1823.0,4679712.0
2018-06-27,1509.7076416015625,1858.0,1885.1500244140625,1851.25,1860.0,4081208.0
2018-06-28,1497.2757568359375,1842.699951171875,1871.0,1826.300048828125,1865.0,4888125.0
2018-06-29,1501.37890625,1847.75,1867.4000244140625,1842.300048828125,1844.9000244140625,3506276.0
2018-07-02,1504.303955078125,1851.3499755859375,1857.800048828125,1841.0999755859375,1852.0,2650290.0
2018-07-03,1522.749267578125,1874.050048828125,1879.9000244140625,1857.050048828125,1859.949951171875,3242233.0
2018-07-04,1516.32958984375,1866.1500244140625,1879.9000244140625,1857.1500244140625,1879.9000244140625,2700614.0
2018-07-05,1527.8272705078125,1880.300048828125,1887.5,1862.0999755859375,1873.0,2472571.0
2018-07-06,1554.35693359375,1912.949951171875,1921.0,1881.6500244140625,1882.8499755859375,3713781.0
2018-07-09,1530.0213623046875,1883.0,1924.4000244140625,1876.5,1924.0,6151747.0
2018-07-10,1523.602294921875,1875.0999755859375,1898.9000244140625,1870.75,1898.0,5303302.0
2018-07-11,1608.7567138671875,1979.9000244140625,1998.0,1894.1500244140625,1900.0,22903802.0
2018-07-12,1601.8095703125,1971.3499755859375,1990.9000244140625,1960.5,1984.0,6921701.0
2018-07-13,1609.73193359375,1981.0999755859375,1997.9000244140625,1974.0,1975.0,4148185.0
2018-07-16,1616.3133544921875,1989.199951171875,1996.0,1977.449951171875,1990.0,2582159.0
2018-07-17,1630.114013671875,2002.1500244140625,2009.0,1981.0,1989.0,3315492.0
2018-07-18,1628.5667724609375,2000.25,2011.699951171875,1993.050048828125,2005.0,2013869.0
2018-07-19,1613.2196044921875,1981.4000244140625,2010.449951171875,1970.0,2002.0999755859375,1746318.0
2018-07-20,1625.5953369140625,1996.5999755859375,2000.0,1984.0,1984.9000244140625,1934995.0
2018-07-23,1632.963623046875,2005.6500244140625,2009.949951171875,1986.0,2001.0,2086201.0
2018-07-24,1627.5491943359375,1999.0,2015.0,1984.1500244140625,2015.0,2038423.0
2018-07-25,1613.301025390625,1981.5,2002.0,1968.4000244140625,2001.9000244140625,1535492.0
2018-07-26,1599.623046875,1964.699951171875,1985.0,1955.0999755859375,1974.949951171875,3503036.0
2018-07-27,1582.565673828125,1943.75,1964.6500244140625,1940.300048828125,1960.8499755859375,2033977.0
2018-07-30,1583.25732421875,1944.5999755859375,1954.699951171875,1931.550048828125,1943.0,1579251.0
2018-07-31,1579.6756591796875,1940.199951171875,1947.0,1928.0,1942.0,2204803.0
2018-08-01,1609.2301025390625,1976.5,1981.550048828125,1949.800048828125,1949.949951171875,2425180.0
2018-08-02,1586.3515625,1948.4000244140625,1985.0,1945.0,1980.0,1509287.0
2018-08-03,1611.6318359375,1979.449951171875,1982.050048828125,1956.5,1956.5,1505131.0
2018-08-06,1608.456787109375,1975.550048828125,1998.949951171875,1972.25,1997.0,1532249.0
2018-08-07,1601.780517578125,1967.3499755859375,1979.1500244140625,1960.5,1978.199951171875,1353521.0
2018-08-08,1607.1944580078125,1974.0,1978.300048828125,1962.0,1972.0,1315062.0
2018-08-09,1607.4794921875,1974.3499755859375,1980.800048828125,1966.0,1980.0,2060297.0
2018-08-10,1622.74560546875,1993.0999755859375,1996.5,1972.050048828125,1980.949951171875,2784105.0
2018-08-13,1628.485595703125,2000.1500244140625,2004.25,1990.0,1997.800048828125,3559575.0
2018-08-14,1631.25390625,2003.550048828125,2024.5999755859375,1982.4000244140625,1992.0,3311765.0
2018-08-16,1635.2841796875,2008.5,2020.050048828125,1995.0,2000.300048828125,2152065.0
2018-08-17,1638.744140625,2012.75,2021.9000244140625,2004.0,2013.8499755859375,1213731.0
2018-08-20,1636.4644775390625,2009.949951171875,2024.0,2003.699951171875,2024.0,1587032.0
2018-08-21,1642.7337646484375,2017.6500244140625,2024.0,2004.0,2010.1500244140625,1376866.0
2018-08-23,1656.9412841796875,2035.0999755859375,2038.0,2020.300048828125,2022.800048828125,3046791.0
2018-08-24,1663.373046875,2043.0,2046.0,2031.0,2035.0999755859375,1570533.0
2018-08-27,1669.8050537109375,2050.89990234375,2059.0,2035.0,2043.0,1532702.0
2018-08-28,1684.7047119140625,2069.199951171875,2072.0,2052.0,2055.0,1987983.0
2018-08-29,1686.984375,2072.0,2076.60009765625,2045.5999755859375,2072.5,1525867.0
2018-08-30,1695.4520263671875,2082.39990234375,2085.0,2065.5,2068.0,2408020.0
2018-08-31,1692.19482421875,2078.39990234375,2092.0,2074.0,2082.300048828125,2504554.0
2018-09-03,1671.433349609375,2052.89990234375,2090.0,2048.39990234375,2084.800048828125,1439711.0
2018-09-04,1708.885986328125,2098.89990234375,2104.75,2056.949951171875,2059.800048828125,4420803.0
2018-09-05,1692.8873291015625,2079.25,2107.25,2075.050048828125,2100.0,1681106.0
2018-09-06,1689.6710205078125,2075.300048828125,2081.5,2060.300048828125,2075.0,2238097.0
2018-09-07,1693.3758544921875,2079.85009765625,2084.0,2065.39990234375,2079.300048828125,1312182.0
2018-09-10,1694.1083984375,2080.75,2093.39990234375,2074.25,2084.39990234375,1530539.0
2018-09-11,1666.0194091796875,2046.25,2089.0,2042.199951171875,2089.0,3679745.0
2018-09-12,1664.146484375,2043.949951171875,2068.89990234375,2040.0,2052.35009765625,2307661.0
2018-09-14,1681.61083984375,2065.39990234375,2071.550048828125,2018.1500244140625,2044.0,3642038.0
2018-09-17,1688.735107421875,2074.14990234375,2077.800048828125,2054.550048828125,2070.0,1033857.0
2018-09-18,1685.966552734375,2070.75,2078.800048828125,2057.60009765625,2073.0,1456507.0
2018-09-19,1691.787841796875,2077.89990234375,2089.0,2066.85009765625,2071.89990234375,1301268.0
2018-09-21,1712.346435546875,2103.14990234375,2121.0,2050.14990234375,2077.0,4508530.0
2018-09-24,1789.9376220703125,2198.449951171875,2210.5,2098.14990234375,2115.0,3032226.0
2018-09-25,1777.52099609375,2183.199951171875,2211.89990234375,2153.800048828125,2204.89990234375,2868778.0
2018-09-26,1744.0989990234375,2142.14990234375,2199.0,2135.10009765625,2187.0,1970951.0
2018-09-27,1782.1217041015625,2188.85009765625,2209.699951171875,2135.800048828125,2141.89990234375,3311802.0
2018-09-28,1777.928466796875,2183.699951171875,2190.0,2158.85009765625,2178.0,2904371.0
2018-10-01,1836.427734375,2255.550048828125,2275.949951171875,2190.35009765625,2190.89990234375,3772208.0
2018-10-03,1760.952392578125,2162.85009765625,2255.0,2155.60009765625,2250.300048828125,3902322.0
2018-10-04,1681.122314453125,2064.800048828125,2156.64990234375,2056.35009765625,2156.60009765625,4762419.0
2018-10-05,1711.939453125,2102.64990234375,2120.0,2020.9000244140625,2050.0,3417624.0
2018-10-08,1691.5030517578125,2077.550048828125,2122.199951171875,2048.14990234375,2102.64990234375,2010154.0
2018-10-09,1703.1053466796875,2091.800048828125,2107.64990234375,2053.199951171875,2080.35009765625,1867130.0
2018-10-10,1663.861572265625,2043.5999755859375,2105.949951171875,2029.0,2100.0,2749573.0
2018-10-11,1612.0390625,1979.949951171875,2013.0,1941.0,1985.0,4700256.0
2018-10-12,1561.8448486328125,1918.300048828125,1978.0,1903.0,1978.0,9373289.0
2018-10-15,1587.2470703125,1949.5,1955.550048828125,1920.0,1940.0,2638151.0
2018-10-16,1597.6688232421875,1962.300048828125,1971.9000244140625,1935.0,1958.0,2815425.0
2018-10-17,1570.882080078125,1929.4000244140625,1989.0,1920.0,1970.0,2779207.0
2018-10-19,1557.692626953125,1913.199951171875,1929.0,1870.050048828125,1929.0,3428776.0
2018-10-22,1549.3883056640625,1903.0,1916.0,1886.949951171875,1914.0,1778496.0
2018-10-23,1504.2279052734375,1843.6500244140625,1898.0,1837.0,1888.0,2752811.0
2018-10-24,1508.1849365234375,1848.5,1874.0,1811.0999755859375,1852.050048828125,2735913.0
2018-10-25,1511.8563232421875,1853.0,1876.9000244140625,1825.050048828125,1844.0,2507233.0
2018-10-26,1467.8798828125,1799.0999755859375,1853.9000244140625,1791.0999755859375,1853.9000244140625,2285970.0
2018-10-29,1526.542724609375,1871.0,1877.949951171875,1784.3499755859375,1808.699951171875,2609483.0
2018-10-30,1545.9605712890625,1894.800048828125,1909.4000244140625,1845.0,1867.0,2404883.0
2018-10-31,1581.3299560546875,1938.1500244140625,1943.9000244140625,1875.449951171875,1900.0,2769190.0
2018-11-01,1579.3720703125,1935.75,1944.3499755859375,1901.300048828125,1943.6500244140625,2769759.0
2018-11-02,1561.1773681640625,1913.449951171875,1954.5999755859375,1905.0,1934.199951171875,1818635.0
2018-11-05,1542.7381591796875,1890.8499755859375,1927.3499755859375,1884.75,1910.0,1713366.0
2018-11-06,1576.8834228515625,1932.699951171875,1937.5,1891.0,1894.0,1398710.0
2018-11-07,1584.5938720703125,1942.1500244140625,1949.0,1937.0,1940.0,144530.0
2018-11-09,1557.709716796875,1909.199951171875,1961.949951171875,1905.0,1961.0,2570479.0
2018-11-12,1562.320068359375,1914.8499755859375,1946.0999755859375,1908.5,1908.5,2552008.0
2018-11-13,1578.71923828125,1934.949951171875,1939.0,1903.0,1915.0,1418432.0
2018-11-14,1534.4158935546875,1880.6500244140625,1929.9000244140625,1870.0,1925.0,2422318.0
2018-11-15,1528.0523681640625,1872.8499755859375,1899.0,1857.5999755859375,1864.0,1829123.0
2018-11-16,1539.2703857421875,1886.5999755859375,1899.800048828125,1870.25,1889.0,1829729.0
2018-11-19,1552.2025146484375,1902.449951171875,1907.3499755859375,1864.300048828125,1899.0,1740628.0
2018-11-20,1532.457763671875,1878.25,1902.0,1874.199951171875,1902.0,1190182.0
2018-11-21,1478.405029296875,1812.0,1871.050048828125,1798.550048828125,1871.0,3840461.0
2018-11-22,1478.853271484375,1812.550048828125,1847.5999755859375,1809.949951171875,1820.0,3194219.0
2018-11-26,1506.2269287109375,1846.0999755859375,1860.0,1784.5,1819.0,4333177.0
2018-11-27,1542.2486572265625,1890.25,1897.9000244140625,1835.3499755859375,1854.0,3344839.0
2018-11-28,1618.6573486328125,1983.9000244140625,1989.0,1882.5,1889.0,5313249.0
2018-11-29,1599.6060791015625,1960.550048828125,1997.0,1942.550048828125,1997.0,4035441.0
2018-11-30,1605.8883056640625,1968.25,1991.0,1959.8499755859375,1966.0,5268901.0
2018-12-03,1617.43359375,1982.4000244140625,1990.0,1968.300048828125,1984.0,1610576.0
2018-12-04,1640.645751953125,2010.8499755859375,2019.4000244140625,1971.0,1983.0,3270615.0
2018-12-05,1637.300537109375,2006.75,2018.0,1985.0,2006.0,2501539.0
2018-12-06,1625.8372802734375,1992.699951171875,2017.0,1979.5999755859375,1998.0,2321216.0
2018-12-07,1627.8765869140625,1995.199951171875,2003.9000244140625,1973.0,1985.050048828125,1680420.0
2018-12-10,1612.048583984375,1975.800048828125,2011.0,1960.0,1975.0,2010786.0
2018-12-11,1631.793212890625,2000.0,2010.0,1961.0,1970.0,2942014.0
2018-12-12,1645.5006103515625,2016.800048828125,2022.0,1984.949951171875,2001.0999755859375,2219993.0
2018-12-13,1617.5968017578125,1982.5999755859375,2029.699951171875,1974.5,2024.0,3748429.0
2018-12-14,1623.430419921875,1989.75,1998.949951171875,1975.25,1983.0,2473761.0
2018-12-17,1627.142578125,1994.300048828125,2004.9000244140625,1985.0,1999.0,1227921.0
2018-12-18,1621.88037109375,1987.8499755859375,2002.0,1976.4000244140625,1991.9000244140625,1768742.0
2018-12-19,1606.0517578125,1968.449951171875,1984.800048828125,1960.050048828125,1984.800048828125,2498833.0
2018-12-20,1594.30322265625,1954.050048828125,1974.9000244140625,1946.0,1953.800048828125,1940277.0
2018-12-21,1546.77685546875,1895.800048828125,1950.0,1886.550048828125,1948.0,3729956.0
2018-12-24,1565.2978515625,1918.5,1938.9000244140625,1905.0,1905.800048828125,1864116.0
2018-12-26,1541.391845703125,1889.199951171875,1921.800048828125,1870.25,1921.800048828125,2446614.0
2018-12-27,1557.5057373046875,1908.949951171875,1941.699951171875,1872.0999755859375,1909.0,4968201.0
2018-12-28,1546.9810791015625,1896.050048828125,1920.0,1893.0,1915.0,2239130.0
2018-12-31,1544.5330810546875,1893.050048828125,1909.0,1886.1500244140625,1908.0,1879740.0
2019-01-01,1552.488037109375,1902.800048828125,1910.0,1885.0,1896.0,1094883.0
2019-01-02,1569.2139892578125,1923.300048828125,1934.449951171875,1900.0,1905.0,2100463.0
2019-01-03,1550.16259765625,1899.949951171875,1944.949951171875,1893.0999755859375,1919.0,2611668.0
2019-01-04,1531.315673828125,1876.8499755859375,1901.199951171875,1841.0,1900.0,4280862.0
2019-01-07,1548.4901123046875,1897.9000244140625,1908.800048828125,1881.0,1891.800048828125,1856423.0
2019-01-08,1544.94140625,1893.550048828125,1906.4000244140625,1883.300048828125,1905.4000244140625,1691756.0
2019-01-09,1539.5562744140625,1886.949951171875,1919.0,1866.699951171875,1907.4000244140625,2414376.0
2019-01-10,1540.86181640625,1888.550048828125,1905.0,1872.0999755859375,1890.0,3053461.0
2019-01-11,1503.33056640625,1842.550048828125,1875.0,1835.0,1870.0,9209862.0
2019-01-14,1479.4244384765625,1813.25,1851.0,1810.0,1850.0,3615370.0
2019-01-15,1523.9320068359375,1867.800048828125,1869.3499755859375,1808.0,1810.0,7711653.0
2019-01-16,1525.8487548828125,1870.1500244140625,1875.0,1847.0,1870.0,2359280.0
2019-01-17,1548.8658447265625,1894.300048828125,1898.0,1871.300048828125,1878.0,2625816.0
2019-01-18,1554.0579833984375,1900.6500244140625,1904.199951171875,1876.0,1881.0,1683728.0
2019-01-21,1560.64013671875,1908.699951171875,1932.0,1895.449951171875,1902.0,2409803.0
2019-01-22,1555.080078125,1901.9000244140625,1918.25,1890.0,1907.0999755859375,2457093.0
2019-01-23,1533.5758056640625,1875.5999755859375,1906.0999755859375,1870.0,1901.0,2578169.0
2019-01-24,1554.793701171875,1901.550048828125,1905.25,1875.0,1884.800048828125,1962927.0
2019-01-25,1570.5335693359375,1920.800048828125,1935.0,1901.0,1902.0,2327080.0
2019-01-28,1598.4970703125,1955.0,1962.0,1925.5,1933.0,2769033.0
2019-01-29,1621.186767578125,1982.75,1989.050048828125,1936.6500244140625,1962.0,2557626.0
2019-01-30,1620.0828857421875,1981.4000244140625,1989.5,1954.6500244140625,1979.5999755859375,2429575.0
2019-01-31,1646.8197021484375,2014.0999755859375,2019.75,1985.0,1987.0,4094319.0
2019-02-01,1659.779541015625,2029.949951171875,2034.75,1998.0999755859375,2009.5,3064163.0
2019-02-04,1676.377685546875,2050.25,2055.449951171875,2023.0,2029.949951171875,1590764.0
2019-02-05,1671.717041015625,2044.550048828125,2055.0,2028.0,2050.0,1111404.0
2019-02-06,1696.4508056640625,2074.800048828125,2086.85009765625,2041.050048828125,2049.89990234375,1789812.0
2019-02-07,1703.073486328125,2082.89990234375,2097.949951171875,2067.0,2074.75,1339945.0
2019-02-08,1685.4942626953125,2061.39990234375,2089.5,2051.0,2075.0,1684474.0
2019-02-11,1689.1737060546875,2065.89990234375,2096.0,2048.89990234375,2060.0,1778730.0
2019-02-12,1677.4813232421875,2051.60009765625,2070.0,2018.0,2070.0,2422903.0
2019-02-14,1671.758056640625,2044.5999755859375,2075.0,2033.050048828125,2060.050048828125,1724085.0
2019-02-15,1659.5748291015625,2029.699951171875,2052.0,2010.949951171875,2049.0,1930065.0
2019-02-18,1611.007080078125,1970.300048828125,2041.949951171875,1962.6500244140625,2037.5999755859375,2942184.0
2019-02-19,1557.4512939453125,1904.800048828125,1971.0,1892.0,1970.0,4408554.0
2019-02-20,1565.5867919921875,1914.75,1933.800048828125,1881.300048828125,1915.0,4645778.0
2019-02-21,1565.136962890625,1914.199951171875,1940.0,1897.050048828125,1914.75,4683919.0
2019-02-22,1574.4990234375,1925.6500244140625,1930.0,1905.0999755859375,1917.199951171875,2271955.0
2019-02-25,1623.1488037109375,1985.1500244140625,1990.0,1930.5,1932.5,2934880.0
2019-02-26,1666.933837890625,2038.699951171875,2045.1500244140625,1972.25,1984.0,6453309.0
2019-02-27,1682.7962646484375,2058.10009765625,2074.949951171875,2022.0,2040.0,4732082.0
2019-02-28,1621.759033203125,1983.449951171875,2071.35009765625,1977.5999755859375,2060.0,8454295.0
2019-03-01,1631.5296630859375,1995.4000244140625,2005.0,1980.3499755859375,1995.050048828125,4148548.0
2019-03-05,1625.5609130859375,1988.0999755859375,2007.0,1976.5999755859375,2005.0,2449622.0
2019-03-06,1634.9638671875,1999.5999755859375,2015.0,1985.050048828125,1989.300048828125,2635047.0
2019-03-07,1646.1656494140625,2013.300048828125,2024.050048828125,2000.199951171875,2005.0,2539884.0
2019-03-08,1653.8515625,2022.699951171875,2033.0,2010.050048828125,2025.0,2031071.0
2019-03-11,1647.39208984375,2014.800048828125,2033.0,2003.6500244140625,2028.9000244140625,3111689.0
2019-03-12,1645.4705810546875,2012.449951171875,2024.800048828125,2003.0,2014.050048828125,2658550.0
2019-03-13,1635.6998291015625,2000.5,2015.9000244140625,1978.5999755859375,2013.0,1833163.0
2019-03-14,1624.98876953125,1987.4000244140625,2007.800048828125,1981.0,2004.949951171875,1905495.0
2019-03-15,1667.9556884765625,2039.949951171875,2068.949951171875,1991.0,1998.9000244140625,5184318.0
2019-03-18,1653.93310546875,2022.800048828125,2064.60009765625,2011.0,2043.0,2349915.0
2019-03-19,1653.93310546875,2022.800048828125,2030.0,1995.0999755859375,2030.0,2373993.0
2019-03-20,1647.5968017578125,2015.050048828125,2044.800048828125,2000.0,2028.0,3091165.0
2019-03-22,1639.910400390625,2005.6500244140625,2016.0,1983.300048828125,2015.0,3148149.0
2019-03-25,1622.4129638671875,1984.25,2007.800048828125,1977.199951171875,2007.800048828125,2429205.0
2019-03-26,1621.104736328125,1982.6500244140625,1994.949951171875,1958.050048828125,1984.0,2316539.0
2019-03-27,1609.04443359375,1967.9000244140625,1998.0,1961.0,1994.0,2266166.0
2019-03-28,1635.5364990234375,2000.300048828125,2014.5999755859375,1972.800048828125,1980.0,4054489.0
2019-04-01,1661.1695556640625,2031.6500244140625,2039.949951171875,2008.25,2010.0,2095740.0
2019-04-02,1700.1304931640625,2079.300048828125,2086.0,2037.0,2037.0999755859375,3719663.0
2019-04-03,1700.1304931640625,2079.300048828125,2089.60009765625,2058.10009765625,2085.0,2939886.0
2019-04-04,1647.1466064453125,2014.5,2079.699951171875,2007.4000244140625,2078.14990234375,4397518.0
2019-04-05,1674.7833251953125,2048.300048828125,2054.39990234375,2018.800048828125,2028.6500244140625,3152103.0
2019-04-08,1693.1395263671875,2070.75,2075.0,2032.699951171875,2059.0,2194294.0
2019-04-09,1710.105224609375,2091.5,2098.0,2057.64990234375,2070.0,2690970.0
2019-04-10,1668.2012939453125,2040.25,2085.5,2036.0,2083.0,3313062.0
2019-04-11,1651.235107421875,2019.5,2055.0,2013.6500244140625,2045.0,3422442.0
2019-04-12,1647.1466064453125,2014.5,2039.0,2007.0,2038.0,3198471.0
2019-04-15,1727.930419921875,2113.300048828125,2119.800048828125,2041.0,2070.0,9189201.0
2019-04-16,1743.056640625,2131.800048828125,2155.949951171875,2115.550048828125,2120.0,5771952.0
2019-04-18,1757.9788818359375,2150.050048828125,2155.0,2114.199951171875,2149.89990234375,3413728.0
2019-04-22,1767.2998046875,2161.449951171875,2176.0,2145.60009765625,2148.0,2007135.0
2019-04-23,1762.0672607421875,2155.050048828125,2165.5,2134.050048828125,2163.0,2163524.0
2019-04-24,1785.287841796875,2183.449951171875,2195.0,2156.10009765625,2158.0,3003071.0
2019-04-25,1794.7320556640625,2195.0,2205.0,2168.050048828125,2175.0,4211526.0
2019-04-26,1830.340087890625,2238.550048828125,2243.949951171875,2193.14990234375,2203.0,2716958.0
2019-04-30,1848.1651611328125,2260.35009765625,2266.949951171875,2230.10009765625,2238.550048828125,3488395.0
2019-05-02,1811.41162109375,2215.39990234375,2259.39990234375,2211.10009765625,2255.0,2457699.0
2019-05-03,1743.220458984375,2132.0,2186.050048828125,2125.0,2185.0,3780886.0
2019-05-06,1764.3558349609375,2157.85009765625,2165.0,2108.5,2110.0,2891422.0
2019-05-07,1759.531982421875,2151.949951171875,2184.35009765625,2138.800048828125,2160.050048828125,2201698.0
2019-05-08,1760.2681884765625,2152.85009765625,2168.0,2130.39990234375,2151.0,1824895.0
2019-05-09,1776.3759765625,2172.550048828125,2184.10009765625,2136.10009765625,2145.0,2264162.0
2019-05-10,1746.327392578125,2135.800048828125,2192.0,2125.85009765625,2175.0,2039633.0
2019-05-13,1740.562744140625,2128.75,2167.0,2121.64990234375,2133.0,1701744.0
2019-05-14,1710.8001708984375,2092.35009765625,2159.800048828125,2072.35009765625,2135.0,2456110.0
2019-05-15,1713.2939453125,2095.39990234375,2124.0,2084.5,2097.0,2346876.0
2019-05-16,1724.2098388671875,2108.75,2124.0,2077.050048828125,2096.0,1946529.0
2019-05-17,1713.3349609375,2095.449951171875,2135.0,2090.0,2112.60009765625,1947908.0
2019-05-20,1752.9912109375,2143.949951171875,2151.39990234375,2050.0,2125.0,2625116.0
2019-05-21,1725.027587890625,2109.75,2148.699951171875,2102.550048828125,2148.050048828125,1863157.0
2019-05-22,1702.13330078125,2081.75,2121.949951171875,2075.0,2110.0,2595795.0
2019-05-23,1679.485107421875,2054.050048828125,2115.35009765625,2050.0,2098.0,2541294.0
2019-05-24,1674.5382080078125,2048.0,2070.0,2032.25,2070.0,2274208.0
2019-05-27,1680.384033203125,2055.14990234375,2068.949951171875,2040.0999755859375,2054.800048828125,2329820.0
2019-05-28,1695.592529296875,2073.75,2097.5,2045.0,2060.0,5872979.0
2019-05-29,1723.2293701171875,2107.550048828125,2123.699951171875,2077.10009765625,2080.0,3281320.0
2019-05-30,1754.91259765625,2146.300048828125,2156.550048828125,2114.39990234375,2123.0,4971725.0
2019-05-31,1795.999267578125,2196.550048828125,2204.949951171875,2152.25,2160.0,4265370.0
2019-06-03,1833.4061279296875,2242.300048828125,2247.64990234375,2185.64990234375,2201.0,3682419.0
2019-06-04,1799.4468994140625,2183.10009765625,2224.0,2175.0,2224.0,2408658.0
2019-06-06,1785.4345703125,2166.10009765625,2199.0,2152.0,2199.0,3735467.0
2019-06-07,1798.33447265625,2181.75,2189.800048828125,2142.10009765625,2174.0,2659446.0
2019-06-10,1839.3411865234375,2231.5,2235.85009765625,2185.5,2196.699951171875,2080593.0
2019-06-11,1856.8983154296875,2252.800048828125,2263.949951171875,2231.0,2237.0,3048937.0
2019-06-12,1863.57470703125,2260.89990234375,2266.89990234375,2219.0,2245.0,2404448.0
2019-06-13,1857.9700927734375,2254.10009765625,2285.0,2243.050048828125,2264.0,3320916.0
2019-06-14,1858.2998046875,2254.5,2263.10009765625,2234.0,2257.25,2131408.0
2019-06-17,1853.9306640625,2249.199951171875,2262.0,2241.449951171875,2256.0,1489497.0
2019-06-18,1855.2906494140625,2250.85009765625,2260.0,2231.199951171875,2244.0,1877447.0
2019-06-19,1862.75,2259.89990234375,2276.0,2243.14990234375,2255.0,1652817.0
2019-06-20,1877.6282958984375,2277.949951171875,2284.0,2212.0,2230.0,2199377.0
2019-06-21,1854.466552734375,2249.85009765625,2292.5,2242.0,2285.0,3871804.0
2019-06-24,1875.6090087890625,2275.5,2280.0,2250.800048828125,2254.14990234375,1382424.0
2019-06-25,1869.26220703125,2267.800048828125,2274.449951171875,2250.5,2270.0,1386077.0
2019-06-26,1858.0521240234375,2254.199951171875,2266.800048828125,2250.0,2265.0,1762224.0
2019-06-27,1856.6920166015625,2252.550048828125,2264.0,2241.300048828125,2255.0,2813464.0
2019-06-28,1835.796630859375,2227.199951171875,2261.949951171875,2222.5,2260.0,2372928.0
2019-07-01,1845.9765625,2239.550048828125,2255.0,2206.60009765625,2235.0,2769940.0
2019-07-02,1856.3211669921875,2252.10009765625,2257.0,2216.449951171875,2244.89990234375,1771746.0
2019-07-03,1844.41064453125,2237.64990234375,2258.800048828125,2232.0,2252.199951171875,1656881.0
2019-07-04,1848.53173828125,2242.64990234375,2252.0,2230.10009765625,2234.0,984140.0
2019-07-05,1782.9619140625,2163.10009765625,2250.0,2140.0,2247.0,4088470.0
2019-07-08,1793.1004638671875,2175.39990234375,2188.800048828125,2132.10009765625,2149.0,2788062.0
2019-07-09,1758.440185546875,2133.35009765625,2174.39990234375,2104.550048828125,2174.0,3977224.0
2019-07-10,1737.7095947265625,2108.199951171875,2127.85009765625,2071.300048828125,2080.0,6343581.0
2019-07-11,1733.052490234375,2102.550048828125,2129.0,2086.050048828125,2128.0,2400346.0
2019-07-12,1737.2154541015625,2107.60009765625,2119.75,2093.10009765625,2102.10009765625,1560725.0
2019-07-15,1768.6202392578125,2145.699951171875,2153.60009765625,2098.0,2125.0,2900415.0
2019-07-16,1739.95068359375,2106.0,2132.5,2100.0,2126.0,2735399.0
2019-07-17,1749.244873046875,2117.25,2125.0,2092.10009765625,2108.0,1802969.0
2019-07-18,1706.8623046875,2065.949951171875,2116.199951171875,2060.0,2116.199951171875,3072096.0
2019-07-19,1715.9498291015625,2076.949951171875,2097.0,2062.5,2077.0,1953177.0
2019-07-22,1743.172607421875,2109.89990234375,2117.449951171875,2068.800048828125,2077.0,1920167.0
2019-07-23,1745.27978515625,2112.449951171875,2130.0,2102.39990234375,2127.89990234375,3538588.0
2019-07-24,1732.35009765625,2096.800048828125,2120.800048828125,2076.5,2110.0,2413196.0
2019-07-25,1758.0443115234375,2127.89990234375,2135.0,2092.550048828125,2108.89990234375,2544464.0
2019-07-26,1742.470947265625,2109.050048828125,2129.800048828125,2095.0,2129.800048828125,1720592.0
2019-07-29,1759.7796630859375,2130.0,2142.0,2103.300048828125,2110.800048828125,1647090.0
2019-07-30,1800.38623046875,2179.14990234375,2185.0,2120.449951171875,2130.0,2851672.0
2019-07-31,1822.3216552734375,2205.699951171875,2211.699951171875,2147.14990234375,2171.75,3000677.0
2019-08-01,1801.1300048828125,2180.050048828125,2217.5,2166.25,2200.0,2375236.0
2019-08-02,1821.99072265625,2205.300048828125,2210.0,2165.5,2173.0,2500816.0
2019-08-05,1857.76513671875,2248.60009765625,2252.25,2195.60009765625,2199.89990234375,3039682.0
2019-08-06,1829.9228515625,2214.89990234375,2251.949951171875,2211.449951171875,2232.800048828125,2885467.0
2019-08-07,1828.7242431640625,2213.449951171875,2238.5,2207.25,2230.0,2165362.0
2019-08-08,1865.6141357421875,2258.10009765625,2281.0,2218.89990234375,2228.89990234375,2073298.0
2019-08-09,1855.82373046875,2246.25,2267.89990234375,2241.35009765625,2260.0,1744550.0
2019-08-13,1817.157958984375,2199.449951171875,2246.25,2194.300048828125,2245.0,1647281.0
2019-08-14,1821.247802734375,2204.39990234375,2217.85009765625,2167.39990234375,2181.10009765625,1945002.0
2019-08-16,1788.7786865234375,2165.10009765625,2241.39990234375,2143.25,2241.39990234375,3755507.0
2019-08-19,1787.0440673828125,2163.0,2186.0,2157.699951171875,2180.0,974884.0
2019-08-20,1806.66552734375,2186.75,2205.0,2166.5,2172.0,1843611.0
2019-08-21,1806.2113037109375,2186.199951171875,2202.0,2182.25,2184.949951171875,1214408.0
2019-08-22,1830.831298828125,2216.0,2235.64990234375,2170.0,2187.0,2131601.0
2019-08-23,1857.021484375,2247.699951171875,2259.89990234375,2213.89990234375,2214.949951171875,2826425.0
2019-08-26,1880.6510009765625,2276.300048828125,2282.0,2225.0,2247.0,2345475.0
2019-08-27,1847.7686767578125,2236.5,2274.85009765625,2229.0,2270.0,3432106.0
2019-08-28,1850.040771484375,2239.25,2252.14990234375,2216.0,2240.0,1294621.0
2019-08-29,1845.2481689453125,2233.449951171875,2248.199951171875,2222.199951171875,2222.199951171875,1670652.0
2019-08-30,1866.853271484375,2259.60009765625,2266.0,2218.0,2241.0,2583625.0
2019-09-03,1860.2435302734375,2251.60009765625,2296.199951171875,2236.949951171875,2270.0,2545060.0
2019-09-04,1855.12109375,2245.39990234375,2270.0,2233.0,2265.0,2228092.0
2019-09-05,1830.25341796875,2215.300048828125,2253.64990234375,2207.300048828125,2242.199951171875,2055943.0
2019-09-06,1815.5469970703125,2197.5,2233.5,2192.60009765625,2216.0,1890550.0
2019-09-09,1803.4439697265625,2182.85009765625,2202.85009765625,2179.800048828125,2200.0,1703945.0
2019-09-11,1779.607666015625,2154.0,2195.0,2146.550048828125,2186.0,2627440.0
2019-09-12,1762.7540283203125,2133.60009765625,2165.0,2120.35009765625,2155.0,2118859.0
2019-09-13,1769.6519775390625,2141.949951171875,2157.949951171875,2115.550048828125,2135.0,2291174.0
2019-09-16,1776.302734375,2150.0,2173.39990234375,2126.39990234375,2159.949951171875,2597948.0
2019-09-17,1753.70703125,2122.64990234375,2156.550048828125,2105.60009765625,2154.949951171875,2796530.0
2019-09-18,1766.8428955078125,2138.550048828125,2142.949951171875,2113.14990234375,2126.39990234375,1454663.0
2019-09-19,1736.6046142578125,2101.949951171875,2135.800048828125,2091.0,2135.0,1652691.0
2019-09-20,1706.4488525390625,2065.449951171875,2129.39990234375,2057.0,2104.89990234375,6941979.0
2019-09-23,1665.428955078125,2015.800048828125,2099.0,1975.0,2099.0,6323401.0
2019-09-24,1689.3056640625,2044.699951171875,2061.0,2013.0,2015.0,4620978.0
2019-09-25,1725.451171875,2088.449951171875,2092.0,2060.050048828125,2065.0,4002232.0
2019-09-26,1724.7490234375,2087.60009765625,2107.0,2063.0,2097.89990234375,4234281.0
2019-09-27,1698.7652587890625,2056.14990234375,2085.199951171875,2051.39990234375,2085.0,2046795.0
2019-09-30,1734.4154052734375,2099.300048828125,2104.0,2060.0,2061.85009765625,2620039.0
2019-10-01,1701.90478515625,2059.949951171875,2095.949951171875,2039.699951171875,2095.949951171875,3342877.0
2019-10-03,1702.1524658203125,2060.25,2081.14990234375,2046.1500244140625,2070.0,2317618.0
2019-10-04,1717.9327392578125,2079.35009765625,2087.949951171875,2054.949951171875,2060.60009765625,2163251.0
2019-10-07,1691.783935546875,2047.699951171875,2094.5,2041.0,2080.0,2177916.0
2019-10-09,1668.9815673828125,2020.0999755859375,2060.0,2015.5,2060.0,2066920.0
2019-10-10,1656.051513671875,2004.449951171875,2039.050048828125,1997.0999755859375,2028.0,2881452.0
2019-10-11,1641.5103759765625,1986.8499755859375,1995.0,1925.0,1931.0,12593069.0
2019-10-14,1669.724853515625,2021.0,2032.75,1968.0,1995.0,3510704.0
2019-10-15,1683.19140625,2037.300048828125,2047.0,2022.699951171875,2032.0,2261310.0
2019-10-16,1690.7099609375,2046.4000244140625,2056.0,2016.0,2038.0,3034082.0
2019-10-17,1715.6728515625,2030.949951171875,2038.0,1999.300048828125,2014.0,3818774.0
2019-10-18,1737.974365234375,2057.35009765625,2063.89990234375,2025.0,2037.5,3087901.0
2019-10-22,1732.9482421875,2051.39990234375,2111.5,2040.050048828125,2080.0,5552505.0
2019-10-23,1748.745361328125,2070.10009765625,2083.85009765625,2052.5,2060.0,2348134.0
2019-10-24,1758.7979736328125,2082.0,2099.0,2061.300048828125,2084.0,2798671.0
2019-10-25,1795.08056640625,2124.949951171875,2130.0,2075.050048828125,2094.0,3954245.0
2019-10-27,1787.2666015625,2115.699951171875,2129.0,2108.800048828125,2129.0,224405.0
2019-10-29,1854.129150390625,2194.85009765625,2201.699951171875,2121.5,2121.5,5064173.0
2019-10-30,1903.08349609375,2252.800048828125,2260.0,2176.85009765625,2225.0,5195136.0
2019-10-31,1917.31787109375,2269.64990234375,2284.949951171875,2237.0,2250.0,4879261.0
2019-11-01,1859.239990234375,2200.89990234375,2275.0,2195.0,2264.0,4172620.0
2019-11-04,1853.369384765625,2193.949951171875,2229.199951171875,2180.89990234375,2207.0,2646411.0
2019-11-05,1860.0430908203125,2201.85009765625,2211.0,2169.0,2197.0,2693475.0
2019-11-06,1848.765380859375,2188.5,2210.800048828125,2179.0,2200.0,2540719.0
2019-11-07,1846.1044921875,2185.35009765625,2204.5,2175.199951171875,2204.5,1915598.0
2019-11-08,1799.304443359375,2129.949951171875,2189.60009765625,2124.0,2189.60009765625,2788759.0
2019-11-11,1774.8062744140625,2100.949951171875,2139.0,2091.0,2135.0,2983768.0
2019-11-13,1840.40234375,2178.60009765625,2183.800048828125,2118.0,2118.0,3823365.0
2019-11-14,1855.77685546875,2196.800048828125,2200.0,2146.699951171875,2187.5,2995915.0
2019-11-15,1836.896484375,2174.449951171875,2211.5,2168.75,2196.0,2724180.0
2019-11-18,1818.4381103515625,2152.60009765625,2187.75,2148.75,2178.39990234375,1611089.0
2019-11-19,1781.4378662109375,2108.800048828125,2154.64990234375,2105.0,2153.0,2975313.0
2019-11-20,1781.226318359375,2108.550048828125,2135.0,2094.5,2121.949951171875,2894129.0
2019-11-21,1789.294189453125,2118.10009765625,2126.60009765625,2107.39990234375,2112.0,2052574.0
2019-11-22,1750.0966796875,2071.699951171875,2107.0,2060.5,2097.0,3742049.0
2019-11-25,1758.37548828125,2081.5,2084.949951171875,2052.199951171875,2074.550048828125,2737010.0
2019-11-26,1728.9354248046875,2046.6500244140625,2097.89990234375,2035.050048828125,2089.85009765625,6561580.0
2019-11-27,1735.3984375,2054.300048828125,2071.699951171875,2046.550048828125,2052.0,2907521.0
2019-11-28,1754.8695068359375,2077.35009765625,2094.39990234375,2060.0,2067.050048828125,2924429.0
2019-11-29,1734.51123046875,2053.25,2085.0,2045.800048828125,2085.0,2064271.0
2019-12-02,1707.3095703125,2021.050048828125,2067.699951171875,2016.0,2060.0,3809860.0
2019-12-03,1732.6104736328125,2051.0,2062.0,2010.0,2027.699951171875,4664774.0
2019-12-04,1755.8414306640625,2078.5,2082.0,2045.5,2053.0,3334301.0
2019-12-05,1791.9969482421875,2121.300048828125,2126.800048828125,2068.35009765625,2083.0,3902721.0
2019-12-06,1793.9400634765625,2123.60009765625,2128.0,2101.0,2124.0,1829461.0
2019-12-09,1740.5931396484375,2060.449951171875,2127.949951171875,2053.5,2127.949951171875,2244747.0
2019-12-10,1700.3824462890625,2012.8499755859375,2060.85009765625,2003.25,2060.0,4520045.0
2019-12-11,1724.9229736328125,2041.9000244140625,2048.0,2006.75,2025.4000244140625,4943024.0
2019-12-12,1707.1827392578125,2020.9000244140625,2083.64990234375,1984.0,2051.10009765625,7137306.0
2019-12-13,1749.716796875,2071.25,2077.39990234375,2007.0,2023.0,5711133.0
2019-12-16,1796.6015625,2126.75,2136.0,2080.300048828125,2096.0,5574177.0
2019-12-17,1828.87109375,2164.949951171875,2169.0,2119.0,2126.5,6059673.0
2019-12-18,1831.2362060546875,2167.75,2203.449951171875,2153.0,2174.0,8251081.0
2019-12-19,1883.020263671875,2229.050048828125,2236.5,2167.550048828125,2179.800048828125,6251505.0
2019-12-20,1877.824951171875,2222.89990234375,2246.699951171875,2208.25,2220.0,5548338.0
2019-12-23,1885.2593994140625,2231.699951171875,2241.949951171875,2210.0,2210.0,2247329.0
2019-12-24,1871.658935546875,2215.60009765625,2243.550048828125,2211.14990234375,2239.0,1805896.0
2019-12-26,1860.1268310546875,2201.949951171875,2229.0,2195.199951171875,2216.39990234375,1880367.0
2019-12-27,1857.2130126953125,2198.5,2226.39990234375,2176.0,2208.0,2720261.0
2019-12-30,1844.28759765625,2183.199951171875,2225.0,2177.10009765625,2207.0,2288830.0
2019-12-31,1826.1256103515625,2161.699951171875,2197.0,2157.449951171875,2189.0,1909289.0
2020-01-01,1831.110107421875,2167.60009765625,2183.89990234375,2154.0,2168.0,1354908.0
2020-01-02,1822.7044677734375,2157.64990234375,2179.949951171875,2149.199951171875,2179.949951171875,2380752.0
2020-01-03,1859.029052734375,2200.64990234375,2223.0,2164.0,2164.0,4655761.0
2020-01-06,1858.859619140625,2200.449951171875,2225.949951171875,2187.89990234375,2205.0,3023209.0
2020-01-07,1863.4219970703125,2205.85009765625,2214.64990234375,2183.800048828125,2200.5,2429317.0
2020-01-08,1905.1536865234375,2255.25,2260.0,2202.050048828125,2205.0,5197454.0
2020-01-09,1870.6024169921875,2214.35009765625,2251.949951171875,2210.0,2248.75,3734173.0
2020-01-10,1869.9267578125,2213.550048828125,2234.0,2208.0,2228.0,1915807.0
2020-01-13,1850.328125,2190.35009765625,2218.949951171875,2184.699951171875,2217.85009765625,2843893.0
2020-01-14,1864.3089599609375,2206.89990234375,2229.800048828125,2195.0,2195.0,2948452.0
2020-01-15,1881.2041015625,2226.89990234375,2231.0,2194.199951171875,2213.0,2620681.0
2020-01-16,1891.2567138671875,2238.800048828125,2249.0,2215.0,2226.949951171875,3117214.0
2020-01-17,1874.6156005859375,2219.10009765625,2253.550048828125,2213.0,2240.75,3281059.0
2020-01-20,1833.4332275390625,2170.35009765625,2242.199951171875,2156.199951171875,2194.89990234375,5817599.0
2020-01-21,1834.02392578125,2171.050048828125,2186.550048828125,2158.050048828125,2169.949951171875,1902980.0
2020-01-22,1864.3089599609375,2206.89990234375,2210.0,2173.699951171875,2181.0,1773686.0
2020-01-23,1855.03759765625,2190.949951171875,2217.75,2183.699951171875,2209.800048828125,2069866.0
2020-01-24,1848.6453857421875,2183.39990234375,2190.949951171875,2170.0,2190.949951171875,1319430.0
2020-01-27,1836.664794921875,2169.25,2193.449951171875,2165.0,2189.699951171875,1549101.0
2020-01-28,1848.94140625,2183.75,2187.800048828125,2152.0,2174.0,1743024.0
2020-01-29,1824.2615966796875,2154.60009765625,2186.949951171875,2150.0,2185.0,2306761.0
2020-01-30,1810.0794677734375,2137.85009765625,2165.0,2125.0,2160.0,2098567.0
2020-01-31,1760.2940673828125,2079.050048828125,2144.35009765625,2071.60009765625,2139.39990234375,3287223.0
2020-02-03,1780.148681640625,2102.5,2194.699951171875,2093.199951171875,2152.0,4728073.0
2020-02-04,1784.593994140625,2107.75,2136.699951171875,2086.60009765625,2129.0,3509339.0
2020-02-05,1817.4451904296875,2146.550048828125,2156.699951171875,2104.300048828125,2115.0,2439322.0
2020-02-06,1802.035400390625,2128.35009765625,2174.199951171875,2115.5,2145.0,2640065.0
2020-02-07,1808.9786376953125,2136.550048828125,2151.0,2119.0,2139.0,2083442.0
2020-02-10,1830.4840087890625,2161.949951171875,2167.0,2119.0,2140.89990234375,2383032.0
2020-02-11,1823.2451171875,2153.39990234375,2174.800048828125,2147.60009765625,2163.0,1335820.0
2020-02-12,1837.9349365234375,2170.75,2185.0,2150.0,2151.10009765625,1620407.0
2020-02-13,1855.884521484375,2191.949951171875,2197.0,2171.0,2172.949951171875,1645948.0
2020-02-14,1849.3228759765625,2184.199951171875,2212.0,2171.0,2188.0,1500115.0
2020-02-17,1865.451904296875,2203.25,2217.0,2190.199951171875,2196.949951171875,1774724.0
2020-02-18,1876.035400390625,2215.75,2221.0,2186.050048828125,2199.949951171875,2486223.0
2020-02-19,1859.60986328125,2196.35009765625,2230.0,2190.5,2215.75,1760463.0
2020-02-20,1826.1236572265625,2156.800048828125,2214.39990234375,2151.25,2204.5,2317278.0
2020-02-24,1791.028564453125,2115.35009765625,2178.949951171875,2106.699951171875,2156.0,3092877.0
2020-02-25,1825.5733642578125,2156.14990234375,2176.64990234375,2111.0,2115.5,2674567.0
2020-02-26,1798.0137939453125,2123.60009765625,2163.89990234375,2112.949951171875,2154.0,2686842.0
2020-02-27,1782.68896484375,2105.5,2119.949951171875,2086.199951171875,2119.949951171875,2349001.0
2020-02-28,1693.4912109375,2000.1500244140625,2069.5,1990.0,2068.0,4298076.0
2020-03-02,1694.464599609375,2001.300048828125,2053.949951171875,1985.699951171875,2035.0,2667076.0
2020-03-03,1724.013671875,2036.199951171875,2060.0,2012.0,2020.0,2757585.0
2020-03-04,1763.8076171875,2083.199951171875,2094.449951171875,2025.0,2056.0,3237002.0
2020-03-05,1799.2415771484375,2125.050048828125,2147.75,2084.050048828125,2085.699951171875,3937056.0
2020-03-06,1791.9600830078125,2116.449951171875,2123.64990234375,2071.60009765625,2098.0,2595027.0
2020-03-09,1669.953125,1972.3499755859375,2079.89990234375,1935.0,2075.0,4940975.0
2020-03-11,1654.16259765625,1953.699951171875,1987.300048828125,1920.0,1933.0,6796449.0
2020-03-12,1498.500244140625,1769.8499755859375,1908.4000244140625,1758.3499755859375,1904.0,8728786.0
2020-03-13,1529.3614501953125,1806.300048828125,1820.0,1506.050048828125,1687.9000244140625,8029720.0
2020-03-16,1436.311279296875,1696.4000244140625,1842.25,1675.8499755859375,1755.0,7844271.0
2020-03-17,1403.798583984375,1658.0,1731.0,1623.1500244140625,1730.0,5713248.0
2020-03-18,1400.750732421875,1654.4000244140625,1713.550048828125,1627.75,1676.800048828125,7258778.0
2020-03-19,1395.5908203125,1636.3499755859375,1685.449951171875,1546.75,1559.699951171875,5135111.0
2020-03-20,1532.987548828125,1797.449951171875,1869.0,1627.0,1630.0,8547498.0
2020-03-23,1424.03369140625,1669.699951171875,1750.0,1617.75,1620.0,7003490.0
2020-03-24,1452.562255859375,1703.1500244140625,1770.0,1632.8499755859375,1653.050048828125,6350865.0
2020-03-25,1492.775390625,1750.300048828125,1810.0,1680.0,1700.0,2765520.0
2020-03-26,1527.444091796875,1790.949951171875,1832.050048828125,1722.550048828125,1831.5999755859375,4556067.0
2020-03-27,1556.05810546875,1824.5,1850.0,1750.4000244140625,1820.0,4331250.0
2020-03-30,1516.8262939453125,1778.5,1905.0,1763.550048828125,1766.0,8513547.0
2020-03-31,1557.4224853515625,1826.0999755859375,1855.0,1780.0,1837.4000244140625,3927593.0
2020-04-01,1457.338134765625,1708.75,1834.75,1702.0,1825.9000244140625,4941878.0
2020-04-03,1410.8145751953125,1654.199951171875,1740.0,1650.0,1740.0,5735369.0
2020-04-07,1514.01123046875,1775.199951171875,1785.8499755859375,1705.0,1710.0,5427577.0
2020-04-08,1454.5238037109375,1705.449951171875,1806.0,1701.0,1760.0,6285615.0
2020-04-09,1506.29296875,1766.1500244140625,1778.800048828125,1731.199951171875,1750.449951171875,5307397.0
2020-04-13,1500.4083251953125,1759.25,1787.0,1746.0,1761.0,2990438.0
2020-04-15,1479.8544921875,1735.1500244140625,1812.0,1727.800048828125,1785.0,4761399.0
2020-04-16,1463.5643310546875,1716.050048828125,1764.9000244140625,1675.050048828125,1709.949951171875,6245533.0
2020-04-17,1540.4501953125,1806.199951171875,1851.949951171875,1753.0,1800.0,9895823.0
2020-04-20,1551.0687255859375,1818.6500244140625,1830.0,1802.5,1830.0,3244282.0
2020-04-21,1481.9864501953125,1737.6500244140625,1794.5999755859375,1727.699951171875,1765.0,5122541.0
2020-04-22,1509.150390625,1769.5,1790.0,1719.1500244140625,1737.6500244140625,3829836.0
2020-04-23,1601.8997802734375,1878.25,1900.0,1760.8499755859375,1780.0,5934366.0
2020-04-24,1550.983154296875,1818.550048828125,1851.949951171875,1807.800048828125,1840.699951171875,2987102.0
2020-04-27,1566.3775634765625,1836.5999755859375,1875.0,1825.0,1832.300048828125,3374741.0
2020-04-28,1585.5247802734375,1859.050048828125,1868.0,1832.5999755859375,1865.0,2678505.0
2020-04-29,1625.268310546875,1905.6500244140625,1912.550048828125,1850.050048828125,1874.0,4241510.0
2020-04-30,1718.0599365234375,2014.449951171875,2032.0,1942.199951171875,1980.0,5915544.0
2020-05-04,1646.4189453125,1930.449951171875,1966.0,1913.6500244140625,1966.0,3729348.0
2020-05-05,1648.380859375,1932.75,1977.0,1927.0,1955.0999755859375,2905528.0
2020-05-06,1623.5198974609375,1903.5999755859375,1953.699951171875,1893.5999755859375,1939.800048828125,3517431.0
2020-05-07,1613.328369140625,1891.6500244140625,1934.449951171875,1883.3499755859375,1910.0,3166754.0
2020-05-08,1614.8206787109375,1893.4000244140625,1939.5,1886.25,1939.0999755859375,2686530.0
2020-05-11,1650.5556640625,1935.300048828125,1951.4000244140625,1909.0,1909.0,2449841.0
2020-05-12,1662.666259765625,1949.5,1956.5,1910.25,1933.4000244140625,3256595.0
2020-05-13,1662.7945556640625,1949.6500244140625,1994.0,1925.6500244140625,1994.0,2656665.0
2020-05-14,1622.45361328125,1902.3499755859375,1923.0999755859375,1891.0999755859375,1910.0,2263146.0
2020-05-15,1614.39404296875,1892.9000244140625,1917.4000244140625,1865.199951171875,1916.0,3173682.0
2020-05-18,1659.3402099609375,1945.5999755859375,1952.949951171875,1872.0999755859375,1907.0,3727694.0
2020-05-19,1661.94140625,1948.6500244140625,1966.449951171875,1903.0,1903.0,3198693.0
2020-05-20,1666.1629638671875,1953.5999755859375,1962.9000244140625,1931.699951171875,1950.0,2778505.0
2020-05-21,1698.231201171875,1991.199951171875,1998.0,1941.1500244140625,1946.0,3400908.0
2020-05-22,1723.092041015625,2020.3499755859375,2032.0,1961.25,1977.0999755859375,3663418.0
2020-05-26,1657.12255859375,1943.0,2024.0,1925.0,2015.0,4575317.0
2020-05-27,1710.2567138671875,2005.300048828125,2010.0,1941.25,1959.0,3482160.0
2020-05-28,1709.4036865234375,2004.300048828125,2014.0,1971.300048828125,1988.5,3475681.0
2020-05-29,1682.1544189453125,1972.3499755859375,2002.6500244140625,1962.4000244140625,1982.0,7237735.0
2020-06-01,1744.32861328125,2045.25,2060.0,1981.0999755859375,1990.0,3747773.0
2020-06-02,1745.9490966796875,2047.1500244140625,2081.0,2040.050048828125,2060.199951171875,2443886.0
2020-06-03,1750.225830078125,2046.1500244140625,2063.75,2020.0,2051.85009765625,3699799.0
2020-06-04,1789.06005859375,2091.550048828125,2100.0,2046.75,2046.75,4048593.0
2020-06-05,1752.0218505859375,2048.25,2098.0,2040.300048828125,2091.60009765625,3573289.0
2020-06-08,1772.1231689453125,2071.75,2095.0,2062.10009765625,2078.25,2957841.0
2020-06-09,1772.3798828125,2072.050048828125,2095.5,2060.25,2063.10009765625,2909439.0
2020-06-10,1803.772216796875,2108.75,2132.0,2073.5,2077.050048828125,5168397.0
2020-06-11,1768.61669921875,2067.64990234375,2105.0,2061.800048828125,2100.0,2269513.0
2020-06-12,1744.5380859375,2039.5,2049.199951171875,2011.0,2011.199951171875,2842642.0
2020-06-15,1736.325927734375,2029.9000244140625,2059.0,2000.949951171875,2039.0999755859375,2399022.0
2020-06-16,1749.9268798828125,2045.800048828125,2073.949951171875,2031.0,2065.0,2146528.0
2020-06-17,1751.6373291015625,2047.800048828125,2058.85009765625,2026.550048828125,2046.0,2703527.0
2020-06-18,1743.3399658203125,2038.0999755859375,2059.199951171875,2025.199951171875,2045.0,1944389.0
2020-06-19,1748.900146484375,2044.5999755859375,2090.0,2032.0,2042.0,5681758.0
2020-06-22,1734.657958984375,2027.949951171875,2052.25,2019.1500244140625,2050.0,3196138.0
2020-06-23,1740.9454345703125,2035.300048828125,2044.0,2010.0,2027.0,4205944.0
2020-06-24,1746.8468017578125,2042.199951171875,2064.25,2031.5999755859375,2034.0,2560937.0
2020-06-25,1724.5216064453125,2016.0999755859375,2060.0,2009.25,2035.0,3043931.0
2020-06-26,1812.411865234375,2118.85009765625,2132.0,2019.949951171875,2025.0,6300722.0
2020-06-29,1797.6988525390625,2101.64990234375,2127.60009765625,2091.300048828125,2108.0,3076341.0
2020-06-30,1781.018798828125,2082.14990234375,2111.89990234375,2075.050048828125,2100.0,3071725.0
2020-07-01,1789.4876708984375,2092.050048828125,2113.949951171875,2079.5,2079.699951171875,2503466.0
2020-07-02,1845.172607421875,2157.14990234375,2165.0,2098.0,2102.0,3758699.0
2020-07-03,1881.526123046875,2199.64990234375,2205.0,2160.25,2163.64990234375,4185208.0
2020-07-06,1935.88525390625,2263.199951171875,2269.89990234375,2205.0,2205.0,5190366.0
2020-07-07,1941.61572265625,2269.89990234375,2302.699951171875,2232.14990234375,2275.0,5630055.0
2020-07-08,1897.9913330078125,2218.89990234375,2274.39990234375,2207.60009765625,2270.0,2793358.0
2020-07-09,1885.546630859375,2204.35009765625,2244.5,2191.050048828125,2229.0,3443998.0
2020-07-10,1900.9429931640625,2222.35009765625,2249.85009765625,2176.0,2205.25,9610320.0
2020-07-13,1898.9324951171875,2220.0,2244.949951171875,2210.0,2220.0,2963503.0
2020-07-14,1857.831787109375,2171.949951171875,2239.0,2165.0,2210.0,2976738.0
2020-07-15,1910.8223876953125,2233.89990234375,2260.0,2181.10009765625,2185.0,5569321.0
2020-07-16,1915.8372802734375,2234.75,2333.0,2220.10009765625,2244.0,8582118.0
2020-07-17,1886.6898193359375,2200.75,2243.89990234375,2190.050048828125,2237.0,4509135.0
2020-07-20,1892.8192138671875,2207.89990234375,2226.89990234375,2190.800048828125,2201.0,2952646.0
2020-07-21,1907.5216064453125,2225.050048828125,2238.64990234375,2201.14990234375,2230.0,2665286.0
2020-07-22,1878.2882080078125,2190.949951171875,2231.0,2184.199951171875,2231.0,2861534.0
2020-07-23,1861.3565673828125,2171.199951171875,2190.949951171875,2163.0,2190.949951171875,2265766.0
2020-07-24,1849.5255126953125,2157.39990234375,2163.0,2125.10009765625,2154.5,3665100.0
2020-07-27,1891.8765869140625,2206.800048828125,2215.0,2163.5,2165.0,4248480.0
2020-07-28,1980.134765625,2309.75,2320.0,2215.0,2215.0,8092319.0
2020-07-29,1951.244140625,2276.050048828125,2342.0,2246.050048828125,2292.0,6090431.0
2020-07-30,1954.201416015625,2279.5,2358.0,2272.25,2285.89990234375,7098496.0
2020-07-31,1955.8299560546875,2281.39990234375,2334.800048828125,2257.449951171875,2303.14990234375,4723290.0
2020-08-03,1932.4693603515625,2254.14990234375,2303.85009765625,2230.699951171875,2290.449951171875,4012337.0
2020-08-04,1928.654052734375,2249.699951171875,2269.64990234375,2225.050048828125,2259.949951171875,2927928.0
2020-08-05,1937.055908203125,2259.5,2300.0,2253.0,2260.0,3800641.0
2020-08-06,1978.72021484375,2308.10009765625,2319.5,2265.35009765625,2275.0,4748047.0
2020-08-07,1967.789794921875,2295.35009765625,2328.0,2287.0,2308.0,3165491.0
2020-08-10,1957.03076171875,2282.800048828125,2325.0,2276.050048828125,2318.0,2929353.0
2020-08-11,1954.5443115234375,2279.89990234375,2312.0,2275.60009765625,2283.0,2774423.0
2020-08-12,1935.212890625,2257.35009765625,2296.39990234375,2246.550048828125,2288.35009765625,3415751.0
2020-08-13,1932.7266845703125,2254.449951171875,2300.0,2250.5,2273.0,2695682.0
2020-08-14,1922.181640625,2242.14990234375,2281.300048828125,2233.10009765625,2277.0,2270405.0
2020-08-17,1931.826171875,2253.39990234375,2270.0,2238.25,2263.0,2625630.0
2020-08-18,1945.842529296875,2269.75,2289.0,2248.300048828125,2262.800048828125,3493374.0
2020-08-19,1934.569580078125,2256.60009765625,2284.60009765625,2252.5,2276.35009765625,2843005.0
2020-08-20,1931.3551025390625,2252.85009765625,2276.550048828125,2240.050048828125,2257.0,2895164.0
2020-08-21,1927.7110595703125,2248.60009765625,2271.0,2241.050048828125,2260.0,1975294.0
2020-08-24,1927.2823486328125,2248.10009765625,2259.949951171875,2230.0,2250.60009765625,2167966.0
2020-08-25,1922.610107421875,2242.64990234375,2250.0,2233.550048828125,2245.0,1663419.0
2020-08-26,1931.912109375,2253.5,2259.89990234375,2216.449951171875,2242.0,2618149.0
2020-08-27,1927.5396728515625,2248.39990234375,2287.35009765625,2241.75,2266.0,3579393.0
2020-08-28,1919.0955810546875,2238.550048828125,2279.949951171875,2235.10009765625,2268.39990234375,2941136.0
2020-08-31,1935.1270751953125,2257.25,2276.199951171875,2228.0,2240.0,6018154.0
2020-09-01,1925.782470703125,2246.35009765625,2278.0,2241.300048828125,2269.0,3610908.0
2020-09-02,1941.8990478515625,2265.14990234375,2268.75,2241.64990234375,2247.0,2084137.0
2020-09-03,1971.347412109375,2299.5,2324.0,2268.0,2268.0,4654146.0
2020-09-04,1962.174560546875,2288.800048828125,2324.25,2262.949951171875,2275.0,5231303.0
2020-09-07,1994.9659423828125,2327.050048828125,2343.5,2283.35009765625,2289.0,4620401.0
2020-09-08,2013.097900390625,2348.199951171875,2390.449951171875,2327.050048828125,2335.949951171875,7453998.0
2020-09-09,1995.4801025390625,2327.64990234375,2359.0,2320.0,2325.0,3866535.0
2020-09-10,1998.4803466796875,2331.14990234375,2348.5,2324.300048828125,2335.0,2308813.0
2020-09-11,2035.302001953125,2374.10009765625,2383.0,2330.14990234375,2330.949951171875,4145424.0
2020-09-14,2135.861328125,2491.39990234375,2505.75,2381.85009765625,2384.10009765625,7512131.0
2020-09-15,2135.861328125,2491.39990234375,2538.0,2464.60009765625,2491.39990234375,7318770.0
2020-09-16,2145.806396484375,2503.0,2507.60009765625,2477.300048828125,2488.949951171875,3074003.0
2020-09-17,2109.75732421875,2460.949951171875,2495.75,2450.60009765625,2480.0,4828176.0
2020-09-18,2100.284423828125,2449.89990234375,2500.39990234375,2436.39990234375,2485.0,4183256.0
2020-09-21,2113.48681640625,2465.300048828125,2504.89990234375,2452.14990234375,2465.0,4598809.0
2020-09-22,2162.909912109375,2522.949951171875,2555.0,2458.0,2485.0,7499613.0
2020-09-23,2115.329833984375,2467.449951171875,2519.85009765625,2409.0,2510.0,7502280.0
2020-09-24,1999.4237060546875,2332.25,2450.0,2302.60009765625,2450.0,8424708.0
2020-09-25,2076.623291015625,2422.300048828125,2440.0,2352.10009765625,2368.0,8228267.0
2020-09-28,2080.052490234375,2426.300048828125,2444.0,2366.0,2440.0,4347166.0
2020-09-29,2133.2900390625,2488.39990234375,2511.050048828125,2426.300048828125,2434.85009765625,6995811.0
2020-09-30,2136.633544921875,2492.300048828125,2505.0,2460.0,2489.0,3917166.0
2020-10-01,2163.33837890625,2523.449951171875,2540.0,2492.300048828125,2510.0,2610337.0
2020-10-05,2319.665283203125,2705.800048828125,2728.10009765625,2603.050048828125,2620.0,17412105.0
2020-10-06,2326.95263671875,2714.300048828125,2736.0,2650.10009765625,2736.0,9846367.0
2020-10-07,2345.513427734375,2735.949951171875,2770.0,2703.0,2742.0,9656101.0
2020-10-08,2422.455078125,2825.699951171875,2885.0,2800.0,2800.0,19839329.0
2020-10-09,2411.52490234375,2812.949951171875,2829.85009765625,2780.0,2810.0,7739245.0
2020-10-12,2426.1416015625,2830.0,2854.0,2800.75,2815.5,4623203.0
2020-10-13,2423.18408203125,2826.550048828125,2854.89990234375,2812.199951171875,2845.0,4209878.0
2020-10-14,2418.9228515625,2809.60009765625,2842.0,2787.550048828125,2842.0,4395936.0
2020-10-15,2359.517333984375,2740.60009765625,2827.75,2727.0,2811.0,6629355.0
2020-10-16,2379.060302734375,2763.300048828125,2771.64990234375,2731.300048828125,2750.10009765625,5273773.0
2020-10-19,2334.507080078125,2711.550048828125,2774.0,2706.60009765625,2774.0,3331194.0
2020-10-20,2358.13916015625,2739.0,2759.89990234375,2717.949951171875,2725.0,3406273.0
2020-10-21,2303.3828125,2675.39990234375,2749.0,2663.050048828125,2739.0,4570143.0
2020-10-22,2299.72412109375,2671.14990234375,2686.64990234375,2638.10009765625,2661.0,5262294.0
2020-10-23,2313.1982421875,2686.800048828125,2702.0,2670.10009765625,2687.800048828125,3499091.0
2020-10-26,2314.4033203125,2688.199951171875,2709.949951171875,2670.5,2689.949951171875,2672752.0
2020-10-27,2264.425048828125,2630.14990234375,2718.14990234375,2624.10009765625,2699.75,3537502.0
2020-10-28,2257.581787109375,2622.199951171875,2655.949951171875,2606.0,2650.0,3569445.0
2020-10-29,2266.57763671875,2632.64990234375,2655.0,2600.25,2608.0,3105968.0
2020-10-30,2294.30078125,2664.85009765625,2674.35009765625,2621.60009765625,2636.10009765625,3427003.0
2020-11-02,2242.427978515625,2604.60009765625,2664.85009765625,2600.050048828125,2660.0,2571196.0
2020-11-03,2267.3955078125,2633.60009765625,2665.0,2601.050048828125,2604.0,2879269.0
2020-11-04,2284.226318359375,2653.14990234375,2721.85009765625,2610.0,2610.0,4893928.0
2020-11-05,2312.250732421875,2685.699951171875,2710.0,2667.0,2685.0,2816502.0
2020-11-06,2330.976318359375,2707.449951171875,2713.25,2681.300048828125,2699.0,3884421.0
2020-11-09,2347.463623046875,2726.60009765625,2744.0,2695.10009765625,2731.10009765625,3646592.0
2020-11-10,2281.170654296875,2649.60009765625,2713.14990234375,2638.35009765625,2697.199951171875,4760020.0
2020-11-11,2314.058837890625,2687.800048828125,2692.800048828125,2643.39990234375,2667.949951171875,3242441.0
2020-11-12,2299.63818359375,2671.050048828125,2713.0,2661.75,2686.0,2437505.0
2020-11-13,2287.412841796875,2656.85009765625,2664.89990234375,2636.0,2655.75,2548093.0
2020-11-14,2299.03564453125,2670.35009765625,2689.0,2660.050048828125,2677.949951171875,298819.0
2020-11-17,2295.33349609375,2666.050048828125,2695.0,2650.050048828125,2695.0,2827273.0
2020-11-18,2261.411865234375,2626.64990234375,2664.199951171875,2607.050048828125,2661.0,2893762.0
2020-11-19,2270.236328125,2636.89990234375,2676.14990234375,2630.85009765625,2637.0,4167501.0
2020-11-20,2290.33935546875,2660.25,2676.0,2627.550048828125,2655.0,2711471.0
2020-11-23,2345.4404296875,2724.25,2730.0,2665.0,2690.0,3706418.0
2020-11-24,2343.54638671875,2722.050048828125,2743.0,2705.0,2734.39990234375,3120516.0
2020-11-25,2325.681640625,2701.300048828125,2732.949951171875,2688.199951171875,2729.0,3302249.0
2020-11-26,2342.29833984375,2720.60009765625,2730.949951171875,2680.0,2686.0,2341099.0
2020-11-27,2307.0419921875,2679.64990234375,2717.699951171875,2669.050048828125,2705.0,6086808.0
2020-12-01,2347.636474609375,2726.800048828125,2735.89990234375,2624.449951171875,2679.0,3605017.0
2020-12-02,2367.22265625,2749.550048828125,2754.699951171875,2702.449951171875,2719.0,2509032.0
2020-12-03,2332.697998046875,2709.449951171875,2773.89990234375,2700.800048828125,2773.89990234375,2852548.0
2020-12-04,2348.281982421875,2727.550048828125,2738.85009765625,2699.0,2710.800048828125,2686527.0
2020-12-07,2357.02001953125,2737.699951171875,2744.0,2706.14990234375,2715.0,1996400.0
2020-12-08,2408.333251953125,2797.300048828125,2805.550048828125,2732.449951171875,2740.0,4277818.0
2020-12-09,2419.955810546875,2810.800048828125,2840.0,2793.14990234375,2815.0,3659996.0
2020-12-10,2397.14013671875,2784.300048828125,2827.300048828125,2780.25,2818.0,2127801.0
2020-12-11,2396.5380859375,2783.60009765625,2807.699951171875,2764.550048828125,2792.699951171875,1795408.0
2020-12-14,2408.67724609375,2797.699951171875,2804.0,2756.25,2802.0,2483658.0
2020-12-15,2377.553955078125,2761.550048828125,2794.699951171875,2755.0,2786.0,2365509.0
2020-12-16,2422.883056640625,2814.199951171875,2819.800048828125,2760.449951171875,2779.0,2565149.0
2020-12-17,2443.545166015625,2838.199951171875,2853.699951171875,2805.0,2811.0,2863460.0
2020-12-18,2463.17578125,2861.0,2898.0,2846.199951171875,2868.0,6076692.0
2020-12-21,2428.00537109375,2820.14990234375,2886.5,2785.0,2861.0,2705195.0
2020-12-22,2473.07666015625,2872.5,2883.64990234375,2818.64990234375,2834.0,2881737.0
2020-12-23,2504.28515625,2908.75,2919.0,2865.449951171875,2876.050048828125,2790988.0
2020-12-24,2504.80224609375,2909.35009765625,2921.35009765625,2883.199951171875,2909.0,1807144.0
2020-12-28,2522.064453125,2929.39990234375,2949.699951171875,2902.0,2910.0,2108994.0
2020-12-29,2523.011474609375,2930.5,2952.0,2920.0,2920.0,1994151.0
2020-12-30,2504.7587890625,2909.300048828125,2947.699951171875,2902.0,2934.39990234375,2637968.0
2020-12-31,2464.68212890625,2862.75,2905.0,2845.0,2900.0,4040956.0
2021-01-01,2521.073974609375,2928.25,2940.0,2879.0,2880.0,2681440.0
2021-01-04,2616.811279296875,3039.449951171875,3050.75,2940.949951171875,2950.0,5113293.0
2021-01-05,2662.91552734375,3093.0,3114.25,3039.60009765625,3039.60009765625,5801309.0
2021-01-06,2627.185791015625,3051.5,3113.5,3037.199951171875,3100.0,3726716.0
2021-01-07,2611.086669921875,3032.800048828125,3080.85009765625,3000.25,3075.0,3717827.0
2021-01-08,2686.93603515625,3120.89990234375,3128.0,3060.0,3090.0,5879039.0
2021-01-11,2734.761962890625,3176.449951171875,3230.0,3146.550048828125,3230.0,9508039.0
2021-01-12,2733.384765625,3174.85009765625,3210.0,3150.0,3176.449951171875,3611458.0
2021-01-13,2719.6943359375,3158.949951171875,3177.0,3126.25,3175.0,3572801.0
2021-01-14,2804.012451171875,3250.699951171875,3266.5,3120.39990234375,3155.0,6931542.0
2021-01-15,2789.047119140625,3233.35009765625,3274.0,3210.0,3235.0,4131692.0
2021-01-18,2779.041015625,3221.75,3256.75,3187.39990234375,3250.0,4160906.0
2021-01-19,2812.638671875,3260.699951171875,3279.0,3232.0,3233.0,2975735.0
2021-01-20,2854.12939453125,3308.800048828125,3327.949951171875,3267.10009765625,3270.0,3453446.0
2021-01-21,2823.982177734375,3273.85009765625,3309.14990234375,3262.10009765625,3305.0,2778546.0
2021-01-22,2849.212890625,3303.10009765625,3325.0,3241.89990234375,3241.89990234375,3052459.0
2021-01-25,2839.034423828125,3291.300048828125,3339.800048828125,3278.64990234375,3308.949951171875,2272887.0
2021-01-27,2812.940673828125,3261.050048828125,3306.449951171875,3227.0,3300.0,2786662.0
2021-01-28,2757.30419921875,3196.550048828125,3275.0,3183.800048828125,3230.0,3083938.0
2021-01-29,2683.8115234375,3111.35009765625,3216.85009765625,3100.0,3210.050048828125,5445659.0
2021-02-01,2707.96435546875,3139.35009765625,3165.0,3044.10009765625,3100.0,3985846.0
2021-02-02,2763.256103515625,3203.449951171875,3224.0,3150.0,3174.0,2881837.0
2021-02-03,2760.32275390625,3200.050048828125,3236.0,3162.64990234375,3213.0,2505866.0
2021-02-04,2750.31689453125,3188.449951171875,3237.85009765625,3176.0,3216.050048828125,2057261.0
2021-02-05,2724.007568359375,3157.949951171875,3205.85009765625,3129.0,3198.949951171875,2366135.0
2021-02-08,2772.4423828125,3214.10009765625,3226.0,3155.14990234375,3189.5,2526592.0
2021-02-09,2740.35400390625,3176.89990234375,3245.800048828125,3164.0,3195.0,2658751.0
2021-02-10,2771.7529296875,3213.300048828125,3219.39990234375,3157.300048828125,3185.0,2127983.0
2021-02-11,2765.45556640625,3206.0,3219.300048828125,3185.050048828125,3215.0,1165882.0
2021-02-12,2752.343994140625,3190.800048828125,3245.5,3182.0,3184.199951171875,2777404.0
2021-02-15,2708.395751953125,3139.85009765625,3209.0,3131.550048828125,3209.0,2630853.0
2021-02-16,2681.611572265625,3108.800048828125,3167.64990234375,3100.0,3150.0,3435770.0
2021-02-17,2650.8173828125,3073.10009765625,3132.85009765625,3045.550048828125,3105.10009765625,3678426.0
2021-02-18,2637.2314453125,3057.35009765625,3097.89990234375,3031.0,3065.0,4189909.0
2021-02-19,2649.739501953125,3071.85009765625,3087.14990234375,3016.14990234375,3058.0,3725028.0
2021-02-22,2551.92138671875,2958.449951171875,3096.0,2943.14990234375,3096.0,5366696.0
2021-02-23,2570.68310546875,2980.199951171875,3028.0,2968.0,2970.0,3832829.0
2021-02-24,2542.993896484375,2948.10009765625,3003.35009765625,2921.14990234375,2972.0,3774549.0
2021-02-25,2583.7080078125,2995.300048828125,3029.89990234375,2968.449951171875,2974.0,4224073.0
2021-02-26,2496.586669921875,2894.300048828125,2972.35009765625,2880.0,2960.0,5553153.0
2021-03-01,2522.378173828125,2924.199951171875,2965.0,2901.800048828125,2926.0,3265871.0
2021-03-02,2593.23974609375,3006.35009765625,3025.0,2948.0,2960.0,3306469.0
2021-03-03,2638.74072265625,3059.10009765625,3064.0,2996.89990234375,3035.0,3509857.0
2021-03-04,2630.6328125,3049.699951171875,3081.449951171875,3016.050048828125,3023.0,3916760.0
2021-03-05,2594.7060546875,3008.050048828125,3063.199951171875,2996.60009765625,3016.10009765625,3203686.0
2021-03-08,2593.75732421875,3006.949951171875,3033.0,2996.0,3016.0,2003125.0
2021-03-09,2631.711181640625,3050.949951171875,3066.89990234375,2992.10009765625,3006.949951171875,1942397.0
2021-03-10,2648.962890625,3070.949951171875,3093.199951171875,3060.0,3075.0,3053778.0
2021-03-12,2637.748779296875,3057.949951171875,3117.0,3041.35009765625,3075.0,2938317.0
2021-03-15,2644.82177734375,3066.14990234375,3099.0,3041.0,3041.0,3097083.0
2021-03-16,2682.68994140625,3110.050048828125,3141.0,3060.0,3060.0,4894756.0
2021-03-17,2685.19189453125,3112.949951171875,3155.0,3085.300048828125,3105.0,3838390.0
2021-03-18,2619.24658203125,3036.5,3146.449951171875,2987.050048828125,3125.949951171875,3656306.0
2021-03-19,2631.06396484375,3050.199951171875,3099.0,3005.0,3030.0,5776626.0
2021-03-22,2699.596923828125,3129.64990234375,3139.449951171875,3018.64990234375,3048.699951171875,2821646.0
2021-03-23,2710.767333984375,3142.60009765625,3169.0,3122.85009765625,3140.0,3305973.0
2021-03-24,2692.2216796875,3121.10009765625,3152.300048828125,3111.14990234375,3111.199951171875,2207104.0
2021-03-25,2643.700927734375,3064.85009765625,3130.85009765625,3050.0,3112.199951171875,3179786.0
2021-03-26,2645.383056640625,3066.800048828125,3118.0,3043.050048828125,3090.64990234375,3697370.0
2021-03-30,2724.526123046875,3158.550048828125,3188.449951171875,3060.89990234375,3083.0,4694008.0
2021-03-31,2741.174072265625,3177.85009765625,3205.0,3132.0,3155.0,3530069.0
2021-04-01,2730.08935546875,3165.0,3215.0,3145.0,3191.10009765625,4285076.0
2021-04-05,2793.834228515625,3238.89990234375,3263.0,3151.0,3171.0,5317862.0
2021-04-06,2816.08935546875,3264.699951171875,3275.0,3230.0,3275.0,2291562.0
2021-04-07,2821.8681640625,3271.39990234375,3277.550048828125,3234.800048828125,3259.0,2491268.0
2021-04-08,2861.50439453125,3317.35009765625,3335.0,3266.050048828125,3270.0,2578118.0
2021-04-09,2865.730712890625,3322.25,3354.35009765625,3308.0,3354.0,2911129.0
2021-04-12,2800.43310546875,3246.550048828125,3338.10009765625,3213.199951171875,3322.25,3791828.0
2021-04-13,2677.5146484375,3104.050048828125,3214.0,3073.050048828125,3214.0,8654596.0
2021-04-15,2776.6259765625,3218.949951171875,3237.25,3087.449951171875,3160.300048828125,6062760.0
2021-04-16,2756.095947265625,3195.14990234375,3247.0,3182.60009765625,3229.0,3224657.0
2021-04-19,2727.328369140625,3161.800048828125,3189.0,3135.10009765625,3169.0,2679106.0
2021-04-20,2712.44921875,3144.550048828125,3225.35009765625,3126.35009765625,3225.0,3141893.0
2021-04-22,2690.23779296875,3118.800048828125,3148.0,3105.25,3148.0,1988980.0
2021-04-23,2682.215576171875,3109.5,3119.0,3091.050048828125,3105.0,1615309.0
2021-04-26,2674.7109375,3100.800048828125,3153.0,3088.050048828125,3102.050048828125,2490260.0
2021-04-27,2701.623779296875,3132.0,3136.10009765625,3103.0,3106.0,1471417.0
2021-04-28,2694.8095703125,3124.10009765625,3151.0,3112.0,3149.949951171875,1639037.0
2021-04-29,2687.17529296875,3115.25,3157.35009765625,3105.5,3145.60009765625,1621395.0
2021-04-30,2618.513427734375,3035.64990234375,3132.050048828125,3020.0,3099.0,3072305.0
2021-05-03,2619.677978515625,3037.0,3055.0,3004.0,3024.89990234375,1545831.0
2021-05-04,2630.67626953125,3049.75,3090.0,3035.0,3062.800048828125,1990777.0
2021-05-05,2670.3115234375,3095.699951171875,3099.39990234375,3052.39990234375,3070.0,1939289.0
2021-05-06,2683.897216796875,3111.449951171875,3134.0,3074.0,3105.5,1791671.0
2021-05-07,2702.39990234375,3132.89990234375,3159.85009765625,3111.800048828125,3133.0,1912540.0
2021-05-10,2713.26904296875,3145.5,3164.199951171875,3125.0,3145.949951171875,2137153.0
2021-05-11,2693.515625,3122.60009765625,3128.10009765625,3091.14990234375,3125.0,2415625.0
2021-05-12,2663.32470703125,3087.60009765625,3120.0,3070.60009765625,3120.0,1978558.0
2021-05-14,2632.185302734375,3051.5,3098.5,3040.0,3098.5,2043935.0
2021-05-17,2647.927734375,3069.75,3075.199951171875,3036.0,3055.0,2890462.0
2021-05-18,2664.360107421875,3088.800048828125,3124.0,3078.0,3100.0,2098538.0
2021-05-19,2658.494873046875,3082.0,3118.0,3067.10009765625,3084.0,1986041.0
2021-05-20,2639.517333984375,3060.0,3088.800048828125,3052.10009765625,3067.10009765625,2329027.0
2021-05-21,2657.200927734375,3080.5,3088.199951171875,3055.10009765625,3061.0,1685566.0
2021-05-24,2658.0634765625,3081.5,3105.0,3072.0,3081.5,1652260.0
2021-05-25,2699.236572265625,3114.0,3128.25,3082.10009765625,3092.0,1841613.0
2021-05-26,2737.8095703125,3158.5,3165.0,3103.800048828125,3120.0,1923753.0
2021-05-27,2756.446044921875,3180.0,3217.75,3161.800048828125,3161.949951171875,5959785.0
2021-05-28,2724.894287109375,3143.60009765625,3198.0,3135.64990234375,3189.5,1763701.0
2021-05-31,2738.372314453125,3159.14990234375,3170.35009765625,3128.60009765625,3150.0,1652799.0
2021-06-01,2733.041748046875,3153.0,3169.949951171875,3132.0,3168.60009765625,1377441.0
2021-06-02,2712.628173828125,3129.449951171875,3159.449951171875,3115.0,3150.85009765625,2240078.0
2021-06-03,2722.857177734375,3141.25,3154.550048828125,3122.64990234375,3154.550048828125,1281706.0
2021-06-04,2725.024169921875,3143.75,3156.85009765625,3125.0,3128.0,1836060.0
2021-06-07,2759.21923828125,3183.199951171875,3190.449951171875,3133.60009765625,3145.0,2559821.0
2021-06-08,2773.912109375,3200.14990234375,3231.0,3187.199951171875,3198.0,2574057.0
2021-06-09,2773.998291015625,3200.25,3220.0,3186.199951171875,3202.0,1710925.0
2021-06-10,2788.34423828125,3216.800048828125,3224.0,3193.0,3210.0,1874324.0
2021-06-11,2837.75244140625,3273.800048828125,3309.0,3211.0,3211.550048828125,3452954.0
2021-06-14,2839.962158203125,3276.35009765625,3308.699951171875,3270.35009765625,3279.0,1847360.0
2021-06-15,2828.173828125,3262.75,3298.0,3251.550048828125,3298.0,1304985.0
2021-06-16,2838.2294921875,3274.35009765625,3294.699951171875,3253.0,3262.10009765625,1635552.0
2021-06-17,2875.8486328125,3317.75,3336.050048828125,3260.0,3265.5,2273413.0
2021-06-18,2858.12255859375,3297.300048828125,3358.0,3275.0,3350.89990234375,3380431.0
2021-06-21,2837.1455078125,3273.10009765625,3286.0,3251.699951171875,3265.0,1130569.0
2021-06-22,2861.502685546875,3301.199951171875,3327.050048828125,3285.0,3304.0,1708688.0
2021-06-23,2827.003662109375,3261.39990234375,3329.0,3256.39990234375,3329.0,1467104.0
2021-06-24,2924.259521484375,3373.60009765625,3383.0,3278.5,3284.0,4155204.0
2021-06-25,2930.500244140625,3380.800048828125,3399.64990234375,3350.0,3375.25,2722861.0
2021-06-28,2892.317626953125,3336.75,3391.5,3333.0,3391.5,1355238.0
2021-06-29,2895.871826171875,3340.85009765625,3366.300048828125,3326.5,3342.0,1497322.0
2021-06-30,2900.119140625,3345.75,3382.0,3338.5,3346.0,1693146.0
2021-07-01,2896.435546875,3341.5,3362.0,3332.35009765625,3358.0,990310.0
2021-07-02,2882.5224609375,3325.449951171875,3339.699951171875,3295.199951171875,3331.0,1682274.0
2021-07-05,2878.665771484375,3321.0,3374.0,3302.0,3342.0,1972858.0
2021-07-06,2827.783935546875,3262.300048828125,3328.0,3256.10009765625,3313.0,2159420.0
2021-07-07,2838.749267578125,3274.949951171875,3282.699951171875,3241.60009765625,3275.0,2640710.0
2021-07-08,2824.489990234375,3258.5,3298.0,3231.89990234375,3298.0,2485811.0
2021-07-09,2780.846435546875,3208.14990234375,3282.0,3201.0,3250.0,6365067.0
2021-07-12,2767.80029296875,3193.10009765625,3236.0,3188.35009765625,3235.0,1892226.0
2021-07-13,2762.98974609375,3187.550048828125,3214.0,3175.0,3214.0,1809339.0
2021-07-14,2786.393798828125,3214.550048828125,3222.0,3185.0,3187.0,2044279.0
2021-07-15,2782.39794921875,3202.949951171875,3231.85009765625,3194.0,3227.60009765625,2232968.0
2021-07-16,2775.31787109375,3194.800048828125,3219.85009765625,3192.0,3213.0,1256526.0
2021-07-19,2766.456787109375,3184.60009765625,3199.800048828125,3176.0,3180.0,1597058.0
2021-07-20,2784.873779296875,3205.800048828125,3215.0,3156.14990234375,3184.60009765625,1811945.0
2021-07-22,2794.038818359375,3216.35009765625,3224.949951171875,3190.0,3190.0,2859334.0
2021-07-23,2790.99853515625,3212.85009765625,3241.550048828125,3206.64990234375,3230.0,1776193.0
2021-07-26,2777.706787109375,3197.550048828125,3224.25,3190.85009765625,3200.0,1259611.0
2021-07-27,2765.023681640625,3182.949951171875,3210.0,3161.14990234375,3200.0,1121367.0
2021-07-28,2777.92431640625,3197.800048828125,3204.449951171875,3132.39990234375,3188.0,1660654.0
2021-07-29,2776.187255859375,3195.800048828125,3225.449951171875,3190.300048828125,3200.25,1731997.0
2021-07-30,2751.559814453125,3167.449951171875,3223.5,3162.35009765625,3219.0,2999943.0
2021-08-02,2796.688232421875,3219.39990234375,3224.89990234375,3167.0,3180.0,2608669.0
2021-08-03,2853.587646484375,3284.89990234375,3290.0,3218.949951171875,3229.0,3804735.0
2021-08-04,2844.07568359375,3273.949951171875,3305.199951171875,3261.199951171875,3300.0,2929598.0
2021-08-05,2852.761962890625,3283.949951171875,3315.0,3262.5,3275.0,2534521.0
2021-08-06,2875.218017578125,3309.800048828125,3324.0,3265.0,3272.550048828125,2292362.0
2021-08-09,2886.4248046875,3322.699951171875,3337.0,3310.0,3323.89990234375,1510489.0
2021-08-10,2896.153564453125,3333.89990234375,3349.89990234375,3315.60009765625,3315.60009765625,2040777.0
2021-08-11,2905.1015625,3344.199951171875,3360.0,3327.10009765625,3350.0,1929707.0
2021-08-12,2911.66064453125,3351.75,3368.0,3326.0,3326.0,1310205.0
2021-08-13,3008.64990234375,3463.39990234375,3480.0,3357.5,3360.75,4363584.0
2021-08-16,3016.9462890625,3472.949951171875,3494.35009765625,3436.5,3460.0,2083489.0
2021-08-17,3086.530029296875,3553.050048828125,3560.800048828125,3463.0,3482.10009765625,4336019.0
2021-08-18,3093.044189453125,3560.550048828125,3595.0,3536.60009765625,3573.85009765625,2631309.0
2021-08-20,3092.132568359375,3559.5,3575.0,3500.0,3506.0,2836148.0
2021-08-23,3159.803466796875,3637.39990234375,3673.0,3561.89990234375,3580.0,3744176.0
2021-08-24,3138.781494140625,3613.199951171875,3667.35009765625,3594.39990234375,3657.0,2511141.0
2021-08-25,3178.567626953125,3659.0,3697.75,3607.050048828125,3610.0,2123263.0
2021-08-26,3189.73046875,3671.85009765625,3687.60009765625,3647.89990234375,3660.0,1902533.0
2021-08-27,3231.6884765625,3720.14990234375,3729.5,3651.10009765625,3666.0,3944728.0
2021-08-30,3215.313720703125,3701.300048828125,3740.35009765625,3687.60009765625,3715.0,2033114.0
2021-08-31,3289.283447265625,3786.449951171875,3804.10009765625,3703.449951171875,3709.39990234375,3207480.0
2021-09-01,3227.171142578125,3714.949951171875,3816.699951171875,3707.0,3796.0,2643336.0
2021-09-02,3332.979248046875,3836.75,3859.14990234375,3722.0,3734.0,3403717.0
2021-09-03,3337.583251953125,3842.050048828125,3856.89990234375,3804.550048828125,3825.0,1746812.0
2021-09-06,3346.2265625,3852.0,3877.60009765625,3814.0,3849.699951171875,1723693.0
2021-09-07,3314.86669921875,3815.89990234375,3869.949951171875,3808.25,3864.0,1585039.0
2021-09-08,3278.598388671875,3774.14990234375,3815.0,3756.0,3810.0,4147175.0
2021-09-09,3293.58349609375,3791.39990234375,3808.699951171875,3765.0,3789.699951171875,1441148.0
2021-09-13,3340.44970703125,3845.35009765625,3852.39990234375,3767.0,3767.0,1691473.0
2021-09-14,3375.675537109375,3885.89990234375,3896.5,3825.0,3849.949951171875,1991188.0
2021-09-15,3435.311767578125,3954.550048828125,3980.0,3866.0,3882.10009765625,2461369.0
2021-09-16,3390.791259765625,3903.300048828125,3981.75,3892.10009765625,3930.0,2946666.0
2021-09-17,3325.247802734375,3827.85009765625,3945.0,3805.0,3920.0,6477148.0
2021-09-20,3321.46875,3823.5,3871.0,3807.85009765625,3809.0,2002008.0
2021-09-21,3355.738525390625,3862.949951171875,3871.550048828125,3821.64990234375,3858.0,1568129.0
2021-09-22,3355.04345703125,3862.14990234375,3896.85009765625,3852.449951171875,3862.5,1744067.0
2021-09-23,3361.2119140625,3869.25,3879.0,3835.0,3870.0,2003869.0
2021-09-24,3362.992431640625,3871.300048828125,3944.39990234375,3855.0,3890.0,2320754.0
2021-09-27,3333.15283203125,3836.949951171875,3904.0,3802.89990234375,3900.0,1673362.0
2021-09-28,3282.94189453125,3779.14990234375,3850.0,3751.25,3850.0,2253075.0
2021-09-29,3294.01806640625,3791.89990234375,3806.0,3722.14990234375,3759.800048828125,2489161.0
2021-09-30,3279.814208984375,3775.550048828125,3805.0,3750.10009765625,3805.0,2252412.0
2021-10-01,3240.41845703125,3730.199951171875,3810.0,3725.0,3781.75,1578374.0
2021-10-04,3277.860107421875,3773.300048828125,3783.64990234375,3707.449951171875,3724.800048828125,1356860.0
2021-10-05,3329.98193359375,3833.300048828125,3840.0,3741.60009765625,3754.0,1877966.0
2021-10-06,3310.52294921875,3810.89990234375,3857.449951171875,3795.0,3836.0,1678154.0
2021-10-07,3381.75634765625,3892.89990234375,3899.0,3820.050048828125,3830.0,1647233.0
2021-10-08,3418.8935546875,3935.64990234375,3989.89990234375,3900.0,3925.0,2934339.0
2021-10-11,3201.675537109375,3685.60009765625,3757.5,3660.0,3755.0,11845402.0
2021-10-12,3173.22607421875,3652.85009765625,3707.0,3630.60009765625,3706.0,5752877.0
2021-10-13,3175.267333984375,3655.199951171875,3675.449951171875,3645.0,3650.0,3545655.0
2021-10-14,3143.28076171875,3611.449951171875,3670.0,3608.199951171875,3625.0,6442299.0
2021-10-18,3174.3525390625,3647.14990234375,3652.699951171875,3601.449951171875,3603.449951171875,3590107.0
2021-10-19,3163.038330078125,3634.14990234375,3690.10009765625,3625.199951171875,3669.0,3135441.0
2021-10-20,3141.017578125,3608.85009765625,3630.0,3578.300048828125,3612.0,2933693.0
2021-10-21,3074.565673828125,3532.5,3607.449951171875,3511.25,3604.10009765625,4871211.0
2021-10-22,3045.277587890625,3498.85009765625,3561.60009765625,3485.0,3560.0,2691670.0
2021-10-25,3040.142333984375,3492.949951171875,3514.550048828125,3450.0,3503.0,2595594.0
2021-10-26,3031.134521484375,3482.60009765625,3529.0,3475.0,3494.5,3878763.0
2021-10-27,3037.357421875,3489.75,3511.25,3483.0,3483.0,2510813.0
2021-10-28,2978.0859375,3421.64990234375,3518.0,3415.0,3518.0,2424942.0
2021-10-29,2957.28369140625,3397.75,3461.0,3385.949951171875,3400.050048828125,3960501.0
2021-11-01,3025.737548828125,3476.39990234375,3487.0,3412.949951171875,3437.949951171875,2020718.0
2021-11-02,3032.526611328125,3484.199951171875,3513.60009765625,3469.75,3494.0,3087414.0
2021-11-03,3039.533203125,3492.25,3519.89990234375,3466.050048828125,3504.199951171875,1537639.0
2021-11-04,3053.806884765625,3508.64990234375,3513.25,3505.0,3512.949951171875,328991.0
2021-11-08,3048.672119140625,3502.75,3548.0,3481.199951171875,3548.0,2526082.0
2021-11-09,3051.2392578125,3505.699951171875,3535.0,3496.0,3508.0,1782692.0
2021-11-10,3032.614013671875,3484.300048828125,3519.699951171875,3480.199951171875,3498.0,1516489.0
2021-11-11,3036.008544921875,3488.199951171875,3510.050048828125,3436.0,3480.0,1284514.0
2021-11-12,3068.951904296875,3526.050048828125,3534.14990234375,3485.699951171875,3506.0,1747259.0
2021-11-15,3092.669189453125,3553.300048828125,3569.60009765625,3528.0,3528.0,1809157.0
2021-11-16,3095.366943359375,3556.39990234375,3575.550048828125,3542.0,3569.0,2013204.0
2021-11-17,3065.33935546875,3521.89990234375,3562.85009765625,3506.39990234375,3550.60009765625,1632914.0
2021-11-18,3025.12841796875,3475.699951171875,3520.85009765625,3451.60009765625,3515.14990234375,2136598.0
2021-11-22,3010.071044921875,3458.39990234375,3515.949951171875,3440.300048828125,3478.39990234375,3167936.0
2021-11-23,3015.163330078125,3464.25,3480.949951171875,3407.800048828125,3445.0,2153461.0
2021-11-24,2996.929443359375,3443.300048828125,3493.050048828125,3424.0,3472.199951171875,2161746.0
2021-11-25,2999.19189453125,3445.89990234375,3463.0,3434.050048828125,3443.89990234375,1849619.0
2021-11-26,3000.0185546875,3446.85009765625,3490.0,3411.89990234375,3425.0,1941251.0
2021-11-29,3048.01904296875,3502.0,3529.35009765625,3406.449951171875,3447.14990234375,2981745.0
2021-11-30,3071.649658203125,3529.14990234375,3563.75,3491.0,3491.0,5588446.0
2021-12-01,3113.9931640625,3577.800048828125,3590.0,3535.0,3535.0,2102118.0
2021-12-02,3170.65380859375,3642.89990234375,3648.0,3574.10009765625,3589.199951171875,3152938.0
2021-12-03,3168.52197265625,3640.449951171875,3665.949951171875,3630.85009765625,3646.449951171875,2486263.0
2021-12-06,3077.9599609375,3536.39990234375,3658.0,3522.0,3640.449951171875,1849642.0
2021-12-07,3119.82421875,3584.5,3598.0,3524.300048828125,3562.5,1484458.0
2021-12-08,3156.72802734375,3626.89990234375,3646.449951171875,3601.0,3601.0,1428660.0
2021-12-09,3134.838134765625,3601.75,3634.75,3566.0,3610.0,1567957.0
2021-12-10,3165.3447265625,3636.800048828125,3642.0,3575.10009765625,3585.0,1510718.0
2021-12-13,3141.7138671875,3609.64990234375,3662.0,3601.699951171875,3650.0,1883864.0
2021-12-14,3154.030029296875,3623.800048828125,3635.0,3576.699951171875,3605.0,1747007.0
2021-12-15,3107.509033203125,3570.35009765625,3623.0,3558.14990234375,3620.0,1603233.0
2021-12-16,3117.30078125,3581.60009765625,3608.449951171875,3570.0,3582.0,2072320.0
2021-12-17,3119.6943359375,3584.35009765625,3651.35009765625,3573.699951171875,3602.5,4333992.0
2021-12-20,3095.802001953125,3556.89990234375,3606.0,3510.14990234375,3589.0,2312310.0
2021-12-21,3140.5390625,3608.300048828125,3641.199951171875,3566.39990234375,3582.64990234375,2340989.0
2021-12-22,3160.078857421875,3630.75,3636.800048828125,3606.25,3624.0,1224328.0
2021-12-23,3187.886962890625,3662.699951171875,3670.5,3630.0,3648.0,1792861.0
2021-12-24,3195.02392578125,3670.89990234375,3705.0,3644.800048828125,3685.0,2209923.0
2021-12-27,3216.95751953125,3696.10009765625,3700.0,3653.10009765625,3671.0,1534135.0
2021-12-28,3226.052734375,3706.550048828125,3725.0,3693.85009765625,3710.0,1456218.0
2021-12-29,3215.738525390625,3694.699951171875,3719.949951171875,3685.0,3692.25,1456923.0
2021-12-30,3249.72607421875,3733.75,3740.0,3680.0,3681.35009765625,1966475.0
2021-12-31,3253.73046875,3738.35009765625,3760.0,3731.300048828125,3742.800048828125,1207141.0
2022-01-03,3322.8369140625,3817.75,3830.0,3745.0,3750.0,2346158.0
2022-01-04,3381.1513671875,3884.75,3889.14990234375,3811.699951171875,3831.10009765625,2488606.0
2022-01-05,3360.43701171875,3860.949951171875,3870.0,3812.39990234375,3865.0,1733031.0
2022-01-06,3313.87255859375,3807.449951171875,3835.0,3772.0,3812.0,1810293.0
2022-01-07,3353.95263671875,3853.5,3864.89990234375,3796.39990234375,3820.0,2460591.0
2022-01-10,3376.886474609375,3879.85009765625,3978.0,3861.0,3978.0,3937092.0
2022-01-11,3408.263671875,3915.89990234375,3925.0,3856.0,3856.0,1906106.0
2022-01-12,3359.523193359375,3859.89990234375,3929.0,3836.550048828125,3925.0,3203744.0
2022-01-13,3392.59716796875,3897.89990234375,3923.0,3857.0,3918.0,6684507.0
2022-01-14,3453.740478515625,3968.14990234375,3977.0,3860.050048828125,3877.85009765625,3348123.0
2022-01-17,3498.12890625,4019.14990234375,4043.0,3962.300048828125,3992.699951171875,3442604.0
2022-01-18,3473.279541015625,3990.60009765625,4041.699951171875,3980.0,4033.949951171875,2389041.0
2022-01-19,3413.162841796875,3914.64990234375,4012.0,3910.5,4012.0,3102539.0
2022-01-20,3336.348876953125,3826.550048828125,3920.0,3811.0,3910.0,6176776.0
2022-01-21,3342.408447265625,3833.5,3851.550048828125,3771.10009765625,3807.0,3112358.0
2022-01-24,3288.220703125,3771.35009765625,3849.64990234375,3740.10009765625,3840.0,3258414.0
2022-01-25,3286.956298828125,3769.89990234375,3809.39990234375,3722.199951171875,3769.5,3330501.0
2022-01-27,3181.76220703125,3649.25,3733.39990234375,3625.10009765625,3731.0,5718297.0
2022-01-28,3217.335205078125,3690.050048828125,3729.800048828125,3646.0,3646.0,3143862.0
2022-01-31,3257.616943359375,3736.25,3758.0,3721.39990234375,3749.0,2739393.0
2022-02-01,3313.766845703125,3800.64990234375,3808.0,3736.39990234375,3770.0,2105169.0
2022-02-02,3362.2001953125,3856.199951171875,3864.0,3800.64990234375,3827.89990234375,1984212.0
2022-02-03,3334.64892578125,3824.60009765625,3882.5,3816.050048828125,3851.0,1960538.0
2022-02-04,3326.191162109375,3814.89990234375,3824.699951171875,3769.0,3815.300048828125,2307366.0
2022-02-07,3294.890380859375,3779.0,3831.800048828125,3756.14990234375,3791.0,1919149.0
2022-02-08,3263.89453125,3743.449951171875,3799.699951171875,3721.0,3791.550048828125,2946443.0
2022-02-09,3278.8037109375,3760.550048828125,3777.949951171875,3746.10009765625,3750.0,1638721.0
2022-02-10,3287.348388671875,3770.35009765625,3789.800048828125,3758.0,3789.800048828125,2112459.0
2022-02-11,3221.607177734375,3694.949951171875,3752.5,3690.0,3752.5,3851488.0
2022-02-14,3255.4365234375,3733.75,3793.25,3710.0,3724.0,5951745.0
2022-02-15,3328.7197265625,3817.800048828125,3835.0,3748.0,3786.0,3931683.0
2022-02-16,3324.62158203125,3813.10009765625,3854.10009765625,3806.0,3844.0,3256906.0
2022-02-17,3299.42431640625,3784.199951171875,3835.0,3779.0,3825.0,3134372.0
2022-02-18,3307.8818359375,3793.89990234375,3815.949951171875,3757.60009765625,3769.0,3688883.0
2022-02-21,3242.92529296875,3719.39990234375,3827.800048828125,3705.550048828125,3810.0,7465922.0
2022-02-22,3126.962890625,3586.39990234375,3667.89990234375,3570.0,3650.0,5408531.0
2022-02-23,3107.25830078125,3563.800048828125,3622.89990234375,3555.64990234375,3611.0,2426203.0
2022-02-24,2965.880126953125,3401.64990234375,3483.85009765625,3391.10009765625,3474.0,5039136.0
2022-02-25,3069.723388671875,3520.75,3530.0,3462.0,3468.0,2549723.0
2022-02-28,3098.888671875,3554.199951171875,3563.75,3455.89990234375,3490.0,3288942.0
2022-03-02,3091.869140625,3546.14990234375,3571.949951171875,3506.0,3552.5,2761341.0
2022-03-03,3090.34375,3544.39990234375,3578.60009765625,3530.10009765625,3562.85009765625,1928039.0
2022-03-04,3072.8623046875,3524.35009765625,3561.199951171875,3487.050048828125,3501.5,2370257.0
2022-03-07,3038.466064453125,3484.89990234375,3548.0,3431.550048828125,3450.0,3054130.0
2022-03-08,3138.777099609375,3599.949951171875,3609.0,3460.0,3460.0,3300992.0
2022-03-09,3167.24462890625,3632.60009765625,3654.0,3597.050048828125,3605.0,2719654.0
2022-03-10,3157.087158203125,3620.949951171875,3684.0,3615.0,3684.0,2005441.0
2022-03-11,3138.080078125,3599.14990234375,3639.85009765625,3592.85009765625,3603.25,1623423.0
2022-03-14,3176.312744140625,3643.0,3648.35009765625,3580.0,3580.0,1765688.0
2022-03-15,3133.502685546875,3593.89990234375,3659.0,3585.39990234375,3659.0,3651133.0
2022-03-16,3187.560302734375,3655.89990234375,3668.0,3616.25,3640.5,3090475.0
2022-03-17,3202.251220703125,3672.75,3710.0,3660.300048828125,3696.60009765625,3600452.0
2022-03-21,3162.100830078125,3626.699951171875,3713.949951171875,3615.0,3696.0,2413831.0
2022-03-22,3226.838623046875,3700.949951171875,3711.0,3625.0,3640.0,2907611.0
2022-03-23,3236.822021484375,3712.39990234375,3729.800048828125,3690.0,3708.0,1596195.0
2022-03-24,3269.474609375,3749.85009765625,3758.199951171875,3695.0,3700.0,1879046.0
2022-03-25,3232.505859375,3707.449951171875,3779.5,3672.0,3759.89990234375,1690133.0
2022-03-28,3232.72412109375,3707.699951171875,3713.0,3661.199951171875,3695.0,1760990.0
2022-03-29,3230.67529296875,3705.35009765625,3722.0,3691.0,3694.75,2689063.0
2022-03-30,3253.518798828125,3731.550048828125,3738.0,3706.199951171875,3738.0,1583455.0
2022-03-31,3260.843017578125,3739.949951171875,3754.64990234375,3720.199951171875,3740.0,2168110.0
2022-04-01,3277.234130859375,3758.75,3763.0,3728.050048828125,3748.0,1387014.0
2022-04-04,3287.348388671875,3770.35009765625,3780.0,3737.10009765625,3762.0,1472994.0
2022-04-05,3326.103759765625,3814.800048828125,3835.60009765625,3772.0,3772.0,2314947.0
2022-04-06,3274.27001953125,3755.35009765625,3809.300048828125,3731.14990234375,3809.300048828125,2051729.0
2022-04-07,3212.19091796875,3684.14990234375,3745.5,3679.0,3745.5,2494829.0
2022-04-08,3213.498779296875,3685.64990234375,3705.0,3642.5,3690.0,2296773.0
2022-04-11,3222.87158203125,3696.39990234375,3712.35009765625,3656.10009765625,3690.0,2291660.0
2022-04-12,3218.25048828125,3691.10009765625,3739.0,3648.35009765625,3683.0,4483476.0
2022-04-13,3192.8349609375,3661.949951171875,3709.85009765625,3655.550048828125,3707.0,1621672.0
2022-04-18,3076.087890625,3528.050048828125,3610.0,3522.5,3610.0,3820792.0
2022-04-19,3027.13134765625,3471.89990234375,3563.550048828125,3439.14990234375,3550.0,3170014.0
2022-04-20,3101.1552734375,3556.800048828125,3569.14990234375,3480.0,3500.0,2640370.0
2022-04-21,3163.800537109375,3628.64990234375,3644.0,3567.39990234375,3580.0,2280996.0
2022-04-22,3149.76318359375,3612.550048828125,3617.0,3571.5,3581.10009765625,1581465.0
2022-04-25,3093.656982421875,3548.199951171875,3584.0,3533.10009765625,3558.0,1960694.0
2022-04-26,3092.000244140625,3546.300048828125,3587.89990234375,3518.14990234375,3575.14990234375,1943469.0
2022-04-27,3104.991455078125,3561.199951171875,3568.449951171875,3506.300048828125,3546.0,1727648.0
2022-04-28,3125.13232421875,3584.300048828125,3604.39990234375,3538.050048828125,3588.0,1703660.0
2022-04-29,3092.348876953125,3546.699951171875,3623.25,3536.85009765625,3597.0,2051115.0
2022-05-02,3088.599853515625,3542.39990234375,3547.949951171875,3492.75,3519.89990234375,1324161.0
2022-05-04,3033.9755859375,3479.75,3545.449951171875,3465.300048828125,3538.5,2305825.0
2022-05-05,3063.31494140625,3513.39990234375,3533.0,3485.35009765625,3512.10009765625,1612262.0
2022-05-06,2992.8662109375,3432.60009765625,3474.5,3424.5,3459.0,2010812.0
2022-05-09,3003.76416015625,3445.10009765625,3456.0,3346.85009765625,3398.0,2481830.0
2022-05-10,2998.2275390625,3438.75,3464.800048828125,3422.0,3434.0,1622685.0
2022-05-11,2974.90478515625,3412.0,3448.449951171875,3382.14990234375,3435.0,1841769.0
2022-05-12,2971.984130859375,3408.64990234375,3449.699951171875,3350.10009765625,3378.0,2807195.0
2022-05-13,2977.43359375,3414.89990234375,3439.89990234375,3382.14990234375,3435.0,2187823.0
2022-05-16,2944.213623046875,3376.800048828125,3430.0,3366.60009765625,3415.0,1195813.0
2022-05-17,3009.43212890625,3451.60009765625,3467.0,3350.39990234375,3370.0,1754076.0
2022-05-18,3006.99072265625,3448.800048828125,3495.0,3443.050048828125,3465.0,1866781.0
2022-05-19,2844.0771484375,3261.949951171875,3405.0,3230.0,3397.0,4642963.0
2022-05-20,2871.1494140625,3293.0,3313.89990234375,3270.050048828125,3310.0,3065125.0
2022-05-23,2896.216552734375,3321.75,3338.89990234375,3267.0,3304.800048828125,2293690.0
2022-05-24,2866.78955078125,3288.0,3324.85009765625,3275.60009765625,3315.14990234375,1711510.0
2022-05-25,2780.461181640625,3167.64990234375,3292.85009765625,3154.050048828125,3292.85009765625,3548046.0
2022-05-26,2832.513427734375,3226.949951171875,3241.5,3180.550048828125,3191.0,2813186.0
2022-05-27,2862.664306640625,3261.300048828125,3278.89990234375,3229.199951171875,3253.199951171875,3103153.0
2022-05-30,2962.68603515625,3375.25,3386.60009765625,3286.35009765625,3297.0,2094624.0
2022-05-31,2953.1181640625,3364.35009765625,3383.39990234375,3325.0,3354.14990234375,4840965.0
2022-06-01,2945.086669921875,3355.199951171875,3388.0,3340.050048828125,3388.0,1493835.0
2022-06-02,3004.599365234375,3423.0,3432.0,3346.300048828125,3355.0,2657939.0
2022-06-03,3019.65283203125,3440.14990234375,3477.300048828125,3431.199951171875,3459.39990234375,1913622.0
2022-06-06,3011.577880859375,3430.949951171875,3453.0,3377.14990234375,3418.0,1084210.0
2022-06-07,2951.669677734375,3362.699951171875,3418.85009765625,3356.0,3401.050048828125,2308256.0
2022-06-08,2988.05322265625,3404.14990234375,3413.949951171875,3346.5,3380.14990234375,2185707.0
2022-06-09,3008.197998046875,3427.10009765625,3437.0,3353.10009765625,3385.0,1279197.0
2022-06-10,2949.21240234375,3359.89990234375,3393.0,3352.0,3382.0,1527582.0
2022-06-13,2826.06201171875,3219.60009765625,3293.0,3192.449951171875,3290.0,3030921.0
2022-06-14,2818.117919921875,3210.550048828125,3238.89990234375,3174.699951171875,3190.0,2611493.0
2022-06-15,2814.38720703125,3206.300048828125,3234.0,3201.0,3218.5,1404536.0
2022-06-16,2757.94677734375,3142.0,3244.85009765625,3133.050048828125,3240.0,2032028.0
2022-06-17,2711.337158203125,3088.89990234375,3118.75,3023.85009765625,3092.0,5240434.0
2022-06-20,2731.964599609375,3112.39990234375,3138.75,3069.0,3094.0,1502769.0
2022-06-21,2819.346435546875,3211.949951171875,3237.75,3125.39990234375,3130.0,2964461.0
2022-06-22,2829.001953125,3222.949951171875,3250.550048828125,3183.0,3199.89990234375,3336315.0
2022-06-23,2904.358642578125,3308.800048828125,3318.0,3222.949951171875,3222.949951171875,3692578.0
2022-06-24,2890.577392578125,3293.10009765625,3345.0,3277.5,3339.0,2132118.0
2022-06-27,2909.537353515625,3314.699951171875,3362.89990234375,3306.5,3350.0,2037686.0
2022-06-28,2912.565673828125,3318.14990234375,3330.0,3272.60009765625,3307.0,1400046.0
2022-06-29,2888.295166015625,3290.5,3333.0,3271.0,3271.0,2133994.0
2022-06-30,2867.755615234375,3267.10009765625,3310.89990234375,3255.0,3272.0,2719603.0
2022-07-01,2909.888427734375,3315.10009765625,3333.0,3252.050048828125,3260.0,1502879.0
2022-07-04,2839.622802734375,3235.050048828125,3317.949951171875,3225.050048828125,3312.0,2622535.0
2022-07-05,2823.164794921875,3216.300048828125,3272.0,3206.949951171875,3255.0,2170627.0
2022-07-06,2862.18115234375,3260.75,3268.5,3202.25,3218.5,2182144.0
2022-07-07,2885.96923828125,3287.85009765625,3319.39990234375,3265.050048828125,3271.0,1989921.0
2022-07-08,2866.306640625,3265.449951171875,3305.0,3250.0,3300.0,2136916.0
2022-07-11,2733.193603515625,3113.800048828125,3225.0,3106.0,3206.14990234375,6974600.0
2022-07-12,2707.650634765625,3084.699951171875,3136.199951171875,3080.25,3114.89990234375,3734815.0
2022-07-13,2667.31689453125,3038.75,3110.0,3035.0,3104.0,3863530.0
2022-07-14,2639.154052734375,2998.75,3057.0,2967.0,3056.0,4764908.0
2022-07-15,2635.502197265625,2994.60009765625,3028.89990234375,2953.0,3018.550048828125,4574806.0
2022-07-18,2696.1396484375,3063.5,3076.949951171875,3014.300048828125,3023.0,3202795.0
2022-07-19,2705.60009765625,3074.25,3078.949951171875,3030.050048828125,3030.050048828125,1865074.0
2022-07-20,2785.292724609375,3164.800048828125,3171.949951171875,3098.050048828125,3107.800048828125,3402251.0
2022-07-21,2796.293701171875,3177.300048828125,3184.0,3144.050048828125,3167.0,2420640.0
2022-07-22,2790.74951171875,3171.0,3197.0,3143.5,3185.0,2075886.0
2022-07-25,2787.00830078125,3166.75,3186.449951171875,3149.10009765625,3165.0,1797504.0
2022-07-26,2742.256591796875,3115.89990234375,3168.89990234375,3096.5,3164.699951171875,2639367.0
2022-07-27,2806.458740234375,3188.85009765625,3194.10009765625,3110.0,3115.0,1389808.0
2022-07-28,2869.516845703125,3260.5,3264.0,3201.64990234375,3216.0,2106333.0
2022-07-29,2905.951904296875,3301.89990234375,3317.300048828125,3275.0,3290.0,2430257.0
2022-08-01,2903.2236328125,3298.800048828125,3327.0,3271.0,3327.0,1306913.0
2022-08-02,2897.062744140625,3291.800048828125,3312.89990234375,3271.64990234375,3290.0,1269114.0
2022-08-03,2939.043212890625,3339.5,3349.0,3277.050048828125,3280.0,2895824.0
2022-08-04,2952.640869140625,3354.949951171875,3387.89990234375,3307.35009765625,3350.0,2150567.0
2022-08-05,2961.529541015625,3365.050048828125,3377.0,3355.0,3361.199951171875,1106933.0
2022-08-08,2969.802490234375,3374.449951171875,3378.89990234375,3336.0,3365.0,1068836.0
2022-08-10,2952.0244140625,3354.25,3385.0,3335.0,3385.0,1878359.0
2022-08-11,3012.090576171875,3422.5,3428.699951171875,3375.050048828125,3400.0,1449248.0
2022-08-12,2993.65234375,3401.550048828125,3419.0,3381.25,3419.0,1472354.0
2022-08-16,2985.864013671875,3392.699951171875,3414.85009765625,3387.5,3411.0,839942.0
2022-08-17,2993.2568359375,3401.10009765625,3417.949951171875,3371.10009765625,3385.10009765625,1622326.0
2022-08-18,2975.787109375,3381.25,3392.0,3362.0,3390.0,1430659.0
2022-08-19,2979.747314453125,3385.75,3421.5,3371.25,3387.0,1398410.0
2022-08-22,2952.288818359375,3354.550048828125,3384.10009765625,3347.39990234375,3365.0,1536532.0
2022-08-23,2890.7265625,3284.60009765625,3341.89990234375,3270.0,3319.949951171875,1849256.0
2022-08-24,2864.984130859375,3255.35009765625,3308.0,3250.199951171875,3292.0,1691923.0
2022-08-25,2832.2890625,3218.199951171875,3278.14990234375,3214.75,3276.0,1946930.0
2022-08-26,2835.8095703125,3222.199951171875,3257.0,3216.800048828125,3234.300048828125,1457962.0
2022-08-29,2756.909912109375,3132.550048828125,3142.699951171875,3081.0,3125.0,2539173.0
2022-08-30,2826.083984375,3211.14990234375,3226.5,3142.10009765625,3155.0,3431525.0
2022-09-01,2756.16162109375,3131.699951171875,3190.0,3121.0,3190.0,3546935.0
2022-09-02,2755.017578125,3130.39990234375,3163.0,3120.300048828125,3163.0,2052900.0
2022-09-05,2757.65771484375,3133.39990234375,3147.949951171875,3112.25,3123.64990234375,2147912.0
2022-09-06,2752.0693359375,3127.050048828125,3140.85009765625,3106.35009765625,3135.5,1936453.0
2022-09-07,2771.915283203125,3149.60009765625,3161.89990234375,3102.0,3102.0,1291534.0
2022-09-08,2789.560546875,3169.64990234375,3183.5,3160.10009765625,3170.0,1346113.0
2022-09-09,2831.80517578125,3217.64990234375,3233.5,3168.5,3195.0,1561185.0
2022-09-12,2854.071533203125,3242.949951171875,3269.800048828125,3225.0,3239.89990234375,1785928.0
2022-09-13,2842.10107421875,3229.35009765625,3263.449951171875,3225.0,3263.449951171875,1972678.0
2022-09-14,2746.21630859375,3120.39990234375,3141.39990234375,3113.800048828125,3135.0,5090269.0
2022-09-15,2732.09130859375,3104.35009765625,3137.75,3100.0,3130.0,2138023.0
2022-09-16,2647.9111328125,3008.699951171875,3094.35009765625,3000.0,3076.0,5322221.0
2022-09-19,2665.600830078125,3028.800048828125,3042.0,2987.800048828125,3036.0,2072220.0
2022-09-20,2675.72216796875,3040.300048828125,3079.949951171875,3030.0,3050.0,1544295.0
2022-09-21,2641.310546875,3001.199951171875,3041.39990234375,2998.14990234375,3028.0,2253818.0
2022-09-22,2646.76708984375,3007.39990234375,3029.949951171875,2979.300048828125,2990.0,2017983.0
2022-09-23,2624.45703125,2982.050048828125,3022.5,2979.0,3004.0,2652374.0
2022-09-26,2635.326171875,2994.39990234375,3025.85009765625,2926.10009765625,2959.85009765625,2925489.0
2022-09-27,2655.611572265625,3017.449951171875,3025.0,2976.0,3009.39990234375,2227447.0
2022-09-28,2671.629638671875,3035.64990234375,3049.949951171875,2980.0,2980.0,2739767.0
2022-09-29,2637.87841796875,2997.300048828125,3055.85009765625,2990.0,3054.0,2493902.0
2022-09-30,2644.2587890625,3004.550048828125,3019.699951171875,2950.10009765625,2990.85009765625,2817353.0
2022-10-03,2627.009033203125,2984.949951171875,3020.699951171875,2974.0,2995.0,1763331.0
2022-10-04,2720.473876953125,3091.14990234375,3098.0,3023.0,3029.949951171875,2145875.0
2022-10-06,2729.978759765625,3101.949951171875,3124.0,3092.449951171875,3111.0,1790816.0
2022-10-07,2697.371826171875,3064.89990234375,3105.0,3058.10009765625,3097.39990234375,1939879.0
2022-10-10,2744.588134765625,3118.550048828125,3127.0,3005.0,3010.0,3064063.0
2022-10-11,2701.464599609375,3069.550048828125,3145.0,3053.35009765625,3100.0,4730645.0
2022-10-12,2728.923095703125,3100.75,3109.89990234375,3062.050048828125,3084.89990234375,1665247.0
2022-10-13,2731.167724609375,3103.300048828125,3110.0,3052.35009765625,3100.75,2054781.0
2022-10-14,2727.51513671875,3099.14990234375,3150.0,3071.0,3145.0,2245977.0
2022-10-17,2745.69189453125,3111.75,3128.39990234375,3071.449951171875,3072.64990234375,1517005.0
2022-10-18,2774.765869140625,3144.699951171875,3155.35009765625,3128.550048828125,3150.0,1793722.0
2022-10-19,2754.603271484375,3121.85009765625,3159.0,3112.0,3159.0,1194289.0
2022-10-20,2785.88330078125,3157.300048828125,3160.0,3105.0,3105.0,1587601.0
2022-10-21,2768.323974609375,3137.39990234375,3160.39990234375,3127.0,3157.800048828125,1021913.0
2022-10-24,2789.765625,3161.699951171875,3178.0,3155.0,3170.10009765625,260949.0
2022-10-25,2790.11865234375,3162.10009765625,3184.25,3151.14990234375,3180.5,2069643.0
2022-10-27,2785.97119140625,3157.39990234375,3174.0,3134.35009765625,3160.699951171875,2438421.0
2022-10-28,2791.13330078125,3163.25,3178.5,3145.0,3150.0,1355739.0
2022-10-31,2817.515625,3193.14990234375,3199.0,3177.800048828125,3199.0,1919414.0
2022-11-01,2876.23681640625,3259.699951171875,3262.60009765625,3203.449951171875,3214.5,2991060.0
2022-11-02,2860.3544921875,3241.699951171875,3270.0,3222.050048828125,3270.0,1405955.0
2022-11-03,2829.515869140625,3206.75,3228.050048828125,3195.0,3228.050048828125,1422652.0
2022-11-04,2838.9130859375,3217.39990234375,3220.050048828125,3166.14990234375,3217.0,1464013.0
2022-11-07,2853.295654296875,3233.699951171875,3242.800048828125,3195.10009765625,3229.0,1474498.0
2022-11-09,2837.722412109375,3216.050048828125,3249.800048828125,3201.64990234375,3249.800048828125,1162267.0
2022-11-10,2828.5458984375,3205.64990234375,3225.0,3170.0,3170.0,1573092.0
2022-11-11,2925.8701171875,3315.949951171875,3341.60009765625,3255.050048828125,3269.60009765625,3265394.0
2022-11-14,2943.1201171875,3335.5,3349.0,3309.0,3324.0,1342074.0
2022-11-15,2940.561767578125,3332.60009765625,3339.949951171875,3292.0,3321.0,1400708.0
2022-11-16,2960.63525390625,3355.35009765625,3367.89990234375,3321.449951171875,3338.89990234375,1748235.0
2022-11-17,2955.031982421875,3349.0,3360.0,3317.75,3340.0,1417986.0
2022-11-18,2950.13525390625,3343.449951171875,3362.75,3321.0,3350.0,1164540.0
2022-11-21,2897.2373046875,3283.5,3333.699951171875,3273.0,3322.5,1304194.0
2022-11-22,2924.98779296875,3314.949951171875,3318.949951171875,3255.25,3280.0,1149739.0
2022-11-23,2919.119873046875,3308.300048828125,3330.0,3291.0,3330.0,1150011.0
2022-11-24,2982.517578125,3380.14990234375,3392.949951171875,3308.300048828125,3316.25,1296591.0
2022-11-25,2990.900146484375,3389.64990234375,3403.35009765625,3348.0,3383.0,1588981.0
2022-11-28,2995.841064453125,3395.25,3417.0,3365.550048828125,3366.0,2195437.0
2022-11-29,2997.69384765625,3397.35009765625,3429.0,3383.0,3383.0,1576028.0
2022-11-30,2991.915283203125,3390.800048828125,3414.89990234375,3375.0,3383.0,3410702.0
2022-12-01,3066.783447265625,3475.64990234375,3480.0,3420.0,3425.0,2180856.0
2022-12-02,3034.57666015625,3439.14990234375,3468.89990234375,3413.0,3458.10009765625,2411749.0
2022-12-05,3022.885986328125,3425.89990234375,3439.14990234375,3407.0,3433.0,1475065.0
2022-12-06,2987.106201171875,3385.35009765625,3407.949951171875,3368.0,3400.050048828125,1166999.0
2022-12-07,2982.9150390625,3380.60009765625,3393.699951171875,3354.0,3368.300048828125,1167505.0
2022-12-08,2956.39990234375,3350.550048828125,3380.60009765625,3339.449951171875,3360.0,1285619.0
2022-12-09,2905.399169921875,3292.75,3374.10009765625,3276.35009765625,3374.10009765625,1797896.0
2022-12-12,2899.840087890625,3286.449951171875,3296.0,3236.10009765625,3255.5,1527610.0
2022-12-13,2940.119873046875,3332.10009765625,3336.449951171875,3267.800048828125,3277.199951171875,1378016.0
2022-12-14,2969.459228515625,3365.35009765625,3377.0,3340.89990234375,3348.800048828125,1213311.0
2022-12-15,2916.29638671875,3305.10009765625,3364.75,3298.949951171875,3358.800048828125,1415694.0
2022-12-16,2859.074951171875,3240.25,3292.0,3225.199951171875,3275.0,2703680.0
2022-12-19,2825.369384765625,3202.050048828125,3245.5,3194.5,3227.0,2120965.0
2022-12-20,2862.339599609375,3243.949951171875,3249.0,3163.64990234375,3198.89990234375,1529971.0
2022-12-21,2884.046142578125,3268.550048828125,3283.050048828125,3240.0,3249.0,1432566.0
2022-12-22,2876.23681640625,3259.699951171875,3294.0,3245.10009765625,3294.0,1384101.0
2022-12-23,2848.5751953125,3228.35009765625,3266.85009765625,3217.0,3217.0,1360281.0
2022-12-26,2870.237060546875,3252.89990234375,3272.0,3225.050048828125,3228.35009765625,870157.0
2022-12-27,2876.060546875,3259.5,3273.800048828125,3231.5,3269.199951171875,835883.0
2022-12-28,2873.943115234375,3257.10009765625,3266.10009765625,3226.0,3249.800048828125,910795.0
2022-12-29,2884.222412109375,3268.75,3271.5,3228.0,3231.10009765625,1037927.0
2022-12-30,2873.590087890625,3256.699951171875,3299.0,3246.199951171875,3286.050048828125,1163131.0
2023-01-02,2877.781005859375,3261.449951171875,3266.85009765625,3235.199951171875,3261.0,709547.0
2023-01-03,2921.81103515625,3311.35009765625,3320.0,3245.300048828125,3252.0,1245178.0
2023-01-04,2924.723388671875,3314.64990234375,3327.35009765625,3286.199951171875,3306.699951171875,1231668.0
2023-01-05,2921.590576171875,3311.10009765625,3337.300048828125,3281.949951171875,3330.199951171875,1826057.0
2023-01-06,2833.751708984375,3211.550048828125,3301.550048828125,3200.0,3300.0,2488376.0
2023-01-09,2929.3994140625,3319.949951171875,3327.0,3221.14990234375,3229.0,2885060.0
2023-01-10,2899.796142578125,3286.39990234375,3298.0,3230.10009765625,3285.0,3864655.0
2023-01-11,2937.1201171875,3328.699951171875,3349.5,3271.14990234375,3290.10009765625,2720512.0
2023-01-12,2942.10498046875,3334.35009765625,3350.0,3315.550048828125,3329.0,2250391.0
2023-01-13,2977.576171875,3374.550048828125,3379.0,3305.0,3342.89990234375,1742837.0
2023-01-16,3008.7099609375,3334.050048828125,3353.0,3298.050048828125,3317.0,1843607.0
2023-01-17,3048.732177734375,3378.39990234375,3381.800048828125,3321.0,3330.0,1688475.0
2023-01-18,3059.2001953125,3390.0,3408.949951171875,3372.25,3380.0,2421189.0
2023-01-19,3043.949462890625,3373.10009765625,3387.0,3361.0,3380.0,1585044.0
2023-01-20,3034.92529296875,3363.10009765625,3394.64990234375,3355.60009765625,3365.0,1529349.0
2023-01-23,3081.67041015625,3414.89990234375,3419.0,3355.60009765625,3388.0,1067916.0
2023-01-24,3100.982177734375,3436.300048828125,3451.949951171875,3417.300048828125,3425.0,1387863.0
2023-01-25,3095.071533203125,3429.75,3435.0,3405.0,3425.300048828125,874110.0
2023-01-27,3078.19677734375,3411.050048828125,3446.0,3382.300048828125,3426.0,1785879.0
2023-01-30,3098.5908203125,3433.64990234375,3458.449951171875,3385.550048828125,3420.0,1953798.0
2023-01-31,3030.954345703125,3358.699951171875,3449.0,3351.0,3449.0,2820375.0
2023-02-01,3075.759521484375,3408.35009765625,3419.0,3355.0,3363.0,2205161.0
2023-02-02,3122.730712890625,3460.39990234375,3469.0,3420.10009765625,3427.0,1813847.0
2023-02-03,3142.493408203125,3482.300048828125,3504.0,3452.89990234375,3504.0,1804469.0
2023-02-06,3122.324951171875,3459.949951171875,3473.14990234375,3436.85009765625,3473.14990234375,1138714.0
2023-02-07,3133.695068359375,3472.550048828125,3493.0,3461.39990234375,3468.89990234375,1455647.0
2023-02-08,3176.605224609375,3520.10009765625,3539.89990234375,3478.050048828125,3478.050048828125,1986946.0
2023-02-09,3195.330322265625,3540.85009765625,3547.60009765625,3505.300048828125,3515.0,1655427.0
2023-02-10,3192.351806640625,3537.550048828125,3542.35009765625,3508.14990234375,3520.0,1187821.0
2023-02-13,3142.58349609375,3482.39990234375,3549.0,3473.39990234375,3549.0,1087939.0
2023-02-14,3158.556640625,3500.10009765625,3524.85009765625,3495.0,3505.0,1579818.0
2023-02-15,3177.101318359375,3520.64990234375,3526.0,3460.14990234375,3487.0,1429449.0
2023-02-16,3210.851318359375,3558.050048828125,3575.0,3527.0,3527.199951171875,1618931.0
2023-02-17,3159.50439453125,3501.14990234375,3538.89990234375,3490.0,3526.14990234375,1061369.0
2023-02-20,3147.006103515625,3487.300048828125,3522.0,3475.050048828125,3502.0,1296082.0
2023-02-21,3114.24755859375,3451.0,3508.89990234375,3444.75,3494.0,1139541.0
2023-02-22,3069.62353515625,3401.550048828125,3447.0,3395.0,3414.949951171875,1218430.0
2023-02-23,3080.678466796875,3413.800048828125,3452.39990234375,3408.0,3421.0,1441570.0
2023-02-24,3068.630615234375,3400.449951171875,3433.949951171875,3382.300048828125,3422.5,977592.0
2023-02-27,3006.72509765625,3331.85009765625,3390.0,3316.0,3390.0,1128022.0
2023-02-28,2989.578857421875,3312.85009765625,3392.0,3299.89990234375,3328.5,4116217.0
2023-03-01,3055.320068359375,3385.699951171875,3389.0,3315.0,3323.0,1669307.0
2023-03-02,2997.339599609375,3321.449951171875,3369.89990234375,3318.0,3361.0,1556538.0
2023-03-03,3016.019775390625,3342.14990234375,3358.0,3331.10009765625,3354.0,1043190.0
2023-03-06,3042.822021484375,3371.85009765625,3404.949951171875,3359.0,3361.89990234375,1334132.0
2023-03-08,3059.56103515625,3390.39990234375,3396.0,3330.85009765625,3364.0,1844590.0
2023-03-09,3011.236572265625,3336.85009765625,3385.0,3330.85009765625,3385.0,1648500.0
2023-03-10,3005.957275390625,3331.0,3337.25,3290.0,3312.89990234375,1024404.0
2023-03-13,2961.694091796875,3281.949951171875,3369.800048828125,3272.0,3333.0,1901233.0
2023-03-14,2901.232177734375,3214.949951171875,3304.39990234375,3209.39990234375,3280.0,2670334.0
2023-03-15,2886.747802734375,3198.89990234375,3260.35009765625,3192.0,3250.0,1780522.0
2023-03-16,2874.204833984375,3185.0,3219.800048828125,3172.0,3208.0,1901060.0
2023-03-17,2869.06103515625,3179.300048828125,3221.39990234375,3144.0,3150.5,6739966.0
2023-03-20,2836.573974609375,3143.300048828125,3169.64990234375,3095.050048828125,3169.64990234375,2289468.0
2023-03-21,2803.003662109375,3106.10009765625,3156.75,3097.449951171875,3143.300048828125,1815297.0
2023-03-22,2825.293701171875,3130.800048828125,3143.5,3106.10009765625,3130.050048828125,1123939.0
2023-03-23,2819.7431640625,3124.64990234375,3146.35009765625,3101.0,3114.89990234375,1372218.0
2023-03-24,2815.998291015625,3120.5,3170.0,3106.0,3148.89990234375,1329577.0
2023-03-27,2817.622802734375,3122.300048828125,3152.75,3106.0,3135.0,1524217.0
2023-03-28,2811.847412109375,3115.89990234375,3149.550048828125,3110.14990234375,3127.0,1303530.0
2023-03-29,2832.60302734375,3138.89990234375,3150.0,3104.10009765625,3129.0,1740616.0
2023-03-31,2893.064697265625,3205.89990234375,3213.0,3152.0,3189.949951171875,2382581.0
2023-04-03,2887.7412109375,3200.0,3224.949951171875,3173.75,3224.949951171875,1521830.0
2023-04-05,2923.656982421875,3239.800048828125,3264.35009765625,3185.5,3185.5,2655065.0
2023-04-06,2906.42041015625,3220.699951171875,3257.35009765625,3215.0,3225.0,1703464.0
2023-04-10,2944.953857421875,3263.39990234375,3272.0,3215.0,3220.0,2203187.0
2023-04-11,2900.194580078125,3213.800048828125,3272.949951171875,3192.14990234375,3264.0,2348779.0
2023-04-12,2925.326171875,3241.64990234375,3260.949951171875,3199.0,3227.949951171875,2417727.0
2023-04-13,2877.6787109375,3188.85009765625,3230.0,3180.0,3210.0,4174070.0
2023-04-17,2833.14404296875,3139.5,3163.39990234375,3070.25,3134.10009765625,5505048.0
2023-04-18,2825.248046875,3130.75,3156.85009765625,3110.60009765625,3154.949951171875,2617302.0
2023-04-19,2788.114013671875,3089.60009765625,3140.0,3071.5,3130.75,3298034.0
2023-04-20,2801.83056640625,3104.800048828125,3113.0,3078.0,3090.0,2419999.0
2023-04-21,2852.41064453125,3160.85009765625,3164.449951171875,3100.800048828125,3110.0,1929184.0
2023-04-24,2865.000244140625,3174.800048828125,3180.949951171875,3126.14990234375,3151.10009765625,1640676.0
2023-04-25,2866.082275390625,3176.0,3191.199951171875,3147.5,3183.0,2024090.0
2023-04-26,2886.0712890625,3198.14990234375,3208.39990234375,3181.0,3181.0,2000029.0
2023-04-27,2876.866455078125,3187.949951171875,3199.199951171875,3170.64990234375,3185.0,2434446.0
2023-04-28,2905.112060546875,3219.25,3227.25,3196.25,3200.39990234375,2931312.0
2023-05-02,2905.247802734375,3219.39990234375,3235.0,3210.0,3235.0,2321159.0
2023-05-03,2869.602294921875,3179.89990234375,3216.0,3173.14990234375,3216.0,2468285.0
2023-05-04,2906.42041015625,3220.699951171875,3224.449951171875,3178.0,3180.14990234375,1953253.0
2023-05-05,2915.4453125,3230.699951171875,3244.0,3210.050048828125,3220.0,1710027.0
2023-05-08,2933.403076171875,3250.60009765625,3254.85009765625,3231.300048828125,3245.0,928235.0
2023-05-09,2962.867431640625,3283.25,3298.0,3246.0,3252.60009765625,1107375.0
2023-05-10,2966.0703125,3286.800048828125,3306.5,3266.050048828125,3290.0,1559987.0
2023-05-11,2961.87451171875,3282.14990234375,3309.699951171875,3272.0,3309.0,1719623.0
2023-05-12,2954.790283203125,3274.300048828125,3290.0,3260.0,3279.14990234375,1027479.0
2023-05-15,2937.4189453125,3255.050048828125,3292.0,3248.35009765625,3284.0,1150390.0
2023-05-16,2940.216064453125,3258.14990234375,3285.0,3250.449951171875,3256.199951171875,986306.0
2023-05-17,2895.591796875,3208.699951171875,3280.0,3198.25,3255.949951171875,1588815.0
2023-05-18,2887.60546875,3199.85009765625,3228.949951171875,3195.0,3225.949951171875,1369364.0
2023-05-19,2908.361083984375,3222.85009765625,3234.5,3203.050048828125,3210.0,1152449.0
2023-05-22,2976.80908203125,3298.699951171875,3308.449951171875,3217.050048828125,3230.0,1333243.0
2023-05-23,2975.3203125,3297.050048828125,3327.949951171875,3290.10009765625,3306.0,1687418.0
2023-05-24,2981.005859375,3303.35009765625,3317.199951171875,3276.0,3276.0,1016555.0
2023-05-25,2972.116943359375,3293.5,3306.0,3267.10009765625,3294.0,1374917.0
2023-05-26,3004.0625,3328.89990234375,3338.64990234375,3291.0,3293.5,1791115.0
2023-05-29,2996.346923828125,3320.35009765625,3372.0,3312.0,3360.800048828125,1210372.0
2023-05-30,2992.6015625,3316.199951171875,3326.949951171875,3301.35009765625,3315.0,1344224.0
2023-05-31,2968.50732421875,3289.5,3327.699951171875,3265.14990234375,3309.0,5815424.0
2023-06-01,2999.640380859375,3324.0,3340.0,3297.5,3314.0,1177314.0
2023-06-02,2983.035888671875,3305.60009765625,3335.89990234375,3297.449951171875,3326.25,2030661.0
2023-06-05,2967.965576171875,3288.89990234375,3327.0,3285.050048828125,3315.0,1861468.0
2023-06-06,2916.888671875,3232.300048828125,3288.85009765625,3220.60009765625,3280.0,2022849.0
2023-06-07,2955.331787109375,3274.89990234375,3278.85009765625,3241.0,3253.0,1567196.0
2023-06-08,2920.634033203125,3236.449951171875,3270.0,3233.0,3261.0,1759366.0
2023-06-09,2896.13330078125,3209.300048828125,3250.0,3205.35009765625,3245.0,1775689.0
2023-06-12,2930.06396484375,3246.89990234375,3254.39990234375,3211.0,3215.0,2324605.0
2023-06-13,2927.17626953125,3243.699951171875,3265.0,3239.0,3260.0,1371928.0
2023-06-14,2933.80908203125,3251.050048828125,3255.85009765625,3225.85009765625,3243.699951171875,1658544.0
2023-06-15,2924.03564453125,3216.300048828125,3247.449951171875,3210.0,3245.300048828125,2273810.0
2023-06-16,2886.398193359375,3174.89990234375,3199.39990234375,3156.0,3197.0,4156189.0
2023-06-19,2918.67236328125,3210.39990234375,3214.89990234375,3175.0,3190.0,1468186.0
2023-06-20,2934.400146484375,3227.699951171875,3232.5,3201.050048828125,3214.0,1528452.0
2023-06-21,2962.128173828125,3258.199951171875,3261.39990234375,3223.949951171875,3250.0,1645987.0
2023-06-22,2944.21875,3238.5,3267.64990234375,3230.10009765625,3260.0,1529603.0
2023-06-23,2924.081787109375,3216.35009765625,3249.39990234375,3209.14990234375,3237.300048828125,1119505.0
2023-06-26,2899.8076171875,3189.64990234375,3213.89990234375,3173.0,3205.0,1978803.0
2023-06-27,2906.808349609375,3197.35009765625,3209.64990234375,3182.300048828125,3202.0,863542.0
2023-06-28,2923.2626953125,3215.449951171875,3230.949951171875,3193.39990234375,3208.0,1575872.0
2023-06-30,3002.17578125,3302.25,3310.0,3214.10009765625,3220.0,2672406.0
2023-07-03,2974.947021484375,3272.300048828125,3318.800048828125,3268.75,3314.300048828125,1687264.0
2023-07-04,3008.17626953125,3308.85009765625,3315.0,3277.300048828125,3290.0,1656681.0
2023-07-05,3018.267333984375,3319.949951171875,3329.0,3305.0,3320.0,1453008.0
2023-07-06,3020.94921875,3322.89990234375,3328.449951171875,3302.0,3306.550048828125,1848238.0
2023-07-07,3026.722412109375,3329.25,3356.89990234375,3302.0,3302.0,1789326.0
2023-07-10,2974.629150390625,3271.949951171875,3324.75,3265.199951171875,3324.75,1407431.0
2023-07-11,2975.0380859375,3272.39990234375,3295.0,3260.800048828125,3295.0,1110172.0
2023-07-12,2963.673828125,3259.89990234375,3289.14990234375,3250.10009765625,3280.949951171875,1515240.0
2023-07-13,3036.99560546875,3340.550048828125,3367.449951171875,3272.75,3284.0,4585146.0
2023-07-14,3195.2744140625,3514.64990234375,3524.85009765625,3352.0,3365.0,6306101.0
2023-07-17,3174.41015625,3491.699951171875,3549.89990234375,3477.050048828125,3510.0,2743228.0
2023-07-18,3179.0927734375,3496.85009765625,3524.0,3465.0,3476.0,2600090.0
2023-07-19,3154.72802734375,3470.050048828125,3516.85009765625,3445.64990234375,3500.0,2405370.0
2023-07-20,3156.779052734375,3463.300048828125,3478.89990234375,3436.050048828125,3453.10009765625,1715404.0
2023-07-21,3070.186767578125,3368.300048828125,3434.89990234375,3359.050048828125,3404.050048828125,3770223.0
2023-07-24,3094.295654296875,3394.75,3413.449951171875,3372.10009765625,3381.0,1680132.0
2023-07-25,3098.30615234375,3399.14990234375,3406.800048828125,3380.199951171875,3397.5,1272980.0
2023-07-26,3088.4169921875,3388.300048828125,3420.85009765625,3385.0,3400.35009765625,1066803.0
2023-07-27,3096.255126953125,3396.89990234375,3411.64990234375,3385.050048828125,3394.949951171875,1701769.0
2023-07-28,3058.428466796875,3355.39990234375,3393.699951171875,3331.0,3385.0,2599831.0
2023-07-31,3118.632568359375,3421.449951171875,3426.64990234375,3360.89990234375,3364.39990234375,2743678.0
2023-08-01,3146.5244140625,3452.050048828125,3460.0,3415.0,3415.0,1956167.0
2023-08-02,3136.133544921875,3440.64990234375,3446.39990234375,3413.60009765625,3434.949951171875,1914899.0
2023-08-03,3099.03564453125,3399.949951171875,3433.25,3368.0,3420.0,2026351.0
2023-08-04,3138.776611328125,3443.550048828125,3471.0,3401.25,3401.25,2248493.0
2023-08-07,3175.69189453125,3484.050048828125,3488.0,3441.25,3453.949951171875,1853889.0
2023-08-08,3163.43310546875,3470.60009765625,3489.949951171875,3456.60009765625,3484.050048828125,1634225.0
2023-08-09,3156.049560546875,3462.5,3467.0,3425.050048828125,3464.89990234375,1794589.0
2023-08-10,3137.454833984375,3442.10009765625,3464.89990234375,3430.050048828125,3450.0,1096701.0
2023-08-11,3143.5625,3448.800048828125,3466.64990234375,3414.0,3438.10009765625,1679974.0
2023-08-14,3144.51904296875,3449.85009765625,3455.0,3411.0,3440.699951171875,1190425.0
2023-08-16,3152.312744140625,3458.39990234375,3466.0,3435.199951171875,3450.0,1328445.0
2023-08-17,3131.667236328125,3435.75,3460.800048828125,3413.199951171875,3455.0,1843241.0
2023-08-18,3069.09326171875,3367.10009765625,3410.0,3356.5,3410.0,2526749.0
2023-08-21,3100.585205078125,3401.64990234375,3409.75,3372.0,3375.0,1375579.0
2023-08-22,3082.810302734375,3382.14990234375,3411.0,3365.050048828125,3400.0,1222012.0
2023-08-23,3097.48583984375,3398.25,3402.0,3376.0,3388.0,1330046.0
2023-08-24,3087.9150390625,3387.75,3413.050048828125,3378.10009765625,3408.0,1152881.0
2023-08-25,3082.0361328125,3381.300048828125,3385.800048828125,3350.25,3375.0,1158046.0
2023-08-28,3076.794921875,3375.550048828125,3394.0,3360.10009765625,3394.0,1037485.0
2023-08-29,3077.342041015625,3376.14990234375,3389.550048828125,3365.0,3381.050048828125,944517.0
2023-08-30,3090.83203125,3390.949951171875,3408.10009765625,3383.050048828125,3398.0,1188200.0
2023-08-31,3059.704833984375,3356.800048828125,3417.39990234375,3343.64990234375,3401.0,3417652.0
2023-09-01,3080.1220703125,3379.199951171875,3389.0,3356.800048828125,3366.0,1277950.0
2023-09-04,3115.943603515625,3418.5,3432.85009765625,3370.050048828125,3378.0,1828332.0
2023-09-05,3125.83349609375,3429.35009765625,3447.0,3405.14990234375,3420.0,1501842.0
2023-09-06,3126.334716796875,3429.89990234375,3443.89990234375,3398.10009765625,3434.0,1314818.0
2023-09-07,3149.441162109375,3455.25,3460.0,3422.300048828125,3430.800048828125,1885092.0
2023-09-08,3137.2724609375,3441.89990234375,3465.0,3435.050048828125,3455.25,1518917.0
2023-09-11,3172.59326171875,3480.64990234375,3485.699951171875,3445.0,3462.0,1783604.0
2023-09-12,3263.87939453125,3580.800048828125,3589.89990234375,3483.0,3492.0,4476016.0
2023-09-13,3252.075439453125,3567.85009765625,3588.85009765625,3545.0,3571.10009765625,1754929.0
2023-09-14,3244.965576171875,3560.050048828125,3597.699951171875,3545.60009765625,3570.050048828125,2604721.0
2023-09-15,3279.83056640625,3598.300048828125,3607.35009765625,3562.449951171875,3567.85009765625,2952897.0
2023-09-18,3286.985595703125,3606.14990234375,3619.300048828125,3575.25,3580.050048828125,1395753.0
2023-09-20,3286.89453125,3606.050048828125,3625.0,3580.0,3580.0,1649396.0
2023-09-21,3267.9814453125,3585.300048828125,3605.0,3528.0,3588.550048828125,2004073.0
2023-09-22,3284.707275390625,3603.64990234375,3633.75,3565.050048828125,3584.0,1989083.0
2023-09-25,3260.55224609375,3577.14990234375,3620.0,3558.64990234375,3602.5,1238778.0
2023-09-26,3268.345947265625,3585.699951171875,3594.949951171875,3536.0,3567.60009765625,1726062.0
2023-09-27,3271.626708984375,3589.300048828125,3614.0,3555.699951171875,3590.0,1541134.0
2023-09-28,3223.72802734375,3536.75,3602.800048828125,3527.35009765625,3600.0,1755753.0
2023-09-29,3216.299072265625,3528.60009765625,3568.449951171875,3505.550048828125,3537.199951171875,2243791.0
2023-10-03,3202.8544921875,3513.85009765625,3534.199951171875,3480.10009765625,3534.199951171875,1948148.0
2023-10-04,3224.639404296875,3537.75,3548.0,3477.300048828125,3486.300048828125,1788138.0
2023-10-05,3271.6728515625,3589.35009765625,3624.0,3551.199951171875,3554.0,2990768.0
2023-10-06,3300.8857421875,3621.39990234375,3634.949951171875,3575.050048828125,3591.0,2075691.0
2023-10-09,3316.335693359375,3638.35009765625,3679.0,3631.0,3645.050048828125,4233074.0
2023-10-10,3307.72265625,3628.89990234375,3648.0,3601.35009765625,3640.050048828125,1848148.0
2023-10-11,3290.40380859375,3609.89990234375,3650.0,3605.0,3650.0,2426417.0
2023-10-12,3229.014892578125,3542.550048828125,3588.64990234375,3538.10009765625,3575.0,4241281.0
2023-10-13,3254.81005859375,3570.85009765625,3577.0,3525.0,3530.0,2890357.0
2023-10-16,3212.15185546875,3524.050048828125,3574.64990234375,3519.10009765625,3566.0,1671104.0
2023-10-17,3196.65673828125,3507.050048828125,3534.14990234375,3503.35009765625,3530.0,1672065.0
2023-10-18,3178.609130859375,3487.25,3522.699951171875,3484.0,3511.0,1408245.0
2023-10-19,3157.956298828125,3455.64990234375,3476.85009765625,3451.89990234375,3469.5,1514545.0
2023-10-20,3193.504638671875,3494.550048828125,3499.5,3444.050048828125,3450.39990234375,1481211.0
2023-10-23,3116.375,3410.14990234375,3478.949951171875,3401.300048828125,3473.0,1106272.0
2023-10-25,3098.052978515625,3390.10009765625,3425.0,3377.199951171875,3390.5,1518537.0
2023-10-26,3049.299072265625,3336.75,3373.699951171875,3330.0,3368.050048828125,1984471.0
2023-10-27,3062.275634765625,3350.949951171875,3362.0,3337.0,3350.0,1108851.0
2023-10-30,3087.497802734375,3378.550048828125,3382.85009765625,3333.75,3350.0,910972.0
2023-10-31,3078.5419921875,3368.75,3399.0,3350.050048828125,3399.0,999811.0
2023-11-01,3043.724365234375,3330.64990234375,3371.60009765625,3311.0,3355.0,1563475.0
2023-11-02,3070.6376953125,3360.10009765625,3375.949951171875,3343.199951171875,3343.199951171875,1245384.0
2023-11-03,3062.229248046875,3350.89990234375,3387.89990234375,3344.300048828125,3382.0,1402598.0
2023-11-06,3089.051025390625,3380.25,3392.300048828125,3359.0,3375.0,1099852.0
2023-11-07,3080.095458984375,3370.449951171875,3404.14990234375,3366.0,3378.0,1191144.0
2023-11-08,3090.239013671875,3381.550048828125,3401.949951171875,3369.550048828125,3371.449951171875,992899.0
2023-11-09,3059.077392578125,3347.449951171875,3391.5,3342.050048828125,3390.10009765625,2112352.0
2023-11-10,3046.282958984375,3333.449951171875,3347.449951171875,3322.35009765625,3338.0,1338557.0
2023-11-13,3044.546630859375,3331.550048828125,3356.0,3327.0,3356.0,1030990.0
2023-11-15,3111.02978515625,3404.300048828125,3413.0,3356.050048828125,3383.10009765625,2059802.0
2023-11-16,3196.5205078125,3497.85009765625,3529.35009765625,3414.199951171875,3430.050048828125,3951984.0
2023-11-17,3200.723876953125,3502.449951171875,3524.5,3492.550048828125,3497.85009765625,2021292.0
2023-11-20,3216.39697265625,3519.60009765625,3533.89990234375,3491.25,3491.25,1475621.0
2023-11-21,3207.806884765625,3510.199951171875,3539.050048828125,3501.0,3519.60009765625,1807236.0
2023-11-22,3226.037841796875,3530.14990234375,3532.64990234375,3481.10009765625,3500.0,1798051.0
2023-11-23,3206.024658203125,3508.25,3544.0,3500.0,3530.0,2729804.0
2023-11-24,3159.281005859375,3457.10009765625,3504.550048828125,3453.0,3494.25,1989733.0
2023-11-28,3171.20703125,3470.14990234375,3481.25,3433.0,3457.10009765625,1689195.0
2023-11-29,3211.050537109375,3513.75,3518.0,3475.800048828125,3481.0,1441634.0
2023-11-30,3187.153564453125,3487.60009765625,3516.64990234375,3481.0,3499.449951171875,3266235.0
2023-12-01,3209.13134765625,3511.64990234375,3516.949951171875,3490.050048828125,3500.0,1172141.0
2023-12-04,3209.86279296875,3512.449951171875,3547.800048828125,3498.0,3544.64990234375,1625213.0
2023-12-05,3227.363037109375,3531.60009765625,3538.0,3502.800048828125,3538.0,1377656.0
2023-12-06,3293.616943359375,3604.10009765625,3612.85009765625,3525.14990234375,3532.60009765625,1896572.0
2023-12-07,3303.4873046875,3614.89990234375,3630.550048828125,3591.699951171875,3605.0,1967653.0
2023-12-08,3314.270263671875,3626.699951171875,3645.0,3602.050048828125,3633.0,1641155.0
2023-12-11,3329.074951171875,3642.89990234375,3653.0,3615.0,3622.89990234375,1102503.0
2023-12-12,3355.759765625,3672.10009765625,3698.39990234375,3631.0,3638.949951171875,2236866.0
2023-12-13,3283.976318359375,3593.550048828125,3650.0,3563.0,3643.550048828125,3850968.0
2023-12-14,3351.326904296875,3667.25,3678.0,3627.60009765625,3630.0,3290396.0
2023-12-15,3528.386474609375,3861.0,3895.949951171875,3666.699951171875,3666.699951171875,8531230.0
2023-12-18,3526.7412109375,3859.199951171875,3929.0,3830.14990234375,3858.10009765625,2521612.0
2023-12-19,3487.445556640625,3816.199951171875,3855.10009765625,3790.0,3845.0,2004435.0
2023-12-20,3454.409912109375,3780.050048828125,3898.800048828125,3766.550048828125,3827.25,2586083.0
2023-12-21,3461.218017578125,3787.5,3806.699951171875,3743.35009765625,3756.25,1517562.0
2023-12-22,3494.57373046875,3824.0,3845.949951171875,3762.0,3800.0,2413058.0
2023-12-26,3468.57470703125,3795.550048828125,3834.0,3790.14990234375,3819.85009765625,1285231.0
2023-12-27,3482.87646484375,3811.199951171875,3818.199951171875,3768.0,3799.0,1293976.0
2023-12-28,3472.5498046875,3799.89990234375,3838.0,3792.10009765625,3824.0,1682889.0
2023-12-29,3466.609375,3793.39990234375,3822.60009765625,3765.39990234375,3792.0,1574996.0
2024-01-01,3482.78515625,3811.10009765625,3832.0,3773.0,3790.0,825907.0
2024-01-02,3457.288330078125,3783.199951171875,3811.10009765625,3767.25,3811.10009765625,1344068.0
2024-01-03,3373.716552734375,3691.75,3771.85009765625,3687.050048828125,3767.0,1803075.0
2024-01-04,3350.916015625,3666.800048828125,3719.0,3651.0,3701.75,3598144.0
2024-01-05,3415.890869140625,3737.89990234375,3747.75,3674.85009765625,3675.0,1963127.0
2024-01-08,3361.42529296875,3678.300048828125,3739.75,3672.39990234375,3737.89990234375,1067805.0
2024-01-09,3372.02587890625,3689.89990234375,3752.35009765625,3682.75,3709.949951171875,1370944.0
2024-01-10,3393.181640625,3713.050048828125,3729.25,3688.0,3690.0,1292227.0
2024-01-11,3413.74365234375,3735.550048828125,3773.0,3707.0,3724.0,1777909.0
2024-01-12,3548.308349609375,3882.800048828125,3905.25,3821.60009765625,3848.0,6813450.0
2024-01-15,3567.49951171875,3903.800048828125,3965.0,3885.0,3960.0,2801505.0
2024-01-16,3528.659912109375,3861.300048828125,3899.0,3855.550048828125,3899.0,1432672.0
2024-01-17,3549.95361328125,3884.60009765625,3909.949951171875,3812.550048828125,3819.0,3458696.0
2024-01-18,3566.40234375,3902.60009765625,3908.800048828125,3862.0,3898.0,2239110.0
2024-01-19,3628.471435546875,3943.050048828125,3963.550048828125,3915.050048828125,3945.0,2941975.0
2024-01-23,3550.436767578125,3858.25,3933.89990234375,3842.75,3900.0,2618854.0
2024-01-24,3535.299072265625,3841.800048828125,3883.64990234375,3805.60009765625,3880.0,2657709.0
2024-01-25,3506.3125,3810.300048828125,3861.0,3778.699951171875,3839.89990234375,2205154.0
2024-01-29,3497.75439453125,3801.0,3820.0,3780.85009765625,3800.800048828125,1646747.0
2024-01-30,3497.34033203125,3800.550048828125,3847.800048828125,3787.0,3807.449951171875,1411621.0
2024-01-31,3511.511474609375,3815.949951171875,3834.0,3796.449951171875,3811.199951171875,2459358.0
2024-02-01,3546.663818359375,3854.14990234375,3904.89990234375,3805.050048828125,3820.0,2363107.0
2024-02-02,3649.86669921875,3966.300048828125,3984.39990234375,3872.0,3875.050048828125,2826510.0
2024-02-05,3656.307861328125,3973.300048828125,4022.0,3962.10009765625,3983.0,1691523.0
2024-02-06,3806.027587890625,4136.0,4149.89990234375,3990.0,3997.0,4474396.0
2024-02-07,3757.623779296875,4083.39990234375,4155.0,4073.949951171875,4153.0,2124267.0
2024-02-08,3804.279052734375,4134.10009765625,4158.0,4086.050048828125,4090.0,2345173.0
2024-02-09,3803.91162109375,4133.7001953125,4184.75,4100.0,4136.5498046875,2100596.0
2024-02-12,3791.9482421875,4120.7001953125,4159.60009765625,4105.5498046875,4130.0,1013716.0
2024-02-13,3818.450439453125,4149.5,4170.0,4081.5,4125.4501953125,1257415.0
2024-02-14,3772.9921875,4100.10009765625,4114.89990234375,4049.5,4107.0,1391283.0
2024-02-15,3775.8447265625,4103.2001953125,4146.2998046875,4083.0,4128.0,1091582.0
2024-02-16,3798.94189453125,4128.2998046875,4147.9501953125,4100.10009765625,4113.25,1307556.0
2024-02-19,3776.396484375,4103.7998046875,4128.2998046875,4055.0,4123.0498046875,772291.0
2024-02-20,3709.08251953125,4030.64990234375,4098.0,4010.0,4082.10009765625,1193648.0
2024-02-21,3673.055419921875,3991.5,4063.35009765625,3980.60009765625,4013.0,1885939.0
2024-02-22,3761.029052734375,4087.10009765625,4094.949951171875,3971.0,3971.0,2982052.0
2024-02-23,3728.821044921875,4052.10009765625,4130.0,4046.39990234375,4130.0,2538072.0
2024-02-26,3681.843994140625,4001.050048828125,4050.0,3982.75,4036.0,1379284.0
2024-02-27,3776.948486328125,4104.39990234375,4124.0,3999.0,3999.0,2960475.0
2024-02-28,3790.337890625,4118.9501953125,4154.89990234375,4089.0,4095.60009765625,1939225.0
2024-02-29,3768.390625,4095.10009765625,4138.10009765625,4064.550048828125,4099.0,3772719.0
2024-03-01,3767.700927734375,4094.35009765625,4140.0,4086.800048828125,4107.2001953125,2043265.0
2024-03-04,3755.1396484375,4080.699951171875,4117.89990234375,4075.89990234375,4105.0,1749271.0
2024-03-05,3692.0126953125,4012.10009765625,4064.0,3980.0,4062.0,2070859.0
2024-03-06,3740.048095703125,4064.300048828125,4072.0,3958.449951171875,3994.050048828125,1744204.0
2024-03-07,3780.813720703125,4108.60009765625,4124.0,4037.699951171875,4065.0,2688905.0
2024-03-11,3793.46728515625,4122.35009765625,4153.0,4089.0,4089.0,2304068.0
2024-03-12,3857.79052734375,4192.25,4229.9501953125,4121.0498046875,4122.35009765625,4039801.0
2024-03-13,3817.990966796875,4149.0,4241.0,4131.89990234375,4205.0,2837260.0
2024-03-14,3871.915283203125,4207.60009765625,4225.0,4086.0,4153.4501953125,2919608.0
2024-03-15,3882.6357421875,4219.25,4239.0,4177.0,4192.60009765625,3373143.0
2024-03-18,3821.21142578125,4152.5,4254.75,4117.85009765625,4215.25,1526904.0
2024-03-19,3659.989013671875,3977.300048828125,4058.0,3966.60009765625,4051.25,8931209.0
2024-03-20,3654.09912109375,3970.89990234375,4018.0,3960.199951171875,3986.0,1817913.0
2024-03-21,3655.98583984375,3972.949951171875,4008.39990234375,3948.0,3990.050048828125,3829582.0
2024-03-22,3598.885986328125,3910.89990234375,3938.0,3855.0,3897.0,5852485.0
2024-03-26,3568.151123046875,3877.5,3946.699951171875,3871.449951171875,3875.0,3440925.0
2024-03-27,3534.470947265625,3840.89990234375,3895.0,3829.39990234375,3888.5,1968575.0
2024-03-28,3567.046630859375,3876.300048828125,3915.0,3840.5,3850.10009765625,4311783.0
2024-04-01,3604.269775390625,3916.75,3933.300048828125,3888.050048828125,3897.699951171875,1569676.0
2024-04-02,3573.9482421875,3883.800048828125,3909.85009765625,3873.0,3890.0,2142666.0
2024-04-03,3632.3828125,3947.300048828125,3981.0,3851.0,3851.0,3973090.0
2024-04-04,3683.91455078125,4003.300048828125,4028.64990234375,3935.25,3975.89990234375,3394637.0
2024-04-05,3661.783203125,3979.25,4002.0,3960.5,3978.0,1636819.0
2024-04-08,3655.617919921875,3972.550048828125,4032.64990234375,3960.0,3983.0,2302538.0
2024-04-09,3631.692626953125,3946.550048828125,4015.85009765625,3925.050048828125,3984.0,1876992.0
2024-04-10,3666.752197265625,3984.64990234375,3990.199951171875,3918.0,3956.39990234375,2101965.0
2024-04-12,3682.166259765625,4001.39990234375,4013.35009765625,3945.5,3971.0,4354821.0
2024-04-15,3626.768798828125,3941.199951171875,4064.199951171875,3919.050048828125,4001.39990234375,4200329.0
2024-04-16,3563.825927734375,3872.800048828125,3928.699951171875,3862.85009765625,3902.0,3051420.0
2024-04-18,3553.887451171875,3862.0,3936.0,3850.0,3876.800048828125,3476284.0
2024-04-19,3520.943603515625,3826.199951171875,3852.550048828125,3800.89990234375,3838.0,2957749.0
2024-04-22,3556.2802734375,3864.60009765625,3878.0,3812.0,3837.0,1728883.0
2024-04-23,3565.57421875,3874.699951171875,3895.0,3860.60009765625,3877.050048828125,1807586.0
2024-04-24,3525.406494140625,3831.050048828125,3898.0,3824.449951171875,3890.0,1317312.0
2024-04-25,3544.869384765625,3852.199951171875,3873.64990234375,3811.0,3811.199951171875,2856271.0
2024-04-26,3516.48095703125,3821.35009765625,3876.800048828125,3802.550048828125,3855.14990234375,2039178.0
2024-04-29,3561.433349609375,3870.199951171875,3877.800048828125,3819.199951171875,3838.0,1110693.0
2024-04-30,3515.837158203125,3820.64990234375,3881.75,3810.0,3872.0,2203078.0
2024-05-02,3555.08349609375,3863.300048828125,3871.10009765625,3778.050048828125,3778.050048828125,2491044.0
2024-05-03,3536.771484375,3843.39990234375,3893.60009765625,3797.60009765625,3890.14990234375,2962234.0
2024-05-06,3608.2265625,3921.050048828125,3939.949951171875,3853.0,3853.0,2053831.0
2024-05-07,3661.50732421875,3978.949951171875,3988.0,3913.5,3930.800048828125,2062112.0
2024-05-08,3659.666748046875,3976.949951171875,3984.300048828125,3938.60009765625,3961.0,1247685.0
2024-05-09,3644.2529296875,3960.199951171875,3971.0,3910.050048828125,3962.0,1726486.0
2024-05-10,3583.242431640625,3893.89990234375,3973.60009765625,3885.050048828125,3962.60009765625,1672489.0
2024-05-13,3632.8427734375,3947.800048828125,3955.0,3870.0,3884.5,931326.0
2024-05-14,3589.960693359375,3901.199951171875,3945.800048828125,3892.89990234375,3936.0,1058317.0
2024-05-15,3570.81982421875,3880.39990234375,3926.949951171875,3875.5,3904.5,1115021.0
2024-05-16,3615.82080078125,3900.949951171875,3909.5,3843.5,3891.10009765625,2599399.0
2024-05-17,3553.857666015625,3834.10009765625,3920.0,3830.0,3919.0,2765804.0
2024-05-21,3540.97314453125,3820.199951171875,3844.75,3810.050048828125,3830.60009765625,1908117.0
2024-05-22,3551.910888671875,3832.0,3841.25,3817.550048828125,3835.0,1311168.0
2024-05-23,3608.869140625,3893.449951171875,3905.0,3825.5,3840.949951171875,2095742.0
2024-05-24,3568.13134765625,3849.5,3883.800048828125,3844.300048828125,3878.25,1309452.0
2024-05-27,3565.86083984375,3847.050048828125,3908.35009765625,3841.35009765625,3855.0,1841538.0
2024-05-28,3559.233154296875,3839.89990234375,3870.0,3830.0,3858.0,1801993.0
2024-05-29,3525.63232421875,3803.64990234375,3848.89990234375,3800.0,3848.89990234375,1568095.0
2024-05-30,3463.0205078125,3736.10009765625,3794.39990234375,3715.449951171875,3777.0,2919230.0
2024-05-31,3402.632080078125,3670.949951171875,3749.800048828125,3653.75,3740.0,10956800.0
2024-06-03,3432.200927734375,3702.85009765625,3751.550048828125,3696.0,3732.800048828125,2156773.0
2024-06-04,3443.46240234375,3715.0,3745.0,3591.5,3700.0,3395997.0
2024-06-05,3472.6142578125,3746.449951171875,3783.800048828125,3700.0,3716.0,2799670.0
2024-06-06,3550.427734375,3830.39990234375,3839.89990234375,3741.5,3781.0,4328036.0
2024-06-07,3609.33251953125,3893.949951171875,3915.0,3837.300048828125,3837.300048828125,4552445.0
2024-06-10,3576.6591796875,3858.699951171875,3905.89990234375,3841.89990234375,3895.0,1734661.0
2024-06-11,3570.54150390625,3852.10009765625,3879.949951171875,3841.0,3845.0,1419898.0
2024-06-12,3551.5859375,3831.64990234375,3893.5,3827.449951171875,3874.39990234375,2177001.0
2024-06-13,3594.687255859375,3878.14990234375,3890.0,3852.0,3856.800048828125,1932323.0
2024-06-14,3551.957275390625,3832.050048828125,3889.0,3828.0,3889.0,1860730.0
2024-06-18,3536.245849609375,3815.10009765625,3842.0,3795.050048828125,3826.050048828125,1774045.0
2024-06-19,3523.825439453125,3801.699951171875,3833.85009765625,3792.949951171875,3827.64990234375,1509050.0
2024-06-20,3510.431640625,3787.25,3809.949951171875,3780.050048828125,3796.0,2846526.0
2024-06-21,3532.2138671875,3810.75,3877.800048828125,3798.050048828125,3827.0,4642195.0
2024-06-24,3537.821533203125,3816.800048828125,3857.0,3791.300048828125,3808.75,1702154.0
2024-06-25,3557.88916015625,3838.449951171875,3847.64990234375,3792.89990234375,3817.0,1338808.0
2024-06-26,3574.017822265625,3855.85009765625,3866.949951171875,3841.0,3844.5,1639845.0
2024-06-27,3646.59423828125,3934.14990234375,3942.0,3818.10009765625,3831.0,4526556.0
2024-06-28,3618.786865234375,3904.14990234375,3960.0,3897.85009765625,3917.800048828125,2731571.0
2024-07-01,3687.424560546875,3978.199951171875,4001.699951171875,3884.0,3884.0,2658723.0
2024-07-02,3723.759033203125,4017.39990234375,4023.39990234375,3982.550048828125,3993.60009765625,2307449.0
2024-07-03,3675.421142578125,3965.25,4026.10009765625,3955.0,4020.0,1821198.0
2024-07-04,3727.0498046875,4020.949951171875,4047.35009765625,3982.10009765625,3999.85009765625,2518001.0
2024-07-05,3718.56884765625,4011.800048828125,4026.75,3988.0,4010.0,1668616.0
2024-07-08,3701.327880859375,3993.199951171875,4031.25,3978.050048828125,4022.0,1758882.0
2024-07-09,3694.19091796875,3985.5,4006.949951171875,3975.10009765625,3985.0,1305801.0
2024-07-10,3623.421630859375,3909.14990234375,4003.300048828125,3902.0,3983.699951171875,2669716.0
2024-07-11,3636.907958984375,3923.699951171875,3980.0,3895.60009765625,3931.0,4872189.0
2024-07-12,3878.1357421875,4183.9501953125,4199.9501953125,3971.300048828125,3980.0,13509164.0
2024-07-15,3864.464599609375,4169.2001953125,4240.0,4157.0498046875,4235.7001953125,4848030.0
2024-07-16,3873.0380859375,4178.4501953125,4194.5498046875,4144.89990234375,4172.0,2029521.0
2024-07-18,4000.116455078125,4315.5498046875,4325.0,4160.0,4160.0,5613364.0
2024-07-19,3997.190185546875,4302.39990234375,4358.75,4285.25,4317.39990234375,3903354.0
2024-07-22,3983.2080078125,4287.35009765625,4319.9501953125,4265.0,4299.9501953125,1896386.0
2024-07-23,3997.143798828125,4302.35009765625,4361.7001953125,4266.2998046875,4283.0,2365208.0
2024-07-24,4000.76806640625,4306.25,4339.10009765625,4268.10009765625,4287.5,1809793.0
2024-07-25,4015.864990234375,4322.5,4343.0,4274.2001953125,4295.0,2810342.0
2024-07-26,4076.578369140625,4387.85009765625,4422.4501953125,4337.0498046875,4350.0,3552210.0
2024-07-29,4070.30712890625,4381.10009765625,4431.0,4371.0,4415.0,1746803.0
2024-07-30,4055.67431640625,4365.35009765625,4398.0,4327.2998046875,4391.10009765625,1797906.0
2024-07-31,4074.255859375,4385.35009765625,4414.0,4345.0,4350.0,2330091.0
2024-08-01,4085.17236328125,4397.10009765625,4419.2998046875,4365.0498046875,4399.39990234375,2202244.0
2024-08-02,3979.212646484375,4283.0498046875,4398.0,4270.0,4365.0,2811282.0
2024-08-05,3860.293212890625,4155.0498046875,4239.0,4110.5,4239.0,2787771.0
2024-08-06,3875.298095703125,4171.2001953125,4258.25,4160.7998046875,4170.9501953125,2203067.0
2024-08-07,3902.472900390625,4200.4501953125,4244.9501953125,4180.2998046875,4228.0,1237666.0
2024-08-08,3876.5517578125,4172.5498046875,4232.0,4160.0,4181.0,2441283.0
2024-08-09,3928.76513671875,4228.75,4253.64990234375,4205.5498046875,4217.0,1302536.0
2024-08-12,3898.013427734375,4195.64990234375,4239.0,4186.35009765625,4230.0,936912.0
2024-08-13,3899.221435546875,4196.9501953125,4234.0,4183.0,4213.0,1495593.0
2024-08-14,3990.547119140625,4295.25,4306.2001953125,4188.14990234375,4209.0,3226545.0
2024-08-16,4102.77783203125,4416.0498046875,4427.0,4325.10009765625,4350.0,3457058.0
2024-08-19,4171.4814453125,4490.0,4494.25,4390.35009765625,4421.0,2055210.0
2024-08-20,4202.41943359375,4523.2998046875,4565.0,4500.0,4505.0,2212298.0
2024-08-21,4228.61962890625,4551.5,4560.0,4492.5498046875,4518.0,1896990.0
2024-08-22,4182.63134765625,4502.0,4560.9501953125,4497.2001953125,4560.0,1829872.0
2024-08-23,4147.2333984375,4463.89990234375,4506.0,4455.0,4500.0,1809253.0
2024-08-26,4183.0498046875,4502.4501953125,4552.14990234375,4485.0,4489.0,1844164.0
2024-08-27,4178.125,4497.14990234375,4510.0,4486.7998046875,4505.0,930697.0
2024-08-28,4186.3935546875,4506.0498046875,4562.5,4457.2998046875,4498.75,1848058.0
2024-08-29,4191.7353515625,4511.7998046875,4556.0,4460.0,4460.0,2133641.0
2024-08-30,4230.7099609375,4553.75,4592.25,4487.7998046875,4500.0,3637222.0
2024-09-02,4200.32958984375,4521.0498046875,4588.0,4512.0,4576.0,1216500.0
2024-09-03,4192.24658203125,4512.35009765625,4555.89990234375,4495.89990234375,4521.0498046875,1717263.0
2024-09-04,4161.49462890625,4479.25,4487.0,4436.7001953125,4476.9501953125,1265505.0
2024-09-05,4158.4287109375,4475.9501953125,4499.0,4454.14990234375,4481.0,1688793.0
2024-09-06,4140.5908203125,4456.75,4518.9501953125,4440.0,4473.9501953125,1649179.0
2024-09-09,4133.9013671875,4449.5498046875,4490.25,4430.5,4455.0,1184938.0
2024-09-10,4188.06591796875,4507.85009765625,4539.9501953125,4440.4501953125,4442.4501953125,1385591.0
2024-09-11,4161.58740234375,4479.35009765625,4549.35009765625,4471.25,4521.4501953125,1325919.0
2024-09-12,4197.21728515625,4517.7001953125,4532.60009765625,4431.2998046875,4510.25,2742216.0
2024-09-13,4201.76953125,4522.60009765625,4547.0,4505.0,4530.0,1458786.0
2024-09-16,4193.08251953125,4513.25,4546.0498046875,4494.4501953125,4527.0,1155120.0
2024-09-17,4186.021484375,4505.64990234375,4535.7998046875,4466.0,4513.25,1699364.0
2024-09-18,4037.83642578125,4346.14990234375,4497.0498046875,4321.0,4497.0498046875,2961779.0
2024-09-19,3991.383544921875,4296.14990234375,4422.2001953125,4281.7998046875,4390.0498046875,2927551.0
2024-09-20,3980.931884765625,4284.89990234375,4330.7001953125,4227.5,4316.89990234375,5447908.0
2024-09-23,3965.6953125,4268.5,4309.39990234375,4253.0,4300.0,1702319.0
2024-09-24,3968.29638671875,4271.2998046875,4291.0,4240.0,4251.64990234375,3012026.0
2024-09-25,3971.50244140625,4274.75,4289.60009765625,4240.0,4252.35009765625,2713073.0
2024-09-26,3987.99267578125,4292.5,4316.7998046875,4260.0,4260.0,3964251.0
2024-09-27,4003.0439453125,4308.7001953125,4378.0,4300.0498046875,4335.0,3012477.0
2024-09-30,3965.6953125,4268.5,4298.75,4260.0498046875,4286.89990234375,2503416.0
2024-10-01,3983.71875,4287.89990234375,4295.75,4242.9501953125,4255.5498046875,1823365.0
2024-10-03,3932.480712890625,4232.75,4279.0,4210.0,4262.60009765625,3350119.0
2024-10-04,3950.59814453125,4252.25,4298.0,4224.0498046875,4225.0,2965463.0
2024-10-07,3969.737060546875,4272.85009765625,4297.25,4229.39990234375,4273.89990234375,1472619.0
2024-10-08,3951.527587890625,4253.25,4279.39990234375,4203.9501953125,4272.60009765625,1541867.0
2024-10-09,3951.248291015625,4252.9501953125,4295.0,4246.7001953125,4260.0,1082504.0
2024-10-10,3927.510986328125,4227.39990234375,4293.85009765625,4198.60009765625,4253.25,2378875.0
2024-10-11,3854.8583984375,4149.2001953125,4241.9501953125,4112.4501953125,4143.0,5759183.0
2024-10-14,3843.198486328125,4136.64990234375,4165.39990234375,4122.2001953125,4140.0,2137590.0
2024-10-15,3824.75634765625,4116.7998046875,4169.9501953125,4095.0,4131.0498046875,2759474.0
2024-10-16,3804.45654296875,4094.949951171875,4115.0,4067.199951171875,4085.0,2359151.0
2024-10-17,3817.509765625,4109.0,4129.9501953125,4092.949951171875,4112.7998046875,2522659.0
2024-10-18,3839.908203125,4123.0498046875,4146.14990234375,4080.0,4090.0,2361000.0
2024-10-21,3799.675048828125,4079.85009765625,4139.9501953125,4070.0,4132.60009765625,1595450.0
2024-10-22,3739.743896484375,4015.5,4089.800048828125,4006.35009765625,4066.0,1928049.0
2024-10-23,3787.00927734375,4066.25,4113.5498046875,3995.14990234375,3999.60009765625,1966476.0
2024-10-24,3769.919189453125,4047.89990234375,4079.0,4004.0,4004.0,2676744.0
2024-10-25,3778.906982421875,4057.550048828125,4092.0,4032.699951171875,4057.050048828125,1759676.0
2024-10-28,3809.919189453125,4090.85009765625,4134.0,4051.0,4068.949951171875,1532534.0
2024-10-29,3795.390869140625,4075.25,4103.5,4060.10009765625,4095.85009765625,1445885.0
2024-10-30,3804.1455078125,4084.64990234375,4107.0,4060.050048828125,4075.0,1935002.0
2024-10-31,3695.925048828125,3968.449951171875,4078.300048828125,3960.0,4070.0,3740372.0
2024-11-01,3710.593505859375,3984.199951171875,3998.949951171875,3976.050048828125,3989.85009765625,154895.0
2024-11-04,3691.920166015625,3964.14990234375,3991.89990234375,3913.25,3966.300048828125,2269192.0
2024-11-05,3698.6259765625,3971.35009765625,3986.0,3941.10009765625,3941.10009765625,967590.0
2024-11-06,3855.368408203125,4139.64990234375,4149.7998046875,3975.25,4003.60009765625,3792017.0
2024-11-07,3865.845947265625,4150.89990234375,4205.7998046875,4085.050048828125,4169.7001953125,3724349.0
2024-11-08,3862.213623046875,4147.0,4169.75,4117.64990234375,4155.0,1648039.0
2024-11-11,3910.36376953125,4198.7001953125,4234.2998046875,4117.64990234375,4128.2001953125,1406487.0
2024-11-12,3909.15283203125,4197.39990234375,4218.0,4164.35009765625,4216.0,1587640.0
2024-11-13,3865.333984375,4150.35009765625,4196.75,4131.0498046875,4178.10009765625,1098813.0
2024-11-14,3861.189208984375,4145.89990234375,4160.0,4116.4501953125,4135.0,1825432.0
2024-11-18,3743.4697265625,4019.5,4213.0,3990.199951171875,4213.0,3313944.0
2024-11-19,3762.142578125,4039.550048828125,4132.14990234375,4014.10009765625,4019.89990234375,1776233.0
2024-11-21,3793.15576171875,4072.85009765625,4092.449951171875,4024.0,4044.89990234375,2384347.0
2024-11-22,3953.111328125,4244.60009765625,4254.9501953125,4054.0,4071.0,3096553.0
2024-11-25,4018.77001953125,4315.10009765625,4328.10009765625,4252.2001953125,4280.0,4052167.0
2024-11-26,4053.78759765625,4352.7001953125,4366.60009765625,4310.0,4321.0498046875,2060669.0
2024-11-27,4035.02099609375,4332.5498046875,4377.39990234375,4324.0498046875,4358.9501953125,1558993.0
2024-11-28,3953.390869140625,4244.89990234375,4339.9501953125,4233.0,4319.0,2558544.0
2024-11-29,3977.55908203125,4270.85009765625,4298.7001953125,4195.64990234375,4220.0,2017425.0
2024-12-02,3982.960205078125,4276.64990234375,4288.2001953125,4230.0498046875,4270.0,1670944.0
2024-12-03,4007.268310546875,4302.75,4325.0,4265.4501953125,4314.35009765625,2010905.0
2024-12-04,4055.37109375,4354.39990234375,4386.9501953125,4289.0498046875,4313.5498046875,3302642.0
2024-12-05,4157.49072265625,4464.0498046875,4489.0,4360.0,4400.7998046875,3746747.0
2024-12-06,4140.21484375,4445.5,4465.0,4412.75,4453.0,1842087.0
2024-12-09,4146.40771484375,4452.14990234375,4469.39990234375,4415.5498046875,4430.4501953125,2066639.0
2024-12-10,4128.15380859375,4432.5498046875,4493.7998046875,4412.10009765625,4426.14990234375,2087828.0
2024-12-11,4123.404296875,4427.4501953125,4448.64990234375,4407.0,4431.85009765625,1635256.0
2024-12-12,4149.01611328125,4454.9501953125,4485.0,4426.0,4430.0498046875,1914642.0
2024-12-13,4166.66455078125,4473.89990234375,4494.89990234375,4394.39990234375,4434.9501953125,1967048.0
2024-12-16,4111.99560546875,4415.2001953125,4475.0,4397.0,4459.0,1646224.0
2024-12-17,4031.249755859375,4328.5,4432.9501953125,4318.0,4410.0,3225027.0
2024-12-18,4049.2705078125,4347.85009765625,4362.0,4289.60009765625,4311.7001953125,1575404.0
2024-12-19,3978.536376953125,4271.89990234375,4364.0,4262.0,4282.0,3015763.0
2024-12-20,3883.913330078125,4170.2998046875,4382.0,4152.5,4329.0,4116989.0
2024-12-23,3872.737548828125,4158.2998046875,4217.0,4114.89990234375,4200.0498046875,2195338.0
2024-12-24,3892.481689453125,4179.5,4218.0,4158.2998046875,4158.2998046875,1181886.0
2024-12-26,3882.7958984375,4169.10009765625,4199.9501953125,4143.14990234375,4179.5,1208464.0
2024-12-27,3878.837890625,4164.85009765625,4180.9501953125,4147.25,4163.0,858100.0
2024-12-30,3873.202880859375,4158.7998046875,4199.2998046875,4112.0,4151.0,1527169.0
2024-12-31,3813.5986328125,4094.800048828125,4139.9501953125,4032.050048828125,4135.0,1555429.0
2025-01-01,3830.03662109375,4112.4501953125,4134.0,4085.449951171875,4094.39990234375,763161.0
2025-01-02,3888.989501953125,4175.75,4183.0,4096.9501953125,4120.0,1720835.0
2025-01-03,3818.34814453125,4099.89990234375,4179.9501953125,4092.300048828125,4179.9501953125,1791953.0
2025-01-06,3813.784912109375,4095.0,4149.64990234375,4066.39990234375,4105.5,2085593.0
2025-01-07,3751.6650390625,4028.300048828125,4140.35009765625,4011.550048828125,4114.9501953125,2669054.0
2025-01-08,3826.264404296875,4108.39990234375,4126.0,4017.75,4034.89990234375,2181277.0
2025-01-09,3761.49072265625,4038.85009765625,4137.75,4025.300048828125,4101.0,2392472.0
2025-01-10,3972.7158203125,4265.64990234375,4297.0,4170.0,4200.0,7894300.0
2025-01-13,3996.418212890625,4291.10009765625,4322.9501953125,4227.39990234375,4245.0,4003771.0
2025-01-14,3942.35400390625,4233.0498046875,4313.89990234375,4219.0498046875,4302.0,3441709.0
2025-01-15,3957.768310546875,4249.60009765625,4256.4501953125,4207.4501953125,4218.0,1653474.0
2025-01-16,3917.441162109375,4206.2998046875,4294.0,4191.85009765625,4260.0,2637705.0
2025-01-17,3911.75,4124.2998046875,4160.60009765625,4100.0498046875,4159.89990234375,1761466.0
2025-01-20,3867.647216796875,4077.800048828125,4145.7998046875,4068.10009765625,4145.7998046875,1287799.0
2025-01-21,3827.85888671875,4035.85009765625,4111.0,4030.0,4095.300048828125,1971591.0
2025-01-22,3942.38623046875,4156.60009765625,4163.14990234375,4044.199951171875,4050.0,2409223.0
2025-01-23,3931.810791015625,4145.4501953125,4191.35009765625,4140.0498046875,4168.0,1822998.0
2025-01-24,3938.355224609375,4152.35009765625,4178.0,4104.0,4104.0,1910099.0
2025-01-27,3855.64892578125,4065.14990234375,4156.35009765625,4041.050048828125,4102.0,1551782.0
2025-01-28,3832.07958984375,4040.300048828125,4102.0,4028.300048828125,4070.800048828125,2468272.0
2025-01-29,3888.51318359375,4099.7998046875,4107.85009765625,4054.0,4054.0,1217089.0
2025-01-30,3888.75048828125,4100.0498046875,4129.89990234375,4058.5,4099.89990234375,1531251.0
2025-01-31,3900.463623046875,4112.39990234375,4128.4501953125,4085.25,4110.0,1492943.0
2025-02-01,3863.236328125,4073.14990234375,4135.89990234375,4056.0,4113.0,437172.0
2025-02-03,3858.968505859375,4068.64990234375,4077.0,3998.699951171875,4030.89990234375,1265713.0
2025-02-04,3895.389404296875,4107.0498046875,4118.85009765625,4066.050048828125,4083.699951171875,2547132.0
2025-02-05,3880.261474609375,4091.10009765625,4150.0,4076.0,4150.0,1693912.0
2025-02-06,3872.341796875,4082.75,4139.5,4051.550048828125,4105.39990234375,2284536.0
2025-02-07,3821.740966796875,4029.39990234375,4090.0,4008.0,4090.0,1548940.0
2025-02-10,3828.902099609375,4036.949951171875,4052.0,4014.35009765625,4040.0,1339511.0
2025-02-11,3759.284912109375,3963.550048828125,4040.0,3955.0,4018.39990234375,1810908.0
2025-02-12,3746.57568359375,3950.14990234375,4021.75,3940.14990234375,3971.10009765625,1678002.0
2025-02-13,3708.636962890625,3910.14990234375,3984.449951171875,3902.25,3968.0,2277310.0
2025-02-14,3732.064208984375,3934.85009765625,3948.0,3900.0,3925.0,1681975.0
2025-02-17,3703.278076171875,3904.5,3934.0,3856.199951171875,3856.5,1799806.0
2025-02-18,3673.591064453125,3873.199951171875,3924.39990234375,3864.5,3898.39990234375,2149879.0
2025-02-19,3589.0830078125,3784.10009765625,3874.949951171875,3768.14990234375,3872.199951171875,4366672.0
2025-02-20,3584.625,3779.39990234375,3788.0,3751.300048828125,3761.5,2888572.0
2025-02-21,3590.88525390625,3786.0,3817.0,3775.0,3776.10009765625,1833931.0
2025-02-24,3486.1748046875,3675.60009765625,3763.199951171875,3670.0,3743.14990234375,2508516.0
2025-02-25,3442.498291015625,3629.550048828125,3658.0,3621.25,3625.0,4101954.0
2025-02-27,3426.3740234375,3612.550048828125,3638.0,3600.699951171875,3611.699951171875,3823856.0
2025-02-28,3303.73779296875,3483.25,3600.0,3457.0,3584.949951171875,7085018.0
2025-03-03,3313.032470703125,3493.050048828125,3523.25,3476.14990234375,3485.0,4990439.0
2025-03-04,3350.02294921875,3532.050048828125,3551.0,3464.300048828125,3474.0,2797737.0
2025-03-05,3364.249755859375,3547.050048828125,3600.35009765625,3520.85009765625,3520.85009765625,2501894.0
2025-03-06,3415.988525390625,3601.60009765625,3609.449951171875,3536.10009765625,3557.0,2786513.0
2025-03-07,3425.093505859375,3611.199951171875,3625.0,3574.39990234375,3600.0,2051315.0
2025-03-10,3404.654052734375,3589.64990234375,3622.10009765625,3582.60009765625,3606.5,1004626.0
2025-03-11,3391.043701171875,3575.300048828125,3588.75,3537.64990234375,3558.0,1995450.0
2025-03-12,3325.5048828125,3506.199951171875,3569.25,3486.85009765625,3565.0,3174167.0
2025-03-13,3330.104736328125,3511.050048828125,3524.300048828125,3484.10009765625,3502.300048828125,1693004.0
2025-03-17,3317.44287109375,3497.699951171875,3530.449951171875,3477.35009765625,3489.0,2690906.0
2025-03-18,3317.44287109375,3497.699951171875,3497.699951171875,3497.699951171875,3497.699951171875,0.0
2025-03-19,3316.8740234375,3497.10009765625,3547.0,3462.75,3547.0,3051244.0
2025-03-20,3379.519775390625,3563.14990234375,3578.949951171875,3512.0,3512.0,2845192.0
2025-03-21,3393.699462890625,3578.10009765625,3616.25,3465.0,3475.0,4161925.0
2025-03-24,3441.928955078125,3628.949951171875,3649.75,3566.60009765625,3600.0,1834751.0
2025-03-25,3469.24462890625,3657.75,3710.0,3638.0,3645.0,3135390.0
2025-03-26,3448.42578125,3635.800048828125,3680.5,3625.85009765625,3647.75,1734499.0
2025-03-27,3463.031982421875,3651.199951171875,3663.0,3610.5,3614.85009765625,2528474.0
2025-03-28,3420.303466796875,3606.14990234375,3660.949951171875,3591.89990234375,3651.0,2051919.0
2025-04-01,3367.806396484375,3550.800048828125,3584.0,3525.0,3572.699951171875,2618493.0
2025-04-02,3361.3095703125,3543.949951171875,3564.10009765625,3530.050048828125,3544.0,1764313.0
2025-04-03,3227.765625,3403.14990234375,3502.0,3396.14990234375,3491.0,4537821.0
2025-04-04,3129.362548828125,3299.39990234375,3399.64990234375,3295.5,3362.60009765625,5317367.0
2025-04-07,3105.319091796875,3274.050048828125,3291.39990234375,3056.050048828125,3100.0,6623955.0
2025-04-08,3123.24462890625,3292.949951171875,3349.0,3255.300048828125,3302.050048828125,5557558.0
2025-04-09,3079.28369140625,3246.60009765625,3270.0,3212.050048828125,3260.550048828125,2990265.0
2025-04-11,3064.961669921875,3231.5,3298.949951171875,3206.0,3289.550048828125,7108961.0
2025-04-15,3080.801025390625,3248.199951171875,3314.39990234375,3238.60009765625,3314.39990234375,3512160.0
2025-04-16,3105.08154296875,3273.800048828125,3278.10009765625,3229.0,3248.199951171875,2384391.0
2025-04-17,3128.88818359375,3298.89990234375,3303.60009765625,3218.0,3245.5,2932346.0
2025-04-21,3150.418701171875,3321.60009765625,3354.0,3284.10009765625,3290.10009765625,2432946.0
2025-04-22,3143.58935546875,3314.39990234375,3333.89990234375,3295.0,3322.60009765625,2710498.0
2025-04-23,3237.10791015625,3413.0,3420.89990234375,3337.300048828125,3365.0,3543923.0
2025-04-24,3226.29541015625,3401.60009765625,3412.5,3387.699951171875,3401.10009765625,2252175.0
2025-04-25,3270.30419921875,3448.0,3477.800048828125,3405.0,3420.0,2742991.0
2025-04-28,3266.0361328125,3443.5,3457.800048828125,3405.0,3435.0,1593296.0
2025-04-29,3293.541748046875,3472.5,3495.0,3430.39990234375,3455.0,1578332.0
2025-04-30,3275.71044921875,3453.699951171875,3509.89990234375,3366.0,3472.0,2809332.0
2025-05-02,3254.180419921875,3431.0,3491.5,3420.0,3472.0,1721761.0
2025-05-05,3276.27978515625,3454.300048828125,3504.5,3446.39990234375,3450.0,1284443.0
2025-05-06,3281.68603515625,3460.0,3473.0,3437.0,3460.0,1324763.0
2025-05-07,3267.5537109375,3445.10009765625,3459.5,3420.60009765625,3420.60009765625,1477128.0
2025-05-08,3271.157958984375,3448.89990234375,3477.0,3428.699951171875,3448.0,2543591.0
2025-05-09,3263.001220703125,3440.300048828125,3446.199951171875,3398.10009765625,3399.0,2531757.0
2025-05-12,3433.8193359375,3620.39990234375,3630.5,3502.199951171875,3505.0,2228678.0
2025-05-13,3333.851318359375,3515.0,3623.0,3510.5,3620.39990234375,3062887.0
2025-05-14,3365.814697265625,3548.699951171875,3561.0,3508.60009765625,3521.0,2119499.0
2025-05-15,3395.40673828125,3579.89990234375,3600.0,3514.10009765625,3564.0,3548330.0
2025-05-16,3377.765380859375,3561.300048828125,3593.89990234375,3546.10009765625,3593.89990234375,1666727.0
2025-05-19,3337.45556640625,3518.800048828125,3550.0,3503.699951171875,3550.0,2537377.0
2025-05-20,3318.01220703125,3498.300048828125,3558.0,3494.0,3531.800048828125,2038374.0
2025-05-21,3344.0947265625,3525.800048828125,3537.0,3498.300048828125,3508.0,1440153.0
2025-05-22,3297.809814453125,3477.0,3497.800048828125,3451.300048828125,3495.0,2034383.0
2025-05-23,3333.47216796875,3514.60009765625,3535.0,3465.60009765625,3477.0,1274331.0
2025-05-26,3355.002197265625,3537.300048828125,3545.0,3510.10009765625,3521.0,967470.0
2025-05-27,3318.391357421875,3498.699951171875,3540.0,3483.10009765625,3532.0,2467680.0
2025-05-28,3317.44287109375,3497.699951171875,3529.0,3493.0,3520.0,1222933.0
2025-05-29,3317.822509765625,3498.10009765625,3532.5,3486.5,3504.699951171875,3188072.0
2025-05-30,3284.910400390625,3463.39990234375,3506.699951171875,3453.10009765625,3490.0,3404365.0
2025-06-02,3272.011474609375,3449.800048828125,3460.0,3418.60009765625,3450.0,1877585.0
2025-06-03,3229.7099609375,3405.199951171875,3473.5,3400.5,3446.0,2848125.0
2025-06-04,3235.1640625,3380.89990234375,3394.800048828125,3370.0,3389.0,2544807.0
2025-06-05,3225.786865234375,3371.10009765625,3409.0,3363.699951171875,3409.0,3584683.0
2025-06-06,3238.322021484375,3384.199951171875,3390.89990234375,3358.699951171875,3371.10009765625,2070390.0
2025-06-09,3274.39697265625,3421.89990234375,3434.0,3390.89990234375,3400.0,1718678.0
2025-06-10,3313.62939453125,3462.89990234375,3485.800048828125,3423.199951171875,3440.0,2419874.0
2025-06-11,3322.24169921875,3471.89990234375,3489.0,3449.10009765625,3470.0,2847013.0
2025-06-12,3286.166748046875,3434.199951171875,3474.699951171875,3423.199951171875,3471.89990234375,4060134.0
2025-06-13,3297.171142578125,3445.699951171875,3450.5,3393.199951171875,3393.199951171875,2178493.0
2025-06-16,3345.590087890625,3496.300048828125,3509.0,3426.199951171875,3440.0,1934088.0
2025-06-17,3363.770751953125,3515.300048828125,3520.0,3488.10009765625,3510.0,2111940.0
2025-06-18,3302.625244140625,3451.39990234375,3538.0,3443.10009765625,3519.10009765625,2696327.0
2025-06-19,3276.406494140625,3424.0,3451.0,3413.0,3450.0,2672768.0
2025-06-20,3287.60205078125,3435.699951171875,3446.300048828125,3410.89990234375,3425.0,2351248.0
2025-06-23,3247.317138671875,3393.60009765625,3425.0,3370.0,3415.0,3123421.0
2025-06-24,3244.254638671875,3390.39990234375,3442.10009765625,3382.0,3434.60009765625,3403048.0
2025-06-25,3296.309814453125,3444.800048828125,3450.0,3400.0,3407.300048828125,1757699.0
2025-06-26,3293.439208984375,3441.800048828125,3451.39990234375,3415.300048828125,3444.800048828125,2879106.0
2025-06-27,3292.76904296875,3441.10009765625,3466.39990234375,3431.0,3455.0,1778433.0
2025-06-30,3312.768310546875,3462.0,3464.89990234375,3430.0,3439.89990234375,1468351.0
2025-07-01,3281.860595703125,3429.699951171875,3485.0,3413.5,3455.0,2375183.0
2025-07-02,3275.73681640625,3423.300048828125,3489.89990234375,3420.0,3487.199951171875,3090585.0
2025-07-03,3254.20654296875,3400.800048828125,3435.300048828125,3397.60009765625,3430.0,2531870.0
2025-07-04,3272.387451171875,3419.800048828125,3427.0,3390.10009765625,3408.0,1109320.0
2025-07-07,3264.636474609375,3411.699951171875,3426.10009765625,3408.39990234375,3418.300048828125,1639174.0
2025-07-08,3259.37353515625,3406.199951171875,3425.0,3393.39990234375,3405.0,2325242.0
2025-07-09,3237.939453125,3383.800048828125,3414.0,3367.0,3410.0,2034938.0
2025-07-10,3236.217041015625,3382.0,3399.0,3356.0,3380.0,3035012.0
2025-07-11,3125.217041015625,3266.0,3335.0,3261.10009765625,3299.89990234375,7635550.0
2025-07-14,3083.78369140625,3222.699951171875,3272.0,3200.0,3266.0,3924009.0
2025-07-15,3112.107421875,3252.300048828125,3259.39990234375,3206.0,3206.0,2590889.0
2025-07-16,3104.234619140625,3233.10009765625,3244.89990234375,3220.60009765625,3227.0,2540733.0
2025-07-17,3081.287109375,3209.199951171875,3242.0,3204.10009765625,3224.10009765625,2947640.0
2025-07-18,3062.75634765625,3189.89990234375,3228.800048828125,3187.0,3225.0,3432645.0
2025-07-21,3032.31982421875,3158.199951171875,3197.60009765625,3152.0,3190.0,3844346.0
2025-07-22,3033.663818359375,3159.60009765625,3180.10009765625,3154.60009765625,3159.60009765625,3198036.0
2025-07-23,3052.38671875,3179.10009765625,3182.0,3157.60009765625,3159.60009765625,1922875.0
2025-07-24,3022.5263671875,3148.0,3173.699951171875,3140.0,3165.10009765625,2934778.0
2025-07-25,3010.812744140625,3135.800048828125,3156.89990234375,3125.60009765625,3140.0,2568917.0
2025-07-28,2956.564697265625,3079.300048828125,3118.0,3069.89990234375,3110.0,3374473.0
2025-07-29,2934.193115234375,3056.0,3074.0,3041.199951171875,3060.0,4785312.0
2025-07-30,2931.88916015625,3053.60009765625,3069.0,3047.199951171875,3060.0,2880121.0
2025-07-31,2915.758544921875,3036.800048828125,3059.800048828125,3015.0,3041.699951171875,2968371.0
2025-08-01,2883.3056640625,3003.0,3036.800048828125,3000.0,3029.89990234375,2053847.0
2025-08-04,2951.85986328125,3074.39990234375,3079.39990234375,2991.60009765625,3009.10009765625,2519252.0
2025-08-05,2941.7783203125,3063.89990234375,3077.5,3042.0,3074.39990234375,1927996.0
2025-08-06,2911.437744140625,3032.300048828125,3066.800048828125,3026.0,3063.0,1487081.0
2025-08-07,2925.552001953125,3047.0,3051.60009765625,3010.89990234375,3016.0,2543076.0
2025-08-08,2915.37451171875,3036.39990234375,3059.800048828125,3025.0,3048.10009765625,2762140.0
2025-08-11,2919.599365234375,3040.800048828125,3049.89990234375,3021.300048828125,3036.39990234375,1884215.0
2025-08-12,2914.414306640625,3035.39990234375,3096.39990234375,3026.89990234375,3041.0,3358232.0
2025-08-13,2915.182373046875,3036.199951171875,3044.39990234375,3028.60009765625,3036.10009765625,2148166.0
2025-08-14,2901.83642578125,3022.300048828125,3055.89990234375,3019.10009765625,3034.0,3342174.0
2025-08-18,2891.178955078125,3011.199951171875,3049.0,3003.39990234375,3046.5,2945609.0
2025-08-19,2895.979736328125,3016.199951171875,3025.0,3011.10009765625,3011.199951171875,2650784.0
2025-08-20,2975.095458984375,3098.60009765625,3103.39990234375,3010.89990234375,3010.89990234375,4952358.0
2025-08-21,2978.93603515625,3102.60009765625,3130.0,3083.10009765625,3130.0,3230726.0
2025-08-22,2932.273193359375,3054.0,3095.699951171875,3050.0,3086.0,1593791.0
2025-08-25,3015.42138671875,3140.60009765625,3152.0,3077.10009765625,3087.300048828125,3448370.0
2025-08-26,3031.359375,3157.199951171875,3162.0,3120.0,3129.0,5522097.0
2025-08-28,2970.390380859375,3093.699951171875,3146.5,3086.5,3145.0,3116051.0
2025-08-29,2961.74951171875,3084.699951171875,3115.0,3077.199951171875,3093.0,2271789.0
2025-09-01,2988.53759765625,3112.60009765625,3131.10009765625,3090.0,3090.0,1246862.0
2025-09-02,2987.4814453125,3111.5,3155.0,3103.10009765625,3121.10009765625,2185229.0
2025-09-03,2974.039306640625,3097.5,3141.89990234375,3088.0,3129.89990234375,1799774.0
2025-09-04,2972.310791015625,3095.699951171875,3118.0,3090.800048828125,3116.0,1481391.0
2025-09-05,2926.80029296875,3048.300048828125,3103.39990234375,3028.60009765625,3097.10009765625,2802055.0
2025-09-08,2898.66796875,3019.0,3064.89990234375,3016.0,3050.0,2626187.0
2025-09-09,2927.8564453125,3049.39990234375,3060.0,3030.800048828125,3032.10009765625,2489301.0
2025-09-10,2986.041015625,3110.0,3122.699951171875,3053.39990234375,3056.39990234375,2079428.0
2025-09-11,2999.675048828125,3124.199951171875,3139.0,3110.10009765625,3139.0,2263446.0
2025-09-12,3008.50830078125,3133.39990234375,3148.699951171875,3121.0,3144.0,1447167.0
2025-09-15,2987.865234375,3111.89990234375,3134.0,3096.0,3134.0,1732539.0
2025-09-16,3020.31787109375,3145.699951171875,3150.0,3109.10009765625,3128.0,2573429.0
2025-09-17,3046.338134765625,3172.800048828125,3182.39990234375,3142.39990234375,3152.0,2418271.0
2025-09-18,3050.08251953125,3176.699951171875,3203.0,3161.39990234375,3185.0,2633138.0
2025-09-19,3042.88134765625,3169.199951171875,3180.5,3144.0,3170.0,4901694.0
2025-09-22,2951.283935546875,3073.800048828125,3106.89990234375,3065.0,3095.0,3634901.0
2025-09-23,2940.338134765625,3062.39990234375,3080.699951171875,3052.0,3070.0,3177741.0
2025-09-24,2914.414306640625,3035.39990234375,3057.0,3033.0,3050.0,1625714.0
2025-09-25,2839.523681640625,2957.39990234375,3029.60009765625,2951.0,3022.0,4974361.0
2025-09-26,2783.547119140625,2899.10009765625,2954.800048828125,2891.300048828125,2941.0,3934636.0
2025-09-29,2780.666748046875,2896.10009765625,2929.300048828125,2894.0,2916.0,3110035.0
2025-09-30,2773.273193359375,2888.39990234375,2915.300048828125,2885.10009765625,2911.0,2253458.0
2025-10-01,2798.04541015625,2914.199951171875,2924.800048828125,2866.60009765625,2891.0,1952902.0
2025-10-03,2786.2353515625,2901.89990234375,2924.0,2891.10009765625,2924.0,2899519.0
2025-10-06,2869.28759765625,2988.39990234375,2993.60009765625,2895.60009765625,2902.0,2112774.0
2025-10-07,2855.173583984375,2973.699951171875,3004.5,2955.5,2995.0,3062943.0
2025-10-08,2906.541015625,3027.199951171875,3043.0,2968.0,2975.0,4121889.0
2025-10-09,2939.666015625,3061.699951171875,3066.0,3020.0,3034.0,3211304.0
2025-10-10,2907.59765625,3028.300048828125,3070.0,3006.89990234375,3050.0,8817365.0
2025-10-13,2887.33837890625,3007.199951171875,3035.5,2998.199951171875,3027.0,2866865.0
2025-10-14,2842.307861328125,2960.300048828125,3027.199951171875,2955.5,3021.0,3611416.0
2025-10-15,2862.06396484375,2969.800048828125,2979.699951171875,2951.0,2971.0,4282226.0
2025-10-16,2862.931396484375,2970.699951171875,2975.0,2943.10009765625,2969.89990234375,3251495.0
2025-10-17,2854.739501953125,2962.199951171875,2988.800048828125,2955.39990234375,2970.0,4374683.0
2025-10-20,2905.81689453125,3015.199951171875,3023.0,2978.5,2985.5,3133039.0
2025-10-21,2897.62548828125,3006.699951171875,3031.800048828125,2996.0,3031.10009765625,310644.0
2025-10-23,2961.712646484375,3073.199951171875,3098.0,3036.10009765625,3055.0,5564758.0
2025-10-24,2952.07568359375,3063.199951171875,3090.0,3058.300048828125,3080.0,2684318.0
2025-10-27,2972.98828125,3084.89990234375,3094.199951171875,3060.199951171875,3066.5,1946312.0
2025-10-28,2946.968017578125,3057.89990234375,3090.199951171875,3040.199951171875,3076.0,3470737.0
2025-10-29,2946.678955078125,3057.60009765625,3076.0,3046.10009765625,3057.89990234375,2895420.0
2025-10-30,2925.18798828125,3035.300048828125,3063.800048828125,3032.800048828125,3049.10009765625,2241536.0
2025-10-31,2947.064208984375,3058.0,3067.39990234375,3025.10009765625,3035.0,1868085.0
2025-11-03,2907.359130859375,3016.800048828125,3058.0,3010.0,3046.89990234375,2194877.0
2025-11-04,2881.723876953125,2990.199951171875,3029.300048828125,2976.0,3019.60009765625,2670720.0
2025-11-06,2901.6728515625,3010.89990234375,3024.0,2990.0,2990.10009765625,2542721.0
2025-11-07,2883.26611328125,2991.800048828125,3004.0,2960.5,3001.0,1830520.0
2025-11-10,2915.4541015625,3025.199951171875,3047.89990234375,2992.0,2993.0,1556656.0
2025-11-11,2936.46337890625,3047.0,3055.699951171875,3018.0,3045.0,2806868.0
2025-11-12,3018.18701171875,3131.800048828125,3136.39990234375,3057.10009765625,3060.0,4460315.0
2025-11-13,2993.03369140625,3105.699951171875,3131.89990234375,3102.0,3131.800048828125,1740435.0
2025-11-14,2993.322998046875,3106.0,3113.10009765625,3077.300048828125,3090.0,2210794.0
2025-11-17,2989.660888671875,3102.199951171875,3123.5,3086.60009765625,3106.0,2232853.0
2025-11-18,2975.10888671875,3087.10009765625,3105.0,3078.0,3102.0,2548350.0
2025-11-19,3033.51025390625,3147.699951171875,3155.0,3083.5,3097.0,3151053.0
2025-11-20,3030.715576171875,3144.800048828125,3164.5,3138.10009765625,3148.0,2700767.0
2025-11-21,3036.30517578125,3150.60009765625,3170.0,3135.199951171875,3144.800048828125,4177037.0
2025-11-24,3027.24609375,3141.199951171875,3178.89990234375,3131.0,3158.0,6703764.0
2025-11-25,3006.044189453125,3119.199951171875,3149.800048828125,3115.0,3145.300048828125,2737920.0
2025-11-26,3048.15869140625,3162.89990234375,3178.0,3117.0,3118.800048828125,2508527.0
2025-11-27,3022.81298828125,3136.60009765625,3180.0,3125.0,3180.0,2836233.0
2025-11-28,3023.680419921875,3137.5,3147.300048828125,3125.0,3140.0,1616690.0
2025-12-01,3019.72900390625,3133.39990234375,3154.0,3122.199951171875,3137.89990234375,1747647.0
2025-12-02,3021.94580078125,3135.699951171875,3144.0,3120.39990234375,3131.0,2512003.0
2025-12-03,3064.638427734375,3180.0,3211.89990234375,3139.0,3140.0,3952112.0
2025-12-04,3112.053466796875,3229.199951171875,3250.0,3187.39990234375,3194.0,5025905.0
2025-12-05,3120.72705078125,3238.199951171875,3271.60009765625,3222.39990234375,3230.0,5244013.0
2025-12-08,3119.0888671875,3236.5,3259.89990234375,3208.60009765625,3243.0,2544725.0
2025-12-09,3091.91162109375,3208.300048828125,3233.699951171875,3181.199951171875,3230.0,2734893.0
2025-12-10,3073.5048828125,3189.199951171875,3225.0,3178.10009765625,3225.0,1386849.0
2025-12-11,3076.106689453125,3191.89990234375,3208.39990234375,3153.10009765625,3205.0,1914362.0
2025-12-12,3103.669189453125,3220.5,3223.0,3185.699951171875,3197.699951171875,1146554.0
2025-12-15,3113.01708984375,3230.199951171875,3238.199951171875,3197.300048828125,3211.10009765625,1562190.0
2025-12-16,3088.828125,3205.10009765625,3220.0,3191.10009765625,3220.0,1734623.0
2025-12-17,3101.0673828125,3217.800048828125,3236.89990234375,3200.5,3200.5,1376350.0
2025-12-18,3161.78173828125,3280.800048828125,3287.800048828125,3221.0,3228.0,2307422.0
2025-12-19,3162.938232421875,3282.0,3317.89990234375,3278.800048828125,3299.0,3902511.0
2025-12-22,3204.28173828125,3324.89990234375,3328.60009765625,3291.0,3310.0,2632816.0
2025-12-23,3189.92236328125,3310.0,3319.89990234375,3293.5,3319.89990234375,2365420.0
2025-12-24,3198.595947265625,3319.0,3327.10009765625,3296.10009765625,3304.10009765625,1367708.0
2025-12-26,3161.010986328125,3280.0,3320.0,3271.800048828125,3313.10009765625,1176664.0
2025-12-29,3133.54443359375,3251.5,3288.0,3242.89990234375,3280.0,2079473.0
2025-12-30,3129.015380859375,3246.800048828125,3267.5,3239.5,3250.0,2807593.0
2025-12-31,3089.88818359375,3206.199951171875,3246.0,3198.5,3240.0,3362634.0
