Date,Adj Close,Close,High,Low,Open,Volume,Daily_Return,Rolling_Volatility,Hurst,Market_Regime,Regime
2015-05-29,997.00390625,1305.1500244140625,1324.300048828125,1298.625,1308.5,4423532.0,0.00030710542754808223,0.01275286056841243,0.4819693559669183,Weak_Bear,0
2015-06-01,999.84912109375,1308.875,1323.550048828125,1304.175048828125,1304.7249755859375,882264.0,0.002853764991204155,0.012713133406458174,0.4581849465582854,Weak_Bear,0
2015-06-02,993.03125,1299.949951171875,1315.0,1295.25,1308.0,3935820.0,-0.006818899921912092,0.012562225025519203,0.48674593590594223,Weak_Bear,0
2015-06-03,997.2326049804688,1305.449951171875,1312.800048828125,1295.25,1302.0,1804684.0,0.004230838637221845,0.011289241886091055,0.5152310151204954,Weak_Bear,0
2015-06-04,995.2271118164062,1302.824951171875,1311.4000244140625,1294.25,1308.550048828125,4131468.0,-0.002011058557498502,0.008765839726451405,0.528908555302236,Weak_Bear,0
2015-06-05,992.9915161132812,1287.925048828125,1304.5,1285.0,1296.0,2308534.0,-0.002246317123580699,0.008590548855856566,0.49984455702592206,Weak_Bear,0
2015-06-08,993.608642578125,1288.7249755859375,1295.0,1280.824951171875,1295.0,1570320.0,0.0006214821122130232,0.008267092287787013,0.5080339141466901,Weak_Bear,0
2015-06-09,987.5173950195312,1280.824951171875,1295.0,1275.5,1292.5,2578914.0,-0.006130429323550124,0.007792199505463652,0.41985923238727424,Weak_Bear,0
2015-06-10,1002.5905151367188,1300.375,1305.0,1281.9000244140625,1283.0,2763350.0,0.015263650233613646,0.008320615178968501,0.4367457760830353,Weak_Bear,0
2015-06-11,991.2377319335938,1285.6500244140625,1306.5,1278.375,1302.75,1847336.0,-0.011323449635444516,0.008652530429316062,0.47073862040156883,Weak_Bear,0
2015-06-12,965.9869384765624,1252.9000244140625,1294.4749755859375,1238.4000244140625,1285.949951171875,2571456.0,-0.02547400350446205,0.010560991943619702,0.46700064433060556,Weak_Bear,0
2015-06-15,965.6013793945312,1252.4000244140625,1260.2249755859375,1240.5,1252.6500244140625,2525176.0,-0.00039913488130516317,0.010533785749018643,0.43940284812310615,Weak_Bear,0
2015-06-16,968.3772583007812,1256.0,1259.6500244140625,1247.2249755859375,1250.0,1267396.0,0.0028747669229620687,0.010520639344677238,0.4585946280921449,Weak_Bear,0
2015-06-17,969.0712280273438,1256.9000244140625,1264.574951171875,1250.9000244140625,1260.5,1975720.0,0.0007166315819726599,0.009718698516353192,0.5040263104064199,Weak_Bear,0
2015-06-18,975.3353881835938,1265.0250244140625,1273.1500244140625,1254.0,1257.5,2165046.0,0.006464086410863157,0.009836585307379075,0.5259463161030637,Weak_Bear,0
2015-06-19,982.8528442382812,1274.7750244140625,1277.5,1263.550048828125,1267.5,1999610.0,0.007707560030901339,0.008233113246308115,0.49082259950975615,Weak_Bear,0
2015-06-22,999.0245361328124,1295.75,1300.0,1273.5,1273.5,1102002.0,0.016453828250417635,0.008969583616539408,0.4733946924248665,Weak_Bear,0
2015-06-23,992.5096435546876,1287.300048828125,1304.0,1283.5999755859375,1300.0,898318.0,-0.006521253825600426,0.009071507756712692,0.4068199728099251,Weak_Bear,0
2015-06-24,990.8521118164062,1285.1500244140625,1293.949951171875,1279.425048828125,1290.0,1170246.0,-0.0016700409402017335,0.00905585694160176,0.430841081588392,Weak_Bear,0
2015-06-25,983.0263061523438,1275.0,1286.5,1272.074951171875,1281.0,1930992.0,-0.00789805619903905,0.00920503795278024,0.44220160246789747,Weak_Bear,0
2015-06-26,999.525634765625,1296.4000244140625,1298.175048828125,1275.0999755859375,1275.0999755859375,1290102.0,0.01678421880474512,0.00999837133478935,0.45480755617046337,Weak_Bear,0
2015-06-29,999.5640258789062,1296.449951171875,1302.0,1271.699951171875,1286.0,1372756.0,3.840933333365548e-05,0.009978454630416935,0.4241364876333195,Weak_Bear,0
2015-06-30,983.3923950195312,1275.4749755859375,1294.375,1270.0,1292.5,1549952.0,-0.01617868434706371,0.01052144207983186,0.45006751323826344,Weak_Bear,0
2015-07-01,999.641357421875,1296.550048828125,1304.0,1278.375,1281.949951171875,1279708.0,0.016523376105650023,0.011148687743414128,0.49791063921516016,Weak_Bear,0
2015-07-02,993.7236938476562,1288.875,1301.4749755859375,1285.5250244140625,1300.0,1445880.0,-0.005919786661769066,0.011223125923637065,0.5110993277274287,Weak_Bear,0
2015-07-03,1003.804931640625,1301.949951171875,1305.0,1285.0,1286.5250244140625,963470.0,0.010144910356252757,0.011433553394324296,0.4871356407368578,Weak_Bear,0
2015-07-06,1015.1384887695312,1316.6500244140625,1322.5,1290.1500244140625,1290.1500244140625,1182338.0,0.011290597178460482,0.011680641478424786,0.4837633356087148,Weak_Bear,0
2015-07-07,1008.5654296875,1308.125,1323.449951171875,1301.5,1316.375,1642836.0,-0.006475036810000723,0.011692175087562802,0.42356488272508397,Weak_Bear,0
2015-07-08,1000.4124145507812,1297.550048828125,1310.8499755859375,1290.25,1298.9749755859375,2667850.0,-0.008083774137732425,0.011366732983747371,0.4477591466658517,Weak_Bear,0
2015-07-09,972.425048828125,1261.25,1299.125,1253.324951171875,1297.5,3934122.0,-0.027975828084084164,0.012760625580867704,0.4513462102918996,Weak_Bear,0
2015-07-10,953.8633422851562,1237.175048828125,1279.5,1227.5,1279.5,8263654.0,-0.019088058833261812,0.01217950250444301,0.4793401508364429,Weak_Bear,0
2015-07-13,967.4327392578124,1254.7750244140625,1259.300048828125,1237.699951171875,1237.699951171875,2280308.0,0.014225724347628477,0.01262074163144472,0.45437049977271404,Weak_Bear,0
2015-07-14,963.5587768554688,1249.75,1257.5,1245.0,1255.5,1703274.0,-0.004004373890959756,0.01263689693752042,0.47509939739817103,Weak_Bear,0
2015-07-15,981.38818359375,1272.875,1274.9749755859375,1250.0,1250.5,2003660.0,0.01850370435778359,0.013310761055371536,0.5371127093051331,Weak_Bear,0
2015-07-16,979.2485961914062,1270.0999755859375,1279.425048828125,1263.300048828125,1271.8499755859375,1456608.0,-0.002180164218514191,0.013254519128273766,0.5733858001066692,Weak_Bear,0
2015-07-17,988.5775146484376,1282.199951171875,1285.050048828125,1271.6500244140625,1273.4000244140625,1070526.0,0.009526608966624384,0.013314248196241898,0.5525586074965321,Weak_Bear,0
2015-07-20,996.4005126953124,1289.574951171875,1291.949951171875,1275.949951171875,1282.0,853786.0,0.007913388612381,0.012901985530596615,0.5555541807922565,Weak_Bear,0
2015-07-21,989.54345703125,1280.699951171875,1300.175048828125,1277.550048828125,1288.0,1274500.0,-0.006881826711945038,0.012911749077702962,0.5220886328281791,Weak_Bear,0
2015-07-22,976.6591796875,1264.0250244140625,1284.5,1260.5250244140625,1280.5,1320628.0,-0.013020425987560369,0.013231259904209121,0.5195789904929977,Weak_Bear,0
2015-07-23,961.4188232421876,1244.300048828125,1268.925048828125,1241.5,1258.75,1496780.0,-0.015604580146565405,0.013561910491471672,0.5203485727922019,Weak_Bear,0
2015-07-24,967.8125,1252.574951171875,1258.25,1246.050048828125,1248.75,1574972.0,0.006650251277846797,0.013040883411493433,0.5195725377424034,Weak_Bear,0
2015-07-27,964.6834106445312,1248.5250244140625,1252.5,1240.574951171875,1244.0,2003738.0,-0.0032331565829835096,0.013040695997243636,0.47809573008093115,Weak_Bear,0
2015-07-28,966.6145629882812,1251.0250244140625,1259.5,1246.074951171875,1249.75,1891188.0,0.0020018508895678355,0.012604173371024863,0.4399597035177402,Weak_Bear,0
2015-07-29,968.4300537109376,1253.375,1257.5250244140625,1241.75,1255.5,2413318.0,0.0018781950864092956,0.011954402016459212,0.4268608893119229,Weak_Bear,0
2015-07-30,958.347412109375,1240.324951171875,1258.4000244140625,1236.4000244140625,1258.0250244140625,2770574.0,-0.010411326623876227,0.01208297265313779,0.3952878281661502,Weak_Bear,0
2015-07-31,969.9755859375,1255.375,1259.5,1243.5,1244.949951171875,1963776.0,0.012133568350261248,0.012193609281516998,0.36602895103289296,Weak_Bear,0
2015-08-03,969.5318603515624,1254.800048828125,1262.5,1250.449951171875,1251.699951171875,1179324.0,-0.0004574605715552682,0.011814920383527515,0.38341016520155297,Weak_Bear,0
2015-08-04,969.2612915039062,1254.449951171875,1261.5,1243.0,1255.199951171875,2342692.0,-0.0002790716413981764,0.01177890645502604,0.36749187449889315,Weak_Bear,0
2015-08-05,984.0382690429688,1273.574951171875,1275.0,1255.5,1260.0,988994.0,0.015245607834121211,0.012280776992564944,0.35819722971629536,Weak_Bear,0
2015-08-06,994.1406860351562,1286.6500244140625,1291.5,1275.050048828125,1282.5,2211366.0,0.010266284665953807,0.010693680990813949,0.35414178077617847,Weak_Bear,0
2015-08-07,985.93115234375,1276.0250244140625,1286.5,1273.5,1286.5,1188506.0,-0.00825791943406684,0.00985582035143247,0.3684195059698889,Weak_Bear,0
2015-08-10,993.677001953125,1286.050048828125,1294.5,1278.300048828125,1286.0,1431182.0,0.007856379820194936,0.009527232415406962,0.36220496086150045,Weak_Bear,0
2015-08-11,1006.078125,1302.0999755859375,1305.0,1271.050048828125,1289.0,2200306.0,0.01248003427924771,0.009747205876081803,0.35077080129622745,Weak_Bear,0
2015-08-12,1032.1552734375,1335.8499755859375,1345.699951171875,1301.0,1301.550048828125,3479784.0,0.025919605833294446,0.010510934674544604,0.40267377060458315,Weak_Bear,0
2015-08-13,1018.2091064453124,1317.800048828125,1342.0,1278.0,1335.0,1406426.0,-0.013511694752807113,0.011071340756909595,0.42144755451730836,Weak_Bear,0
2015-08-14,1044.3250732421875,1351.5999755859375,1359.675048828125,1318.550048828125,1319.0,2293964.0,0.025648922830840748,0.0121789224155034,0.42821761336165143,Weak_Bear,0
2015-08-17,1037.197265625,1342.375,1348.4000244140625,1327.5,1345.050048828125,773644.0,-0.006825276726391993,0.012299616622874614,0.4356727957200675,Weak_Bear,0
2015-08-18,1058.8897705078125,1370.449951171875,1374.949951171875,1345.0,1353.449951171875,1916926.0,0.020914541140581333,0.01279418078404403,0.4740337337893571,Weak_Bear,0
2015-08-19,1056.0694580078125,1366.800048828125,1376.425048828125,1360.949951171875,1375.0,1690070.0,-0.0026634618432922474,0.012291327535797444,0.48212255293148804,Weak_Bear,0
2015-08-20,1038.0087890625,1343.425048828125,1372.5,1336.0,1372.5,2349298.0,-0.017101781334896704,0.012420810667514482,0.4899099182350179,Weak_Bear,0
2015-08-21,1033.87451171875,1338.074951171875,1364.949951171875,1327.550048828125,1356.0,3536080.0,-0.003982892425683615,0.012524601724905706,0.49058710915831155,Weak_Bear,0
2015-08-24,996.2077026367188,1289.324951171875,1322.5,1284.550048828125,1319.5,4692344.0,-0.036432670169431525,0.015332664390407043,0.4677764966279178,Weak_Bear,0
2015-08-25,991.7645874023438,1283.574951171875,1311.0,1267.75,1293.949951171875,3925800.0,-0.004460028990556086,0.015394395295661313,0.43901223279760304,Weak_Bear,0
2015-08-26,995.4736938476562,1288.375,1319.5,1255.9749755859375,1279.0250244140625,3216158.0,0.003739906115248104,0.015403078033441814,0.4535108972387544,Weak_Bear,0
2015-08-27,994.662353515625,1287.324951171875,1307.449951171875,1272.9000244140625,1307.449951171875,5264798.0,-0.0008150294046398443,0.015160350253707407,0.4701177685112648,Weak_Bear,0
2015-08-28,993.1942749023438,1285.425048828125,1304.5,1278.8499755859375,1304.5,2744152.0,-0.0014759567486316572,0.014984601951600514,0.45519881763881026,Weak_Bear,0
2015-08-31,990.5669555664062,1282.0250244140625,1295.0,1265.5250244140625,1295.0,3692044.0,-0.0026453226748571756,0.01500600438613082,0.44962591378319267,Weak_Bear,0
2015-09-01,980.2714233398438,1268.699951171875,1305.5999755859375,1265.0,1278.0,2987602.0,-0.010393575284040724,0.015226616564594333,0.44373694285607196,Weak_Bear,0
2015-09-02,1001.2882080078124,1295.9000244140625,1310.2249755859375,1274.0,1279.8499755859375,3765950.0,0.021439760629115456,0.01559706107473112,0.4348712027066395,Weak_Bear,0
2015-09-03,1006.6195068359376,1302.800048828125,1307.5,1288.125,1298.050048828125,2265074.0,0.005324439842083528,0.015480999023532458,0.44020712567803116,Weak_Bear,0
2015-09-04,984.1541137695312,1273.7249755859375,1307.449951171875,1269.574951171875,1305.699951171875,2426396.0,-0.022317661155823232,0.016212918133207417,0.5041852779637664,Weak_Bear,0
2015-09-07,981.1790771484376,1269.875,1279.9749755859375,1266.3499755859375,1276.5,1759184.0,-0.0030229377487419606,0.016118921018255964,0.513685258344313,Weak_Bear,0
2015-09-08,981.3916015625,1270.1500244140625,1282.050048828125,1261.75,1272.5,1787746.0,0.00021660104563170357,0.015829458304356732,0.4976961172955496,Weak_Bear,0
2015-09-09,985.0423583984376,1274.875,1287.0,1272.0,1281.4749755859375,2045076.0,0.003719979700381737,0.014560957872723268,0.4694750012054996,Weak_Bear,0
2015-09-10,983.3621215820312,1272.699951171875,1289.25,1263.5,1271.0,2665818.0,-0.0017057508259220588,0.014316883083631743,0.47357070642449606,Weak_Bear,0
2015-09-11,985.9119262695312,1276.0,1284.199951171875,1270.300048828125,1273.25,1592672.0,0.002592945804540392,0.012857631852832301,0.44518952375509524,Weak_Bear,0
2015-09-14,985.77685546875,1275.824951171875,1282.5,1271.5,1282.5,1589318.0,-0.00013700087926948878,0.012834239810964444,0.45701802455008206,Weak_Bear,0
2015-09-15,980.21337890625,1268.625,1279.449951171875,1268.0,1275.824951171875,1379900.0,-0.0056437484118598835,0.0116033588729086,0.4378329947803367,Weak_Bear,0
2015-09-16,985.2745971679688,1275.175048828125,1282.5,1270.5250244140625,1277.5,1756816.0,0.005163384188212383,0.011774020906357208,0.44975862938586897,Weak_Bear,0
2015-09-18,985.6219482421876,1275.625,1293.0,1269.5,1282.5,2455294.0,0.0003525424031201041,0.011343731212559114,0.45020765005700564,Weak_Bear,0
2015-09-21,985.5450439453124,1275.5250244140625,1278.550048828125,1266.5999755859375,1275.0,1108840.0,-7.802616105734295e-05,0.011350904711984593,0.4621767709125895,Weak_Bear,0
2015-09-22,976.176513671875,1263.4000244140625,1286.199951171875,1245.0,1278.75,2081246.0,-0.009505938192265195,0.008272364935824447,0.4695160776580001,Weak_Bear,0
2015-09-23,978.436279296875,1266.324951171875,1278.875,1256.300048828125,1267.1500244140625,1228352.0,0.0023149149701420235,0.008261177802988028,0.4669784995823465,Weak_Bear,0
2015-09-24,996.8834838867188,1290.199951171875,1295.0,1264.949951171875,1267.75,2354254.0,0.01885376184446086,0.009308206443067542,0.3970020074951344,Weak_Bear,0
2015-09-28,1002.0216674804688,1296.8499755859375,1309.5,1289.75,1297.0,2366812.0,0.005154246887225877,0.00937240141087773,0.4039283976530372,Weak_Bear,0
2015-09-29,999.916015625,1294.125,1317.0,1284.925048828125,1291.675048828125,3325952.0,-0.0021014035163164912,0.009380066849740666,0.3740777602924059,Weak_Bear,0
2015-09-30,999.8388061523438,1294.0250244140625,1321.8499755859375,1285.4749755859375,1321.8499755859375,3368336.0,-7.721595759013766e-05,0.009354028018889772,0.3626980770212849,Weak_Bear,0
2015-10-01,1021.685791015625,1322.300048828125,1324.9749755859375,1296.0999755859375,1299.5,2834408.0,0.021850507030582778,0.010123364385534791,0.3286523752140286,Weak_Bear,0
2015-10-05,1047.589599609375,1355.824951171875,1385.0,1326.3499755859375,1326.3499755859375,4807306.0,0.02535398732324534,0.01054556320675971,0.32431913802269263,Weak_Bear,0
2015-10-06,1043.0887451171875,1350.0,1363.0,1342.0,1362.5,3979590.0,-0.004296390966334274,0.01062024443577157,0.3243816932609901,Weak_Bear,0
2015-10-07,1025.298095703125,1326.9749755859375,1358.5,1323.4749755859375,1346.9749755859375,2065530.0,-0.01705573902253521,0.010039746750403413,0.34136811844109965,Weak_Bear,0
2015-10-08,1017.5136108398438,1316.9000244140625,1339.175048828125,1310.0,1335.0,2357550.0,-0.007592411315211489,0.010212903835841391,0.359609706891144,Weak_Bear,0
2015-10-09,1015.9102783203124,1314.824951171875,1325.300048828125,1304.0,1325.25,2249724.0,-0.001575735697734837,0.01023600382927111,0.3792169629047849,Weak_Bear,0
2015-10-12,1001.5968627929688,1296.300048828125,1330.175048828125,1293.5,1327.5,2455912.0,-0.014089251612858122,0.01081647765724011,0.388150604101492,Weak_Bear,0
2015-10-13,1003.8956298828124,1299.2750244140625,1306.0,1283.800048828125,1301.4000244140625,6179712.0,0.002295102126651516,0.010802954197439393,0.4165296201713819,Weak_Bear,0
2015-10-14,959.5255737304688,1241.8499755859375,1274.0,1240.0,1274.0,8337128.0,-0.044197877579687295,0.014790708435466945,0.3801408722583605,Weak_Bear,0
2015-10-15,953.363525390625,1233.875,1251.75,1232.5,1245.0,3215710.0,-0.006421974055247692,0.01483251024430936,0.36011387143316753,Weak_Bear,0
2015-10-16,955.0054321289062,1236.0,1246.0,1235.0,1240.449951171875,2333828.0,0.0017222252525430637,0.01481734156777951,0.36672243785022024,Weak_Bear,0
2015-10-19,961.4766235351562,1244.375,1247.4749755859375,1227.925048828125,1245.0,3130642.0,0.0067760781127961245,0.014858105453624244,0.37701317778230437,Weak_Bear,0
2015-10-20,976.1572875976562,1263.375,1265.0,1247.800048828125,1248.125,2695084.0,0.015268872589457416,0.015303393418556948,0.40166610429674027,Weak_Bear,0
2015-10-21,977.41259765625,1265.0,1271.0,1261.125,1267.5,1929688.0,0.001285971097632288,0.015307802325703316,0.41772978666283594,Weak_Bear,0
2015-10-23,982.3106079101562,1268.574951171875,1274.0,1263.6500244140625,1274.0,2335398.0,0.005011200250182313,0.015192146814028133,0.4401385816753956,Weak_Bear,0
2015-10-26,982.0782470703124,1268.2750244140625,1274.5,1257.550048828125,1274.5,1414630.0,-0.00023654518028493055,0.015186143520952669,0.4113609958630173,Weak_Bear,0
2015-10-27,979.9681396484376,1265.550048828125,1272.449951171875,1260.175048828125,1265.0250244140625,1530420.0,-0.002148614357531664,0.014548116766999077,0.38559138729485043,Weak_Bear,0
2015-10-28,979.1937255859376,1264.550048828125,1266.7750244140625,1255.0250244140625,1255.0250244140625,1255342.0,-0.0007902441224035828,0.014481633381382955,0.3730292703581019,Weak_Bear,0
2015-10-29,966.12646484375,1247.675048828125,1267.699951171875,1245.0250244140625,1266.7750244140625,3130316.0,-0.01334491878445021,0.014740480013990276,0.3568311148018753,Weak_Bear,0
2015-10-30,966.0684204101562,1247.5999755859375,1255.949951171875,1242.5,1250.0,1516696.0,-6.0079540004309706e-05,0.014740574489910244,0.3426345374639178,Weak_Bear,0
2015-11-02,974.644287109375,1258.675048828125,1261.4000244140625,1243.7750244140625,1250.0,1319294.0,0.008877080047371644,0.013916129771983117,0.3414860338349331,Weak_Bear,0
2015-11-03,984.7496948242188,1271.7249755859375,1273.9000244140625,1259.25,1264.0,1364906.0,0.010368303440032145,0.0127014276736383,0.3560267735030439,Weak_Bear,0
2015-11-04,981.0134887695312,1266.9000244140625,1273.5999755859375,1260.0,1272.5,991434.0,-0.0037940667301800124,0.012699247025084119,0.37566221007878786,Weak_Bear,0
2015-11-05,961.2092895507812,1241.324951171875,1267.4749755859375,1240.0,1265.4000244140625,1596098.0,-0.020187489209338105,0.012899602907726685,0.42760078182963396,Weak_Bear,0
2015-11-06,970.1534423828124,1252.875,1259.125,1241.7249755859375,1246.0,908024.0,0.009305104444226941,0.013143807407599295,0.4442116059278581,Weak_Bear,0
2015-11-09,956.8345336914062,1235.675048828125,1251.375,1234.300048828125,1247.5,2021556.0,-0.013728661992574387,0.013387377400591146,0.4330237680800863,Weak_Bear,0
2015-11-10,951.7238159179688,1229.074951171875,1238.5,1225.0,1236.4749755859375,1361920.0,-0.005341276462630051,0.013143395919622299,0.42234606610686626,Weak_Bear,0
2015-11-13,928.203369140625,1198.699951171875,1219.0250244140625,1193.2750244140625,1219.0250244140625,2743232.0,-0.02471352127997084,0.013988679981464624,0.47007525985964066,Weak_Bear,0
2015-11-16,919.3759155273438,1187.300048828125,1195.0,1178.0,1195.0,2043528.0,-0.009510258103732294,0.010411665382252331,0.48548423144323977,Weak_Bear,0
2015-11-17,925.5511474609376,1195.2750244140625,1199.2249755859375,1187.5,1190.25,1985028.0,0.006716764959034061,0.010537237945681524,0.4669463413263489,Weak_Bear,0
2015-11-18,910.4130859375,1175.7249755859375,1194.449951171875,1173.0,1194.449951171875,1520352.0,-0.016355726601350762,0.011017382715622713,0.46887275070703077,Weak_Bear,0
2015-11-19,914.7103271484376,1181.2750244140625,1190.800048828125,1176.0,1182.675048828125,1866906.0,0.004720100443758923,0.01093724492580938,0.46209335131559465,Weak_Bear,0
2015-11-20,928.5708618164062,1199.175048828125,1211.7750244140625,1180.9749755859375,1183.25,2012126.0,0.015152922468010255,0.010927394189213404,0.47059369463405976,Weak_Bear,0
2015-11-23,925.7446899414062,1195.5250244140625,1206.699951171875,1191.125,1202.6500244140625,1088082.0,-0.003043571569187109,0.010892552740283579,0.48061453932645826,Weak_Bear,0
2015-11-24,916.80126953125,1183.9749755859375,1196.2249755859375,1182.75,1190.0250244140625,998640.0,-0.009660784995399019,0.010843014501912444,0.5121327559714377,Weak_Bear,0
2015-11-26,908.1281127929688,1172.7750244140625,1191.199951171875,1168.925048828125,1188.949951171875,2915292.0,-0.009460236396395594,0.010897900784138492,0.5168307903089736,Weak_Bear,0
2015-11-27,911.1485595703124,1176.675048828125,1179.7249755859375,1166.25,1174.0,1737206.0,0.0033260139563944247,0.01101105191671702,0.5098925397847885,Weak_Bear,0
2015-11-30,918.9691162109376,1186.7750244140625,1195.625,1175.074951171875,1182.5,4100048.0,0.008583184990506254,0.011330718768219207,0.49591046792870275,Weak_Bear,0
2015-12-01,914.458740234375,1180.949951171875,1189.0250244140625,1178.5250244140625,1181.449951171875,1721994.0,-0.004908082216255161,0.011083885536157188,0.49853311893929086,Weak_Bear,0
2015-12-02,915.736572265625,1182.5999755859375,1189.050048828125,1173.25,1189.0,1640296.0,0.001397364336987561,0.011106823929696884,0.5001709142632993,Weak_Bear,0
2015-12-03,910.1417846679688,1175.375,1186.5,1173.5,1180.0,2283358.0,-0.006109603751889181,0.010791927351203842,0.5054955622793529,Weak_Bear,0
2015-12-04,901.488525390625,1164.199951171875,1173.6500244140625,1160.550048828125,1170.0,1246092.0,-0.009507594776016814,0.010367803813445367,0.5282746091378553,Weak_Bear,0
2015-12-07,898.1591796875,1159.9000244140625,1171.949951171875,1157.625,1166.0999755859375,1382604.0,-0.0036931648150290153,0.010368116178998622,0.5598084757936732,Weak_Bear,0
2015-12-08,901.7203979492188,1164.5,1174.5,1158.6500244140625,1159.699951171875,1139964.0,0.003965019054815944,0.009818483765835807,0.5913615496599953,Weak_Bear,0
2015-12-09,916.6849365234376,1183.824951171875,1186.4000244140625,1160.0,1168.949951171875,5282806.0,0.016595541820117132,0.010421767278991138,0.6185426150789715,Normal_Market,1
2015-12-10,923.2279663085938,1192.2750244140625,1195.5999755859375,1176.0,1184.5,1723988.0,0.007137708414813426,0.01031176621403563,0.5986713914084517,Weak_Bear,0
2015-12-11,923.7894287109376,1193.0,1195.9749755859375,1181.625,1191.5,1652378.0,0.0006081514239530961,0.01028805834182841,0.5804542708721551,Weak_Bear,0
2015-12-14,920.8662109375,1189.2249755859375,1193.5,1165.300048828125,1167.5999755859375,2718532.0,-0.0031643767319535776,0.0087330300364492,0.5563346225673595,Weak_Bear,0
2015-12-15,919.8597412109376,1187.925048828125,1192.5,1181.5250244140625,1189.2249755859375,1135868.0,-0.0010929597748382536,0.008467668745917308,0.5321959746403245,Weak_Bear,0
2015-12-16,932.4620971679688,1204.199951171875,1207.25,1192.0,1192.0,1435934.0,0.013700301679080873,0.00889005662333208,0.4834390810360617,Weak_Bear,0
2015-12-17,944.5999145507812,1219.875,1222.5,1196.675048828125,1207.5,1618844.0,0.013016955241051509,0.008386598969996259,0.4311951387456147,Weak_Bear,0
2015-12-18,935.714599609375,1208.4000244140625,1217.0999755859375,1200.324951171875,1210.0,3024970.0,-0.009406432082551874,0.00872278568099861,0.44060719170430634,Weak_Bear,0
2015-12-21,947.1746826171876,1223.199951171875,1225.0,1203.425048828125,1209.9749755859375,1610104.0,0.012247412846392303,0.00849900374769102,0.4618783001096836,Weak_Bear,0
2015-12-22,931.1652221679688,1202.5250244140625,1220.0,1200.0,1220.0,1560858.0,-0.016902331473833576,0.00936877135362735,0.5246443615169313,Weak_Bear,0
2015-12-23,939.1986694335938,1212.9000244140625,1217.5,1205.2750244140625,1207.5,849834.0,0.00862730595427652,0.009233459212918288,0.5765306221004491,Weak_Bear,0
2015-12-24,942.4706420898438,1217.125,1219.0999755859375,1202.0,1210.5,843160.0,0.0034837918352494945,0.008890661649486603,0.5783490849960907,Weak_Bear,0
2015-12-28,953.485595703125,1231.3499755859375,1233.199951171875,1210.0999755859375,1214.0,3704198.0,0.011687317483817461,0.009154165059995438,0.5682213602354631,Weak_Bear,0
2015-12-29,950.8140869140624,1227.9000244140625,1232.6500244140625,1222.875,1229.175048828125,1708524.0,-0.002801834449415619,0.009097563791141839,0.5724246792727473,Weak_Bear,0
2015-12-30,936.2952270507812,1209.1500244140625,1229.5,1206.1500244140625,1226.5250244140625,1605762.0,-0.015269925070634072,0.009766762213656738,0.5800635054761866,Weak_Bear,0
2015-12-31,943.4772338867188,1218.425048828125,1224.25,1203.75,1207.875,1240318.0,0.0076706647950774975,0.009872718153289684,0.5366875797891411,Weak_Bear,0
2016-01-01,935.5598754882812,1208.199951171875,1219.5,1206.125,1219.5,712262.0,-0.008391679326295365,0.009978398501846227,0.4828984692399051,Weak_Bear,0
2016-01-04,917.4400024414062,1184.800048828125,1207.0,1183.0250244140625,1205.074951171875,1870184.0,-0.019367945891670457,0.01075999822654179,0.48179867608824106,Weak_Bear,0
2016-01-05,909.4451293945312,1174.4749755859375,1193.300048828125,1170.5,1192.5,2678020.0,-0.008714327940355537,0.010930828794825867,0.5127548732329656,Weak_Bear,0
2016-01-06,922.0861206054688,1190.800048828125,1193.074951171875,1175.0999755859375,1175.0999755859375,2653228.0,0.013899674430444486,0.011307153639632509,0.5592136192792296,Weak_Bear,0
2016-01-07,918.0784912109376,1185.625,1191.449951171875,1180.0,1185.0,3199580.0,-0.004346263656912708,0.01076074246036472,0.601420421186361,Weak_Bear,0
2016-01-08,928.2802734375,1198.800048828125,1203.675048828125,1186.25,1192.5,1907544.0,0.011112102422861758,0.010932275645277928,0.5985246911163986,Normal_Market,1
2016-01-11,914.6329345703124,1181.175048828125,1192.0,1174.425048828125,1191.25,2930228.0,-0.014701743921208599,0.011436156751140169,0.5935915727612002,Weak_Bear,0
2016-01-12,900.9656982421876,1163.5250244140625,1182.5,1150.800048828125,1181.3499755859375,3482594.0,-0.014942864849433302,0.01187878053679922,0.5433158268539638,Weak_Bear,0
2016-01-13,882.43994140625,1139.5999755859375,1163.5,1127.550048828125,1158.5,4746092.0,-0.020562111157041763,0.012656928346424913,0.5746391869551082,Weak_Bear,0
2016-01-14,882.284912109375,1139.4000244140625,1149.449951171875,1125.0,1136.5,2742052.0,-0.00017568254744670941,0.012120042565784627,0.5635939739147128,Weak_Bear,0
2016-01-15,875.431884765625,1130.550048828125,1145.8499755859375,1127.5,1144.425048828125,3269408.0,-0.007767363183583953,0.011581305659561203,0.5215555435224207,Weak_Bear,0
2016-01-18,881.8392944335938,1138.824951171875,1145.949951171875,1130.0,1131.0,2213922.0,0.007319141305533128,0.011752531121753966,0.5476335840784969,Weak_Bear,0
2016-01-19,882.4786376953125,1139.6500244140625,1150.0,1134.1500244140625,1138.5,967910.0,0.000725011082806537,0.011242530010307467,0.5902921802504826,Weak_Bear,0
2016-01-20,882.7880249023438,1140.050048828125,1142.5,1121.5,1136.9000244140625,1615954.0,0.0003505888911252697,0.010811334788949536,0.687570443015603,Normal_Market,1
2016-01-21,874.9869995117188,1127.25,1144.949951171875,1122.875,1142.5,2675536.0,-0.00883680472612658,0.010558408121656185,0.7235966763326592,Normal_Market,1
2016-01-22,890.9962768554688,1147.875,1151.0250244140625,1130.0,1136.5,1343178.0,0.018296588809529668,0.011546060960315596,0.7813669186015767,Normal_Market,1
2016-01-25,894.4505004882812,1152.324951171875,1169.5,1145.75,1150.949951171875,1397560.0,0.003876810400379238,0.01115793275549291,0.7906982547214518,Normal_Market,1
2016-01-27,900.3111572265625,1159.875,1164.9749755859375,1140.949951171875,1151.0,1626986.0,0.006552242673107056,0.011366569530734894,0.7186896491989845,Normal_Market,1
2016-01-28,904.7552490234376,1165.5999755859375,1174.449951171875,1154.0250244140625,1157.75,3106660.0,0.0049361731899060235,0.011081529842298474,0.6972504215892558,Normal_Market,1
2016-01-29,928.0802001953124,1195.6500244140625,1200.0,1167.5250244140625,1179.3499755859375,2235744.0,0.025780398839410967,0.012528876957727163,0.6567413629645338,Normal_Market,1
2016-02-01,932.5043334960938,1201.3499755859375,1206.4749755859375,1179.5,1195.550048828125,1495274.0,0.004766973048073053,0.012451614621413485,0.6069430605907188,Normal_Market,1
2016-02-02,930.7192993164062,1199.050048828125,1216.5,1189.8499755859375,1204.5,1475588.0,-0.0019142368732970594,0.011612759382400814,0.5969455583712359,Weak_Bear,0
2016-02-03,937.7830200195312,1208.1500244140625,1214.949951171875,1180.1500244140625,1193.75,1308692.0,0.007589528559591718,0.01148251649983985,0.6028401569453985,Normal_Market,1
2016-02-04,939.2386474609376,1210.0250244140625,1220.0,1201.0,1210.949951171875,1250046.0,0.0015522006800421373,0.011112252952773932,0.601926397671295,Weak_Bear,0
2016-02-05,939.9758911132812,1210.9749755859375,1219.9749755859375,1204.050048828125,1204.050048828125,1402996.0,0.0007849375175699169,0.011041806123385536,0.6179399085710237,Normal_Market,1
2016-02-08,917.0775756835938,1181.4749755859375,1206.0250244140625,1173.5,1200.0,1063658.0,-0.02436053482453404,0.01216404454320318,0.6873992158537187,Normal_Market,1
2016-02-09,885.4270629882812,1140.699951171875,1166.800048828125,1127.800048828125,1166.800048828125,2489610.0,-0.03451236136890612,0.01404016067822612,0.7112091837401238,Normal_Market,1
2016-02-10,880.537353515625,1134.4000244140625,1144.949951171875,1129.050048828125,1137.5,1890732.0,-0.005522430561534564,0.013720783730861712,0.6599198288509152,Normal_Market,1
2016-02-11,853.0399169921875,1098.9749755859375,1144.5,1085.824951171875,1140.0,1962408.0,-0.031228018225066156,0.014691765430846096,0.6628290068967431,Normal_Market,1
2016-02-12,864.1591796875,1113.300048828125,1121.699951171875,1082.0,1100.0,2172568.0,0.013034867974899722,0.015051236365657548,0.6378765144838082,High_Volatility,2
2016-02-15,880.6729125976562,1134.574951171875,1153.425048828125,1120.0,1125.0,2479712.0,0.019109596123399353,0.015598428063637643,0.6059701507275186,High_Volatility,2
2016-02-16,879.275634765625,1132.7750244140625,1141.0,1121.5,1133.0,1588702.0,-0.0015866024854901406,0.015517871587841639,0.6066648898910427,High_Volatility,2
2016-02-17,883.1567993164062,1137.7750244140625,1139.824951171875,1123.199951171875,1132.5,1585178.0,0.004414047651639663,0.015549214522020788,0.6377131173657152,High_Volatility,2
2016-02-18,898.7977905273438,1157.925048828125,1159.875,1139.0,1142.5,1529140.0,0.017710321907779214,0.016037610834596823,0.6515535599847962,High_Volatility,2
2016-02-19,900.2722778320312,1159.824951171875,1163.5,1152.7249755859375,1153.675048828125,879012.0,0.0016405106023040794,0.015868850997164344,0.6727603153732095,High_Volatility,2
2016-02-22,898.8169555664062,1157.949951171875,1171.5,1152.5,1160.125,1324884.0,-0.0016165356875472714,0.01537972521493751,0.7395426837520441,High_Volatility,2
2016-02-23,878.6741943359375,1132.0,1159.949951171875,1128.375,1155.125,1306852.0,-0.022410304017657756,0.016182773521722156,0.7598293782089126,High_Volatility,2
2016-02-24,858.0851440429688,1105.4749755859375,1131.2249755859375,1100.5999755859375,1131.2249755859375,1659328.0,-0.023431950574728133,0.016844676381213636,0.6943216819742594,High_Volatility,2
2016-02-25,858.8226318359375,1106.425048828125,1114.0,1092.824951171875,1109.9000244140625,1830556.0,0.0008594575935600979,0.016777504673059433,0.6553735928492302,High_Volatility,2
2016-02-26,857.9103393554688,1105.25,1128.449951171875,1099.800048828125,1114.8499755859375,1537536.0,-0.0010622594778604277,0.015417419364721217,0.6134838113395059,High_Volatility,2
2016-02-29,844.8313598632812,1088.4000244140625,1118.5,1057.5,1118.5,2191718.0,-0.015245158954505067,0.015480799883743296,0.6007105633100258,High_Volatility,2
2016-03-01,883.5835571289062,1138.324951171875,1142.550048828125,1081.0,1096.5,1999760.0,0.04586974289389101,0.019193350469026874,0.5792849561710308,High_Volatility,2
2016-03-02,899.9620971679688,1159.425048828125,1165.0,1128.125,1152.5,1527486.0,0.018536492567021723,0.019644623532691894,0.5338278822294316,High_Volatility,2
2016-03-03,921.035888671875,1186.574951171875,1195.5,1150.5,1168.0,2648284.0,0.02341631005374789,0.020437629618213774,0.5172802019124703,High_Volatility,2
2016-03-04,914.9817504882812,1178.7750244140625,1190.0,1174.7750244140625,1190.0,1512966.0,-0.006573183801039217,0.020474171572690183,0.5447112281243818,High_Volatility,2
2016-03-08,913.720458984375,1177.1500244140625,1183.5,1152.0999755859375,1171.050048828125,1268152.0,-0.0013784881537071136,0.019734368024403388,0.5587983365469121,High_Volatility,2
2016-03-09,914.865234375,1178.625,1184.699951171875,1147.574951171875,1170.5,2017784.0,0.001252872669500471,0.01798520344996636,0.5795314180231992,High_Volatility,2
2016-03-10,911.3914184570312,1174.1500244140625,1179.925048828125,1157.4749755859375,1178.0250244140625,1661666.0,-0.0037970793811418213,0.017952393391580584,0.5071019148096444,High_Volatility,2
2016-03-11,917.9700317382812,1182.625,1195.425048828125,1167.5,1170.0,1530528.0,0.007218208497494327,0.016193335703160526,0.49210519507948725,High_Volatility,2
2016-03-14,913.9917602539062,1177.5,1199.0,1170.0,1181.0,1636742.0,-0.004333770544602267,0.01613753762087816,0.4943461749617679,High_Volatility,2
2016-03-15,904.2503051757812,1164.949951171875,1181.75,1160.050048828125,1174.5250244140625,1623356.0,-0.010658143215009797,0.015938222085785204,0.46217003031349524,High_Volatility,2
2016-03-16,903.1443481445312,1163.5250244140625,1166.0,1153.449951171875,1157.5,1918246.0,-0.00122306514570103,0.015934794165797184,0.4692579023173638,High_Volatility,2
2016-03-17,912.8472900390624,1176.0250244140625,1180.9000244140625,1166.0,1167.0,2221088.0,0.010743511725966437,0.016058933082001733,0.48295190360085405,High_Volatility,2
2016-03-18,941.4892578125,1212.925048828125,1215.0,1180.0,1180.0,3204070.0,0.03137651618838899,0.017033790619304313,0.47657171457423736,High_Volatility,2
2016-03-21,949.40673828125,1223.125,1227.4749755859375,1210.0,1213.0,2336982.0,0.00840952820550056,0.0170838425078874,0.5049321190251802,High_Volatility,2
2016-03-22,959.82763671875,1236.550048828125,1242.5,1218.25,1221.0,1951984.0,0.010976221273050424,0.017144542348130353,0.5339024043688984,High_Volatility,2
2016-03-23,960.0991821289062,1236.9000244140625,1243.949951171875,1228.6500244140625,1243.949951171875,2278434.0,0.00028291059745333413,0.016061278783611084,0.5442263996938279,High_Volatility,2
2016-03-28,959.9439086914062,1236.699951171875,1258.574951171875,1230.7750244140625,1245.5,3320882.0,-0.000161726455339406,0.014712882095145463,0.5242877083038601,Weak_Bear,0
2016-03-29,958.3916625976562,1234.699951171875,1243.4749755859375,1227.5,1239.0,1838796.0,-0.0016170174941430027,0.014766313665790216,0.4885548468582547,Weak_Bear,0
2016-03-30,966.1923217773438,1244.75,1252.5,1230.0,1235.449951171875,2136504.0,0.008139322871971055,0.01469091293829184,0.4448248555956321,Weak_Bear,0
2016-03-31,978.1460571289062,1260.1500244140625,1275.0,1236.074951171875,1239.1500244140625,4363964.0,0.01237200408462491,0.013857048061351455,0.40650438882820183,Weak_Bear,0
2016-04-01,952.3757934570312,1226.949951171875,1260.425048828125,1217.050048828125,1252.5,3041400.0,-0.026346028268535826,0.01267530137741744,0.41998852530909153,Weak_Bear,0
2016-04-04,959.1091918945312,1235.625,1244.0,1223.5,1228.0,1752352.0,0.0070701066572245175,0.012226558859021058,0.4039826208761579,Weak_Bear,0
2016-04-05,955.8106689453124,1231.375,1242.449951171875,1221.0250244140625,1235.4000244140625,1491794.0,-0.0034391526815662488,0.011338671329299851,0.4085132990485644,Weak_Bear,0
2016-04-06,963.242919921875,1240.949951171875,1244.5,1229.675048828125,1235.0,1763150.0,0.0077758610758800195,0.011226683714011917,0.42127357896738415,Weak_Bear,0
2016-04-07,958.9341430664062,1235.4000244140625,1242.3499755859375,1228.5,1240.0,2390942.0,-0.004473198573645587,0.011305932487234703,0.4633733942843876,Weak_Bear,0
2016-04-08,943.8955688476562,1216.0250244140625,1236.8499755859375,1213.5,1233.0,1399500.0,-0.01568259335376343,0.012014546317097892,0.5200733326255467,Weak_Bear,0
2016-04-11,972.8482666015624,1253.324951171875,1258.5,1206.5,1216.5,2400648.0,0.030673623978606734,0.013566973897843998,0.5047631842321789,Weak_Bear,0
2016-04-12,977.3110961914062,1259.074951171875,1262.5,1244.050048828125,1249.0,1303628.0,0.004587385045597969,0.013540275178382142,0.46511105121232477,Weak_Bear,0
2016-04-13,980.4359741210938,1263.0999755859375,1272.5,1256.25,1265.0,1601468.0,0.003197423974684366,0.013423256829706912,0.42457025662305364,Weak_Bear,0
2016-04-18,977.9325561523438,1259.875,1276.75,1220.0,1226.5,7121504.0,-0.002553372208719873,0.013088312989662641,0.3727960845108174,Weak_Bear,0
2016-04-20,950.9979248046876,1225.175048828125,1267.449951171875,1220.0,1267.449951171875,6405024.0,-0.027542422203050365,0.014846704932703734,0.39677982993500804,Weak_Bear,0
2016-04-21,940.926513671875,1212.199951171875,1233.699951171875,1206.0999755859375,1225.5,2525724.0,-0.01059036078851705,0.015003152044996646,0.4203103799242796,Weak_Bear,0
2016-04-22,938.0739135742188,1208.5250244140625,1217.699951171875,1202.0999755859375,1209.5,1964126.0,-0.003031692758368787,0.013286276966781417,0.43510424372821,Weak_Bear,0
2016-04-25,951.3471069335938,1225.625,1228.5250244140625,1201.1500244140625,1201.1500244140625,2267654.0,0.014149411008352208,0.013539294493701918,0.449611412885506,Weak_Bear,0
2016-04-26,966.3088989257812,1244.9000244140625,1246.75,1221.0,1224.5,2554368.0,0.01572695379335598,0.013778071095109087,0.4768937122996102,Weak_Bear,0
2016-04-27,974.5751953125,1255.550048828125,1257.300048828125,1237.949951171875,1240.0,1848670.0,0.008554507151810498,0.013897153027523645,0.4808312260415019,Weak_Bear,0
2016-04-28,981.0374145507812,1263.875,1270.0,1249.050048828125,1250.6500244140625,4992744.0,0.006630806190597971,0.01395425477774181,0.4655717754870592,Weak_Bear,0
2016-04-29,984.045166015625,1267.75,1271.0,1255.0,1258.5,2372178.0,0.0030658886401606633,0.013944135451302636,0.4390605529546917,Weak_Bear,0
2016-05-02,980.6296997070312,1263.3499755859375,1265.0,1250.0,1264.5,1116692.0,-0.0034708430329706275,0.013890997607832096,0.40620635748981143,Weak_Bear,0
2016-05-03,961.7678833007812,1239.050048828125,1265.0,1236.0,1262.5,2153118.0,-0.019234392362259767,0.014301058304595526,0.36512359598468264,Weak_Bear,0
2016-05-04,961.728759765625,1239.0,1247.0250244140625,1228.5,1236.949951171875,1364892.0,-4.067877066338266e-05,0.012970521971117248,0.4193609065129856,Weak_Bear,0
2016-05-05,958.7403564453124,1235.1500244140625,1244.9749755859375,1231.7750244140625,1239.0,1246566.0,-0.00310732448205131,0.012901488028759974,0.42165238484373196,Weak_Bear,0
2016-05-06,959.9439086914062,1236.699951171875,1242.1500244140625,1215.5,1232.5,885598.0,0.0012553474337475556,0.012877161138956225,0.45979401709163836,Weak_Bear,0
2016-05-09,975.1381225585938,1256.2750244140625,1259.0,1228.199951171875,1236.699951171875,1821276.0,0.015828230930597043,0.013244041431810821,0.5006765250851859,Weak_Bear,0
2016-05-10,979.1551513671876,1261.449951171875,1266.9749755859375,1248.0,1257.5,1158534.0,0.004119445969411828,0.013206808893683829,0.5146632836146988,Weak_Bear,0
2016-05-11,977.36962890625,1259.1500244140625,1262.800048828125,1245.0,1250.0,1598716.0,-0.0018235337458466505,0.012629377237007708,0.51004296907063,Weak_Bear,0
2016-05-12,995.9598388671876,1283.0999755859375,1284.949951171875,1260.2750244140625,1260.2750244140625,1513082.0,0.019020654429114492,0.011441054902473904,0.5101328128801618,Weak_Bear,0
2016-05-13,979.3491821289062,1261.699951171875,1283.0,1255.074951171875,1282.5,1621730.0,-0.016678038702016784,0.012083422044160269,0.47069467682952243,Weak_Bear,0
2016-05-16,990.119140625,1275.574951171875,1282.4000244140625,1261.25,1269.0,1111526.0,0.0109970567113582,0.012309883790641418,0.4432925084592564,Weak_Bear,0
2016-05-17,997.51220703125,1285.0999755859375,1295.625,1276.0,1282.0999755859375,1756698.0,0.007466845254181509,0.012380049593180172,0.43869365985474734,Weak_Bear,0
2016-05-18,990.099609375,1275.550048828125,1282.925048828125,1263.0250244140625,1282.925048828125,1500740.0,-0.007431084656408404,0.010626755730861045,0.48867401049259745,Weak_Bear,0
2016-05-19,992.3702392578124,1278.4749755859375,1280.0,1263.050048828125,1277.5,1038792.0,0.002293334793098012,0.01020084413041525,0.4671124996833387,Weak_Bear,0
2016-05-20,981.63916015625,1264.6500244140625,1282.9000244140625,1261.4000244140625,1271.1500244140625,1230918.0,-0.010813584161480039,0.010573179405812622,0.47437790163806876,Weak_Bear,0
2016-05-23,966.948974609375,1245.7249755859375,1272.949951171875,1240.0999755859375,1272.0,1533016.0,-0.014964954683080012,0.010859921645699306,0.47826340363684977,Weak_Bear,0
2016-05-24,957.7315063476562,1233.8499755859375,1244.125,1229.800048828125,1242.0,1339158.0,-0.009532528089646553,0.010504104362820989,0.512575056422268,Weak_Bear,0
2016-05-25,980.5326538085938,1263.2249755859375,1266.4749755859375,1240.5,1240.5,1548678.0,0.02380745262092354,0.011676261921472067,0.5125487831060269,Weak_Bear,0
2016-05-26,989.168212890625,1274.3499755859375,1282.449951171875,1252.550048828125,1265.0,1943248.0,0.008807008158768559,0.011747604383111863,0.48129414471820514,Weak_Bear,0
2016-05-27,998.4636840820312,1286.324951171875,1289.925048828125,1275.300048828125,1276.574951171875,1104676.0,0.009397260314544686,0.011905255287528645,0.4529542294381101,Weak_Bear,0
2016-05-30,1023.2050170898438,1318.199951171875,1320.9749755859375,1291.0,1291.5,1349464.0,0.02477940199753914,0.012998237719019002,0.49213511640851504,Weak_Bear,0
2016-05-31,997.2018432617188,1284.699951171875,1323.5,1281.0,1320.0,3722608.0,-0.02541345418934915,0.013594465384089077,0.4861895958136476,Weak_Bear,0
2016-06-01,1022.0992431640624,1316.7750244140625,1322.5,1285.5,1285.5999755859375,1911942.0,0.02496726221534784,0.014524979703571824,0.5475694694478325,Weak_Bear,0
2016-06-02,1028.541259765625,1325.074951171875,1327.1500244140625,1300.0,1300.0,1408756.0,0.006302731016237129,0.014463943433800508,0.5346925366441874,Weak_Bear,0
2016-06-03,1020.5464477539062,1314.7750244140625,1329.0,1310.25,1325.699951171875,1554922.0,-0.007772961887343777,0.014680861761583758,0.546345630755211,Weak_Bear,0
2016-06-06,1024.4483642578125,1306.25,1319.5,1301.5999755859375,1310.25,1322026.0,0.0038233600366683884,0.014378281124790147,0.5666511635648335,Weak_Bear,0
2016-06-07,1031.761474609375,1315.574951171875,1319.5,1306.5,1307.0,1202194.0,0.007138583658006681,0.014411242684721267,0.6121138013998748,Normal_Market,1
2016-06-08,1024.683837890625,1306.550048828125,1314.2750244140625,1302.75,1308.625,938266.0,-0.006859760606422682,0.014538224813394021,0.6303671554643234,Normal_Market,1
2016-06-09,1010.6257934570312,1288.625,1311.199951171875,1277.5999755859375,1311.199951171875,1562138.0,-0.013719397060592997,0.01441892456895559,0.6431447880306673,Normal_Market,1
2016-06-10,1002.194580078125,1277.875,1301.625,1276.5999755859375,1283.0,1396832.0,-0.008342566985219846,0.014000634285383711,0.62483447467029,Normal_Market,1
2016-06-13,998.7635498046876,1273.5,1276.675048828125,1259.0,1270.0,1029978.0,-0.00342351709103228,0.013842488956879381,0.565260476629595,Weak_Bear,0
2016-06-14,993.9993896484376,1267.425048828125,1279.4749755859375,1259.125,1279.4749755859375,977570.0,-0.004770058095513896,0.013789867341502787,0.5420549687247435,Weak_Bear,0
2016-06-15,1002.6259765625,1278.425048828125,1282.449951171875,1261.0,1265.0,1270844.0,0.008678664196276387,0.013808756360808873,0.5889507140302542,Normal_Market,1
2016-06-16,1003.1947631835938,1279.1500244140625,1282.3499755859375,1258.2249755859375,1272.7750244140625,1145070.0,0.0005672969126970795,0.013803792783016225,0.5865911675327639,Weak_Bear,0
2016-06-17,1020.5667114257812,1301.300048828125,1305.0,1279.5,1279.5,1878988.0,0.017316625723860835,0.014007729883805985,0.6029876584003304,Normal_Market,1
2016-06-20,1042.8001708984375,1329.6500244140625,1334.0,1295.9000244140625,1301.300048828125,1872838.0,0.02178540532798201,0.014070024757191005,0.6286904375186333,Normal_Market,1
2016-06-21,1039.623779296875,1325.5999755859375,1332.5,1320.699951171875,1331.75,1027690.0,-0.003046021366515328,0.013817146955584971,0.6410080493161783,Normal_Market,1
2016-06-22,1046.0745849609375,1333.824951171875,1338.8499755859375,1315.875,1325.0,1761712.0,0.006204942396013102,0.013041378816638128,0.6468593210114044,Normal_Market,1
2016-06-23,1037.330078125,1322.675048828125,1329.75,1312.6500244140625,1327.5,1397014.0,-0.008359353110814816,0.013224927049812516,0.648382397263463,Normal_Market,1
2016-06-24,1009.3314819335938,1286.9749755859375,1296.5999755859375,1257.074951171875,1282.574951171875,3766586.0,-0.026991019331102817,0.014647264767741594,0.643904069534316,Normal_Market,1
2016-06-27,978.7063598632812,1247.925048828125,1273.5,1241.324951171875,1273.5,4272566.0,-0.030341986372646845,0.015047160984483733,0.5724542629875548,Weak_Bear,0
2016-06-28,966.19677734375,1231.9749755859375,1251.449951171875,1229.199951171875,1247.925048828125,4499524.0,-0.012781752558835735,0.014262300525784791,0.5392839103378819,Weak_Bear,0
2016-06-29,981.470458984375,1251.449951171875,1256.25,1232.6500244140625,1237.5,2531264.0,0.015808044488220263,0.013494743234480619,0.5958751653182013,Normal_Market,1
2016-06-30,1001.1554565429688,1276.550048828125,1281.449951171875,1250.175048828125,1261.0,5121812.0,0.020056637852313708,0.014265307624105918,0.6015562805009073,Normal_Market,1
2016-07-01,980.6666870117188,1250.425048828125,1282.300048828125,1247.175048828125,1281.0,2197296.0,-0.02046512297101044,0.01484137496385729,0.632772283618341,Normal_Market,1
2016-07-04,978.0591430664062,1247.0999755859375,1262.925048828125,1241.0,1258.0,1883484.0,-0.0026589502629666972,0.01478078554161241,0.6744055604253965,Normal_Market,1
2016-07-05,974.5691528320312,1242.6500244140625,1248.5250244140625,1238.574951171875,1247.0999755859375,1559748.0,-0.0035682813857587092,0.014617355092996243,0.6809462637902696,Normal_Market,1
2016-07-07,952.8057861328124,1214.9000244140625,1245.925048828125,1212.5,1243.8499755859375,3316800.0,-0.022331269808792964,0.015242566650345337,0.6400066346253699,Normal_Market,1
2016-07-08,951.5508422851562,1213.300048828125,1221.0250244140625,1201.75,1217.5,2456356.0,-0.0013171035125107977,0.01505689632233414,0.6904093602527444,Normal_Market,1
2016-07-11,966.275146484375,1232.074951171875,1235.9000244140625,1213.5,1215.0,1543632.0,0.015474006794905737,0.015537839119823416,0.7115281717601317,High_Volatility,2
2016-07-12,966.5891723632812,1232.4749755859375,1237.5,1217.925048828125,1235.8499755859375,1465536.0,0.00032498598359764763,0.01553866648965258,0.6680830221118939,High_Volatility,2
2016-07-13,977.6278686523438,1246.550048828125,1249.625,1225.625,1239.0,2102300.0,0.011420256510915827,0.015780329498814194,0.6241593518976714,High_Volatility,2
2016-07-14,988.9212036132812,1260.949951171875,1264.5,1235.5,1243.0,2699988.0,0.011551772737928623,0.01588305186480552,0.6790749742476838,High_Volatility,2
2016-07-15,958.9033813476562,1222.675048828125,1263.9000244140625,1213.2750244140625,1258.5,8336366.0,-0.030354109261634843,0.017215813284753658,0.6810063051525173,High_Volatility,2
2016-07-18,954.237060546875,1216.7249755859375,1234.5,1215.300048828125,1223.5,2598850.0,-0.004866309673684843,0.01660174257460601,0.7187118950481394,High_Volatility,2
2016-07-19,967.0792846679688,1233.0999755859375,1236.4000244140625,1213.75,1213.75,2362896.0,0.013458106640433565,0.016036332161144362,0.715023744583081,High_Volatility,2
2016-07-20,978.35302734375,1247.4749755859375,1251.25,1224.074951171875,1225.0,2815252.0,0.011657516456524908,0.01639791520720833,0.7103271967730597,High_Volatility,2
2016-07-21,982.7057495117188,1253.0250244140625,1259.75,1232.2249755859375,1244.75,2527148.0,0.004449030203122595,0.01635121285949826,0.6785066966302199,High_Volatility,2
2016-07-22,986.254638671875,1257.550048828125,1262.0,1246.0,1249.449951171875,1517216.0,0.0036113446592935805,0.016363479513867518,0.6971942030316279,High_Volatility,2
2016-07-25,1006.0498657226562,1279.4749755859375,1281.5999755859375,1252.9000244140625,1256.0,1688796.0,0.020071111733819702,0.016020311294530482,0.6891543808191606,High_Volatility,2
2016-07-26,1003.5537109375,1276.300048828125,1284.0,1266.5,1279.4749755859375,2311290.0,-0.002481144195932261,0.014373404457132468,0.6526873013231043,Normal_Market,1
2016-07-27,1013.362548828125,1288.7750244140625,1290.199951171875,1272.5,1277.5,1750510.0,0.009774103551928315,0.014088047480356533,0.5148250025848234,Weak_Bear,0
2016-07-28,1029.7568359375,1309.625,1314.7750244140625,1288.5250244140625,1290.25,4632080.0,0.016178106373018863,0.014106703360144128,0.4567188059626522,Weak_Bear,0
2016-07-29,1029.7764892578125,1309.6500244140625,1317.449951171875,1299.5,1307.0,2488084.0,1.9085399219243016e-05,0.013492290318327767,0.4472596743132575,Weak_Bear,0
2016-08-01,1064.746826171875,1354.125,1362.5,1316.0,1316.0,3961704.0,0.03395915257228932,0.01429411664295568,0.5435930347212403,Weak_Bear,0
2016-08-02,1061.18896484375,1349.5999755859375,1357.8499755859375,1344.9000244140625,1351.449951171875,2578162.0,-0.0033415092120224754,0.014312204693566945,0.5673306650375857,Weak_Bear,0
2016-08-03,1044.3228759765625,1328.1500244140625,1349.5,1324.5250244140625,1343.0,2294702.0,-0.015893577323121577,0.014916206957809331,0.5681571356587192,Weak_Bear,0
2016-08-04,1042.6324462890625,1326.0,1341.4749755859375,1318.125,1335.0,1415416.0,-0.001618684916692259,0.013692185571201068,0.5665696731959367,Weak_Bear,0
2016-08-05,1041.4921875,1324.550048828125,1342.1500244140625,1316.0,1336.949951171875,1868484.0,-0.0010936344760044125,0.013687189803702064,0.5941015964084231,Normal_Market,1
2016-08-08,1041.6495361328125,1324.75,1334.0,1314.5250244140625,1320.0,2058244.0,0.00015107999339880607,0.013474561768002907,0.5809931549390855,Weak_Bear,0
2016-08-09,1041.9246826171875,1325.0999755859375,1329.9000244140625,1289.425048828125,1329.0,2261914.0,0.00026414496894666684,0.01347540603333745,0.5607251355217652,Weak_Bear,0
2016-08-10,1051.831787109375,1337.699951171875,1341.0,1324.0,1325.5,2062078.0,0.009508465110263042,0.013425536145004448,0.5371317846965439,Weak_Bear,0
2016-08-11,1065.3956298828125,1354.949951171875,1357.5,1332.7750244140625,1332.7750244140625,2233138.0,0.012895448625595662,0.013469919997283676,0.49073153384103696,Weak_Bear,0
2016-08-12,1076.6201171875,1369.2249755859375,1372.4000244140625,1351.0250244140625,1352.5,2327358.0,0.010535510931204195,0.010860794248780921,0.4197092974735172,Weak_Bear,0
2016-08-16,1058.2403564453125,1345.8499755859375,1370.0,1336.925048828125,1369.0,3183754.0,-0.017071723302181763,0.011797830699228405,0.44880059883983753,Weak_Bear,0
2016-08-17,1031.8404541015625,1312.2750244140625,1349.5,1309.0,1349.5,1848566.0,-0.024946981262771617,0.013407474625586939,0.464243302053115,Weak_Bear,0
2016-08-18,1037.34423828125,1319.2750244140625,1328.7750244140625,1315.050048828125,1317.5,1292064.0,0.005333948826885093,0.013274695005413357,0.4720953378702194,Weak_Bear,0
2016-08-19,1023.564697265625,1301.75,1323.2249755859375,1300.0,1320.0,2416244.0,-0.01328347958866194,0.013757296120755953,0.4544705807416684,Weak_Bear,0
2016-08-22,1002.0199584960938,1274.3499755859375,1297.2249755859375,1268.1500244140625,1294.0,2265274.0,-0.0210487317773721,0.014690816869666758,0.4640233963098779,Weak_Bear,0
2016-08-23,1022.6013793945312,1300.5250244140625,1302.4749755859375,1270.0999755859375,1272.4749755859375,1503374.0,0.020539931090122865,0.014723362157377769,0.46925714917198935,Weak_Bear,0
2016-08-24,1011.2001953125,1286.0250244140625,1301.0,1284.5250244140625,1294.9000244140625,1116878.0,-0.011149196853989962,0.0149544812602616,0.44759935293460357,Weak_Bear,0
2016-08-25,1002.9437255859376,1275.5250244140625,1294.8499755859375,1263.0,1290.0,1939690.0,-0.008165019908852766,0.014905949065923402,0.4356307017337715,Weak_Bear,0
2016-08-26,992.6822509765624,1262.4749755859375,1286.2750244140625,1258.5999755859375,1279.9000244140625,1250314.0,-0.010231356304044148,0.014523858326648587,0.398142609742107,Weak_Bear,0
2016-08-29,983.0900268554688,1250.2750244140625,1267.4749755859375,1233.375,1267.4749755859375,1488728.0,-0.009662935054653321,0.0146234416878672,0.386425019462194,Weak_Bear,0
2016-08-30,1000.2313232421876,1272.074951171875,1274.9000244140625,1250.625,1255.0,1444026.0,0.017436141063852828,0.012828774783479423,0.4181195771806226,Weak_Bear,0
2016-08-31,987.31591796875,1255.6500244140625,1275.0,1250.425048828125,1275.0,3231668.0,-0.012912418330964792,0.01301765007684005,0.42812196711140793,Weak_Bear,0
2016-09-01,985.8219604492188,1253.75,1267.4749755859375,1243.5250244140625,1262.449951171875,1345736.0,-0.0015131504438871124,0.01269132742734038,0.4440707863694295,Weak_Bear,0
2016-09-02,988.6920776367188,1257.4000244140625,1259.699951171875,1248.0250244140625,1256.0,1742330.0,0.0029113950618346873,0.012753821469408367,0.45748815464509596,Weak_Bear,0
2016-09-06,976.60302734375,1242.0250244140625,1260.074951171875,1240.0,1259.949951171875,2239066.0,-0.012227315831098151,0.012927553685260185,0.45690403806464336,Weak_Bear,0
2016-09-07,959.5006713867188,1220.2750244140625,1249.8499755859375,1211.5,1249.8499755859375,3854040.0,-0.01751208574844143,0.013289740320983116,0.4615610566395137,Weak_Bear,0
2016-09-08,912.9322509765624,1161.050048828125,1180.0,1142.375,1180.0,7021516.0,-0.048534015450821255,0.016543878300970614,0.4913793341631603,High_Volatility,2
2016-09-09,924.8643798828124,1176.2249755859375,1183.324951171875,1160.0250244140625,1164.8499755859375,2742438.0,0.01307011434143801,0.016742729787774698,0.4605078664368799,High_Volatility,2
2016-09-12,927.4591674804688,1179.5250244140625,1181.9749755859375,1162.0,1168.5,2024454.0,0.0028055871261742915,0.016280251951172272,0.42467116030601454,High_Volatility,2
2016-09-14,915.4288330078124,1164.2249755859375,1188.800048828125,1155.0,1181.0,2069858.0,-0.012971282073083512,0.015805897389516176,0.4039243826237606,Weak_Bear,0
2016-09-15,914.8389892578124,1163.4749755859375,1171.050048828125,1158.375,1169.9749755859375,2818964.0,-0.0006443359972199136,0.015733961217767822,0.44374855487523857,Weak_Bear,0
2016-09-16,928.5008544921876,1180.8499755859375,1188.0,1160.0,1168.3499755859375,4358004.0,0.01493362809717902,0.01588419999876632,0.4516009674464665,High_Volatility,2
2016-09-19,948.06005859375,1205.7249755859375,1213.5,1175.0,1182.5,2802546.0,0.021065359290659558,0.016793686837707607,0.4549276062223727,High_Volatility,2
2016-09-20,946.1141357421876,1203.25,1208.449951171875,1192.699951171875,1205.5,1184552.0,-0.0020525312019248343,0.01666670122602689,0.44250261772688143,High_Volatility,2
2016-09-21,948.82666015625,1206.699951171875,1212.0,1200.3499755859375,1203.8499755859375,1678020.0,0.002867016051857796,0.016215331207159237,0.4463652065031598,High_Volatility,2
2016-09-22,934.909423828125,1189.0,1214.0,1185.550048828125,1212.625,2857574.0,-0.014667838618524054,0.015465050217008334,0.4552353786218191,Weak_Bear,0
2016-09-23,942.8116455078124,1199.050048828125,1201.925048828125,1185.574951171875,1191.0,1800726.0,0.008452392796866492,0.015632205606169628,0.44184094527457674,Weak_Bear,0
2016-09-26,943.9908447265624,1200.550048828125,1209.550048828125,1197.5,1200.550048828125,1753476.0,0.001250726191565965,0.015622219337363278,0.41287685974319727,Weak_Bear,0
2016-09-27,957.7515869140624,1218.050048828125,1224.0,1200.550048828125,1200.550048828125,2038792.0,0.014577198777267819,0.015990607632470746,0.3578616602567687,High_Volatility,2
2016-09-28,952.6204833984376,1211.5250244140625,1218.75,1207.5999755859375,1215.5,1731328.0,-0.005357447156164485,0.015906045957855657,0.3350272207801199,Weak_Bear,0
2016-09-29,958.4193115234376,1218.9000244140625,1228.25,1209.800048828125,1217.5,3603958.0,0.006087238544685514,0.015390874735767423,0.4035458134533955,Weak_Bear,0
2016-09-30,955.6676635742188,1215.4000244140625,1224.9000244140625,1211.550048828125,1218.5250244140625,2175364.0,-0.0028710272384276925,0.015179125414655242,0.4160408907096594,Weak_Bear,0
2016-10-03,948.1585083007812,1205.8499755859375,1228.824951171875,1200.550048828125,1225.0,1818880.0,-0.007857496449501178,0.015245200401257023,0.44977275343610856,Weak_Bear,0
2016-10-04,945.583251953125,1202.574951171875,1212.5250244140625,1199.0,1210.0,1780718.0,-0.0027160610015212194,0.015204890809472703,0.46094866026887,Weak_Bear,0
2016-10-05,938.19189453125,1193.175048828125,1207.699951171875,1188.050048828125,1204.0,1176354.0,-0.007816717784085103,0.015081994023972763,0.4965064848624686,Weak_Bear,0
2016-10-06,939.13525390625,1194.375,1201.199951171875,1186.375,1197.5,2267572.0,0.0010055079142112788,0.014634536026913952,0.5017342301005765,Weak_Bear,0
2016-10-07,930.8992309570312,1183.9000244140625,1194.0,1179.0999755859375,1194.0,1816512.0,-0.008769794249509633,0.009702309433820827,0.4656895891719227,Weak_Bear,0
2016-10-10,935.8136596679688,1190.1500244140625,1193.449951171875,1177.5250244140625,1184.949951171875,1202142.0,0.005279227383059526,0.009342755760933245,0.44358585673816686,Weak_Bear,0
2016-10-13,915.60546875,1164.449951171875,1184.949951171875,1160.449951171875,1181.6500244140625,5173334.0,-0.021594246578040655,0.01055778434774024,0.379315839971306,Weak_Bear,0
2016-10-14,930.2702026367188,1183.0999755859375,1193.5,1145.5,1157.5,7741214.0,0.01601643326436153,0.010756476372959659,0.36228317319395276,Weak_Bear,0
2016-10-17,928.7960205078124,1181.2249755859375,1187.9000244140625,1172.199951171875,1184.449951171875,2728346.0,-0.001584681659939191,0.010765446488348748,0.4105971445551449,Weak_Bear,0
2016-10-18,943.6373291015624,1200.0999755859375,1207.8499755859375,1177.4000244140625,1188.0,2128632.0,0.01597908288370542,0.0108399033257921,0.4306282916791923,Weak_Bear,0
2016-10-19,941.6321411132812,1197.550048828125,1205.0,1185.1500244140625,1200.5,1985058.0,-0.002124956194971883,0.009750963793140563,0.4875226806308178,Weak_Bear,0
2016-10-20,944.0107421875,1200.574951171875,1204.675048828125,1193.0,1198.449951171875,1265854.0,0.0025260406589420192,0.009761268424903094,0.5079846383354245,Weak_Bear,0
2016-10-21,954.822509765625,1214.324951171875,1215.949951171875,1199.125,1200.0,1259660.0,0.011453013292064274,0.010080631422331227,0.4921517609940335,Weak_Bear,0
2016-10-24,957.0101928710938,1213.8499755859375,1217.449951171875,1201.2750244140625,1214.0999755859375,1253190.0,0.0022911934763727437,0.009442801952335267,0.4976823949312286,Weak_Bear,0
2016-10-25,945.4796752929688,1199.2249755859375,1207.300048828125,1190.5,1202.5,1772466.0,-0.01204847938299658,0.009723917709898156,0.501024703008413,Weak_Bear,0
2016-10-26,944.6124267578124,1198.125,1201.375,1186.25,1199.300048828125,1437130.0,-0.0009172577241151059,0.00972351056321957,0.4593517444201756,Weak_Bear,0
2016-10-27,953.2257690429688,1209.050048828125,1214.75,1182.75,1189.8499755859375,2941602.0,0.009118387648911153,0.009365099391745582,0.41302590388066235,Weak_Bear,0
2016-10-28,945.578125,1199.3499755859375,1207.550048828125,1194.0,1205.0,1752102.0,-0.008022909463145211,0.009460906191540105,0.4255489596560467,Weak_Bear,0
2016-11-01,926.3802490234376,1175.0,1199.8499755859375,1167.074951171875,1199.8499755859375,2934776.0,-0.02030279198407048,0.01032029609288381,0.4773157594778603,Weak_Bear,0
2016-11-02,908.2669067382812,1152.0250244140625,1172.0,1147.5,1170.5,2325076.0,-0.01955281570850731,0.011071153506048122,0.506624027605319,Weak_Bear,0
2016-11-03,914.3377075195312,1159.7249755859375,1167.5,1142.25,1147.0,1463310.0,0.006683939199162436,0.011176533650837027,0.5462863905648293,Weak_Bear,0
2016-11-04,918.7130737304688,1165.2750244140625,1168.074951171875,1147.0,1160.0,1183752.0,0.0047852846655611625,0.011268072675666048,0.5171496081838854,Weak_Bear,0
2016-11-07,897.623291015625,1138.5250244140625,1172.449951171875,1130.0250244140625,1168.949951171875,2048052.0,-0.022955788175744507,0.012193718700546828,0.5321693220631198,Weak_Bear,0
2016-11-08,900.0474243164062,1141.5999755859375,1153.5,1130.0,1140.2249755859375,1933634.0,0.0027006131915743303,0.012222566427658375,0.5259963989431291,Weak_Bear,0
2016-11-09,855.3648681640625,1084.925048828125,1137.5,1071.425048828125,1090.0,4500226.0,-0.049644668653188506,0.016181251313787528,0.5682927238648631,High_Volatility,2
2016-11-10,849.68798828125,1077.7249755859375,1108.75,1070.4000244140625,1102.4000244140625,2172426.0,-0.006636793366317728,0.016036621999279205,0.5463386614287332,High_Volatility,2
2016-11-11,828.2825317382812,1050.574951171875,1073.5250244140625,1043.0999755859375,1073.5250244140625,2398424.0,-0.02519213739418369,0.0162549056638188,0.527734152453311,High_Volatility,2
2016-11-15,836.22607421875,1060.6500244140625,1078.7750244140625,1025.949951171875,1058.449951171875,6290324.0,0.009590377891705693,0.015879468880655,0.5491347159746395,Weak_Bear,0
2016-11-16,863.1502075195312,1094.800048828125,1104.449951171875,1069.0,1072.550048828125,4019958.0,0.032197194192892464,0.017945712420122537,0.640017055978993,High_Volatility,2
2016-11-17,842.4937133789062,1068.5999755859375,1104.300048828125,1065.074951171875,1092.5,2504688.0,-0.0239315173195479,0.017884129238329192,0.6409923340148388,High_Volatility,2
2016-11-18,837.723876953125,1062.550048828125,1075.0,1052.0999755859375,1071.0,2140534.0,-0.005661569160737567,0.017866485722559763,0.6723282892451539,High_Volatility,2
2016-11-21,840.798583984375,1066.449951171875,1070.0,1052.5,1063.0999755859375,1793366.0,0.003670310845660829,0.017895941314980443,0.6894238527168185,High_Volatility,2
2016-11-22,841.62646484375,1067.5,1088.7249755859375,1061.0250244140625,1066.0,1318860.0,0.000984636362554081,0.01751947544735261,0.6823985462081604,High_Volatility,2
2016-11-23,850.0427856445312,1078.175048828125,1081.4749755859375,1063.5999755859375,1074.5,1275808.0,0.010000066718842682,0.017797380501637792,0.6944224944293317,High_Volatility,2
2016-11-24,862.6965942382812,1094.2249755859375,1103.800048828125,1068.5,1077.449951171875,3026234.0,0.014886084332984995,0.018307976386179158,0.6929629265700292,High_Volatility,2
2016-11-25,906.8085327148438,1150.175048828125,1153.625,1096.0999755859375,1106.0,4276148.0,0.05113262156263776,0.022130937026288003,0.6455983822226661,High_Volatility,2
2016-11-28,899.8110961914062,1141.300048828125,1159.7249755859375,1125.949951171875,1147.0,1924296.0,-0.007716553463042786,0.022013342541175096,0.6064520092214141,High_Volatility,2
2016-11-29,890.8430786132812,1129.925048828125,1146.0,1126.2750244140625,1137.5,1442296.0,-0.009966555887211848,0.02204258478138969,0.6290728073862365,High_Volatility,2
2016-11-30,897.2290649414062,1138.0250244140625,1147.375,1121.1500244140625,1132.5,3445832.0,0.007168474988957341,0.02174491509722863,0.6564269986141045,High_Volatility,2
2016-12-01,892.2619018554688,1131.7249755859375,1145.0,1127.0250244140625,1138.5,1123052.0,-0.005536114778294521,0.021350441953487724,0.6694298356027201,High_Volatility,2
2016-12-02,875.8631591796875,1110.925048828125,1135.4000244140625,1102.5999755859375,1129.0,1998032.0,-0.018378844419648432,0.02162965332164527,0.69088144593301,High_Volatility,2
2016-12-05,861.7308349609375,1093.0,1118.925048828125,1085.0,1114.5,2249526.0,-0.016135310716785978,0.02179329616081966,0.6831802107681577,High_Volatility,2
2016-12-06,860.2921752929688,1091.175048828125,1101.9749755859375,1084.949951171875,1095.0,1593444.0,-0.0016695000452594533,0.0212796738753773,0.664865377611325,High_Volatility,2
2016-12-07,849.3331298828125,1077.2750244140625,1092.2249755859375,1072.824951171875,1091.0999755859375,2065706.0,-0.012738748212401396,0.021383521839220127,0.6675395487078312,High_Volatility,2
2016-12-08,865.5745239257812,1097.875,1099.5,1080.0,1080.25,3239546.0,0.01912252503939138,0.01880778287827832,0.6406950028342213,High_Volatility,2
2016-12-09,865.3773803710938,1097.625,1109.949951171875,1086.6500244140625,1102.5,1588718.0,-0.00022776034788241084,0.01872956830422059,0.6132398376975396,High_Volatility,2
2016-12-12,870.4823608398438,1104.0999755859375,1108.800048828125,1081.5,1097.4000244140625,1311758.0,0.005899137861173243,0.017695986130648385,0.5723601391317487,High_Volatility,2
2016-12-13,867.3677978515625,1100.1500244140625,1109.0,1091.5,1109.0,2147534.0,-0.0035779736941209395,0.01766851127089016,0.5775309255160666,High_Volatility,2
2016-12-14,870.2454833984375,1103.800048828125,1112.3499755859375,1094.5,1107.0,1870366.0,0.003317722371066756,0.016186624936427984,0.6458600280553356,Normal_Market,1
2016-12-15,890.626220703125,1129.6500244140625,1136.050048828125,1101.0,1101.0,4295410.0,0.023419526666312196,0.015880132371232297,0.6558473076265788,Normal_Market,1
2016-12-16,899.8309326171875,1141.324951171875,1145.0,1126.0,1138.5,1987230.0,0.01033510096614454,0.01582900665385943,0.678292516257881,Normal_Market,1
2016-12-19,902.2947387695312,1144.449951171875,1148.8499755859375,1130.6500244140625,1140.0,1334210.0,0.002738076746459095,0.015830469460388883,0.6974819882242547,Normal_Market,1
2016-12-20,922.1624755859376,1169.6500244140625,1172.5,1143.5250244140625,1146.0,2922760.0,0.022019120762579503,0.016334578080722625,0.6681201412463841,Normal_Market,1
2016-12-21,912.0314331054688,1156.800048828125,1171.9000244140625,1152.800048828125,1171.9000244140625,2034902.0,-0.010986179495139026,0.016647563360678002,0.705399529641876,High_Volatility,2
2016-12-22,909.70556640625,1153.8499755859375,1162.5,1143.0999755859375,1153.0,1868300.0,-0.002550204537687062,0.01648421973905533,0.685466209608766,High_Volatility,2
2016-12-23,901.9794311523438,1144.050048828125,1158.875,1139.4000244140625,1150.0,1118954.0,-0.008493006461890773,0.012084381385656444,0.6422652188970424,Normal_Market,1
2016-12-26,903.949951171875,1146.550048828125,1150.800048828125,1133.0,1133.0,897408.0,0.002184661813200872,0.01196234667081486,0.6366575692870448,Normal_Market,1
2016-12-27,915.8947143554688,1161.699951171875,1165.0,1140.75,1140.75,1294692.0,0.013213965184807774,0.012038289756886741,0.6580263590120508,Normal_Market,1
2016-12-28,911.9522705078124,1156.699951171875,1174.949951171875,1151.574951171875,1163.3499755859375,1350418.0,-0.004304472758564493,0.012025110989877142,0.7148874352167547,Normal_Market,1
2016-12-29,927.050537109375,1175.8499755859375,1179.949951171875,1151.5,1151.5,1963516.0,0.016555983344561653,0.012412886369522013,0.7219853383032118,Normal_Market,1
2016-12-30,932.5108032226562,1182.7750244140625,1189.300048828125,1172.824951171875,1177.449951171875,1405748.0,0.00588993360632406,0.011467396653264753,0.7246598735397661,Normal_Market,1
2017-01-02,930.854736328125,1180.675048828125,1187.550048828125,1176.199951171875,1183.300048828125,823132.0,-0.0017759224759735792,0.010610571705448294,0.7292552240194442,Normal_Market,1
2017-01-03,933.5746459960938,1184.125,1185.8499755859375,1171.6500244140625,1180.625,1475324.0,0.002921948572446098,0.010532687952573845,0.6730333782480077,Normal_Market,1
2017-01-04,938.0096435546876,1189.75,1194.425048828125,1179.1500244140625,1184.8499755859375,1420066.0,0.004750554845951216,0.009754118720369026,0.7016442944559337,Normal_Market,1
2017-01-05,920.2308349609376,1167.199951171875,1194.9749755859375,1160.199951171875,1192.0,2216404.0,-0.01895375886155637,0.010541358013560443,0.6833008578471869,Normal_Market,1
2017-01-06,899.337890625,1140.699951171875,1164.675048828125,1128.550048828125,1160.5,3009896.0,-0.022704025492499946,0.012012373210477673,0.6632752346735133,Normal_Market,1
2017-01-09,908.1289672851562,1151.8499755859375,1155.6500244140625,1128.5,1137.5,1854578.0,0.009775054239121284,0.012109545679477526,0.6385355420707542,Normal_Market,1
2017-01-10,912.72119140625,1157.675048828125,1164.9000244140625,1145.75,1152.0,1533914.0,0.005056797312414929,0.012046887586627033,0.6226919946738008,Normal_Market,1
2017-01-11,916.28857421875,1162.199951171875,1164.800048828125,1140.0999755859375,1157.5,1931296.0,0.0039085131868183964,0.012049411135301887,0.6709012953221097,Normal_Market,1
2017-01-12,924.1533813476562,1172.175048828125,1180.0,1152.0,1162.199951171875,2570374.0,0.008583329913954163,0.011124666448226668,0.6894533427041967,Normal_Market,1
2017-01-13,886.6840209960938,1124.6500244140625,1178.9749755859375,1118.925048828125,1174.0,10235580.0,-0.04054452551688159,0.014424390480356564,0.682326984521603,Normal_Market,1
2017-01-16,890.3306274414062,1129.2750244140625,1136.949951171875,1114.0,1125.0,3364808.0,0.004112633541332844,0.014444572149180655,0.683626211502148,Normal_Market,1
2017-01-17,898.29345703125,1139.375,1143.9000244140625,1126.4000244140625,1127.449951171875,3009956.0,0.008943677039087161,0.013642117284467226,0.6114439088688585,Normal_Market,1
2017-01-18,904.7388916015624,1147.550048828125,1149.0,1132.7249755859375,1139.0,3136574.0,0.00717519928466781,0.013562092218194205,0.6078884583296889,Normal_Market,1
2017-01-19,903.1226196289062,1145.5,1147.574951171875,1141.4749755859375,1147.5,2251676.0,-0.0017864513039723695,0.01355653442385022,0.5465324577789025,Weak_Bear,0
2017-01-20,900.8952026367188,1142.675048828125,1150.0,1132.5,1143.5,2037246.0,-0.0024663505749670245,0.013430634981050784,0.5163978490143654,Weak_Bear,0
2017-01-23,911.9050903320312,1153.3499755859375,1156.75,1129.9000244140625,1132.5,2318546.0,0.012221052640849939,0.01370029463590394,0.5149117609938633,Weak_Bear,0
2017-01-24,916.5106811523438,1159.175048828125,1161.5,1145.0,1152.0,2282638.0,0.0050505155296760584,0.013421235041841555,0.5439944925895915,Weak_Bear,0
2017-01-25,930.2086791992188,1176.5,1180.0,1159.0250244140625,1161.300048828125,4111648.0,0.014945813866186874,0.013772862191161505,0.5437850900581213,Weak_Bear,0
2017-01-27,932.1063232421876,1178.9000244140625,1189.375,1172.5250244140625,1172.5250244140625,2871658.0,0.00204001971321377,0.013288518786627946,0.5045942926017509,Weak_Bear,0
2017-01-30,922.262939453125,1166.449951171875,1175.9749755859375,1159.074951171875,1170.5,2577956.0,-0.010560365854856424,0.013436324293028889,0.5436024633173172,Weak_Bear,0
2017-01-31,881.5043334960938,1114.9000244140625,1166.0250244140625,1100.0250244140625,1160.0,4666804.0,-0.044194127524195936,0.016623837651853747,0.5339117533241329,High_Volatility,2
2017-02-01,857.033447265625,1083.949951171875,1119.9749755859375,1077.7750244140625,1110.0,4864152.0,-0.027760369745904567,0.017482344410898246,0.43510109680493964,High_Volatility,2
2017-02-02,872.7474365234375,1103.824951171875,1109.5,1076.5,1085.0250244140625,6009482.0,0.01833532787774872,0.018098199846757604,0.4718890770673178,High_Volatility,2
2017-02-03,882.5916748046875,1116.2750244140625,1121.5,1095.5,1104.8499755859375,2153372.0,0.011279595756206628,0.017996645230255237,0.45277362859530396,High_Volatility,2
2017-02-06,885.8331298828125,1120.375,1129.25,1107.4749755859375,1129.0,2408910.0,0.003672655397346958,0.017348925124672718,0.4203853132036721,High_Volatility,2
2017-02-07,887.3550415039062,1122.300048828125,1126.300048828125,1113.0,1122.0,1814638.0,0.0017180567871684094,0.017187868917383234,0.4180331578780961,High_Volatility,2
2017-02-08,897.7718505859375,1135.4749755859375,1141.300048828125,1122.0250244140625,1122.449951171875,2212584.0,0.011739167069335199,0.017376000628049525,0.447129162406103,High_Volatility,2
2017-02-09,916.0952758789062,1158.6500244140625,1164.0,1135.0999755859375,1137.5,4033202.0,0.020409890643162676,0.01798636144466249,0.47734468882519954,High_Volatility,2
2017-02-10,947.978759765625,1198.9749755859375,1212.2249755859375,1155.5,1155.5,5782160.0,0.03480367678583396,0.01952364185849091,0.41206162446577804,High_Volatility,2
2017-02-13,954.4226684570312,1207.125,1214.5,1191.175048828125,1198.0,3819812.0,0.006797524337991856,0.01685016327494913,0.4057856614584006,High_Volatility,2
2017-02-14,951.2600708007812,1203.125,1209.824951171875,1199.0,1209.824951171875,2033328.0,-0.0033136237861605133,0.01692512119459651,0.3876320317378009,High_Volatility,2
2017-02-15,954.205078125,1206.8499755859375,1214.0,1187.550048828125,1198.5,1924972.0,0.003095901336150453,0.01687570606989145,0.357747433394233,High_Volatility,2
2017-02-16,967.6661376953124,1223.875,1239.0,1217.800048828125,1230.0,4175680.0,0.014107092782154496,0.017032958692992824,0.41106641546874817,High_Volatility,2
2017-02-17,951.9121704101562,1203.949951171875,1237.800048828125,1201.0,1236.0,2723324.0,-0.016280374678272147,0.01756989139598681,0.4058915865878858,High_Volatility,2
2017-02-20,989.1917114257812,1251.0999755859375,1277.5,1204.050048828125,1212.5,3973948.0,0.039162794819150415,0.019296418894866163,0.4156606742556009,High_Volatility,2
2017-02-21,974.6241455078124,1232.675048828125,1262.949951171875,1227.574951171875,1257.0,5501112.0,-0.014726736738393975,0.019692396463587485,0.44083200901664926,High_Volatility,2
2017-02-22,953.3353881835938,1205.75,1235.0,1200.074951171875,1232.949951171875,4505496.0,-0.0218430432103921,0.020484382751578763,0.4799137661321208,High_Volatility,2
2017-02-23,981.1270751953124,1240.9000244140625,1246.625,1207.5,1207.5,4853352.0,0.029152056407630633,0.021184983333296423,0.5242591657238912,High_Volatility,2
2017-02-27,984.3095703125,1244.925048828125,1251.0,1235.0250244140625,1239.550048828125,2139892.0,0.003243713477740995,0.021184175955469862,0.4903079721589034,High_Volatility,2
2017-02-28,974.9793701171876,1233.125,1245.0,1225.0,1244.75,2354828.0,-0.009478928658948393,0.021149249265719237,0.48194170714941287,High_Volatility,2
2017-03-01,980.23779296875,1239.7750244140625,1250.949951171875,1235.0,1239.949951171875,1130374.0,0.005393368324224435,0.01799768429851817,0.47533229027343804,High_Volatility,2
2017-03-02,988.8951416015624,1250.7249755859375,1255.0,1235.0250244140625,1243.3499755859375,1544942.0,0.008831886196300154,0.016212595890186737,0.4428968147148933,Weak_Bear,0
2017-03-03,985.9700317382812,1247.0250244140625,1249.8499755859375,1237.699951171875,1246.0,1013970.0,-0.002957957563168745,0.01614915186147159,0.4749118188916976,Weak_Bear,0
2017-03-06,977.45068359375,1236.25,1242.0,1227.2750244140625,1240.0,1400694.0,-0.00864057513950145,0.01643378054830038,0.47044329939145996,Weak_Bear,0
2017-03-07,988.2429809570312,1249.9000244140625,1252.5,1237.5250244140625,1241.449951171875,1511672.0,0.01104127046451242,0.016479226625322897,0.44143954786349415,Weak_Bear,0
2017-03-08,993.14501953125,1256.0999755859375,1260.0,1246.0999755859375,1251.0,1791510.0,0.004960357592898479,0.016454825874026087,0.45358817839444227,Weak_Bear,0
2017-03-09,996.1300048828124,1259.875,1262.0,1252.0250244140625,1257.074951171875,858468.0,0.0030055886027311463,0.016404022227290527,0.4831699854406698,Weak_Bear,0
2017-03-10,1005.0247192382812,1271.125,1274.7750244140625,1256.9749755859375,1259.800048828125,1171420.0,0.008929270589048466,0.01604581683681231,0.5138400855928118,Weak_Bear,0
2017-03-14,1015.0068969726562,1283.75,1293.574951171875,1275.5250244140625,1278.4000244140625,3402294.0,0.00993227086189541,0.014482846722988742,0.4625938539159042,Weak_Bear,0
2017-03-15,987.6502685546876,1249.1500244140625,1286.074951171875,1246.925048828125,1286.0,3022496.0,-0.026952160127741043,0.015970700913174096,0.4778268238654226,Weak_Bear,0
2017-03-16,996.5846557617188,1260.449951171875,1263.5,1253.0,1253.0,1571818.0,0.009046104164083912,0.016000169033744557,0.47822508394894003,Weak_Bear,0
2017-03-17,998.501708984375,1262.875,1273.0,1254.875,1273.0,2593152.0,0.0019236230575825353,0.015999829789591313,0.4465701460803349,Weak_Bear,0
2017-03-20,980.4152221679688,1240.0,1262.9749755859375,1233.0,1262.9749755859375,3487540.0,-0.018113626299951835,0.016375938843389844,0.4872372022814767,Weak_Bear,0
2017-03-21,983.064208984375,1243.3499755859375,1246.0,1232.5,1241.0,3373700.0,0.0027019029861130583,0.015877528323914907,0.4829508914205607,Weak_Bear,0
2017-03-22,980.0006713867188,1239.4749755859375,1248.0,1234.9749755859375,1240.074951171875,1888716.0,-0.0031163148547755926,0.013224311660604712,0.4882270382468857,Weak_Bear,0
2017-03-23,972.6475219726562,1230.175048828125,1242.5250244140625,1223.5999755859375,1241.0,2620638.0,-0.007503208547457119,0.012906785863838326,0.4804280874981578,Weak_Bear,0
2017-03-24,959.5420532226562,1213.5999755859375,1234.9000244140625,1211.6500244140625,1234.9000244140625,5099814.0,-0.013474016489982255,0.012282674532134488,0.4867500948680646,Weak_Bear,0
2017-03-27,953.5529174804688,1206.0250244140625,1220.0,1203.0,1213.4749755859375,2181270.0,-0.006241660510941438,0.010313369316228976,0.5098444208348581,Weak_Bear,0
2017-03-28,960.629638671875,1214.9749755859375,1221.699951171875,1205.0,1205.0,1153158.0,0.0074214247176809245,0.010453166591360318,0.47097019051465505,Weak_Bear,0
2017-03-29,966.4210815429688,1222.300048828125,1225.4000244140625,1212.800048828125,1218.0,1717764.0,0.006028798860610474,0.010378866759282703,0.5035018733130647,Weak_Bear,0
2017-03-30,964.9979248046876,1220.5,1232.5,1217.5,1222.449951171875,2986086.0,-0.0014726052291915703,0.010290709806029133,0.5072672275449738,Weak_Bear,0
2017-03-31,961.360595703125,1215.9000244140625,1220.425048828125,1207.5,1219.199951171875,1867044.0,-0.0037692610606377963,0.010057416528124452,0.48242821112202405,Weak_Bear,0
2017-04-03,953.4146118164062,1205.8499755859375,1217.5,1204.0999755859375,1217.5,1196888.0,-0.008265352170906404,0.010171104498870317,0.5398332078000104,Weak_Bear,0
2017-04-05,949.2838745117188,1200.625,1209.949951171875,1197.5,1209.949951171875,2905568.0,-0.0043325718459651386,0.010059783750369198,0.5345291178911485,Weak_Bear,0
2017-04-06,948.8092041015624,1200.0250244140625,1205.0,1196.2750244140625,1200.0,1720704.0,-0.0005000299940842723,0.009629618957827055,0.523541365844569,Weak_Bear,0
2017-04-07,960.2736206054688,1214.5250244140625,1216.625,1196.074951171875,1197.449951171875,2277012.0,0.012082952456982321,0.010023812537249481,0.5058006404998839,Weak_Bear,0
2017-04-10,957.5850219726562,1211.125,1224.5,1202.5,1216.0,2543264.0,-0.002799825565464653,0.009966296424399675,0.5131551521634694,Weak_Bear,0
2017-04-11,956.41943359375,1209.6500244140625,1221.550048828125,1203.0,1208.6500244140625,1557784.0,-0.0012172165939950963,0.0096375868427282,0.5221398902102317,Weak_Bear,0
2017-04-12,946.1207275390624,1196.625,1214.0,1191.5,1211.25,1050538.0,-0.010767980755044038,0.009347126451994212,0.46617762141717134,Weak_Bear,0
2017-04-13,920.5824584960938,1164.324951171875,1204.5,1160.5250244140625,1200.0,2500472.0,-0.026992611301726588,0.009352478762682696,0.46519181131107584,Weak_Bear,0
2017-04-17,915.1270751953124,1157.425048828125,1166.449951171875,1147.574951171875,1165.199951171875,2270882.0,-0.005926012656914503,0.008885638684671888,0.45906023763916093,Weak_Bear,0
2017-04-18,912.7354736328124,1154.4000244140625,1167.0999755859375,1151.0250244140625,1165.0,1730620.0,-0.0026134092491904015,0.008777887432967917,0.4192306408644326,Weak_Bear,0
2017-04-19,908.9202880859376,1149.574951171875,1174.3499755859375,1126.4000244140625,1131.75,5626812.0,-0.004179946607848817,0.008167539903354056,0.449450385811683,Weak_Bear,0
2017-04-20,919.33740234375,1162.75,1166.0,1145.4749755859375,1152.6500244140625,1268842.0,0.011460976715295335,0.008745889002365713,0.4877381401184371,Weak_Bear,0
2017-04-21,913.5260620117188,1155.4000244140625,1167.824951171875,1150.5,1164.550048828125,1161154.0,-0.006321226915402156,0.008771498123193004,0.4948630250106493,Weak_Bear,0
2017-04-24,920.365234375,1164.050048828125,1169.824951171875,1141.25,1150.0,2000020.0,0.007486565132274858,0.009044810903913802,0.5191322019612108,Weak_Bear,0
2017-04-25,913.802734375,1155.75,1172.2249755859375,1151.3499755859375,1164.0,3148710.0,-0.007130321479881241,0.008754394349778795,0.5598365700167152,Weak_Bear,0
2017-04-26,913.3480834960938,1155.175048828125,1171.9749755859375,1151.5250244140625,1170.0,2187438.0,-0.0004975372274599321,0.008715952030926734,0.5716374967234502,Weak_Bear,0
2017-04-27,910.3040161132812,1151.324951171875,1163.9000244140625,1138.824951171875,1153.0250244140625,5773186.0,-0.0033328666669562024,0.008423463650828843,0.5427946020300124,Weak_Bear,0
2017-04-28,898.6419067382812,1136.574951171875,1149.375,1134.0,1147.0,2540510.0,-0.012811224787070197,0.008454863465225221,0.5293220538845054,Weak_Bear,0
2017-05-02,905.2635498046876,1144.949951171875,1151.0,1140.0,1147.0,2382696.0,0.0073685001965246855,0.008795916190304637,0.5124675202817505,Weak_Bear,0
2017-05-03,924.0020751953124,1168.6500244140625,1172.5,1134.25,1147.5,3514406.0,0.02069952490042004,0.010281864127876527,0.4810615428251754,Weak_Bear,0
2017-05-04,921.1555786132812,1165.050048828125,1175.0,1154.4000244140625,1174.9749755859375,2708208.0,-0.0030806170878235895,0.010178552381168186,0.47567940547239995,Weak_Bear,0
2017-05-05,917.3604736328124,1160.25,1166.25,1151.25,1154.0,1682474.0,-0.0041199392030845106,0.01017573584389511,0.5027605979368119,Weak_Bear,0
2017-05-08,926.0380859375,1171.2249755859375,1173.699951171875,1158.8499755859375,1160.5,1071782.0,0.009459326572381688,0.010474764490205705,0.49929842625810517,Weak_Bear,0
2017-05-09,930.0306396484376,1176.2750244140625,1180.5,1166.2750244140625,1171.9749755859375,1790270.0,0.004311435751474191,0.010094836008091182,0.5033297548718708,Weak_Bear,0
2017-05-10,922.0850219726562,1166.2249755859375,1178.074951171875,1158.0,1177.5,1206388.0,-0.008543393450762937,0.010213257882444116,0.5246070449524222,Weak_Bear,0
2017-05-11,928.80517578125,1174.7249755859375,1180.0,1161.375,1173.6500244140625,2071302.0,0.007287998013693953,0.010415508176859512,0.55312954860904,Weak_Bear,0
2017-05-12,933.2333374023438,1180.324951171875,1184.949951171875,1160.0250244140625,1171.6500244140625,2314446.0,0.004767589303503961,0.010259175457442104,0.5083295992671635,Weak_Bear,0
2017-05-15,934.9923706054688,1182.550048828125,1188.9749755859375,1170.800048828125,1187.550048828125,1817604.0,0.001884880375170983,0.008174782632283486,0.521381047283162,Weak_Bear,0
2017-05-16,960.3128662109376,1214.574951171875,1217.5,1186.7249755859375,1190.0,3601026.0,0.027080964937790997,0.009894520226439624,0.5078250500397654,Weak_Bear,0
2017-05-17,970.6708374023438,1227.675048828125,1230.375,1211.5,1216.75,2876198.0,0.010786038129714015,0.00998621601147045,0.5172479022294638,Weak_Bear,0
2017-05-18,1002.6329956054688,1268.0999755859375,1286.0,1221.125,1225.0,5138594.0,0.03292790611558938,0.011833232217798601,0.5168244097060316,Weak_Bear,0
2017-05-19,991.1488037109376,1253.574951171875,1270.2750244140625,1243.0,1268.0999755859375,1786044.0,-0.011454033474727288,0.012274268411601499,0.5590795822584611,Weak_Bear,0
2017-05-22,1000.7159423828124,1265.675048828125,1276.875,1255.0,1255.0,1663940.0,0.009652575512430372,0.012096806078865567,0.5490126592404677,Weak_Bear,0
2017-05-23,996.90087890625,1260.8499755859375,1282.074951171875,1257.0,1266.5999755859375,2748596.0,-0.0038123340650277893,0.012219943593041056,0.5490204025078468,Weak_Bear,0
2017-05-24,1011.705810546875,1279.574951171875,1285.0,1264.824951171875,1267.4000244140625,2534548.0,0.014850956553341899,0.012147641410090351,0.5509637830674949,Weak_Bear,0
2017-05-25,1037.5802001953125,1312.300048828125,1318.7750244140625,1284.0,1288.5,4094094.0,0.025575013386995638,0.012883947999858106,0.5850082067361136,Normal_Market,1
2017-05-26,1019.2567749023438,1289.125,1313.425048828125,1282.324951171875,1312.5,1362550.0,-0.017659767687856376,0.01382209049849618,0.5331719652333995,Weak_Bear,0
2017-05-29,1017.1220092773438,1286.425048828125,1298.25,1282.0,1289.5,1749290.0,-0.00209443358883199,0.013260633142549915,0.5606960160377416,Weak_Bear,0
2017-05-30,1008.5234375,1275.550048828125,1287.9749755859375,1262.5,1280.0,927634.0,-0.008453825302092266,0.01365916483752124,0.5637305225693464,Weak_Bear,0
2017-05-31,1006.7440795898438,1273.300048828125,1286.25,1264.0,1266.5,2502730.0,-0.001764319840267703,0.01326162732393142,0.5583376839370828,Weak_Bear,0
2017-06-01,1009.5119018554688,1276.800048828125,1282.0,1265.0,1265.0,1080064.0,0.0027492808964444393,0.013152630915608319,0.5557266694733443,Weak_Bear,0
2017-06-02,1013.9785766601562,1282.449951171875,1295.925048828125,1276.25,1278.125,1355648.0,0.004424588552624176,0.012989797159542115,0.5912206053181972,Normal_Market,1
2017-06-05,1029.4163818359375,1301.9749755859375,1309.949951171875,1280.074951171875,1282.5,1500188.0,0.01522498160329011,0.013154596435238003,0.5809732852783578,Normal_Market,1
2017-06-06,1065.806640625,1348.0,1354.4749755859375,1315.0,1315.5,5946720.0,0.035350378555430995,0.01475465071028026,0.6163510579351291,Normal_Market,1
2017-06-07,1033.8839111328125,1307.625,1350.0,1288.2750244140625,1348.5,4927776.0,-0.029951708194900784,0.01659835267249212,0.6082037927121666,Normal_Market,1
2017-06-08,996.8609619140624,1260.800048828125,1302.4749755859375,1257.75,1299.0,3330714.0,-0.03580958057291417,0.01902462399337804,0.580441559426987,High_Volatility,2
2017-06-09,991.0895385742188,1253.5,1273.699951171875,1243.0,1260.0,3148034.0,-0.0057895971056605156,0.019139956171934897,0.5619649317013435,High_Volatility,2
2017-06-12,983.2620239257812,1243.5999755859375,1256.449951171875,1235.199951171875,1248.5,1626506.0,-0.007897888479075466,0.019299295153779976,0.5870636945063445,High_Volatility,2
2017-06-13,980.0037841796876,1225.7750244140625,1240.550048828125,1223.5,1232.5,1175414.0,-0.0033137044519270242,0.01845640310936491,0.5907194907537369,High_Volatility,2
2017-06-14,987.4594116210938,1235.0999755859375,1238.0,1227.5,1227.5,1489142.0,0.007607753726835753,0.018382848945132986,0.5880581886377643,High_Volatility,2
2017-06-15,963.8738403320312,1205.5999755859375,1234.8499755859375,1202.5,1234.5,2997198.0,-0.023885104553657,0.01756372294301687,0.5519130045841785,High_Volatility,2
2017-06-16,959.27685546875,1199.8499755859375,1217.5,1193.25,1207.4749755859375,2450426.0,-0.004769280657827224,0.017433914627687595,0.5743447285173744,High_Volatility,2
2017-06-19,972.069091796875,1215.8499755859375,1223.175048828125,1202.574951171875,1208.449951171875,1644742.0,0.013335291324081844,0.017576640964379647,0.5638956874031065,High_Volatility,2
2017-06-20,977.3859252929688,1222.5,1224.5,1190.1500244140625,1215.5,1670958.0,0.005469604517787552,0.01762939107877607,0.5785731403157002,High_Volatility,2
2017-06-21,961.9154663085938,1203.1500244140625,1221.074951171875,1198.5999755859375,1220.0,1657818.0,-0.015828403687865422,0.01752666233610673,0.6066451102196326,High_Volatility,2
2017-06-22,957.3382568359376,1197.425048828125,1215.5,1192.5,1204.5,5775882.0,-0.004758432141881874,0.01624649604804877,0.6069364555262672,Normal_Market,1
2017-06-23,944.0868530273438,1180.8499755859375,1206.9749755859375,1177.0,1199.699951171875,1424756.0,-0.01384192443367982,0.016097948468702012,0.591231699454627,Normal_Market,1
2017-06-27,936.5512084960938,1171.425048828125,1192.3499755859375,1165.800048828125,1175.300048828125,1974330.0,-0.007981939910598146,0.016120861193573126,0.6161841921040848,Normal_Market,1
2017-06-28,939.4295654296876,1175.0250244140625,1179.0,1167.5,1174.949951171875,1789726.0,0.0030733577699566528,0.016159043856161914,0.5952152222349039,Normal_Market,1
2017-06-29,932.7138061523438,1166.625,1186.0250244140625,1161.550048828125,1179.5,2471826.0,-0.0071487629562436705,0.016174891843292672,0.575690674434393,Weak_Bear,0
2017-06-30,944.346435546875,1181.175048828125,1188.5,1161.550048828125,1162.199951171875,1753848.0,0.012471810021252416,0.016520914189608698,0.5218901123791109,Weak_Bear,0
2017-07-03,948.8435668945312,1186.800048828125,1191.5250244140625,1171.550048828125,1178.699951171875,1475956.0,0.0047621626750271595,0.016529285207862066,0.5214553328804494,Weak_Bear,0
2017-07-04,946.145263671875,1183.425048828125,1190.2249755859375,1175.0250244140625,1186.6500244140625,1215134.0,-0.002843780910574689,0.01595392621746226,0.4903001733562222,Weak_Bear,0
2017-07-05,941.8082275390624,1178.0,1182.5,1172.5,1180.4000244140625,815856.0,-0.004583900907542571,0.012980129122861223,0.4788705829582505,Weak_Bear,0
2017-07-06,938.4302368164062,1173.7750244140625,1180.949951171875,1170.050048828125,1179.5,1026788.0,-0.0035867075949026495,0.011704734137130383,0.5204084686145325,Weak_Bear,0
2017-07-07,932.1939086914062,1165.9749755859375,1178.2249755859375,1162.75,1175.0,1232090.0,-0.006645489329240473,0.009177529090281994,0.5463756075874581,Weak_Bear,0
2017-07-10,973.367919921875,1217.4749755859375,1222.449951171875,1189.4749755859375,1203.0,783608.0,0.044168934002441596,0.013998865869163728,0.5090215681876294,Weak_Bear,0
2017-07-11,989.6978149414062,1237.9000244140625,1257.4000244140625,1213.0,1213.0,3537504.0,0.01677669325781972,0.014422204492766544,0.5020057136379803,Weak_Bear,0
2017-07-12,975.166748046875,1219.7249755859375,1241.6500244140625,1215.050048828125,1241.25,2646450.0,-0.014682326943797008,0.014796454042806313,0.5014837247834899,Weak_Bear,0
2017-07-13,977.9452514648438,1223.199951171875,1236.0,1213.300048828125,1222.5,3131960.0,0.0028492598045757322,0.014703201901020192,0.5074438925157274,Weak_Bear,0
2017-07-14,958.3775024414062,1198.7249755859375,1212.5,1187.5,1191.5,4508432.0,-0.02000904344504706,0.014399517463408867,0.49651849915222523,Weak_Bear,0
2017-07-17,957.578125,1197.7249755859375,1211.050048828125,1191.0999755859375,1198.8499755859375,2211822.0,-0.0008340945393332522,0.014360464825238077,0.5338565728383142,Weak_Bear,0
2017-07-18,962.7348022460938,1204.175048828125,1221.5,1198.074951171875,1198.074951171875,1908002.0,0.005385124316716894,0.014079425821525202,0.51877855032322,Weak_Bear,0
2017-07-19,979.224609375,1224.800048828125,1230.0,1207.550048828125,1207.75,3915576.0,0.01712808874306293,0.014567651077325997,0.5331435796432096,Weak_Bear,0
2017-07-20,977.265625,1222.3499755859375,1228.449951171875,1215.25,1224.625,1182504.0,-0.002000546510213197,0.014087440838777356,0.5489746009145561,Weak_Bear,0
2017-07-21,995.8541870117188,1245.5999755859375,1250.0,1217.2750244140625,1217.449951171875,2148416.0,0.019020992385482494,0.01458091804998966,0.5406558312377854,Weak_Bear,0
2017-07-24,1014.4940795898438,1265.3499755859375,1270.0,1241.0,1241.0,2271402.0,0.018717491798732278,0.014527923134471874,0.539456567252269,Weak_Bear,0
2017-07-25,1030.850341796875,1285.75,1290.0,1259.199951171875,1262.875,2678832.0,0.016122580245755636,0.014507460665894215,0.5238029367516189,Weak_Bear,0
2017-07-26,1024.63720703125,1278.0,1287.5,1273.5,1280.0,1459826.0,-0.006027193777512707,0.014709318400799441,0.5175758539053051,Weak_Bear,0
2017-07-27,994.8519287109376,1240.8499755859375,1292.4000244140625,1233.25,1271.0999755859375,4255304.0,-0.029069096960290253,0.01634493471365338,0.5274890781572367,Weak_Bear,0
2017-07-28,995.8942260742188,1242.1500244140625,1246.5250244140625,1221.0,1240.5,1382752.0,0.0010476909509857801,0.016208650697275312,0.51270359574586,Weak_Bear,0
2017-07-31,998.9005737304688,1245.9000244140625,1259.5,1231.5,1235.5,2019662.0,0.0030187419281473282,0.016202143664134024,0.5428263958244331,Weak_Bear,0
2017-08-01,1002.8491821289062,1250.824951171875,1260.375,1245.5,1250.0,1747460.0,0.003952954380325391,0.016150994748372213,0.5231624971115867,Weak_Bear,0
2017-08-02,991.6848754882812,1236.9000244140625,1254.0,1231.0,1250.0,1251024.0,-0.011132587870216648,0.01637841883747524,0.5374269734080223,Weak_Bear,0
2017-08-03,997.9585571289062,1244.7249755859375,1251.0,1233.2249755859375,1240.0,1882548.0,0.006326285492189276,0.01632775106058015,0.5518381770510773,Weak_Bear,0
2017-08-04,1011.32763671875,1261.4000244140625,1264.1500244140625,1244.0,1245.4000244140625,1387890.0,0.01339642763153015,0.016306333606648453,0.5552361357874467,Weak_Bear,0
2017-08-07,1003.5709838867188,1251.7249755859375,1260.0,1240.5999755859375,1258.25,1885520.0,-0.007669772436158961,0.013498260440510125,0.5714173254078684,Weak_Bear,0
2017-08-08,1003.4103393554688,1251.5250244140625,1264.300048828125,1248.1500244140625,1256.0,1073958.0,-0.00016007291345532249,0.013019860996729707,0.5586179947922412,Weak_Bear,0
2017-08-09,1006.9982299804688,1256.0,1261.425048828125,1246.6500244140625,1250.0,992946.0,0.003575696287228425,0.01250954046198527,0.5512875760163133,Weak_Bear,0
2017-08-10,1006.7778930664062,1255.7249755859375,1260.300048828125,1243.175048828125,1254.5,1526172.0,-0.00021880566172072236,0.012513283541055305,0.5584204514201255,Weak_Bear,0
2017-08-11,1000.6046142578124,1248.0250244140625,1267.5,1241.5,1249.949951171875,1394736.0,-0.006131718675100761,0.011608177712848899,0.5327757461316939,Weak_Bear,0
2017-08-14,989.9212036132812,1234.699951171875,1254.949951171875,1231.5,1251.5,786504.0,-0.01067695520518408,0.011948250915591414,0.5224583033034044,Weak_Bear,0
2017-08-16,999.1215209960938,1246.175048828125,1271.9000244140625,1232.5999755859375,1242.0,1373340.0,0.009293989611729447,0.012042777397434493,0.5187848356806534,Weak_Bear,0
2017-08-17,996.4349975585938,1242.824951171875,1252.5,1231.050048828125,1250.3499755859375,1752374.0,-0.0026888855670145206,0.011530480863168713,0.5730189010368716,Weak_Bear,0
2017-08-18,1007.7200317382812,1256.9000244140625,1274.949951171875,1235.699951171875,1237.0,2837356.0,0.011325409291461419,0.011735137560940252,0.6056839175254888,Normal_Market,1
2017-08-21,1013.7334594726562,1264.4000244140625,1274.5,1247.1500244140625,1252.75,2304834.0,0.005967359529414296,0.011058811327165512,0.6079742304300871,Normal_Market,1
2017-08-22,1001.2054443359376,1248.7750244140625,1269.75,1246.0,1261.5,1131326.0,-0.012358293020372169,0.01060460641423156,0.5881672809396709,Weak_Bear,0
2017-08-23,997.9585571289062,1244.7249755859375,1258.4000244140625,1236.574951171875,1252.5,1562272.0,-0.0032429779775966505,0.009854412621882708,0.5587716663607789,Weak_Bear,0
2017-08-24,1000.8248291015624,1248.300048828125,1258.9749755859375,1243.074951171875,1248.8499755859375,1623908.0,0.002872135272733445,0.00984364476373067,0.5758198909812174,Weak_Bear,0
2017-08-28,997.0965576171876,1243.6500244140625,1252.699951171875,1230.5,1252.300048828125,2036796.0,-0.00372519883196909,0.0073806503959949095,0.5615323915911458,Weak_Bear,0
2017-08-29,990.5023803710938,1235.425048828125,1248.0,1231.9749755859375,1241.0,1312602.0,-0.006613378810425674,0.007528310548055422,0.5331648190647612,Weak_Bear,0
2017-08-30,995.9943237304688,1242.2750244140625,1245.0,1230.050048828125,1240.5,970782.0,0.005544603898193001,0.007606713179656891,0.5395050180580983,Weak_Bear,0
2017-08-31,1000.7246704101562,1248.175048828125,1252.199951171875,1233.324951171875,1242.5,1784664.0,0.004749371122889645,0.007631192367834769,0.5368046003797846,Weak_Bear,0
2017-09-01,984.7298583984376,1228.2249755859375,1249.0250244140625,1218.2750244140625,1240.0,1702330.0,-0.015983229438286006,0.008065714449739424,0.5547608562533946,Weak_Bear,0
2017-09-04,984.629638671875,1228.0999755859375,1230.5,1219.0,1226.550048828125,1062544.0,-0.00010177382731713092,0.007913533309617448,0.5905084044361301,Weak_Bear,0
2017-09-05,995.913818359375,1242.175048828125,1245.0,1218.5250244140625,1230.0,1165994.0,0.011460329086498744,0.0077427606232904995,0.6171101707979632,Weak_Bear,0
2017-09-06,983.4268798828124,1226.5999755859375,1237.425048828125,1225.0,1234.074951171875,1228764.0,-0.012538171723666891,0.00804283016744825,0.6337800552921372,Weak_Bear,0
2017-09-07,986.1928100585938,1230.050048828125,1234.199951171875,1225.5250244140625,1229.0,870636.0,0.002812542785195049,0.008086179030268315,0.6093879466309947,Weak_Bear,0
2017-09-08,990.4019775390624,1235.300048828125,1237.0,1226.2750244140625,1226.875,1021134.0,0.004268097919126523,0.008107505956624147,0.5914372697113701,Weak_Bear,0
2017-09-11,983.9281005859376,1227.2249755859375,1241.4749755859375,1225.0,1235.5999755859375,732764.0,-0.006536615535856383,0.008206177929044817,0.59516156880447,Weak_Bear,0
2017-09-12,997.5579223632812,1244.2249755859375,1248.5,1228.5,1236.949951171875,1396460.0,0.013852457074075897,0.0087611025012603,0.5924563617105596,Weak_Bear,0
2017-09-13,997.8579711914062,1244.5999755859375,1265.824951171875,1237.5999755859375,1250.0,1278980.0,0.00030078336445282794,0.008401111845692259,0.6066169083550792,Weak_Bear,0
2017-09-14,996.95654296875,1243.4749755859375,1248.800048828125,1235.949951171875,1241.0,1081510.0,-0.0009033632527682967,0.0081404218172591,0.5965444549149528,Weak_Bear,0
2017-09-15,1004.6129150390624,1253.0250244140625,1258.5,1242.5,1249.5,2944072.0,0.007679745044365971,0.008294041477822867,0.5874372060186267,Weak_Bear,0
2017-09-18,1001.8067626953124,1249.5250244140625,1259.4749755859375,1244.625,1252.4749755859375,726600.0,-0.0027932672392937397,0.007910913533393724,0.6127376043167051,Weak_Bear,0
2017-09-19,1001.4863891601562,1249.125,1252.5,1245.75,1252.5,782754.0,-0.0003197957401427365,0.007773977511110703,0.6356006146181981,Normal_Market,1
2017-09-20,999.601806640625,1246.7750244140625,1257.0,1237.1500244140625,1257.0,1334642.0,-0.0018817854540306156,0.007275457139122467,0.6040774492137135,Weak_Bear,0
2017-09-21,1012.1697387695312,1262.449951171875,1270.5,1240.0,1245.5250244140625,2438740.0,0.012572938589560545,0.007754478911682209,0.5560892590667785,Weak_Bear,0
2017-09-22,1003.631103515625,1251.800048828125,1263.449951171875,1246.0,1259.949951171875,2435396.0,-0.008435971682265953,0.007998918360096578,0.5094427654147863,Weak_Bear,0
2017-09-25,1006.497314453125,1255.375,1267.0,1246.375,1248.2750244140625,1599558.0,0.0028558410829038205,0.007965522396990398,0.5226764602382041,Weak_Bear,0
2017-09-26,992.0257568359376,1237.324951171875,1263.199951171875,1233.0,1255.0,1449230.0,-0.014378138331199053,0.00850163265383366,0.5112743734968795,Weak_Bear,0
2017-09-27,1000.1837158203124,1247.5,1256.0999755859375,1236.875,1245.0,2010356.0,0.008223535455767372,0.008612128878610893,0.5098779788448418,Weak_Bear,0
2017-09-28,992.7472534179688,1238.2249755859375,1257.0,1226.0,1247.3499755859375,4332866.0,-0.0074350964574988465,0.008707172701893272,0.49541932038489744,Weak_Bear,0
2017-09-29,976.5113525390624,1217.9749755859375,1242.0,1210.75,1239.5,1985014.0,-0.016354516039210565,0.008742550573824335,0.48619514915474277,Weak_Bear,0
2017-10-03,981.5228271484376,1224.2249755859375,1227.1500244140625,1213.5250244140625,1220.0,1923006.0,0.005132018789484327,0.00882930010242853,0.48139069632479853,Weak_Bear,0
2017-10-04,979.057373046875,1221.1500244140625,1227.0,1212.5,1224.800048828125,1300778.0,-0.0025118662891675525,0.008407404011906216,0.4505966752241242,Weak_Bear,0
2017-10-05,973.9659423828124,1214.800048828125,1221.7249755859375,1212.199951171875,1220.5,1684686.0,-0.005200339432834045,0.008020293867675304,0.44026845749220994,Weak_Bear,0
2017-10-06,980.8010864257812,1223.324951171875,1227.5,1214.0250244140625,1215.0,1389188.0,0.007017847078150119,0.008164234221839477,0.474818037031757,Weak_Bear,0
2017-10-09,983.7876586914062,1227.050048828125,1233.9749755859375,1220.5250244140625,1220.5250244140625,1773616.0,0.0030450336025917846,0.00813319249901941,0.5065377329410682,Weak_Bear,0
2017-10-10,985.8524780273438,1229.625,1234.9749755859375,1225.625,1227.5,1222010.0,0.002098846552602618,0.008013209631232894,0.5575886889806303,Weak_Bear,0
2017-10-11,1002.3279418945312,1250.175048828125,1257.2249755859375,1228.375,1230.0,1527746.0,0.016711895779939034,0.008291637188404295,0.55670414665585,Weak_Bear,0
2017-10-12,1021.5101928710938,1274.0999755859375,1277.5,1253.5,1256.5,5006356.0,0.019137699524075513,0.009303297394917514,0.5357746654516091,Weak_Bear,0
2017-10-13,1025.67919921875,1279.300048828125,1304.4749755859375,1261.5,1274.0999755859375,4066320.0,0.0040812185495071596,0.009310379772187504,0.5233375026898374,Weak_Bear,0
2017-10-16,1036.021484375,1292.199951171875,1295.0,1277.5250244140625,1277.5250244140625,1218590.0,0.01008335273263583,0.009409841871909647,0.49884655884665763,Weak_Bear,0
2017-10-17,1040.0904541015625,1297.2750244140625,1307.4749755859375,1288.7750244140625,1292.5,1443016.0,0.003927495508471157,0.009365252008189339,0.5157714833283172,Weak_Bear,0
2017-10-18,1036.90380859375,1293.300048828125,1306.824951171875,1290.0,1297.5,1514144.0,-0.0030638157433769964,0.00941971068136245,0.5318424565960009,Weak_Bear,0
2017-10-19,1035.821044921875,1291.949951171875,1297.9000244140625,1285.5,1296.0,86822.0,-0.001044227692965527,0.009404417655682418,0.5178742995922552,Weak_Bear,0
2017-10-23,1037.4246826171875,1293.949951171875,1314.5,1273.7249755859375,1292.0,1886088.0,0.001548180260648735,0.009057882797902282,0.503421661422298,Weak_Bear,0
2017-10-24,1033.6162109375,1289.199951171875,1310.449951171875,1284.5250244140625,1310.0,1339020.0,-0.0036710825792958257,0.008849365714201656,0.5149394082038495,Weak_Bear,0
2017-10-25,1028.9940185546875,1279.949951171875,1307.0,1277.5,1289.25,1105106.0,-0.004471865218348414,0.008941928737815397,0.541113415028883,Weak_Bear,0
2017-10-26,1020.5325317382812,1269.425048828125,1284.574951171875,1258.949951171875,1267.550048828125,3007552.0,-0.008223067057562816,0.008473230220208771,0.5624139770471877,Weak_Bear,0
2017-10-27,1038.8018798828125,1292.1500244140625,1296.574951171875,1265.1500244140625,1269.0,1409270.0,0.01790177929302539,0.009131159994776752,0.5404175936126759,Weak_Bear,0
2017-10-30,1051.6243896484375,1308.0999755859375,1310.0,1290.8499755859375,1293.0,1137252.0,0.012343556566408509,0.009133928618984958,0.49713297272878376,Weak_Bear,0
2017-10-31,1054.7601318359375,1312.0,1320.0,1300.6500244140625,1300.6500244140625,1592634.0,0.002981808161132804,0.007929877313341016,0.4438743115619542,Weak_Bear,0
2017-11-01,1046.258544921875,1301.425048828125,1313.425048828125,1289.425048828125,1312.0,741882.0,-0.00806020881663816,0.00835832879847834,0.5042833640544936,Weak_Bear,0
2017-11-02,1055.6241455078125,1313.074951171875,1337.0,1303.375,1304.25,1468422.0,0.008951516459668962,0.008336763387614318,0.5335778816539066,Weak_Bear,0
2017-11-03,1053.1922607421875,1310.050048828125,1318.3499755859375,1301.4000244140625,1316.199951171875,666886.0,-0.0023037411335974367,0.008196061908591543,0.5240272555740895,Weak_Bear,0
2017-11-06,1071.4615478515625,1332.7750244140625,1335.9000244140625,1305.875,1310.0,1377000.0,0.01734658313620785,0.008708930183413736,0.5286553900541022,Weak_Bear,0
2017-11-07,1089.3486328125,1355.0250244140625,1384.0,1333.0250244140625,1335.0,2696892.0,0.016694098819321823,0.009116944700005673,0.5576810090302061,Weak_Bear,0
2017-11-08,1099.378173828125,1367.5,1379.5,1359.125,1361.5,1402252.0,0.00920691568660681,0.009130339924411333,0.6139895627285142,Normal_Market,1
2017-11-09,1099.940673828125,1368.199951171875,1375.0,1359.6500244140625,1375.0,1152432.0,0.0005116528719515401,0.008796171875087478,0.645334655860863,Normal_Market,1
2017-11-10,1088.826904296875,1354.375,1363.0,1346.675048828125,1361.0999755859375,1356566.0,-0.010103971782924215,0.008698698058801975,0.6490630804838482,Normal_Market,1
2017-11-13,1109.0052490234375,1379.4749755859375,1388.699951171875,1351.0250244140625,1351.0250244140625,1496996.0,0.018532187849998882,0.009348847899721558,0.6310892061695661,Normal_Market,1
2017-11-14,1091.1781005859375,1357.300048828125,1378.2750244140625,1353.75,1378.2750244140625,1657252.0,-0.01607489996390743,0.010234132878627317,0.6133324196034349,Weak_Bear,0
2017-11-15,1087.4395751953125,1352.6500244140625,1377.5,1350.675048828125,1353.0,6670834.0,-0.0034261367494614614,0.010317444091765167,0.6087669934883493,Weak_Bear,0
2017-11-16,1104.0609130859375,1373.324951171875,1381.5,1343.4749755859375,1355.0,1653482.0,0.01528483813699677,0.010628473630779438,0.6309058681516628,Normal_Market,1
2017-11-17,1088.2435302734375,1353.6500244140625,1374.050048828125,1351.800048828125,1374.050048828125,1325464.0,-0.014326549038213066,0.011301068825234928,0.6456006017146447,Normal_Market,1
2017-11-20,1086.6959228515625,1351.7249755859375,1363.449951171875,1347.6500244140625,1357.5,1014498.0,-0.001422114975943023,0.011334148309813321,0.6260303884641435,Normal_Market,1
2017-11-21,1074.43603515625,1336.4749755859375,1350.5,1333.0,1350.5,1527740.0,-0.011281801502615152,0.011670887695071016,0.6105770979170029,Weak_Bear,0
2017-11-22,1077.5311279296875,1340.324951171875,1354.8499755859375,1336.199951171875,1336.5,1822624.0,0.0028806673195649335,0.01157157538023264,0.6285454344993755,Normal_Market,1
2017-11-23,1077.7724609375,1340.625,1346.5,1334.5,1340.5,793470.0,0.00022396847901395844,0.01131589348782619,0.6642987140290038,Normal_Market,1
2017-11-24,1080.5059814453125,1344.0250244140625,1351.449951171875,1336.550048828125,1341.0,2287512.0,0.002536268653064999,0.0107432364161948,0.6947300743709837,Normal_Market,1
2017-11-27,1079.6214599609375,1342.925048828125,1347.949951171875,1331.0999755859375,1344.0,1856786.0,-0.0008186178508626796,0.010477720219497928,0.6781354516336341,Normal_Market,1
2017-11-28,1079.400146484375,1342.6500244140625,1351.199951171875,1335.0,1343.0,911716.0,-0.00020499173531662862,0.010476096011632723,0.6326700114000533,Normal_Market,1
2017-11-29,1068.4869384765625,1329.074951171875,1346.5,1325.0,1338.75,1447532.0,-0.010110437768011238,0.010581059027982988,0.6000644779279601,Weak_Bear,0
2017-11-30,1059.985107421875,1318.5,1333.4749755859375,1311.5,1326.824951171875,4299962.0,-0.007956888145782437,0.010596585753471957,0.5343924724630446,Weak_Bear,0
2017-12-01,1057.1514892578125,1314.9749755859375,1334.0,1310.75,1317.5,1031144.0,-0.00267326224134834,0.01060161088854304,0.5436051857792541,Weak_Bear,0
2017-12-04,1058.1162109375,1316.175048828125,1329.25,1301.4749755859375,1311.0,1259104.0,0.000912567110286977,0.009813607646203535,0.5407585397914925,Weak_Bear,0
2017-12-05,1059.4027099609375,1317.7750244140625,1325.8499755859375,1314.074951171875,1315.5,1167914.0,0.0012158390639320782,0.008952086430175893,0.526861520912001,Weak_Bear,0
2017-12-06,1058.49853515625,1316.6500244140625,1322.5,1306.425048828125,1318.0,1407518.0,-0.0008534760164251587,0.00860324091904099,0.556273831753895,Weak_Bear,0
2017-12-07,1052.04638671875,1308.625,1322.9749755859375,1307.5,1316.1500244140625,1326300.0,-0.0060955667137957414,0.008634269177388826,0.5711242341477918,Weak_Bear,0
2017-12-08,1045.7158203125,1300.75,1322.5,1298.5,1309.0,1385548.0,-0.006017383345609417,0.008484130726025859,0.5364138337447731,Weak_Bear,0
2017-12-11,1069.6729736328125,1330.550048828125,1336.324951171875,1304.175048828125,1304.175048828125,1008002.0,0.022909812450913503,0.009077029773611526,0.5045781317019374,Weak_Bear,0
2017-12-12,1049.99658203125,1306.074951171875,1331.0,1303.699951171875,1330.5,1882246.0,-0.018394773062964997,0.009282026692920824,0.48754915797123793,Weak_Bear,0
2017-12-13,1056.5284423828125,1314.199951171875,1325.7249755859375,1300.5,1305.699951171875,2961458.0,0.006220839632569586,0.009446697079217841,0.4721102118717362,Weak_Bear,0
2017-12-14,1028.1494140625,1278.9000244140625,1316.0,1265.550048828125,1316.0,5504150.0,-0.026860638277099835,0.010199927269112296,0.45647498447176943,Weak_Bear,0
2017-12-15,1023.245849609375,1272.800048828125,1292.2249755859375,1268.425048828125,1281.875,2718138.0,-0.004769311139078192,0.009885324408572302,0.4918855554118711,Weak_Bear,0
2017-12-18,1037.27490234375,1290.25,1294.4749755859375,1247.175048828125,1268.5,2180664.0,0.01371034413648542,0.010570106326209333,0.5249807198220867,Weak_Bear,0
2017-12-19,1035.1842041015625,1287.6500244140625,1298.9000244140625,1282.3499755859375,1288.0,1801952.0,-0.0020155681367239886,0.010355267395628826,0.5905940903736262,Weak_Bear,0
2017-12-20,1040.6710205078125,1294.4749755859375,1296.375,1275.324951171875,1291.0,1577570.0,0.005300328564240342,0.01042681723804613,0.6027055443149709,Weak_Bear,0
2017-12-21,1043.384521484375,1297.8499755859375,1304.0,1290.0250244140625,1293.5,1293648.0,0.0026074531942268386,0.010463366017472154,0.5969120887322604,Weak_Bear,0
2017-12-22,1063.90478515625,1323.375,1331.949951171875,1295.0999755859375,1302.0,3665664.0,0.019667019444261857,0.011469782015001435,0.5686223546322613,Weak_Bear,0
2017-12-26,1064.9901123046875,1324.7249755859375,1344.875,1315.800048828125,1343.0,2175786.0,0.0010201356019636787,0.011476244393199029,0.5710391867092065,Weak_Bear,0
2017-12-27,1053.11181640625,1309.949951171875,1329.25,1305.25,1324.7249755859375,739284.0,-0.011153433033037619,0.011714094677429116,0.5342386485378103,Weak_Bear,0
2017-12-28,1055.9454345703125,1313.4749755859375,1326.75,1302.824951171875,1304.4000244140625,2605088.0,0.0026907096852566426,0.011548248976682563,0.5004341164795394,Weak_Bear,0
2017-12-29,1085.7916259765625,1350.5999755859375,1354.449951171875,1309.2750244140625,1311.550048828125,2609542.0,0.028264899330139315,0.01306266509439875,0.46655674092799404,Weak_Bear,0
2018-01-01,1063.4425048828125,1322.800048828125,1347.4000244140625,1317.5,1341.1500244140625,1351760.0,-0.02058325056029897,0.013933150950830166,0.4974671107319937,Weak_Bear,0
2018-01-02,1057.6541748046875,1315.5999755859375,1334.800048828125,1310.0999755859375,1330.0,1920290.0,-0.005443011776892326,0.013992926011043558,0.5445851515651522,Weak_Bear,0
2018-01-03,1060.648681640625,1319.324951171875,1334.5,1315.5999755859375,1316.0,1257120.0,0.002831272175038091,0.014004539483792853,0.5296835988035791,Weak_Bear,0
2018-01-04,1068.0650634765625,1328.550048828125,1331.0,1320.0,1325.0,913082.0,0.006992307598464809,0.014084555239689331,0.5581489858487166,Weak_Bear,0
2018-01-05,1080.9677734375,1344.5999755859375,1349.75,1325.0,1325.0,1153706.0,0.012080453150427939,0.014219339641711879,0.5873367956299897,Normal_Market,1
2018-01-08,1091.0972900390625,1357.199951171875,1363.425048828125,1340.925048828125,1350.0,1242220.0,0.009370785004395144,0.014210171383223566,0.5892530444644278,Normal_Market,1
2018-01-09,1088.9268798828125,1354.5,1360.5,1338.2750244140625,1357.5,2149396.0,-0.001989199474752845,0.013368102042047891,0.6209672998865414,Normal_Market,1
2018-01-10,1128.1588134765625,1403.300048828125,1408.0,1347.324951171875,1355.5,3365850.0,0.03602806976164641,0.014690842894913589,0.6442438864970498,Normal_Market,1
2018-01-11,1121.6876220703125,1395.25,1410.949951171875,1391.0999755859375,1405.0,2520744.0,-0.0057360642215861235,0.014825470803942493,0.6115594435133009,Normal_Market,1
2018-01-12,1115.9993896484375,1388.175048828125,1402.5,1370.2750244140625,1402.5,3360314.0,-0.005071137730285558,0.013221705944295368,0.6434559004727869,Normal_Market,1
2018-01-15,1103.840087890625,1373.050048828125,1404.0,1367.5250244140625,1388.574951171875,1457214.0,-0.01089543764145151,0.013508054266371791,0.6807425088060128,Normal_Market,1
2018-01-16,1145.9459228515625,1425.425048828125,1430.824951171875,1375.2750244140625,1378.0,4267752.0,0.038144868466771564,0.015414089531390394,0.680782039266655,Normal_Market,1
2018-01-17,1161.260498046875,1444.4749755859375,1462.5,1431.074951171875,1435.0,4280806.0,0.013364134284106433,0.015423761210021418,0.6812460530954285,Normal_Market,1
2018-01-18,1173.0185546875,1459.0999755859375,1466.5,1434.0250244140625,1448.5,2209478.0,0.010125253257474043,0.015452015007064444,0.7039852533339293,Normal_Market,1
2018-01-19,1189.5390625,1479.6500244140625,1491.0,1451.824951171875,1465.2750244140625,1820000.0,0.014083756600850261,0.015527777054748346,0.7274497382513827,Normal_Market,1
2018-01-22,1255.6583251953125,1558.199951171875,1567.3499755859375,1461.0,1480.5,4367110.0,0.055583935643401805,0.018832874780484003,0.762788360071662,High_Volatility,2
2018-01-23,1249.8563232421875,1551.0,1571.175048828125,1545.0250244140625,1557.4749755859375,3239610.0,-0.00462068529050097,0.018992124716425775,0.7729773851824405,High_Volatility,2
2018-01-24,1279.108154296875,1587.300048828125,1629.5250244140625,1541.324951171875,1545.0,5621538.0,0.02340415495023218,0.01870825748859312,0.7414938829666616,High_Volatility,2
2018-01-25,1257.531494140625,1560.5250244140625,1589.9000244140625,1540.5,1587.5,3833844.0,-0.016868518962816492,0.019596797104920308,0.7419111955396758,High_Volatility,2
2018-01-29,1288.87890625,1599.425048828125,1612.5,1561.0,1565.699951171875,3141060.0,0.024927735214136604,0.01943727124047688,0.7217681653078579,High_Volatility,2
2018-01-30,1270.344482421875,1576.425048828125,1601.9000244140625,1571.8499755859375,1590.0,1574758.0,-0.014380267795716328,0.018988273589250006,0.7665352636598399,High_Volatility,2
2018-01-31,1254.0267333984375,1556.175048828125,1575.0,1549.300048828125,1568.5,3043214.0,-0.012845137086224145,0.01935517934946713,0.7871045450758599,High_Volatility,2
2018-02-01,1264.603271484375,1569.300048828125,1595.0,1544.4000244140625,1562.0,2400630.0,0.008434061096349144,0.019305846505884298,0.7586812024229799,High_Volatility,2
2018-02-02,1270.6669921875,1576.824951171875,1595.0,1551.7249755859375,1560.0,2456490.0,0.004794958893319601,0.01932415701320795,0.7788041667124188,High_Volatility,2
2018-02-05,1250.3397216796875,1551.5999755859375,1594.0,1538.425048828125,1555.0,2757742.0,-0.015997323163969512,0.02008560717250666,0.8205894715575853,High_Volatility,2
2018-02-06,1207.6505126953125,1498.625,1538.574951171875,1492.5,1505.0,2657306.0,-0.03414208814147479,0.022124620389292728,0.7784317503236534,High_Volatility,2
2018-02-07,1190.647216796875,1477.5250244140625,1515.5,1473.7249755859375,1513.5,2180324.0,-0.014079649467864996,0.022496811889963695,0.8030185004802676,High_Volatility,2
2018-02-08,1198.36328125,1487.0999755859375,1513.800048828125,1479.5,1489.875,2755004.0,0.006480563129255934,0.021268764329987422,0.7755700382832161,High_Volatility,2
2018-02-09,1197.355712890625,1485.8499755859375,1497.0,1448.324951171875,1475.0,2102458.0,-0.0008407870761226732,0.021188100887221097,0.7151968762335932,High_Volatility,2
2018-02-12,1195.5831298828125,1483.6500244140625,1511.675048828125,1477.7750244140625,1489.1500244140625,1974562.0,-0.001480414707784039,0.02112695335104279,0.6837337398993144,High_Volatility,2
2018-02-14,1173.220947265625,1455.9000244140625,1487.2249755859375,1446.25,1485.0,2847532.0,-0.018703996450150084,0.02147930278494886,0.6900016843788956,High_Volatility,2
2018-02-15,1178.882080078125,1462.925048828125,1471.5,1452.550048828125,1465.9749755859375,2465236.0,0.004825291285238453,0.01986328246607125,0.6937409469471282,High_Volatility,2
2018-02-16,1181.782958984375,1466.5250244140625,1499.800048828125,1461.5,1461.5,2515756.0,0.0024607031994732242,0.01967221173535033,0.6743249103824966,High_Volatility,2
2018-02-19,1177.9752197265625,1461.800048828125,1476.6500244140625,1447.5999755859375,1472.5,1568224.0,-0.003222029247303526,0.01957458141003401,0.6853323461840629,High_Volatility,2
2018-02-20,1186.496826171875,1472.375,1492.5250244140625,1463.949951171875,1464.0,1889068.0,0.007234113504773543,0.01938136288573979,0.713130566466815,High_Volatility,2
2018-02-21,1225.8021240234375,1521.1500244140625,1531.300048828125,1480.0250244140625,1487.0,3089228.0,0.03312718330513986,0.016418690612080965,0.6987590740722182,Normal_Market,1
2018-02-22,1228.98486328125,1525.0999755859375,1539.5,1511.25,1526.0,3463010.0,0.002596454350532351,0.01641596188353035,0.7068157391952938,Normal_Market,1
2018-02-23,1239.300048828125,1537.9000244140625,1544.5,1496.050048828125,1525.0,3362500.0,0.00839325678864311,0.015576956964491798,0.6928272377761286,Normal_Market,1
2018-02-26,1221.5313720703125,1515.8499755859375,1544.9749755859375,1510.5999755859375,1537.5,1363882.0,-0.014337671312620759,0.015455034296993523,0.664846073765586,Normal_Market,1
2018-02-27,1225.8218994140625,1521.175048828125,1539.2750244140625,1516.0,1520.5,1717800.0,0.003512416825184106,0.014233062205874501,0.6280229786893305,Normal_Market,1
2018-02-28,1222.8807373046875,1517.5250244140625,1531.9749755859375,1510.7249755859375,1517.5,2706864.0,-0.002399338852390298,0.013952025500979136,0.6591551141101729,Normal_Market,1
2018-03-01,1223.948486328125,1518.8499755859375,1530.5999755859375,1510.0,1524.5,1718124.0,0.0008731424012704547,0.013716149227745736,0.6742799537779669,Normal_Market,1
2018-03-05,1251.4075927734375,1552.925048828125,1556.824951171875,1516.4749755859375,1524.5,2858168.0,0.022434854695307038,0.01456089183408706,0.66212992592695,Normal_Market,1
2018-03-06,1226.0037841796875,1521.4000244140625,1563.5,1515.074951171875,1561.0,1906764.0,-0.02030018735738104,0.015156608797139084,0.6531018546715285,Normal_Market,1
2018-03-07,1219.8184814453125,1513.7249755859375,1544.5,1509.25,1535.0,1917772.0,-0.00504509269399489,0.0148058234892493,0.6398684838692508,Normal_Market,1
2018-03-08,1210.3502197265625,1501.9749755859375,1527.449951171875,1493.75,1527.449951171875,1951826.0,-0.007762025139618656,0.012741274009250089,0.5866572728364827,Weak_Bear,0
2018-03-09,1222.498046875,1517.050048828125,1531.5999755859375,1488.5999755859375,1502.5,1872436.0,0.010036621591378747,0.01245791787003231,0.5809611980347068,Weak_Bear,0
2018-03-12,1229.770751953125,1526.074951171875,1541.949951171875,1517.75,1521.5,2091340.0,0.005949052513184672,0.012447058523317216,0.5557620362230539,Weak_Bear,0
2018-03-13,1163.1478271484375,1443.4000244140625,1469.8499755859375,1436.0,1462.449951171875,88067154.0,-0.05417507669529198,0.017594165117706957,0.484623124727902,Weak_Bear,0
2018-03-14,1163.188232421875,1443.449951171875,1461.5250244140625,1437.5250244140625,1446.4749755859375,3668668.0,3.473786606855711e-05,0.017596605315680643,0.45803136896268515,Weak_Bear,0
2018-03-15,1156.2578125,1434.8499755859375,1451.2750244140625,1427.800048828125,1447.5,2348906.0,-0.0059581241700195076,0.01715546994013141,0.4987695144591374,Weak_Bear,0
2018-03-16,1138.5294189453125,1412.8499755859375,1436.0,1402.5,1434.4000244140625,7197482.0,-0.015332561097560204,0.017411054273339024,0.5032688319498605,Weak_Bear,0
2018-03-19,1140.6651611328125,1415.5,1424.0,1410.0,1414.5,3489940.0,0.0018758779105405576,0.017404375986480116,0.5220219709337982,Weak_Bear,0
2018-03-20,1154.303955078125,1432.425048828125,1436.5999755859375,1409.5,1410.0,4024984.0,0.01195687780256871,0.01766005999659243,0.545206713913074,Weak_Bear,0
2018-03-21,1151.0401611328125,1428.375,1442.1500244140625,1425.0,1436.25,3907678.0,-0.0028274995775194878,0.01756025000776557,0.5840123607012458,Normal_Market,1
2018-03-22,1140.8060302734375,1415.675048828125,1437.9749755859375,1411.2750244140625,1429.9749755859375,2326094.0,-0.00889120224033102,0.015622761887759323,0.5669231697784832,Weak_Bear,0
2018-03-23,1135.487548828125,1409.074951171875,1417.050048828125,1399.0250244140625,1401.0,3654122.0,-0.004662038334455221,0.015558637715884588,0.6017857874439089,Normal_Market,1
2018-03-26,1135.0240478515625,1408.5,1413.699951171875,1390.7750244140625,1409.5,2964210.0,-0.00040819556061255646,0.015317274904955961,0.618411689655614,Normal_Market,1
2018-03-27,1147.394287109375,1423.8499755859375,1431.5,1411.5250244140625,1412.5,2494574.0,0.010898658298233999,0.015482944864132805,0.616896826423245,Normal_Market,1
2018-03-28,1147.978271484375,1424.574951171875,1437.5,1412.5,1417.949951171875,6865654.0,0.0005089657335415332,0.015430836330876361,0.6517334066434393,Normal_Market,1
2018-04-02,1172.354736328125,1454.824951171875,1457.0,1420.0,1420.0,1662988.0,0.02123425630019149,0.016368550849665816,0.6974714835306943,Normal_Market,1
2018-04-03,1172.999267578125,1455.625,1464.949951171875,1446.050048828125,1446.050048828125,1937290.0,0.0005497749358855941,0.016365745870334313,0.7163073184077993,Normal_Market,1
2018-04-04,1172.858642578125,1455.449951171875,1467.0,1446.0,1464.7249755859375,2841820.0,-0.00011988498534221126,0.01533866361217653,0.699508951810977,Normal_Market,1
2018-04-05,1191.81591796875,1478.9749755859375,1481.875,1460.175048828125,1463.2750244140625,1809424.0,0.016163307923411807,0.015356398256367223,0.7073391237896228,Normal_Market,1
2018-04-06,1188.7335205078125,1475.1500244140625,1480.0,1463.2750244140625,1477.0,1129018.0,-0.0025863033161958038,0.015334653663749215,0.7196981969795617,Normal_Market,1
2018-04-09,1178.0960693359375,1461.949951171875,1481.75,1457.5,1469.8499755859375,1235866.0,-0.00894855826672647,0.015363743406790165,0.6505059077470497,Normal_Market,1
2018-04-10,1183.6165771484375,1468.800048828125,1478.625,1462.8499755859375,1462.8499755859375,1184532.0,0.004685957245924577,0.015202880122124934,0.6652645998637436,Normal_Market,1
2018-04-11,1214.4598388671875,1507.074951171875,1512.5,1472.800048828125,1475.300048828125,3124416.0,0.02605849082737377,0.01634382355297259,0.6611621991459963,Normal_Market,1
2018-04-12,1264.865234375,1569.625,1575.0,1503.9749755859375,1505.0,6114360.0,0.04150437412144403,0.013573128910655798,0.5916593052904483,Normal_Market,1
2018-04-13,1270.526123046875,1576.6500244140625,1620.4000244140625,1566.050048828125,1575.0,8179118.0,0.0044754875998092025,0.0135361813262645,0.6135751503600114,Normal_Market,1
2018-04-16,1284.3658447265625,1593.824951171875,1599.9749755859375,1555.375,1558.0,6270274.0,0.010892906039978278,0.013373846317652191,0.6263167816575209,Normal_Market,1
2018-04-17,1275.8848876953125,1583.300048828125,1597.4749755859375,1573.5999755859375,1593.824951171875,3301724.0,-0.006603225292911463,0.012793114290514006,0.6252713856421421,Normal_Market,1
2018-04-18,1272.863037109375,1579.550048828125,1596.7249755859375,1572.925048828125,1583.0,2433066.0,-0.0023684351269306347,0.012896210948016143,0.6334303322540702,Normal_Market,1
2018-04-19,1285.7767333984375,1595.574951171875,1608.5999755859375,1582.875,1589.949951171875,4820952.0,0.010145393426137295,0.012855331521021675,0.6385146841890762,Normal_Market,1
2018-04-20,1370.9134521484375,1701.2249755859375,1711.175048828125,1620.0,1625.0,18465662.0,0.06621423186354836,0.018525260061669276,0.723396982561291,High_Volatility,2
2018-04-23,1373.4112548828125,1704.324951171875,1778.949951171875,1694.7750244140625,1712.0,15185910.0,0.001821998850810358,0.018133359074749705,0.6965483431750897,High_Volatility,2
2018-04-24,1364.14453125,1692.824951171875,1721.574951171875,1671.25,1705.0,8314336.0,-0.00674723146462286,0.018224671135800452,0.7435963879415406,High_Volatility,2
2018-04-25,1398.2310791015625,1735.125,1741.5,1682.5250244140625,1692.5,8196574.0,0.024987490013487212,0.01839157580613323,0.779529317030197,High_Volatility,2
2018-04-26,1426.0328369140625,1769.625,1780.0,1733.5,1733.5,12135034.0,0.01988352156380624,0.018507636563546138,0.7684265272354699,High_Volatility,2
2018-04-27,1390.858154296875,1725.9749755859375,1772.0,1710.0,1762.5,4501330.0,-0.024666109858525798,0.020056304902369055,0.7497596740582795,High_Volatility,2
2018-04-30,1423.15185546875,1766.050048828125,1774.5,1718.800048828125,1725.9749755859375,3458558.0,0.023218543941456504,0.020120499645511235,0.7446124232321054,High_Volatility,2
2018-05-02,1410.117431640625,1749.875,1766.0999755859375,1735.6500244140625,1765.25,3158046.0,-0.009158842591560079,0.020472704402375506,0.7329699996498925,High_Volatility,2
2018-05-03,1402.9053955078125,1740.925048828125,1763.0,1735.199951171875,1754.9000244140625,3761550.0,-0.005114493283315813,0.020625382907084187,0.7197430353305281,High_Volatility,2
2018-05-04,1402.4622802734375,1740.375,1748.5,1735.0,1746.0,2347244.0,-0.0003158553925259877,0.020661398680728107,0.7266313085173252,High_Volatility,2
2018-05-07,1378.3673095703125,1710.4749755859375,1745.0,1705.449951171875,1745.0,3484426.0,-0.017180476824251723,0.02131601961431396,0.7578236773382173,High_Volatility,2
2018-05-08,1386.526611328125,1720.5999755859375,1743.25,1698.3499755859375,1717.3499755859375,2992820.0,0.005919540967897818,0.020963414120541084,0.7280392261958691,High_Volatility,2
2018-05-09,1405.9071044921875,1744.6500244140625,1747.375,1720.0999755859375,1720.0999755859375,2615050.0,0.013977728956459323,0.020980131167855385,0.7373587558568427,High_Volatility,2
2018-05-10,1390.5758056640625,1725.625,1755.574951171875,1720.0999755859375,1751.4749755859375,3858678.0,-0.010904915964318085,0.021012225628852514,0.7275587682263578,High_Volatility,2
2018-05-11,1392.8724365234375,1728.4749755859375,1742.5,1721.25,1727.0999755859375,2627876.0,0.0016515682568476464,0.019395234452754796,0.6929329390258838,High_Volatility,2
2018-05-14,1383.4439697265625,1716.7750244140625,1735.5,1705.4000244140625,1728.5,2433894.0,-0.006769081324064508,0.019573594289023718,0.695650377397546,High_Volatility,2
2018-05-15,1403.12646484375,1741.199951171875,1747.9000244140625,1716.8499755859375,1725.0,1952890.0,0.014227171860872412,0.01964547765187669,0.6833252762934953,High_Volatility,2
2018-05-16,1407.7603759765625,1746.949951171875,1754.5,1737.625,1739.9749755859375,1648450.0,0.003302561279341587,0.019471976418655095,0.6980656217439833,High_Volatility,2
2018-05-17,1406.9144287109375,1745.9000244140625,1766.574951171875,1738.0,1756.4749755859375,2968048.0,-0.0006009170879228698,0.019440251517020352,0.684590362146207,High_Volatility,2
2018-05-18,1411.044189453125,1751.0250244140625,1758.8499755859375,1729.0,1740.4000244140625,1874996.0,0.0029353318566582853,0.01941044044195273,0.7030893869221021,High_Volatility,2
2018-05-21,1433.0838623046875,1778.375,1796.0,1759.0250244140625,1764.3499755859375,3446178.0,0.0156194065475046,0.013336432118388253,0.7216190833095085,Normal_Market,1
2018-05-22,1413.803955078125,1754.449951171875,1787.4749755859375,1746.8499755859375,1779.0,1857416.0,-0.013453439630222719,0.013795033889984909,0.6863643117837653,Normal_Market,1
2018-05-23,1408.244140625,1747.550048828125,1772.5,1740.5,1762.5,1507298.0,-0.003932521502118536,0.01372018712411808,0.6839864942118683,Normal_Market,1
2018-05-24,1452.0008544921875,1801.8499755859373,1807.5,1751.175048828125,1755.0,2962316.0,0.03107182384424312,0.01431855710501911,0.675607016599229,Normal_Market,1
2018-05-25,1444.7889404296875,1792.9000244140625,1837.4000244140625,1786.2750244140625,1812.5,3769772.0,-0.004966880040178978,0.013750638490502199,0.650685153762546,Normal_Market,1
2018-05-28,1411.044189453125,1751.0250244140625,1808.25,1743.0,1808.25,3716798.0,-0.023356180291999373,0.013625793905095726,0.6571776385892916,Normal_Market,1
2018-05-29,1419.686767578125,1761.75,1772.0,1744.0,1764.949951171875,3525312.0,0.006124952137997575,0.012647088508202358,0.6438833658518209,Normal_Market,1
2018-05-30,1415.899169921875,1757.050048828125,1766.5,1741.25,1754.5250244140625,3779106.0,-0.002667910797472195,0.012483155591606721,0.6433399462095081,Normal_Market,1
2018-05-31,1414.6807861328125,1741.050048828125,1759.050048828125,1726.0999755859375,1734.0,5049371.0,-0.0008605018033379652,0.012422525219185876,0.6381209551481524,Normal_Market,1
2018-06-01,1407.6927490234375,1732.449951171875,1757.5,1716.300048828125,1754.0,1603856.0,-0.004939656477895293,0.012481220020082331,0.6335509887059995,Normal_Market,1
2018-06-04,1417.28076171875,1744.25,1749.0,1712.5999755859375,1745.0,1681483.0,0.006811154424119836,0.011853956552492037,0.6342558556264564,Normal_Market,1
2018-06-05,1398.8768310546875,1721.5999755859375,1751.9000244140625,1711.1500244140625,1744.0,2449568.0,-0.012985380992361684,0.012227451438477172,0.6114807105507419,Normal_Market,1
2018-06-06,1402.2486572265625,1725.75,1734.9000244140625,1715.199951171875,1723.0,2236512.0,0.0024103810264215486,0.01182401632915979,0.5876138648855954,Weak_Bear,0
2018-06-07,1410.21142578125,1735.550048828125,1749.0,1723.800048828125,1725.0,2414762.0,0.005678570996414223,0.011603189158161005,0.591267966260371,Weak_Bear,0
2018-06-08,1419.5963134765625,1747.0999755859375,1757.300048828125,1735.0,1735.0,2582138.0,0.006654950827754913,0.011677011994983097,0.5940330100618215,Weak_Bear,0
2018-06-11,1421.7091064453125,1749.699951171875,1763.0,1743.0,1747.0999755859375,2179378.0,0.0014883054771928084,0.011532378403245766,0.609816405063973,Normal_Market,1
2018-06-12,1447.1416015625,1781.0,1785.0,1753.0,1757.0,4608875.0,0.01788867708723907,0.011772813446750484,0.5372714783058651,Weak_Bear,0
2018-06-13,1482.16259765625,1824.0999755859373,1831.6500244140625,1798.0,1816.0,5370983.0,0.024200117014076206,0.01281230767291188,0.559420724574516,Weak_Bear,0
2018-06-14,1452.4635009765625,1787.550048828125,1832.300048828125,1784.0,1830.0,3819998.0,-0.020037677867901116,0.013773460373007803,0.569580069755713,Weak_Bear,0
2018-06-15,1495.122314453125,1840.050048828125,1847.0999755859373,1788.5999755859375,1800.0,9183574.0,0.029369972772383512,0.015103945872315092,0.5984111809781707,Normal_Market,1
2018-06-18,1486.143798828125,1829.0,1867.949951171875,1822.1500244140625,1867.949951171875,4674987.0,-0.0060052047502776595,0.014926439029656059,0.6501774459850286,Normal_Market,1
2018-06-19,1482.4874267578125,1824.5,1839.0,1821.0,1822.1500244140625,3245034.0,-0.002460308398955502,0.014527419132845717,0.6423241937287096,Normal_Market,1
2018-06-20,1480.8216552734375,1822.449951171875,1836.300048828125,1818.5999755859373,1832.0,3107695.0,-0.0011236327906118948,0.014475706146985167,0.6337281844591875,Normal_Market,1
2018-06-21,1478.302490234375,1819.3499755859373,1832.0,1817.5999755859373,1832.0,2910659.0,-0.001701194083765123,0.012848296957830527,0.642573099009384,Normal_Market,1
2018-06-22,1470.543212890625,1809.800048828125,1827.0,1799.550048828125,1827.0,2949458.0,-0.00524877512891142,0.01285531235794817,0.679181928207422,Normal_Market,1
2018-06-25,1478.2215576171875,1819.25,1822.3499755859373,1806.0,1811.9000244140625,2083217.0,0.0052214342694965055,0.011529949705407456,0.7219010626071727,Normal_Market,1
2018-06-26,1504.83251953125,1852.0,1861.0,1821.0,1823.0,4679712.0,0.01800201179379224,0.012027523651513331,0.699400630551788,Normal_Market,1
2018-06-27,1509.7076416015625,1858.0,1885.1500244140625,1851.25,1860.0,4081208.0,0.0032396442840236794,0.011953709881599401,0.6986472613829093,Normal_Market,1
2018-06-28,1497.2757568359375,1842.699951171875,1871.0,1826.300048828125,1865.0,4888125.0,-0.00823463061526053,0.012199349901537723,0.7415588156694805,Normal_Market,1
2018-06-29,1501.37890625,1847.75,1867.4000244140625,1842.300048828125,1844.9000244140625,3506276.0,0.002740409971462743,0.012059281243976996,0.7616111897262109,Normal_Market,1
2018-07-02,1504.303955078125,1851.3499755859373,1857.800048828125,1841.0999755859373,1852.0,2650290.0,0.001948241590413069,0.012033661844128615,0.7707341665693718,Normal_Market,1
2018-07-03,1522.749267578125,1874.050048828125,1879.9000244140625,1857.050048828125,1859.949951171875,3242233.0,0.012261692484244024,0.011578352108712223,0.7926574204141729,Normal_Market,1
2018-07-04,1516.32958984375,1866.1500244140625,1879.9000244140625,1857.1500244140625,1879.9000244140625,2700614.0,-0.004215846870565421,0.011729527059917082,0.7797523014122655,Normal_Market,1
2018-07-05,1527.8272705078125,1880.300048828125,1887.5,1862.0999755859373,1873.0,2472571.0,0.007582573565188655,0.011751715925677576,0.7928490674796269,Normal_Market,1
2018-07-06,1554.35693359375,1912.949951171875,1921.0,1881.6500244140625,1882.8499755859373,3713781.0,0.017364307862576478,0.012113700328793093,0.7958676478629775,Normal_Market,1
2018-07-09,1530.0213623046875,1883.0,1924.4000244140625,1876.5,1924.0,6151747.0,-0.015656359722214797,0.012925930118161857,0.8424528776236331,Normal_Market,1
2018-07-10,1523.602294921875,1875.0999755859373,1898.9000244140625,1870.75,1898.0,5303302.0,-0.004195410300117275,0.012594181744917804,0.8148608488964248,Normal_Market,1
2018-07-11,1608.7567138671875,1979.9000244140625,1998.0,1894.1500244140625,1900.0,22903802.0,0.055890188160735876,0.016754243999595294,0.8203282524730144,Normal_Market,1
2018-07-12,1601.8095703125,1971.3499755859373,1990.9000244140625,1960.5,1984.0,6921701.0,-0.004318330730062825,0.015902607689003694,0.8487177102387221,Normal_Market,1
2018-07-13,1609.73193359375,1981.0999755859373,1997.9000244140625,1974.0,1975.0,4148185.0,0.004945883348483449,0.014836604209256544,0.8537388016532191,Normal_Market,1
2018-07-16,1616.3133544921875,1989.199951171875,1996.0,1977.449951171875,1990.0,2582159.0,0.00408851980947178,0.014656023849813299,0.8363619440139447,Normal_Market,1
2018-07-17,1630.114013671875,2002.1500244140625,2009.0,1981.0,1989.0,3315492.0,0.008538356217457244,0.014594973154653352,0.829540702057232,Normal_Market,1
2018-07-18,1628.5667724609375,2000.25,2011.699951171875,1993.050048828125,2005.0,2013869.0,-0.0009491613457467407,0.01459126233810187,0.8266496196837868,Normal_Market,1
2018-07-19,1613.2196044921875,1981.4000244140625,2010.449951171875,1970.0,2002.0999755859373,1746318.0,-0.009423726572511892,0.014873621064266214,0.854052565470426,Normal_Market,1
2018-07-20,1625.5953369140625,1996.5999755859373,2000.0,1984.0,1984.9000244140625,1934995.0,0.007671449310071354,0.014708539697857244,0.8462354039581138,Normal_Market,1
2018-07-23,1632.963623046875,2005.6500244140625,2009.949951171875,1986.0,2001.0,2086201.0,0.004532669333808581,0.014709108497214369,0.9120482351758965,Normal_Market,1
2018-07-24,1627.5491943359375,1999.0,2015.0,1984.1500244140625,2015.0,2038423.0,-0.0033157068746179075,0.014495080460883636,0.8873953967170057,Normal_Market,1
2018-07-25,1613.301025390625,1981.5,2002.0,1968.4000244140625,2001.9000244140625,1535492.0,-0.008754370678869638,0.014774687144262324,0.8772089455997173,Normal_Market,1
2018-07-26,1599.623046875,1964.699951171875,1985.0,1955.0999755859373,1974.949951171875,3503036.0,-0.008478255638815546,0.014784903010002846,0.927643777019776,Normal_Market,1
2018-07-27,1582.565673828125,1943.75,1964.6500244140625,1940.300048828125,1960.8499755859373,2033977.0,-0.010663370398543592,0.01511704977962658,0.8709598811502133,Normal_Market,1
2018-07-30,1583.25732421875,1944.5999755859373,1954.699951171875,1931.550048828125,1943.0,1579251.0,0.00043704372087893795,0.015125004198631256,0.8389202308848644,Normal_Market,1
2018-07-31,1579.6756591796875,1940.199951171875,1947.0,1928.0,1942.0,2204803.0,-0.0022622128344360615,0.014988143080610986,0.8290795226893938,Normal_Market,1
2018-08-01,1609.2301025390625,1976.5,1981.550048828125,1949.800048828125,1949.949951171875,2425180.0,0.01870918450102743,0.015364408047349494,0.8472156342686902,Normal_Market,1
2018-08-02,1586.3515625,1948.4000244140625,1985.0,1945.0,1980.0,1509287.0,-0.014217071879878751,0.015795906003929914,0.9094847307667148,Normal_Market,1
2018-08-03,1611.6318359375,1979.449951171875,1982.050048828125,1956.5,1956.5,1505131.0,0.015936110276627335,0.015725851090550497,0.9033638012559164,Normal_Market,1
2018-08-06,1608.456787109375,1975.550048828125,1998.949951171875,1972.25,1997.0,1532249.0,-0.0019700832146183345,0.01520980656383346,0.9616171521058344,Normal_Market,1
2018-08-07,1601.780517578125,1967.3499755859373,1979.1500244140625,1960.5,1978.199951171875,1353521.0,-0.004150729808071629,0.015208757603898013,0.9575667891919917,Normal_Market,1
2018-08-08,1607.1944580078125,1974.0,1978.300048828125,1962.0,1972.0,1315062.0,0.0033799514791659213,0.008642037842697197,0.9404127699575949,Normal_Market,1
2018-08-09,1607.4794921875,1974.3499755859373,1980.800048828125,1966.0,1980.0,2060297.0,0.00017734890651666113,0.008582427206631018,0.955295427933305,Normal_Market,1
2018-08-10,1622.74560546875,1993.0999755859373,1996.5,1972.050048828125,1980.949951171875,2784105.0,0.00949692568735383,0.00877277904656494,0.916045308015097,Normal_Market,1
2018-08-13,1628.485595703125,2000.1500244140625,2004.25,1990.0,1997.800048828125,3559575.0,0.003537208922354207,0.008761567561396112,0.8864195821618784,Normal_Market,1
2018-08-14,1631.25390625,2003.550048828125,2024.5999755859373,1982.4000244140625,1992.0,3311765.0,0.0016999294032316037,0.00855881625175209,0.9020593737697554,Normal_Market,1
2018-08-16,1635.2841796875,2008.5,2020.050048828125,1995.0,2000.300048828125,2152065.0,0.002470659792481289,0.008571542403686919,0.9249597211709673,Normal_Market,1
2018-08-17,1638.744140625,2012.75,2021.9000244140625,2004.0,2013.8499755859373,1213731.0,0.0021158163091636872,0.00826983586605299,0.9150486761942666,Normal_Market,1
2018-08-20,1636.4644775390625,2009.949951171875,2024.0,2003.699951171875,2024.0,1587032.0,-0.0013911037296329143,0.00812148093179885,0.9098311214738357,Normal_Market,1
2018-08-21,1642.7337646484375,2017.6500244140625,2024.0,2004.0,2010.1500244140625,1376866.0,0.0038309949255987963,0.008104024108041952,0.9096132336763146,Normal_Market,1
2018-08-23,1656.9412841796875,2035.0999755859373,2038.0,2020.300048828125,2022.800048828125,3046791.0,0.008648704882674885,0.008260862955482312,0.8820226696351257,Normal_Market,1
2018-08-24,1663.373046875,2043.0,2046.0,2031.0,2035.0999755859373,1570533.0,0.003881708275798479,0.007959096396361888,0.8581609109583257,Normal_Market,1
2018-08-27,1669.8050537109375,2050.89990234375,2059.0,2035.0,2043.0,1532702.0,0.0038668456531874007,0.00761074674460811,0.8689881406570548,Normal_Market,1
2018-08-28,1684.7047119140625,2069.199951171875,2072.0,2052.0,2055.0,1987983.0,0.008922992639178062,0.007115623663851274,0.8722319165756337,Normal_Market,1
2018-08-29,1686.984375,2072.0,2076.60009765625,2045.5999755859373,2072.5,1525867.0,0.0013531529114960694,0.007100131405186772,0.8523219512791548,Normal_Market,1
2018-08-30,1695.4520263671875,2082.39990234375,2085.0,2065.5,2068.0,2408020.0,0.00501940118276889,0.006991055765338647,0.8386204472307771,Normal_Market,1
2018-08-31,1692.19482421875,2078.39990234375,2092.0,2074.0,2082.300048828125,2504554.0,-0.0019211408508069683,0.006104917259149294,0.8149478966069724,Normal_Market,1
2018-09-03,1671.433349609375,2052.89990234375,2090.0,2048.39990234375,2084.800048828125,1439711.0,-0.012268962363101488,0.005833065116173906,0.7923019553130409,Normal_Market,1
2018-09-04,1708.885986328125,2098.89990234375,2104.75,2056.949951171875,2059.800048828125,4420803.0,0.022407496372800484,0.006721716774092886,0.8015283921908883,Normal_Market,1
2018-09-05,1692.8873291015625,2079.25,2107.25,2075.050048828125,2100.0,1681106.0,-0.009362038985958776,0.007193470236298552,0.8307324653181779,Normal_Market,1
2018-09-06,1689.6710205078125,2075.300048828125,2081.5,2060.300048828125,2075.0,2238097.0,-0.0018998952490576482,0.0070995247086284895,0.8382961745516191,Normal_Market,1
2018-09-07,1693.3758544921875,2079.85009765625,2084.0,2065.39990234375,2079.300048828125,1312182.0,0.0021926362820980927,0.007098488836263103,0.8189789990899876,Normal_Market,1
2018-09-10,1694.1083984375,2080.75,2093.39990234375,2074.25,2084.39990234375,1530539.0,0.00043259382928440004,0.007094058335439294,0.8319410373926222,Normal_Market,1
2018-09-11,1666.0194091796875,2046.25,2089.0,2042.199951171875,2089.0,3679745.0,-0.01658039667574951,0.008095490970976725,0.7541205188591433,Normal_Market,1
2018-09-12,1664.146484375,2043.949951171875,2068.89990234375,2040.0,2052.35009765625,2307661.0,-0.0011241914676189957,0.008096242098384901,0.7268046710464909,Normal_Market,1
2018-09-14,1681.61083984375,2065.39990234375,2071.550048828125,2018.1500244140625,2044.0,3642038.0,0.010494482085998014,0.008364093491553598,0.7322342322871201,Normal_Market,1
2018-09-17,1688.735107421875,2074.14990234375,2077.800048828125,2054.550048828125,2070.0,1033857.0,0.004236573295868462,0.008383572369340701,0.7135732330910328,Normal_Market,1
2018-09-18,1685.966552734375,2070.75,2078.800048828125,2057.60009765625,2073.0,1456507.0,-0.0016394250793581033,0.008414415790269476,0.7011200552050746,Normal_Market,1
2018-09-19,1691.787841796875,2077.89990234375,2089.0,2066.85009765625,2071.89990234375,1301268.0,0.003452790361148539,0.00839787866647823,0.7208751838757033,Normal_Market,1
2018-09-21,1712.346435546875,2103.14990234375,2121.0,2050.14990234375,2077.0,4508530.0,0.01215199284572499,0.00870949376203049,0.7414035748822629,Normal_Market,1
2018-09-24,1789.9376220703125,2198.449951171875,2210.5,2098.14990234375,2115.0,3032226.0,0.04531278537608374,0.01297269221629728,0.7870733760113551,Normal_Market,1
2018-09-25,1777.52099609375,2183.199951171875,2211.89990234375,2153.800048828125,2204.89990234375,2868778.0,-0.0069369042940171655,0.013199114098977227,0.7504929630435073,Normal_Market,1
2018-09-26,1744.0989990234375,2142.14990234375,2199.0,2135.10009765625,2187.0,1970951.0,-0.018802589192341568,0.014100034816992773,0.7890205562398135,Normal_Market,1
2018-09-27,1782.1217041015625,2188.85009765625,2209.699951171875,2135.800048828125,2141.89990234375,3311802.0,0.02180077226087218,0.014700970779087434,0.7812979623516156,Normal_Market,1
2018-09-28,1777.928466796875,2183.699951171875,2190.0,2158.85009765625,2178.0,2904371.0,-0.0023529466562450807,0.014744998300580119,0.7722784475385382,Normal_Market,1
2018-10-01,1836.427734375,2255.550048828125,2275.949951171875,2190.35009765625,2190.89990234375,3772208.0,0.03290304906558905,0.016217509742960497,0.7827300164855672,Normal_Market,1
2018-10-03,1760.952392578125,2162.85009765625,2255.0,2155.60009765625,2250.300048828125,3902322.0,-0.041098999097049616,0.019096763112354455,0.7758529233125416,High_Volatility,2
2018-10-04,1681.122314453125,2064.800048828125,2156.64990234375,2056.35009765625,2156.60009765625,4762419.0,-0.04533346753805456,0.021670019522779048,0.7763052150695042,High_Volatility,2
2018-10-05,1711.939453125,2102.64990234375,2120.0,2020.9000244140625,2050.0,3417624.0,0.018331288810415902,0.021471516666522694,0.8101741378301133,High_Volatility,2
2018-10-08,1691.5030517578125,2077.550048828125,2122.199951171875,2048.14990234375,2102.64990234375,2010154.0,-0.011937572517464079,0.02154018511280211,0.8051514588558194,High_Volatility,2
2018-10-09,1703.1053466796875,2091.800048828125,2107.64990234375,2053.199951171875,2080.35009765625,1867130.0,0.006859162866905688,0.021584666657825432,0.8065154889615143,High_Volatility,2
2018-10-10,1663.861572265625,2043.5999755859373,2105.949951171875,2029.0,2100.0,2749573.0,-0.02304248206992643,0.02221611714279396,0.7672970799872955,High_Volatility,2
2018-10-11,1612.0390625,1979.949951171875,2013.0,1941.0,1985.0,4700256.0,-0.031145926217323483,0.023234423459768123,0.7582806659930645,High_Volatility,2
2018-10-12,1561.8448486328125,1918.300048828125,1978.0,1903.0,1978.0,9373289.0,-0.031137095269481052,0.023925583168026763,0.7223746070190848,High_Volatility,2
2018-10-15,1587.2470703125,1949.5,1955.550048828125,1920.0,1940.0,2638151.0,0.01626424142060201,0.024308313303425616,0.6752588491113719,High_Volatility,2
2018-10-16,1597.6688232421875,1962.300048828125,1971.9000244140625,1935.0,1958.0,2815425.0,0.006565929857180741,0.024217047803182058,0.6285716003175371,High_Volatility,2
2018-10-17,1570.882080078125,1929.4000244140625,1989.0,1920.0,1970.0,2779207.0,-0.016766142503615633,0.024374573749015364,0.649618084746807,High_Volatility,2
2018-10-19,1557.692626953125,1913.199951171875,1929.0,1870.050048828125,1929.0,3428776.0,-0.008396208278309447,0.024396759410872212,0.6605621389705708,High_Volatility,2
2018-10-22,1549.3883056640625,1903.0,1916.0,1886.949951171875,1914.0,1778496.0,-0.00533116812994483,0.024340872596726938,0.6867913526651986,High_Volatility,2
2018-10-23,1504.2279052734375,1843.6500244140625,1898.0,1837.0,1888.0,2752811.0,-0.029147244900153968,0.02463914113766271,0.6994002308517377,High_Volatility,2
2018-10-24,1508.1849365234375,1848.5,1874.0,1811.0999755859373,1852.050048828125,2735913.0,0.0026306061974570305,0.021607235033040982,0.7059480972087406,High_Volatility,2
2018-10-25,1511.8563232421875,1853.0,1876.9000244140625,1825.050048828125,1844.0,2507233.0,0.002434308041302291,0.021739637495329412,0.7125807074047061,High_Volatility,2
2018-10-26,1467.8798828125,1799.0999755859375,1853.9000244140625,1791.0999755859375,1853.9000244140625,2285970.0,-0.029087711413859574,0.02213085833027805,0.7033163105368002,High_Volatility,2
2018-10-29,1526.542724609375,1871.0,1877.949951171875,1784.3499755859375,1808.699951171875,2609483.0,0.039964333923887096,0.023746922739633483,0.68756703820219,High_Volatility,2
2018-10-30,1545.9605712890625,1894.800048828125,1909.4000244140625,1845.0,1867.0,2404883.0,0.012720146227585216,0.024152628899673078,0.6881754034706506,High_Volatility,2
2018-10-31,1581.3299560546875,1938.1500244140625,1943.9000244140625,1875.449951171875,1900.0,2769190.0,0.022878581396246878,0.023379429008943922,0.6856463750913782,High_Volatility,2
2018-11-01,1579.3720703125,1935.75,1944.3499755859373,1901.300048828125,1943.6500244140625,2769759.0,-0.001238126005702389,0.021994519003558883,0.7059367911112038,High_Volatility,2
2018-11-02,1561.1773681640625,1913.449951171875,1954.5999755859373,1905.0,1934.199951171875,1818635.0,-0.011520212678471253,0.01995153677207412,0.7116622017809426,High_Volatility,2
2018-11-05,1542.7381591796875,1890.8499755859373,1927.3499755859373,1884.75,1910.0,1713366.0,-0.011811091654537309,0.01934445136579056,0.7092991245705556,Normal_Market,1
2018-11-06,1576.8834228515625,1932.699951171875,1937.5,1891.0,1894.0,1398710.0,0.022132896284895676,0.020184416450253147,0.6660681457874996,High_Volatility,2
2018-11-07,1584.5938720703125,1942.1500244140625,1949.0,1937.0,1940.0,144530.0,0.004889676121274,0.020136948012805394,0.6716769067617756,High_Volatility,2
2018-11-09,1557.709716796875,1909.199951171875,1961.949951171875,1905.0,1961.0,2570479.0,-0.016965959383846818,0.01986915817034726,0.6393871655903777,Normal_Market,1
2018-11-12,1562.320068359375,1914.8499755859373,1946.0999755859373,1908.5,1908.5,2552008.0,0.0029596987890532223,0.018768811528015197,0.5802197093164986,Normal_Market,1
2018-11-13,1578.71923828125,1934.949951171875,1939.0,1903.0,1915.0,1418432.0,0.010496677508019303,0.017567165405761812,0.5690897766711933,Normal_Market,1
2018-11-14,1534.4158935546875,1880.6500244140625,1929.9000244140625,1870.0,1925.0,2422318.0,-0.02806283958051692,0.018279789039596747,0.5408540627971243,Weak_Bear,0
2018-11-15,1528.0523681640625,1872.8499755859373,1899.0,1857.5999755859373,1864.0,1829123.0,-0.004147197260765512,0.01818671067094351,0.5253627903809621,Weak_Bear,0
2018-11-16,1539.2703857421875,1886.5999755859373,1899.800048828125,1870.25,1889.0,1829729.0,0.007341382934148655,0.017958771103038913,0.5751978562415524,Normal_Market,1
2018-11-19,1552.2025146484375,1902.449951171875,1907.3499755859373,1864.300048828125,1899.0,1740628.0,0.008401466711785321,0.017980697007430397,0.5818701328576201,Normal_Market,1
2018-11-20,1532.457763671875,1878.25,1902.0,1874.199951171875,1902.0,1190182.0,-0.01272047351439487,0.018170423644008307,0.611190912471893,Normal_Market,1
2018-11-21,1478.405029296875,1812.0,1871.050048828125,1798.550048828125,1871.0,3840461.0,-0.03527192439254301,0.018723731432740472,0.5707639825277038,Weak_Bear,0
2018-11-22,1478.853271484375,1812.550048828125,1847.5999755859373,1809.949951171875,1820.0,3194219.0,0.0003031930889150214,0.018709176630912563,0.5972849383285309,Normal_Market,1
2018-11-26,1506.2269287109375,1846.0999755859373,1860.0,1784.5,1819.0,4333177.0,0.018510056240458983,0.019195141832861227,0.6011505847017592,Normal_Market,1
2018-11-27,1542.2486572265625,1890.25,1897.9000244140625,1835.3499755859373,1854.0,3344839.0,0.023915206818439394,0.018619737761965648,0.5968082962460811,Normal_Market,1
2018-11-28,1618.6573486328125,1983.9000244140625,1989.0,1882.5,1889.0,5313249.0,0.04954369131606584,0.019721059651081622,0.5833373640037,Normal_Market,1
2018-11-29,1599.6060791015625,1960.550048828125,1997.0,1942.550048828125,1997.0,4035441.0,-0.011769797695195705,0.019853315389290124,0.6028577634716403,Normal_Market,1
2018-11-30,1605.8883056640625,1968.25,1991.0,1959.8499755859373,1966.0,5268901.0,0.0039273585194352645,0.01924184632275729,0.5902928702199515,Normal_Market,1
2018-12-03,1617.43359375,1982.4000244140625,1990.0,1968.300048828125,1984.0,1610576.0,0.007189346883725634,0.019283736714129203,0.6053184274903642,Normal_Market,1
2018-12-04,1640.645751953125,2010.8499755859373,2019.4000244140625,1971.0,1983.0,3270615.0,0.01435122795323407,0.019241440880700705,0.6089968600709473,Normal_Market,1
2018-12-05,1637.300537109375,2006.75,2018.0,1985.0,2006.0,2501539.0,-0.00203896230479228,0.018976867656427948,0.5994302377218212,Normal_Market,1
2018-12-06,1625.8372802734375,1992.699951171875,2017.0,1979.5999755859373,1998.0,2321216.0,-0.007001315015858767,0.018556489635598576,0.5394003172427421,Weak_Bear,0
2018-12-07,1627.8765869140625,1995.199951171875,2003.9000244140625,1973.0,1985.050048828125,1680420.0,0.0012543116493688444,0.0185413227133135,0.5453017350152228,Weak_Bear,0
2018-12-10,1612.048583984375,1975.800048828125,2011.0,1960.0,1975.0,2010786.0,-0.009723097596539776,0.018229559270791538,0.5231631863061054,Weak_Bear,0
2018-12-11,1631.793212890625,2000.0,2010.0,1961.0,1970.0,2942014.0,0.012248159951512516,0.018376430692012342,0.5081773617478106,Weak_Bear,0
2018-12-12,1645.5006103515625,2016.800048828125,2022.0,1984.949951171875,2001.0999755859373,2219993.0,0.008400204972452086,0.018333367062499942,0.5168868536403578,Weak_Bear,0
2018-12-13,1617.5968017578125,1982.5999755859373,2029.699951171875,1974.5,2024.0,3748429.0,-0.0169576409867076,0.017517543459833314,0.5214567731051922,Weak_Bear,0
2018-12-14,1623.430419921875,1989.75,1998.949951171875,1975.25,1983.0,2473761.0,0.0036063487252961934,0.017441621169429152,0.5506145257361305,Weak_Bear,0
2018-12-17,1627.142578125,1994.300048828125,2004.9000244140625,1985.0,1999.0,1227921.0,0.002286613677784599,0.01741467953110784,0.5725491521573676,Normal_Market,1
2018-12-18,1621.88037109375,1987.8499755859373,2002.0,1976.4000244140625,1991.9000244140625,1768742.0,-0.003234017167268677,0.01741637044263583,0.5967604476830008,Normal_Market,1
2018-12-19,1606.0517578125,1968.449951171875,1984.800048828125,1960.050048828125,1984.800048828125,2498833.0,-0.009759420955674836,0.017293752273977746,0.5955770284032263,Normal_Market,1
2018-12-20,1594.30322265625,1954.050048828125,1974.9000244140625,1946.0,1953.800048828125,1940277.0,-0.007315165964670967,0.015067497267945136,0.5598352768980848,Weak_Bear,0
2018-12-21,1546.77685546875,1895.800048828125,1950.0,1886.550048828125,1948.0,3729956.0,-0.029810117995193508,0.01684427184047964,0.5709371561139059,Weak_Bear,0
2018-12-24,1565.2978515625,1918.5,1938.9000244140625,1905.0,1905.800048828125,1864116.0,0.011973928901423347,0.01657614665324274,0.5812499644329643,Normal_Market,1
2018-12-26,1541.391845703125,1889.199951171875,1921.800048828125,1870.25,1921.800048828125,2446614.0,-0.015272496436069205,0.0161671244190032,0.5629782407872844,Weak_Bear,0
2018-12-27,1557.5057373046875,1908.949951171875,1941.699951171875,1872.0999755859373,1909.0,4968201.0,0.010454117586311762,0.011589190860801447,0.5907019060864404,Weak_Bear,0
2018-12-28,1546.9810791015625,1896.050048828125,1920.0,1893.0,1915.0,2239130.0,-0.006757380053917683,0.011416508754293071,0.5923045896865721,Weak_Bear,0
2018-12-31,1544.5330810546875,1893.050048828125,1909.0,1886.1500244140625,1908.0,1879740.0,-0.0015824356741950263,0.011342118579035729,0.5826907389259551,Weak_Bear,0
2019-01-01,1552.488037109375,1902.800048828125,1910.0,1885.0,1896.0,1094883.0,0.0051503953863232255,0.01126517003787601,0.5792854384644167,Weak_Bear,0
2019-01-02,1569.2139892578125,1923.300048828125,1934.449951171875,1900.0,1905.0,2100463.0,0.010773643177038661,0.011017780302422885,0.5760577619556977,Weak_Bear,0
2019-01-03,1550.16259765625,1899.949951171875,1944.949951171875,1893.0999755859373,1919.0,2611668.0,-0.012140722509473179,0.01124097457620382,0.5587660517387075,Weak_Bear,0
2019-01-04,1531.315673828125,1876.8499755859373,1901.199951171875,1841.0,1900.0,4280862.0,-0.012158030297350964,0.011403509118319652,0.500194761952081,Weak_Bear,0
2019-01-07,1548.4901123046875,1897.9000244140625,1908.800048828125,1881.0,1891.800048828125,1856423.0,0.011215478800415069,0.011806216458078974,0.5209922936280263,Weak_Bear,0
2019-01-08,1544.94140625,1893.550048828125,1906.4000244140625,1883.300048828125,1905.4000244140625,1691756.0,-0.002291720190195967,0.011680884043955727,0.5352709181748834,Weak_Bear,0
2019-01-09,1539.5562744140625,1886.949951171875,1919.0,1866.699951171875,1907.4000244140625,2414376.0,-0.0034856544165055015,0.011185978510498452,0.5608205091125369,Weak_Bear,0
2019-01-10,1540.86181640625,1888.550048828125,1905.0,1872.0999755859373,1890.0,3053461.0,0.0008479988772638336,0.010910460769079184,0.5834718169104501,Weak_Bear,0
2019-01-11,1503.33056640625,1842.550048828125,1875.0,1835.0,1870.0,9209862.0,-0.024357310694825385,0.011509741078336489,0.5949278992586705,Weak_Bear,0
2019-01-14,1479.4244384765625,1813.25,1851.0,1810.0,1850.0,3615370.0,-0.015902109931041797,0.011692712817746644,0.57412773897533,Weak_Bear,0
2019-01-15,1523.9320068359375,1867.800048828125,1869.3499755859373,1808.0,1810.0,7711653.0,0.030084380926684418,0.013979024431560214,0.620415924129455,Normal_Market,1
2019-01-16,1525.8487548828125,1870.1500244140625,1875.0,1847.0,1870.0,2359280.0,0.0012577648072729097,0.014014121459348992,0.6575588169695175,Normal_Market,1
2019-01-17,1548.8658447265625,1894.300048828125,1898.0,1871.300048828125,1878.0,2625816.0,0.0150847780752148,0.014472706937422202,0.6546260736242006,Normal_Market,1
2019-01-18,1554.0579833984375,1900.6500244140625,1904.199951171875,1876.0,1881.0,1683728.0,0.0033522197481161697,0.014451874595022219,0.609352701799226,Normal_Market,1
2019-01-21,1560.64013671875,1908.699951171875,1932.0,1895.449951171875,1902.0,2409803.0,0.004235461862187817,0.01281413766809855,0.6174783035590483,Normal_Market,1
2019-01-22,1555.080078125,1901.9000244140625,1918.25,1890.0,1907.0999755859373,2457093.0,-0.0035626782003953528,0.012551734424037413,0.6444777786497223,Normal_Market,1
2019-01-23,1533.5758056640625,1875.5999755859373,1906.0999755859373,1870.0,1901.0,2578169.0,-0.013828401998992712,0.012464636031437954,0.6292475130579762,Normal_Market,1
2019-01-24,1554.793701171875,1901.550048828125,1905.25,1875.0,1884.800048828125,1962927.0,0.013835570064059999,0.012638203077519629,0.6131155736315739,Normal_Market,1
2019-01-25,1570.5335693359375,1920.800048828125,1935.0,1901.0,1902.0,2327080.0,0.01012344477096816,0.012727341791956412,0.5932258316003115,Normal_Market,1
2019-01-28,1598.4970703125,1955.0,1962.0,1925.5,1933.0,2769033.0,0.017805096002109888,0.01326086171683157,0.5894451393661134,Normal_Market,1
2019-01-29,1621.186767578125,1982.75,1989.050048828125,1936.6500244140625,1962.0,2557626.0,0.014194394026126878,0.013532473528827008,0.6028752172916668,Normal_Market,1
2019-01-30,1620.0828857421875,1981.4000244140625,1989.5,1954.6500244140625,1979.5999755859373,2429575.0,-0.0006809097249088625,0.013394622093329586,0.5790397075557419,Weak_Bear,0
2019-01-31,1646.8197021484375,2014.0999755859373,2019.75,1985.0,1987.0,4094319.0,0.016503363279466665,0.013370262474446538,0.5594544476503335,Weak_Bear,0
2019-02-01,1659.779541015625,2029.949951171875,2034.75,1998.0999755859373,2009.5,3064163.0,0.007869616115401268,0.012908287516724671,0.5329977019134526,Weak_Bear,0
2019-02-04,1676.377685546875,2050.25,2055.449951171875,2023.0,2029.949951171875,1590764.0,0.010000210341846616,0.012875924082184898,0.5289673459951428,Weak_Bear,0
2019-02-05,1671.717041015625,2044.550048828125,2055.0,2028.0,2050.0,1111404.0,-0.002780187645918031,0.012889051440714757,0.5445318293283539,Weak_Bear,0
2019-02-06,1696.4508056640625,2074.800048828125,2086.85009765625,2041.050048828125,2049.89990234375,1789812.0,0.014795425327130074,0.012975949657638859,0.5264143320342712,Weak_Bear,0
2019-02-07,1703.073486328125,2082.89990234375,2097.949951171875,2067.0,2074.75,1339945.0,0.003903844804665546,0.01294313165026827,0.5477896079535841,Weak_Bear,0
2019-02-08,1685.4942626953125,2061.39990234375,2089.5,2051.0,2075.0,1684474.0,-0.010322058192987149,0.011569739257700573,0.5778248042685458,Weak_Bear,0
2019-02-11,1689.1737060546875,2065.89990234375,2096.0,2048.89990234375,2060.0,1778730.0,0.0021830055674536553,0.010435570809782448,0.5818308200438876,Weak_Bear,0
2019-02-12,1677.4813232421875,2051.60009765625,2070.0,2018.0,2070.0,2422903.0,-0.006921954071739123,0.009289432696295036,0.5852364983979113,Weak_Bear,0
2019-02-14,1671.758056640625,2044.5999755859373,2075.0,2033.050048828125,2060.050048828125,1724085.0,-0.0034118213551854737,0.00944196494817277,0.6069514630180367,Weak_Bear,0
2019-02-15,1659.5748291015625,2029.699951171875,2052.0,2010.949951171875,2049.0,1930065.0,-0.007287673889572632,0.009462028946965228,0.5930742395628947,Weak_Bear,0
2019-02-18,1611.007080078125,1970.300048828125,2041.949951171875,1962.6500244140625,2037.5999755859373,2942184.0,-0.029265175737649862,0.011968004459299157,0.5448111720144887,Weak_Bear,0
2019-02-19,1557.4512939453125,1904.800048828125,1971.0,1892.0,1970.0,4408554.0,-0.03324366900374842,0.014287511530536753,0.5169535999717493,Weak_Bear,0
2019-02-20,1565.5867919921875,1914.75,1933.800048828125,1881.300048828125,1915.0,4645778.0,0.00522359709000364,0.014307413713072547,0.4917943492412537,Weak_Bear,0
2019-02-21,1565.136962890625,1914.199951171875,1940.0,1897.050048828125,1914.75,4683919.0,-0.00028732300493550245,0.01391185509257144,0.4889307796351798,Weak_Bear,0
2019-02-22,1574.4990234375,1925.6500244140625,1930.0,1905.0999755859373,1917.199951171875,2271955.0,0.005981623825166205,0.013642024449025906,0.5010807702411116,Weak_Bear,0
2019-02-25,1623.1488037109375,1985.1500244140625,1990.0,1930.5,1932.5,2934880.0,0.030898577610561917,0.015107977830689285,0.513227762972355,Weak_Bear,0
2019-02-26,1666.933837890625,2038.699951171875,2045.1500244140625,1972.25,1984.0,6453309.0,0.026975366694405034,0.015746298377604658,0.4240849467512236,Weak_Bear,0
2019-02-27,1682.7962646484375,2058.10009765625,2074.949951171875,2022.0,2040.0,4732082.0,0.009515930624988123,0.015592995834370545,0.3685420742099938,Weak_Bear,0
2019-02-28,1621.759033203125,1983.449951171875,2071.35009765625,1977.5999755859373,2060.0,8454295.0,-0.03627131384087312,0.017789137414797512,0.38657058143670564,Weak_Bear,0
2019-03-01,1631.5296630859375,1995.4000244140625,2005.0,1980.3499755859373,1995.050048828125,4148548.0,0.006024711244255965,0.01743456113240666,0.36472506761580914,Weak_Bear,0
2019-03-05,1625.5609130859375,1988.0999755859373,2007.0,1976.5999755859373,2005.0,2449622.0,-0.0036583766357703995,0.0173398271705065,0.30401115033323434,Weak_Bear,0
2019-03-06,1634.9638671875,1999.5999755859373,2015.0,1985.050048828125,1989.300048828125,2635047.0,0.005784436637143342,0.01722562843389053,0.2733883342943138,Weak_Bear,0
2019-03-07,1646.1656494140625,2013.300048828125,2024.050048828125,2000.199951171875,2005.0,2539884.0,0.006851394364960628,0.017310847716503066,0.2643764675014303,Weak_Bear,0
2019-03-08,1653.8515625,2022.699951171875,2033.0,2010.050048828125,2025.0,2031071.0,0.004668979144761831,0.01698098181910864,0.2861159732116077,Weak_Bear,0
2019-03-11,1647.39208984375,2014.800048828125,2033.0,2003.6500244140625,2028.9000244140625,3111689.0,-0.0039057148795661467,0.016948826150695664,0.31659760396872055,Weak_Bear,0
2019-03-12,1645.4705810546875,2012.449951171875,2024.800048828125,2003.0,2014.050048828125,2658550.0,-0.0011663943276822852,0.01682183842422427,0.3751504441971811,Weak_Bear,0
2019-03-13,1635.6998291015625,2000.5,2015.9000244140625,1978.5999755859373,2013.0,1833163.0,-0.005937968181030762,0.016837301792853983,0.40394403915029553,Weak_Bear,0
2019-03-14,1624.98876953125,1987.4000244140625,2007.800048828125,1981.0,2004.949951171875,1905495.0,-0.00654830390010841,0.016831142051743745,0.39768459152908037,Weak_Bear,0
2019-03-15,1667.9556884765625,2039.949951171875,2068.949951171875,1991.0,1998.9000244140625,5184318.0,0.0264413636272125,0.01793578426447689,0.42295091616135905,Weak_Bear,0
2019-03-18,1653.93310546875,2022.800048828125,2064.60009765625,2011.0,2043.0,2349915.0,-0.008407047683994584,0.017961580756893535,0.3975891849676212,Weak_Bear,0
2019-03-19,1653.93310546875,2022.800048828125,2030.0,1995.0999755859373,2030.0,2373993.0,0.0,0.016593321834615798,0.36119035663427296,Weak_Bear,0
2019-03-20,1647.5968017578125,2015.050048828125,2044.800048828125,2000.0,2028.0,3091165.0,-0.0038310519875238702,0.014532339362545678,0.32605061595599993,Weak_Bear,0
2019-03-22,1639.910400390625,2005.6500244140625,2016.0,1983.300048828125,2015.0,3148149.0,-0.00466521988813462,0.014617727954430271,0.3013116034122142,Weak_Bear,0
2019-03-25,1622.4129638671875,1984.25,2007.800048828125,1977.199951171875,2007.800048828125,2429205.0,-0.010669751542077943,0.014900670774823334,0.3013153781666641,Weak_Bear,0
2019-03-26,1621.104736328125,1982.6500244140625,1994.949951171875,1958.050048828125,1984.0,2316539.0,-0.000806346823033377,0.01488019839310151,0.32791271973183966,Weak_Bear,0
2019-03-27,1609.04443359375,1967.9000244140625,1998.0,1961.0,1994.0,2266166.0,-0.00743955801504359,0.013286504108379964,0.36660874063011906,Weak_Bear,0
2019-03-28,1635.5364990234375,2000.300048828125,2014.5999755859373,1972.800048828125,1980.0,4054489.0,0.016464471009366877,0.012321509441525949,0.3900570856858274,Weak_Bear,0
2019-04-01,1661.1695556640625,2031.6500244140625,2039.949951171875,2008.25,2010.0,2095740.0,0.015672567781844116,0.01266691086147509,0.3750781796215012,Weak_Bear,0
2019-04-02,1700.1304931640625,2079.300048828125,2086.0,2037.0,2037.0999755859373,3719663.0,0.02345391978028699,0.010693742605184364,0.4034321423695111,Weak_Bear,0
2019-04-03,1700.1304931640625,2079.300048828125,2089.60009765625,2058.10009765625,2085.0,2939886.0,0.0,0.01067157949642766,0.393782686894289,Weak_Bear,0
2019-04-04,1647.1466064453125,2014.5,2079.699951171875,2007.4000244140625,2078.14990234375,4397518.0,-0.031164599971466478,0.012978005071517596,0.3472094068354744,Weak_Bear,0
2019-04-05,1674.7833251953125,2048.300048828125,2054.39990234375,2018.800048828125,2028.6500244140625,3152103.0,0.01677854214182095,0.01342796370666413,0.3123571465656938,Weak_Bear,0
2019-04-08,1693.1395263671875,2070.75,2075.0,2032.699951171875,2059.0,2194294.0,0.010960343881937229,0.013548432909137308,0.3101587211002187,Weak_Bear,0
2019-04-09,1710.105224609375,2091.5,2098.0,2057.64990234375,2070.0,2690970.0,0.010020259983292146,0.01366673969225679,0.3405147813943229,Weak_Bear,0
2019-04-10,1668.2012939453125,2040.25,2085.5,2036.0,2083.0,3313062.0,-0.024503714777922125,0.014841950138074973,0.38209818718280153,Weak_Bear,0
2019-04-11,1651.235107421875,2019.5,2055.0,2013.6500244140625,2045.0,3422442.0,-0.010170347298623872,0.015037847473011371,0.4239320410450127,Weak_Bear,0
2019-04-12,1647.1466064453125,2014.5,2039.0,2007.0,2038.0,3198471.0,-0.0024760259506267923,0.014982300276619743,0.43876904700083164,Weak_Bear,0
2019-04-15,1727.930419921875,2113.300048828125,2119.800048828125,2041.0,2070.0,9189201.0,0.049044701400867474,0.01838513129132978,0.46319032891539613,Weak_Bear,0
2019-04-16,1743.056640625,2131.800048828125,2155.949951171875,2115.550048828125,2120.0,5771952.0,0.008753952432765777,0.017619567066618422,0.5134026343150069,Weak_Bear,0
2019-04-18,1757.9788818359375,2150.050048828125,2155.0,2114.199951171875,2149.89990234375,3413728.0,0.008560961739939144,0.01748228339301141,0.5177082165797339,Weak_Bear,0
2019-04-22,1767.2998046875,2161.449951171875,2176.0,2145.60009765625,2148.0,2007135.0,0.005302067589019188,0.017471414955771286,0.4889362631723624,Weak_Bear,0
2019-04-23,1762.0672607421875,2155.050048828125,2165.5,2134.050048828125,2163.0,2163524.0,-0.002960756251675023,0.017453363209550474,0.46419952738698517,Weak_Bear,0
2019-04-24,1785.287841796875,2183.449951171875,2195.0,2156.10009765625,2158.0,3003071.0,0.013178033308959503,0.01746963513573543,0.4699824813489022,Weak_Bear,0
2019-04-25,1794.7320556640625,2195.0,2205.0,2168.050048828125,2175.0,4211526.0,0.005290023068594829,0.01710576377956248,0.5241733314776559,Weak_Bear,0
2019-04-26,1830.340087890625,2238.550048828125,2243.949951171875,2193.14990234375,2203.0,2716958.0,0.019840305473001196,0.017345664950100856,0.5630493896006826,Normal_Market,1
2019-04-30,1848.1651611328125,2260.35009765625,2266.949951171875,2230.10009765625,2238.550048828125,3488395.0,0.009738667343908824,0.01705603809636469,0.6003153839233888,Normal_Market,1
2019-05-02,1811.41162109375,2215.39990234375,2259.39990234375,2211.10009765625,2255.0,2457699.0,-0.019886501927422362,0.01791938251007276,0.6295933105372441,Normal_Market,1
2019-05-03,1743.220458984375,2132.0,2186.050048828125,2125.0,2185.0,3780886.0,-0.03764531557338713,0.020121375031409938,0.636448667278303,High_Volatility,2
2019-05-06,1764.3558349609375,2157.85009765625,2165.0,2108.5,2110.0,2891422.0,0.012124327630296472,0.019657680347216707,0.6595902259745486,High_Volatility,2
2019-05-07,1759.531982421875,2151.949951171875,2184.35009765625,2138.800048828125,2160.050048828125,2201698.0,-0.0027340587672153305,0.0196820993979152,0.6637937942508642,High_Volatility,2
2019-05-08,1760.2681884765625,2152.85009765625,2168.0,2130.39990234375,2151.0,1824895.0,0.0004184101579525201,0.018092173445617008,0.644827621630179,Normal_Market,1
2019-05-09,1776.3759765625,2172.550048828125,2184.10009765625,2136.10009765625,2145.0,2264162.0,0.009150757930743492,0.01787622799187605,0.6071845032351223,Normal_Market,1
2019-05-10,1746.327392578125,2135.800048828125,2192.0,2125.85009765625,2175.0,2039633.0,-0.016915666717426947,0.018312544316259848,0.5505301276208865,Weak_Bear,0
2019-05-13,1740.562744140625,2128.75,2167.0,2121.64990234375,2133.0,1701744.0,-0.003301012434437922,0.018236343377376084,0.5329316980485134,Weak_Bear,0
2019-05-14,1710.8001708984375,2092.35009765625,2159.800048828125,2072.35009765625,2135.0,2456110.0,-0.01709939692917095,0.01775939901473847,0.5521164285683532,Weak_Bear,0
2019-05-15,1713.2939453125,2095.39990234375,2124.0,2084.5,2097.0,2346876.0,0.0014576655161033791,0.017549405215712705,0.569336565694179,Normal_Market,1
2019-05-16,1724.2098388671875,2108.75,2124.0,2077.050048828125,2096.0,1946529.0,0.006371290568412347,0.01754235628541249,0.5892688184056967,Normal_Market,1
2019-05-17,1713.3349609375,2095.449951171875,2135.0,2090.0,2112.60009765625,1947908.0,-0.006307166149122745,0.013760463690258629,0.590180785783608,Weak_Bear,0
2019-05-20,1752.9912109375,2143.949951171875,2151.39990234375,2050.0,2125.0,2625116.0,0.023145649218703213,0.014610702614109591,0.6234595873053452,Normal_Market,1
2019-05-21,1725.027587890625,2109.75,2148.699951171875,2102.550048828125,2148.050048828125,1863157.0,-0.015951947090436347,0.014913883810307154,0.6097498877994498,Normal_Market,1
2019-05-22,1702.13330078125,2081.75,2121.949951171875,2075.0,2110.0,2595795.0,-0.01327183824194389,0.015088614292218973,0.5952544192603503,Normal_Market,1
2019-05-23,1679.485107421875,2054.050048828125,2115.35009765625,2050.0,2098.0,2541294.0,-0.013305769500531972,0.01530738961107434,0.5742314653678455,Weak_Bear,0
2019-05-24,1674.5382080078125,2048.0,2070.0,2032.25,2070.0,2274208.0,-0.0029454857278587987,0.01486843016105319,0.5442412751339816,Weak_Bear,0
2019-05-27,1680.384033203125,2055.14990234375,2068.949951171875,2040.0999755859373,2054.800048828125,2329820.0,0.003491007351971609,0.014820420253583544,0.5357062422493962,Weak_Bear,0
2019-05-28,1695.592529296875,2073.75,2097.5,2045.0,2060.0,5872979.0,0.009050607357152574,0.014118029810949976,0.5401793067547546,Weak_Bear,0
2019-05-29,1723.2293701171875,2107.550048828125,2123.699951171875,2077.10009765625,2080.0,3281320.0,0.01629922304020348,0.014517772083215724,0.5536417851320824,Weak_Bear,0
2019-05-30,1754.91259765625,2146.300048828125,2156.550048828125,2114.39990234375,2123.0,4971725.0,0.018385960736560403,0.014749805673694164,0.601115149255404,Normal_Market,1
2019-05-31,1795.999267578125,2196.550048828125,2204.949951171875,2152.25,2160.0,4265370.0,0.023412373913520135,0.013096346334819906,0.6118719736969223,Normal_Market,1
2019-06-03,1833.4061279296875,2242.300048828125,2247.64990234375,2185.64990234375,2201.0,3682419.0,0.020827881740734133,0.013600291843736732,0.638657638422307,Normal_Market,1
2019-06-04,1799.4468994140625,2183.10009765625,2224.0,2175.0,2224.0,2408658.0,-0.01852248009772517,0.014328789187803526,0.6232277445266219,Normal_Market,1
2019-06-06,1785.4345703125,2166.10009765625,2199.0,2152.0,2199.0,3735467.0,-0.007787020059400018,0.014469712559646849,0.5953872168708448,Normal_Market,1
2019-06-07,1798.33447265625,2181.75,2189.800048828125,2142.10009765625,2174.0,2659446.0,0.007225077053085283,0.014417598254424444,0.5673557006706402,Weak_Bear,0
2019-06-10,1839.3411865234373,2231.5,2235.85009765625,2185.5,2196.699951171875,2080593.0,0.022802606795730096,0.014595932347983556,0.5213049858746618,Weak_Bear,0
2019-06-11,1856.8983154296875,2252.800048828125,2263.949951171875,2231.0,2237.0,3048937.0,0.009545335598902804,0.014600663056815158,0.5137283174226004,Weak_Bear,0
2019-06-12,1863.57470703125,2260.89990234375,2266.89990234375,2219.0,2245.0,2404448.0,0.0035954535291919942,0.013786418854629971,0.5179608746823605,Weak_Bear,0
2019-06-13,1857.9700927734373,2254.10009765625,2285.0,2243.050048828125,2264.0,3320916.0,-0.003007453490684653,0.013872051974655623,0.5533132502223377,Weak_Bear,0
2019-06-14,1858.2998046875,2254.5,2263.10009765625,2234.0,2257.25,2131408.0,0.0001774581385056706,0.013889042424626713,0.5048980486016885,Weak_Bear,0
2019-06-17,1853.9306640625,2249.199951171875,2262.0,2241.449951171875,2256.0,1489497.0,-0.0023511494829731028,0.013764492476541101,0.4846604444870608,Weak_Bear,0
2019-06-18,1855.2906494140625,2250.85009765625,2260.0,2231.199951171875,2244.0,1877447.0,0.0007335686160896415,0.013019398717312702,0.4727813207331987,Weak_Bear,0
2019-06-19,1862.75,2259.89990234375,2276.0,2243.14990234375,2255.0,1652817.0,0.004020583291514557,0.012238203994822268,0.47289225020314446,Weak_Bear,0
2019-06-20,1877.6282958984373,2277.949951171875,2284.0,2212.0,2230.0,2199377.0,0.007987274673701306,0.011571599031171031,0.4697009701011689,Weak_Bear,0
2019-06-21,1854.466552734375,2249.85009765625,2292.5,2242.0,2285.0,3871804.0,-0.0123356381104065,0.011492669693917112,0.4670289990589135,Weak_Bear,0
2019-06-24,1875.6090087890625,2275.5,2280.0,2250.800048828125,2254.14990234375,1382424.0,0.011400829000400847,0.011416120852467081,0.4437879829302725,Weak_Bear,0
2019-06-25,1869.26220703125,2267.800048828125,2274.449951171875,2250.5,2270.0,1386077.0,-0.0033838618433114087,0.011589823895663797,0.40837397961768973,Weak_Bear,0
2019-06-26,1858.0521240234373,2254.199951171875,2266.800048828125,2250.0,2265.0,1762224.0,-0.005997062886975324,0.011826633949652622,0.44322179530378036,Weak_Bear,0
2019-06-27,1856.6920166015625,2252.550048828125,2264.0,2241.300048828125,2255.0,2813464.0,-0.0007320071403215112,0.011553818979151047,0.5078578816783467,Weak_Bear,0
2019-06-28,1835.796630859375,2227.199951171875,2261.949951171875,2222.5,2260.0,2372928.0,-0.011254093600528203,0.011485152981506336,0.5636700380032013,Weak_Bear,0
2019-07-01,1845.9765625,2239.550048828125,2255.0,2206.60009765625,2235.0,2769940.0,0.005545239308920369,0.010401777747858842,0.5719700156945107,Weak_Bear,0
2019-07-02,1856.3211669921875,2252.10009765625,2257.0,2216.449951171875,2244.89990234375,1771746.0,0.005603865564889787,0.009417594926505532,0.5889289133128128,Weak_Bear,0
2019-07-03,1844.41064453125,2237.64990234375,2258.800048828125,2232.0,2252.199951171875,1656881.0,-0.0064161970852469885,0.008459896636762089,0.594564791303441,Weak_Bear,0
2019-07-04,1848.53173828125,2242.64990234375,2252.0,2230.10009765625,2234.0,984140.0,0.002234368882124693,0.008187710316938247,0.5675335170453313,Weak_Bear,0
2019-07-05,1782.9619140625,2163.10009765625,2250.0,2140.0,2247.0,4088470.0,-0.03547130020051281,0.011561542809041241,0.5454656946729924,Weak_Bear,0
2019-07-08,1793.1004638671875,2175.39990234375,2188.800048828125,2132.10009765625,2149.0,2788062.0,0.005686352425547048,0.010323567803397809,0.5470664717773094,Weak_Bear,0
2019-07-09,1758.440185546875,2133.35009765625,2174.39990234375,2104.550048828125,2174.0,3977224.0,-0.019329802773883964,0.010748991595329771,0.5092738753406463,Weak_Bear,0
2019-07-10,1737.7095947265625,2108.199951171875,2127.85009765625,2071.300048828125,2080.0,6343581.0,-0.011789193053424962,0.010827617530632806,0.5097476664989278,Weak_Bear,0
2019-07-11,1733.052490234375,2102.550048828125,2129.0,2086.050048828125,2128.0,2400346.0,-0.0026800246176463816,0.01082854377288132,0.5327542759222006,Weak_Bear,0
2019-07-12,1737.2154541015625,2107.60009765625,2119.75,2093.10009765625,2102.10009765625,1560725.0,0.002402099123163026,0.010878725203687404,0.5873103396049879,Weak_Bear,0
2019-07-15,1768.6202392578125,2145.699951171875,2153.60009765625,2098.0,2125.0,2900415.0,0.018077657024120564,0.011885598060965084,0.5930053906205647,Normal_Market,1
2019-07-16,1739.95068359375,2106.0,2132.5,2100.0,2126.0,2735399.0,-0.01621012528732202,0.012257175782182638,0.5903649962212417,Weak_Bear,0
2019-07-17,1749.244873046875,2117.25,2125.0,2092.10009765625,2108.0,1802969.0,0.005341639588271718,0.012301229725921362,0.5765582622725633,Weak_Bear,0
2019-07-18,1706.8623046875,2065.949951171875,2116.199951171875,2060.0,2116.199951171875,3072096.0,-0.024229065359815505,0.012873658724137288,0.5639889046497633,Weak_Bear,0
2019-07-19,1715.9498291015625,2076.949951171875,2097.0,2062.5,2077.0,1953177.0,0.005324111024718192,0.0129262245476411,0.5695993126637181,Weak_Bear,0
2019-07-22,1743.172607421875,2109.89990234375,2117.449951171875,2068.800048828125,2077.0,1920167.0,0.015864553764118883,0.013237181437278799,0.6035007571664013,Normal_Market,1
2019-07-23,1745.27978515625,2112.449951171875,2130.0,2102.39990234375,2127.89990234375,3538588.0,0.0012088176038351772,0.013280357856224874,0.5740529340036593,Weak_Bear,0
2019-07-24,1732.35009765625,2096.800048828125,2120.800048828125,2076.5,2110.0,2413196.0,-0.007408375212941798,0.013298950192581599,0.5079029430562829,Weak_Bear,0
2019-07-25,1758.0443115234375,2127.89990234375,2135.0,2092.550048828125,2108.89990234375,2544464.0,0.014831998394521984,0.013905537310629629,0.5149480009459544,Weak_Bear,0
2019-07-26,1742.470947265625,2109.050048828125,2129.800048828125,2095.0,2129.800048828125,1720592.0,-0.008858345694550462,0.013837519313909901,0.520783446869397,Weak_Bear,0
2019-07-29,1759.7796630859375,2130.0,2142.0,2103.300048828125,2110.800048828125,1647090.0,0.009933431514295377,0.014005793247761132,0.5359731760935379,Weak_Bear,0
2019-07-30,1800.38623046875,2179.14990234375,2185.0,2120.449951171875,2130.0,2851672.0,0.02307480205311907,0.015031593003802777,0.49232187090233964,Weak_Bear,0
2019-07-31,1822.3216552734373,2205.699951171875,2211.699951171875,2147.14990234375,2171.75,3000677.0,0.012183732819916138,0.0152795909632616,0.4495284633754749,Weak_Bear,0
2019-08-01,1801.1300048828125,2180.050048828125,2217.5,2166.25,2200.0,2375236.0,-0.011628929683900946,0.015462822228996535,0.4455062500275879,Weak_Bear,0
2019-08-02,1821.99072265625,2205.300048828125,2210.0,2165.5,2173.0,2500816.0,0.011582016687793129,0.01341544881494355,0.4524065462218625,Weak_Bear,0
2019-08-05,1857.76513671875,2248.60009765625,2252.25,2195.60009765625,2199.89990234375,3039682.0,0.01963479485249242,0.01401196090821765,0.46114821832478425,Weak_Bear,0
2019-08-06,1829.9228515625,2214.89990234375,2251.949951171875,2211.449951171875,2232.800048828125,2885467.0,-0.014986977958594938,0.01369629456257668,0.45698709616797223,Weak_Bear,0
2019-08-07,1828.7242431640625,2213.449951171875,2238.5,2207.25,2230.0,2165362.0,-0.0006550048803500852,0.013323963450300628,0.4548662577939898,Weak_Bear,0
2019-08-08,1865.6141357421875,2258.10009765625,2281.0,2218.89990234375,2228.89990234375,2073298.0,0.0201724741803051,0.013814559025873169,0.4736197400121163,Weak_Bear,0
2019-08-09,1855.82373046875,2246.25,2267.89990234375,2241.35009765625,2260.0,1744550.0,-0.0052478189813579545,0.013959938791942997,0.4914173086303163,Weak_Bear,0
2019-08-13,1817.157958984375,2199.449951171875,2246.25,2194.300048828125,2245.0,1647281.0,-0.020834829757570117,0.014507571828307112,0.511197340387614,Weak_Bear,0
2019-08-14,1821.247802734375,2204.39990234375,2217.85009765625,2167.39990234375,2181.10009765625,1945002.0,0.0022506814720091306,0.013899020531150908,0.48494771543167087,Weak_Bear,0
2019-08-16,1788.7786865234375,2165.10009765625,2241.39990234375,2143.25,2241.39990234375,3755507.0,-0.01782795079405952,0.014587510650855867,0.46302312973435006,Weak_Bear,0
2019-08-19,1787.0440673828125,2163.0,2186.0,2157.699951171875,2180.0,974884.0,-0.0009697226122457048,0.01332437600791067,0.49073753802867914,Weak_Bear,0
2019-08-20,1806.66552734375,2186.75,2205.0,2166.5,2172.0,1843611.0,0.01097984113490491,0.01344952837864135,0.49808943506863695,Weak_Bear,0
2019-08-21,1806.2113037109373,2186.199951171875,2202.0,2182.25,2184.949951171875,1214408.0,-0.0002514154534627444,0.01309519033386017,0.5099859460307862,Weak_Bear,0
2019-08-22,1830.831298828125,2216.0,2235.64990234375,2170.0,2187.0,2131601.0,0.013630739142538317,0.013354731246798432,0.4753644053694164,Weak_Bear,0
2019-08-23,1857.021484375,2247.699951171875,2259.89990234375,2213.89990234375,2214.949951171875,2826425.0,0.01430507855291685,0.013391072709965774,0.457755388115063,Weak_Bear,0
2019-08-26,1880.6510009765625,2276.300048828125,2282.0,2225.0,2247.0,2345475.0,0.01272441746117714,0.013305770884388564,0.40827596433189006,Weak_Bear,0
2019-08-27,1847.7686767578125,2236.5,2274.85009765625,2229.0,2270.0,3432106.0,-0.01748454349141615,0.013854599152139577,0.39111861677896537,Weak_Bear,0
2019-08-28,1850.040771484375,2239.25,2252.14990234375,2216.0,2240.0,1294621.0,0.0012296424087832047,0.013762709616164588,0.40523074840177514,Weak_Bear,0
2019-08-29,1845.2481689453125,2233.449951171875,2248.199951171875,2222.199951171875,2222.199951171875,1670652.0,-0.0025905388751066294,0.012923488783040386,0.3725171329789516,Weak_Bear,0
2019-08-30,1866.853271484375,2259.60009765625,2266.0,2218.0,2241.0,2583625.0,0.011708507778339206,0.01290286593269715,0.3586061485001604,Weak_Bear,0
2019-09-03,1860.2435302734373,2251.60009765625,2296.199951171875,2236.949951171875,2270.0,2545060.0,-0.003540578851000009,0.012599932895076474,0.38623253902713106,Weak_Bear,0
2019-09-04,1855.12109375,2245.39990234375,2270.0,2233.0,2265.0,2228092.0,-0.0027536375964088977,0.012414057282195953,0.4057095891599248,Weak_Bear,0
2019-09-05,1830.25341796875,2215.300048828125,2253.64990234375,2207.300048828125,2242.199951171875,2055943.0,-0.013404880072266145,0.011991349821466206,0.4414293511886723,Weak_Bear,0
2019-09-06,1815.5469970703125,2197.5,2233.5,2192.60009765625,2216.0,1890550.0,-0.00803518286268734,0.011650643722911696,0.42404495291195354,Weak_Bear,0
2019-09-09,1803.4439697265625,2182.85009765625,2202.85009765625,2179.800048828125,2200.0,1703945.0,-0.006666325555482855,0.01173669964208721,0.3808594084244254,Weak_Bear,0
2019-09-11,1779.607666015625,2154.0,2195.0,2146.550048828125,2186.0,2627440.0,-0.01321710245012575,0.010971688685004317,0.36946700116606357,Weak_Bear,0
2019-09-12,1762.7540283203125,2133.60009765625,2165.0,2120.35009765625,2155.0,2118859.0,-0.00947042318211977,0.011071577555347288,0.3619794744916334,Weak_Bear,0
2019-09-13,1769.6519775390625,2141.949951171875,2157.949951171875,2115.550048828125,2135.0,2291174.0,0.003913166050355299,0.010269772644242364,0.40034570767938554,Weak_Bear,0
2019-09-16,1776.302734375,2150.0,2173.39990234375,2126.39990234375,2159.949951171875,2597948.0,0.0037582286914890073,0.010302481078569903,0.3620748352401503,Weak_Bear,0
2019-09-17,1753.70703125,2122.64990234375,2156.550048828125,2105.60009765625,2154.949951171875,2796530.0,-0.012720637472277696,0.00992496654800665,0.35458153896390865,Weak_Bear,0
2019-09-18,1766.8428955078125,2138.550048828125,2142.949951171875,2113.14990234375,2126.39990234375,1454663.0,0.007490341330529837,0.010102454722733524,0.3610081290247479,Weak_Bear,0
2019-09-19,1736.6046142578125,2101.949951171875,2135.800048828125,2091.0,2135.0,1652691.0,-0.017114301065975113,0.010368996988636515,0.36727737941764893,Weak_Bear,0
2019-09-20,1706.4488525390625,2065.449951171875,2129.39990234375,2057.0,2104.89990234375,6941979.0,-0.0173647826748623,0.010915384053491491,0.3734573714238719,Weak_Bear,0
2019-09-23,1665.428955078125,2015.800048828125,2099.0,1975.0,2099.0,6323401.0,-0.024038164050392163,0.01118129510107975,0.35794602113668095,Weak_Bear,0
2019-09-24,1689.3056640625,2044.699951171875,2061.0,2013.0,2015.0,4620978.0,0.014336672189811273,0.011184117895830329,0.3355476536369809,Weak_Bear,0
2019-09-25,1725.451171875,2088.449951171875,2092.0,2060.050048828125,2065.0,4002232.0,0.02139666525806594,0.012029812974672746,0.35825977842670625,Weak_Bear,0
2019-09-26,1724.7490234375,2087.60009765625,2107.0,2063.0,2097.89990234375,4234281.0,-0.00040693613875897316,0.011639106950963369,0.37872587651389555,Weak_Bear,0
2019-09-27,1698.7652587890625,2056.14990234375,2085.199951171875,2051.39990234375,2085.0,2046795.0,-0.015065243867569023,0.011867927068852325,0.39672073308682854,Weak_Bear,0
2019-09-30,1734.4154052734375,2099.300048828125,2104.0,2060.0,2061.85009765625,2620039.0,0.020985916859276754,0.0131380267942932,0.358575795236909,Weak_Bear,0
2019-10-01,1701.90478515625,2059.949951171875,2095.949951171875,2039.699951171875,2095.949951171875,3342877.0,-0.01874442536565346,0.013107027724054221,0.35020716460211077,Weak_Bear,0
2019-10-03,1702.1524658203125,2060.25,2081.14990234375,2046.1500244140625,2070.0,2317618.0,0.0001455314458380652,0.013147571972882842,0.3789267920088098,Weak_Bear,0
2019-10-04,1717.9327392578125,2079.35009765625,2087.949951171875,2054.949951171875,2060.60009765625,2163251.0,0.009270775535313192,0.013494702117254495,0.38468125667831743,Weak_Bear,0
2019-10-07,1691.783935546875,2047.699951171875,2094.5,2041.0,2080.0,2177916.0,-0.015221087015452328,0.013569016170880773,0.39663062314429604,Weak_Bear,0
2019-10-09,1668.9815673828125,2020.0999755859373,2060.0,2015.5,2060.0,2066920.0,-0.013478298076338935,0.013711461674248504,0.3909260911152616,Weak_Bear,0
2019-10-10,1656.051513671875,2004.449951171875,2039.050048828125,1997.0999755859373,2028.0,2881452.0,-0.007747271727640226,0.013724190781068917,0.41537033047229716,Weak_Bear,0
2019-10-11,1641.5103759765625,1986.8499755859373,1995.0,1925.0,1931.0,12593069.0,-0.008780607109902805,0.013605513895464084,0.4385519291069324,Weak_Bear,0
2019-10-14,1669.724853515625,2021.0,2032.75,1968.0,1995.0,3510704.0,0.01718812013130111,0.014322441803500976,0.42963621993404705,Weak_Bear,0
2019-10-15,1683.19140625,2037.300048828125,2047.0,2022.699951171875,2032.0,2261310.0,0.008065132830730182,0.014451475518309257,0.4182387791384531,Weak_Bear,0
2019-10-16,1690.7099609375,2046.4000244140625,2056.0,2016.0,2038.0,3034082.0,0.004466844744799747,0.014468233009482046,0.36312228237289707,Weak_Bear,0
2019-10-17,1715.6728515625,2030.949951171875,2038.0,1999.300048828125,2014.0,3818774.0,0.014764738601976468,0.014735885764467426,0.343762684873174,Weak_Bear,0
2019-10-18,1737.974365234375,2057.35009765625,2063.89990234375,2025.0,2037.5,3087901.0,0.012998698237583373,0.014952659322720743,0.3712865147617792,Weak_Bear,0
2019-10-22,1732.9482421875,2051.39990234375,2111.5,2040.050048828125,2080.0,5552505.0,-0.002891943142209197,0.014461939872224485,0.37245280176167733,Weak_Bear,0
2019-10-23,1748.745361328125,2070.10009765625,2083.85009765625,2052.5,2060.0,2348134.0,0.009115747808303931,0.013993651800146995,0.37539853408242363,Weak_Bear,0
2019-10-24,1758.7979736328125,2082.0,2099.0,2061.300048828125,2084.0,2798671.0,0.005748471176531211,0.012676029550244222,0.34321538123355094,Weak_Bear,0
2019-10-25,1795.08056640625,2124.949951171875,2130.0,2075.050048828125,2094.0,3954245.0,0.02062919864439894,0.01304983501888354,0.314851188068823,Weak_Bear,0
2019-10-27,1787.2666015625,2115.699951171875,2129.0,2108.800048828125,2129.0,224405.0,-0.0043529883783397505,0.012406334520510702,0.346718945315411,Weak_Bear,0
2019-10-29,1854.129150390625,2194.85009765625,2201.699951171875,2121.5,2121.5,5064173.0,0.037410506507350894,0.014714018421766105,0.36779140400524457,Weak_Bear,0
2019-10-30,1903.08349609375,2252.800048828125,2260.0,2176.85009765625,2225.0,5195136.0,0.02640287797255736,0.014847903685773432,0.40488129313713056,Weak_Bear,0
2019-10-31,1917.31787109375,2269.64990234375,2284.949951171875,2237.0,2250.0,4879261.0,0.007479637666564454,0.01442184065519198,0.4001905780208992,Weak_Bear,0
2019-11-01,1859.239990234375,2200.89990234375,2275.0,2195.0,2264.0,4172620.0,-0.030291211350491398,0.015609810314793577,0.3928147232343414,Weak_Bear,0
2019-11-04,1853.369384765625,2193.949951171875,2229.199951171875,2180.89990234375,2207.0,2646411.0,-0.0031575296893274762,0.015676151965080765,0.4286200651299343,Weak_Bear,0
2019-11-05,1860.0430908203125,2201.85009765625,2211.0,2169.0,2197.0,2693475.0,0.003600850488598928,0.01563428130805291,0.46929355329799655,Weak_Bear,0
2019-11-06,1848.765380859375,2188.5,2210.800048828125,2179.0,2200.0,2540719.0,-0.0060631444597145645,0.015165788865963602,0.48693383714414146,Weak_Bear,0
2019-11-07,1846.1044921875,2185.35009765625,2204.5,2175.199951171875,2204.5,1915598.0,-0.001439278720503756,0.014642219233438692,0.47229326668099747,Weak_Bear,0
2019-11-08,1799.304443359375,2129.949951171875,2189.60009765625,2124.0,2189.60009765625,2788759.0,-0.025350704159042614,0.015931126267465595,0.40342656971771435,Weak_Bear,0
2019-11-11,1774.8062744140625,2100.949951171875,2139.0,2091.0,2135.0,2983768.0,-0.013615355108873906,0.01617451387012789,0.3871142040803697,Weak_Bear,0
2019-11-13,1840.40234375,2178.60009765625,2183.800048828125,2118.0,2118.0,3823365.0,0.03695956583069515,0.01756513128033257,0.3753881731642605,Weak_Bear,0
2019-11-14,1855.77685546875,2196.800048828125,2200.0,2146.699951171875,2187.5,2995915.0,0.008353886187420834,0.017567880952222635,0.3808280819481368,Weak_Bear,0
2019-11-15,1836.896484375,2174.449951171875,2211.5,2168.75,2196.0,2724180.0,-0.01017383692339513,0.017894938497510386,0.3630139813790535,Weak_Bear,0
2019-11-18,1818.4381103515625,2152.60009765625,2187.75,2148.75,2178.39990234375,1611089.0,-0.010048674043664385,0.017991597672503946,0.3620414896087922,Weak_Bear,0
2019-11-19,1781.4378662109375,2108.800048828125,2154.64990234375,2105.0,2153.0,2975313.0,-0.020347266112604512,0.018558813473655515,0.4020985920824246,Weak_Bear,0
2019-11-20,1781.226318359375,2108.550048828125,2135.0,2094.5,2121.949951171875,2894129.0,-0.00011875118160165066,0.018535416373319093,0.4068862525607462,Weak_Bear,0
2019-11-21,1789.294189453125,2118.10009765625,2126.60009765625,2107.39990234375,2112.0,2052574.0,0.004529391358410351,0.01846495644699516,0.3924798315357048,Weak_Bear,0
2019-11-22,1750.0966796875,2071.699951171875,2107.0,2060.5,2097.0,3742049.0,-0.0219066881213118,0.01913812568757863,0.36333611039893254,Weak_Bear,0
2019-11-25,1758.37548828125,2081.5,2084.949951171875,2052.199951171875,2074.550048828125,2737010.0,0.004730486429600056,0.018554160295251934,0.33596593027645966,Weak_Bear,0
2019-11-26,1728.9354248046875,2046.6500244140625,2097.89990234375,2035.050048828125,2089.85009765625,6561580.0,-0.01674276266517971,0.01888053952228387,0.31464096070728126,Weak_Bear,0
2019-11-27,1735.3984375,2054.300048828125,2071.699951171875,2046.550048828125,2052.0,2907521.0,0.0037381457991947364,0.016591776331885064,0.31318892492750877,Weak_Bear,0
2019-11-28,1754.8695068359375,2077.35009765625,2094.39990234375,2060.0,2067.050048828125,2924429.0,0.011219941723577431,0.015477235206736098,0.37797095023615446,Weak_Bear,0
2019-11-29,1734.51123046875,2053.25,2085.0,2045.800048828125,2085.0,2064271.0,-0.011601020068947365,0.015324095082513834,0.3799338128290223,Weak_Bear,0
2019-12-02,1707.3095703125,2021.050048828125,2067.699951171875,2016.0,2060.0,3809860.0,-0.015682608263596465,0.014367740018013053,0.3992060505618685,Weak_Bear,0
2019-12-03,1732.6104736328125,2051.0,2062.0,2010.0,2027.699951171875,4664774.0,0.014819165639469611,0.014982622643914837,0.4723988687255814,Weak_Bear,0
2019-12-04,1755.8414306640625,2078.5,2082.0,2045.5,2053.0,3334301.0,0.01340806683601592,0.015374251529037495,0.4769378459220612,Weak_Bear,0
2019-12-05,1791.9969482421875,2121.300048828125,2126.800048828125,2068.35009765625,2083.0,3902721.0,0.020591561941018188,0.016206230046541665,0.4484554841046702,Weak_Bear,0
2019-12-06,1793.9400634765625,2123.60009765625,2128.0,2101.0,2124.0,1829461.0,0.0010843295443561107,0.016216006802404596,0.43232808095002545,Weak_Bear,0
2019-12-09,1740.5931396484375,2060.449951171875,2127.949951171875,2053.5,2127.949951171875,2244747.0,-0.02973729441369488,0.01658381062202843,0.40169546660815747,Weak_Bear,0
2019-12-10,1700.3824462890625,2012.8499755859373,2060.85009765625,2003.25,2060.0,4520045.0,-0.023101718858605125,0.017076104571976575,0.3724983044535045,Weak_Bear,0
2019-12-11,1724.9229736328125,2041.9000244140625,2048.0,2006.75,2025.4000244140625,4943024.0,0.014432357495401948,0.014985985905357406,0.374927061551113,Weak_Bear,0
2019-12-12,1707.1827392578125,2020.9000244140625,2083.64990234375,1984.0,2051.10009765625,7137306.0,-0.010284653080849027,0.014812943173742618,0.3926793044019346,Weak_Bear,0
2019-12-13,1749.716796875,2071.25,2077.39990234375,2007.0,2023.0,5711133.0,0.02491476550171723,0.016074843502251464,0.3898272425533513,Weak_Bear,0
2019-12-16,1796.6015625,2126.75,2136.0,2080.300048828125,2096.0,5574177.0,0.026795630989389974,0.017211731395569817,0.40330775690889886,Weak_Bear,0
2019-12-17,1828.87109375,2164.949951171875,2169.0,2119.0,2126.5,6059673.0,0.01796142891309538,0.017012880340335525,0.4383609004645991,Weak_Bear,0
2019-12-18,1831.2362060546875,2167.75,2203.449951171875,2153.0,2174.0,8251081.0,0.0012932088613408776,0.01700894616857783,0.46455286197336265,Weak_Bear,0
2019-12-19,1883.020263671875,2229.050048828125,2236.5,2167.550048828125,2179.800048828125,6251505.0,0.02827819668810161,0.01802830887489987,0.42871996344003016,Weak_Bear,0
2019-12-20,1877.824951171875,2222.89990234375,2246.699951171875,2208.25,2220.0,5548338.0,-0.002759031647311727,0.017138684542697517,0.3917704374605339,Weak_Bear,0
2019-12-23,1885.2593994140625,2231.699951171875,2241.949951171875,2210.0,2210.0,2247329.0,0.0039590741605324276,0.017137035306886067,0.3597361076208392,Weak_Bear,0
2019-12-24,1871.658935546875,2215.60009765625,2243.550048828125,2211.14990234375,2239.0,1805896.0,-0.0072141074440018604,0.016666859078385044,0.3500003053802484,Weak_Bear,0
2019-12-26,1860.1268310546875,2201.949951171875,2229.0,2195.199951171875,2216.39990234375,1880367.0,-0.006161434796248311,0.016824605948500933,0.3736017159458503,Weak_Bear,0
2019-12-27,1857.2130126953125,2198.5,2226.39990234375,2176.0,2208.0,2720261.0,-0.001566462195334739,0.016763070566557754,0.40430293233327835,Weak_Bear,0
2019-12-30,1844.28759765625,2183.199951171875,2225.0,2177.10009765625,2207.0,2288830.0,-0.006959575961781761,0.016581856274386554,0.41584317255244496,Weak_Bear,0
2019-12-31,1826.1256103515625,2161.699951171875,2197.0,2157.449951171875,2189.0,1909289.0,-0.009847698009664008,0.016280674760933436,0.455264349445229,Weak_Bear,0
2020-01-01,1831.110107421875,2167.60009765625,2183.89990234375,2154.0,2168.0,1354908.0,0.002729547760601747,0.0160610599927071,0.47992532011823025,Weak_Bear,0
2020-01-02,1822.7044677734373,2157.64990234375,2179.949951171875,2149.199951171875,2179.949951171875,2380752.0,-0.0045904610620453035,0.015944566266045627,0.4738611449855869,Weak_Bear,0
2020-01-03,1859.029052734375,2200.64990234375,2223.0,2164.0,2164.0,4655761.0,0.01992894931854239,0.015904520523443245,0.49673975127275233,Weak_Bear,0
2020-01-06,1858.859619140625,2200.449951171875,2225.949951171875,2187.89990234375,2205.0,3023209.0,-9.114090686257459e-05,0.01591008898505231,0.4455836256853214,Weak_Bear,0
2020-01-07,1863.4219970703125,2205.85009765625,2214.64990234375,2183.800048828125,2200.5,2429317.0,0.002454396169946804,0.014062131193018754,0.41650466318533924,Weak_Bear,0
2020-01-08,1905.1536865234373,2255.25,2260.0,2202.050048828125,2205.0,5197454.0,0.022395189881162514,0.013183375147053254,0.38615601995953364,Weak_Bear,0
2020-01-09,1870.6024169921875,2214.35009765625,2251.949951171875,2210.0,2248.75,3734173.0,-0.018135686257574113,0.014042250459410262,0.38522727997673645,Weak_Bear,0
2020-01-10,1869.9267578125,2213.550048828125,2234.0,2208.0,2228.0,1915807.0,-0.00036119870986472957,0.013675717527322936,0.39124001070762626,Weak_Bear,0
2020-01-13,1850.328125,2190.35009765625,2218.949951171875,2184.699951171875,2217.85009765625,2843893.0,-0.010480962813445793,0.013197299736749345,0.41797442759030173,Weak_Bear,0
2020-01-14,1864.3089599609373,2206.89990234375,2229.800048828125,2195.0,2195.0,2948452.0,0.007555867941496652,0.012010208827236545,0.45178913554052175,Weak_Bear,0
2020-01-15,1881.2041015625,2226.89990234375,2231.0,2194.199951171875,2213.0,2620681.0,0.009062415063389784,0.011540258239535112,0.4598853267487327,Weak_Bear,0
2020-01-16,1891.2567138671875,2238.800048828125,2249.0,2215.0,2226.949951171875,3117214.0,0.005343711666553341,0.011572407333740587,0.4392345941073247,Weak_Bear,0
2020-01-17,1874.6156005859373,2219.10009765625,2253.550048828125,2213.0,2240.75,3281059.0,-0.008798971159881819,0.009941610008715896,0.45621448075008414,Weak_Bear,0
2020-01-20,1833.4332275390625,2170.35009765625,2242.199951171875,2156.199951171875,2194.89990234375,5817599.0,-0.021968436107115852,0.011068283210987094,0.4237414564699539,Weak_Bear,0
2020-01-21,1834.02392578125,2171.050048828125,2186.550048828125,2158.050048828125,2169.949951171875,1902980.0,0.00032218148624929555,0.01100986715601218,0.375947029923661,Weak_Bear,0
2020-01-22,1864.3089599609373,2206.89990234375,2210.0,2173.699951171875,2181.0,1773686.0,0.016512889365271732,0.011603563394727278,0.365674551699037,Weak_Bear,0
2020-01-23,1855.03759765625,2190.949951171875,2217.75,2183.699951171875,2209.800048828125,2069866.0,-0.004973082522159555,0.011574073518633744,0.36520049672924737,Weak_Bear,0
2020-01-24,1848.6453857421875,2183.39990234375,2190.949951171875,2170.0,2190.949951171875,1319430.0,-0.003445866500031425,0.011594445055994959,0.38827819324207913,Weak_Bear,0
2020-01-27,1836.664794921875,2169.25,2193.449951171875,2165.0,2189.699951171875,1549101.0,-0.006480740391160866,0.0115801670565853,0.42568671383373374,Weak_Bear,0
2020-01-28,1848.94140625,2183.75,2187.800048828125,2152.0,2174.0,1743024.0,0.0066841872082854525,0.011440197618451544,0.4762523946558279,Weak_Bear,0
2020-01-29,1824.2615966796875,2154.60009765625,2186.949951171875,2150.0,2185.0,2306761.0,-0.013348075545762006,0.01184648963962546,0.48614846938901857,Weak_Bear,0
2020-01-30,1810.0794677734373,2137.85009765625,2165.0,2125.0,2160.0,2098567.0,-0.007774175004321204,0.01193080238916775,0.47765058118279036,Weak_Bear,0
2020-01-31,1760.2940673828125,2079.050048828125,2144.35009765625,2071.60009765625,2139.39990234375,3287223.0,-0.027504538489608654,0.012407172863175471,0.4495482305168413,Weak_Bear,0
2020-02-03,1780.148681640625,2102.5,2194.699951171875,2093.199951171875,2152.0,4728073.0,0.011279146266357731,0.012785407883979368,0.40805070346387795,Weak_Bear,0
2020-02-04,1784.593994140625,2107.75,2136.699951171875,2086.60009765625,2129.0,3509339.0,0.002497157987895182,0.012786210169911447,0.3691025203218325,Weak_Bear,0
2020-02-05,1817.4451904296875,2146.550048828125,2156.699951171875,2104.300048828125,2115.0,2439322.0,0.01840821856227426,0.012410068180988422,0.3900866860835286,Weak_Bear,0
2020-02-06,1802.035400390625,2128.35009765625,2174.199951171875,2115.5,2145.0,2640065.0,-0.008478819675117322,0.01193965447673191,0.4039567855193856,Weak_Bear,0
2020-02-07,1808.9786376953125,2136.550048828125,2151.0,2119.0,2139.0,2083442.0,0.003852997173741768,0.012003351358999053,0.40802549976755664,Weak_Bear,0
2020-02-10,1830.4840087890625,2161.949951171875,2167.0,2119.0,2140.89990234375,2383032.0,0.011888128828955402,0.012171958118122155,0.454570787504623,Weak_Bear,0
2020-02-11,1823.2451171875,2153.39990234375,2174.800048828125,2147.60009765625,2163.0,1335820.0,-0.003954632527137569,0.012044036769128292,0.5087368856275586,Weak_Bear,0
2020-02-12,1837.9349365234373,2170.75,2185.0,2150.0,2151.10009765625,1620407.0,0.008056963486400281,0.01200165635084803,0.5175033191862818,Weak_Bear,0
2020-02-13,1855.884521484375,2191.949951171875,2197.0,2171.0,2172.949951171875,1645948.0,0.00976616995751245,0.012166125054052313,0.4622503018462705,Weak_Bear,0
2020-02-14,1849.3228759765625,2184.199951171875,2212.0,2171.0,2188.0,1500115.0,-0.003535589327812505,0.012041944701687433,0.47602116571805575,Weak_Bear,0
2020-02-17,1865.451904296875,2203.25,2217.0,2190.199951171875,2196.949951171875,1774724.0,0.008721585900350215,0.01109516136166239,0.4528907774212851,Weak_Bear,0
2020-02-18,1876.035400390625,2215.75,2221.0,2186.050048828125,2199.949951171875,2486223.0,0.005673422117917992,0.011144281032067774,0.4123571463731946,Weak_Bear,0
2020-02-19,1859.60986328125,2196.35009765625,2230.0,2190.5,2215.75,1760463.0,-0.008755451579407825,0.010741008956448025,0.41861678196585345,Weak_Bear,0
2020-02-20,1826.1236572265625,2156.800048828125,2214.39990234375,2151.25,2204.5,2317278.0,-0.018007113597258373,0.011427556150260951,0.44751396617596617,Weak_Bear,0
2020-02-24,1791.028564453125,2115.35009765625,2178.949951171875,2106.699951171875,2156.0,3092877.0,-0.019218355030096057,0.01214695549868306,0.44058505549841936,Weak_Bear,0
2020-02-25,1825.5733642578125,2156.14990234375,2176.64990234375,2111.0,2115.5,2674567.0,0.01928768780705381,0.012933296574621066,0.4907407034176798,Weak_Bear,0
2020-02-26,1798.0137939453125,2123.60009765625,2163.89990234375,2112.949951171875,2154.0,2686842.0,-0.01509639155132192,0.013234563086599932,0.5206490210183224,Weak_Bear,0
2020-02-27,1782.68896484375,2105.5,2119.949951171875,2086.199951171875,2119.949951171875,2349001.0,-0.008523198850402536,0.013046255053111973,0.4857257647577165,Weak_Bear,0
2020-02-28,1693.4912109375,2000.1500244140625,2069.5,1990.0,2068.0,4298076.0,-0.050035511334456495,0.017009585550255116,0.3888155349651019,Weak_Bear,0
2020-03-02,1694.464599609375,2001.300048828125,2053.949951171875,1985.699951171875,2035.0,2667076.0,0.0005747822401369618,0.01602696113638322,0.4099231992542775,Weak_Bear,0
2020-03-03,1724.013671875,2036.199951171875,2060.0,2012.0,2020.0,2757585.0,0.01743858931749709,0.016347092743444466,0.3893766600952369,Weak_Bear,0
2020-03-04,1763.8076171875,2083.199951171875,2094.449951171875,2025.0,2056.0,3237002.0,0.023082151819144858,0.01723412331564488,0.34624162879641107,Weak_Bear,0
2020-03-05,1799.2415771484375,2125.050048828125,2147.75,2084.050048828125,2085.699951171875,3937056.0,0.020089469858078468,0.017334718315443375,0.30522036776323164,Weak_Bear,0
2020-03-06,1791.9600830078125,2116.449951171875,2123.64990234375,2071.60009765625,2098.0,2595027.0,-0.004046979701394671,0.01725359052418189,0.30211054767833034,Weak_Bear,0
2020-03-09,1669.953125,1972.3499755859373,2079.89990234375,1935.0,2075.0,4940975.0,-0.06808575657724658,0.022939722374535676,0.30741652815912746,High_Volatility,2
2020-03-11,1654.16259765625,1953.699951171875,1987.300048828125,1920.0,1933.0,6796449.0,-0.00945567100498701,0.022669589006580712,0.36972540712021335,High_Volatility,2
2020-03-12,1498.500244140625,1769.8499755859375,1908.4000244140625,1758.3499755859375,1904.0,8728786.0,-0.09410341748518547,0.030202932755809188,0.5460754804496164,High_Volatility,2
2020-03-13,1529.3614501953125,1806.300048828125,1820.0,1506.050048828125,1687.9000244140625,8029720.0,0.020594728746531565,0.030708230561597268,0.5328570868249753,High_Volatility,2
2020-03-16,1436.311279296875,1696.4000244140625,1842.25,1675.8499755859375,1755.0,7844271.0,-0.06084249795007857,0.03248323681721024,0.5237440389554048,High_Volatility,2
2020-03-17,1403.798583984375,1658.0,1731.0,1623.1500244140625,1730.0,5713248.0,-0.02263624590375435,0.032495496966279326,0.5728104158707383,High_Volatility,2
2020-03-18,1400.750732421875,1654.4000244140625,1713.550048828125,1627.75,1676.800048828125,7258778.0,-0.002171145915996986,0.032199256797036155,0.5687388497848038,High_Volatility,2
2020-03-19,1395.5908203125,1636.3499755859375,1685.449951171875,1546.75,1559.699951171875,5135111.0,-0.0036836761815955965,0.031969927026286066,0.5692832446696755,High_Volatility,2
2020-03-20,1532.987548828125,1797.449951171875,1869.0,1627.0,1630.0,8547498.0,0.09845058201576529,0.04071786737780646,0.565187957050531,High_Volatility,2
2020-03-23,1424.03369140625,1669.699951171875,1750.0,1617.75,1620.0,7003490.0,-0.07107289129984362,0.04301238143339897,0.556487066662998,High_Volatility,2
2020-03-24,1452.562255859375,1703.1500244140625,1770.0,1632.8499755859375,1653.050048828125,6350865.0,0.020033630261200308,0.04353271663748021,0.5752205398464422,High_Volatility,2
2020-03-25,1492.775390625,1750.300048828125,1810.0,1680.0,1700.0,2765520.0,0.02768427625281622,0.043864285104126016,0.6203051716025851,High_Volatility,2
2020-03-26,1527.444091796875,1790.949951171875,1832.050048828125,1722.550048828125,1831.5999755859373,4556067.0,0.023224325233121457,0.04442152718975426,0.6209180567054117,High_Volatility,2
2020-03-27,1556.05810546875,1824.5,1850.0,1750.4000244140625,1820.0,4331250.0,0.018733264166948205,0.04479450265057453,0.6039954562036004,High_Volatility,2
2020-03-30,1516.8262939453125,1778.5,1905.0,1763.550048828125,1766.0,8513547.0,-0.02521230498113003,0.04383834861849651,0.5229781958034737,High_Volatility,2
2020-03-31,1557.4224853515625,1826.0999755859373,1855.0,1780.0,1837.4000244140625,3927593.0,0.02676390274106999,0.0443878119202992,0.5346399087050021,High_Volatility,2
2020-04-01,1457.338134765625,1708.75,1834.75,1702.0,1825.9000244140625,4941878.0,-0.06426281341594031,0.04610874262381225,0.5073624131012413,High_Volatility,2
2020-04-03,1410.8145751953125,1654.199951171875,1740.0,1650.0,1740.0,5735369.0,-0.03192365482002202,0.04583794661986158,0.47310799404870774,High_Volatility,2
2020-04-07,1514.01123046875,1775.199951171875,1785.8499755859375,1705.0,1710.0,5427577.0,0.07314685933064657,0.04909641514696989,0.48655166265515315,High_Volatility,2
2020-04-08,1454.5238037109375,1705.449951171875,1806.0,1701.0,1760.0,6285615.0,-0.039291271795516836,0.049598044180920405,0.4959431909034365,High_Volatility,2
2020-04-09,1506.29296875,1766.1500244140625,1778.800048828125,1731.199951171875,1750.449951171875,5307397.0,0.0355918307469314,0.04852661536184988,0.5245734307575306,High_Volatility,2
2020-04-13,1500.4083251953125,1759.25,1787.0,1746.0,1761.0,2990438.0,-0.003906705851233538,0.048509771234612774,0.5808336669164961,High_Volatility,2
2020-04-15,1479.8544921875,1735.1500244140625,1812.0,1727.800048828125,1785.0,4761399.0,-0.013698826287928623,0.04372270003141403,0.5850604229440194,High_Volatility,2
2020-04-16,1463.5643310546875,1716.050048828125,1764.9000244140625,1675.050048828125,1709.949951171875,6245533.0,-0.011007947888668879,0.0435203280151102,0.5735671239562065,High_Volatility,2
2020-04-17,1540.4501953125,1806.199951171875,1851.949951171875,1753.0,1800.0,9895823.0,0.05253330012655222,0.0427337494489383,0.49765371527609525,High_Volatility,2
2020-04-20,1551.0687255859375,1818.6500244140625,1830.0,1802.5,1830.0,3244282.0,0.006893134426383396,0.0422592467280625,0.5237356719064327,High_Volatility,2
2020-04-21,1481.9864501953125,1737.6500244140625,1794.5999755859375,1727.699951171875,1765.0,5122541.0,-0.04453850061642384,0.04371871879730899,0.4881041254169957,High_Volatility,2
2020-04-22,1509.150390625,1769.5,1790.0,1719.1500244140625,1737.6500244140625,3829836.0,0.018329412138759826,0.04379946430261796,0.4703423895355958,High_Volatility,2
2020-04-23,1601.8997802734375,1878.25,1900.0,1760.8499755859375,1780.0,5934366.0,0.061458016526786396,0.04027698990031987,0.49168979128157025,High_Volatility,2
2020-04-24,1550.983154296875,1818.550048828125,1851.949951171875,1807.800048828125,1840.699951171875,2987102.0,-0.03178515073388122,0.03732543521278081,0.5343337048532968,High_Volatility,2
2020-04-27,1566.3775634765625,1836.5999755859373,1875.0,1825.0,1832.300048828125,3374741.0,0.009925581162528063,0.03717842347514519,0.5563950173406166,High_Volatility,2
2020-04-28,1585.5247802734375,1859.050048828125,1868.0,1832.5999755859373,1865.0,2678505.0,0.012223883464199892,0.036828613046278456,0.6100905679337613,High_Volatility,2
2020-04-29,1625.268310546875,1905.6500244140625,1912.550048828125,1850.050048828125,1874.0,4241510.0,0.0250664832034877,0.036882383284925935,0.6160381764062789,High_Volatility,2
2020-04-30,1718.0599365234375,2014.449951171875,2032.0,1942.199951171875,1980.0,5915544.0,0.05709311217994495,0.038657171732221274,0.5691871128710807,High_Volatility,2
2020-05-04,1646.4189453125,1930.449951171875,1966.0,1913.6500244140625,1966.0,3729348.0,-0.0416987729519529,0.03951658717135393,0.47672059773758646,High_Volatility,2
2020-05-05,1648.380859375,1932.75,1977.0,1927.0,1955.0999755859373,2905528.0,0.001191625052715528,0.039182363589128036,0.47710458373149656,High_Volatility,2
2020-05-06,1623.5198974609375,1903.5999755859373,1953.699951171875,1893.5999755859373,1939.800048828125,3517431.0,-0.015082049620188331,0.036125412251337155,0.4673958287711041,High_Volatility,2
2020-05-07,1613.328369140625,1891.6500244140625,1934.449951171875,1883.3499755859373,1910.0,3166754.0,-0.0062774274194306035,0.035149435463730394,0.4505814281446177,High_Volatility,2
2020-05-08,1614.8206787109375,1893.4000244140625,1939.5,1886.25,1939.0999755859373,2686530.0,0.000924988117023906,0.03155563885143269,0.47683800298823636,High_Volatility,2
2020-05-11,1650.5556640625,1935.300048828125,1951.4000244140625,1909.0,1909.0,2449841.0,0.022129383047093887,0.03010727832995426,0.5170886209681019,High_Volatility,2
2020-05-12,1662.666259765625,1949.5,1956.5,1910.25,1933.4000244140625,3256595.0,0.007337284023076984,0.02933663600034423,0.5502944248693211,High_Volatility,2
2020-05-13,1662.7945556640625,1949.6500244140625,1994.0,1925.6500244140625,1994.0,2656665.0,7.71627484974502e-05,0.029283913783817228,0.6086896911660252,High_Volatility,2
2020-05-14,1622.45361328125,1902.3499755859373,1923.0999755859373,1891.0999755859373,1910.0,2263146.0,-0.024260930038167983,0.02974107638944847,0.6037647065420652,High_Volatility,2
2020-05-15,1614.39404296875,1892.9000244140625,1917.4000244140625,1865.199951171875,1916.0,3173682.0,-0.004967519716141733,0.02960001056276166,0.5605643931484855,High_Volatility,2
2020-05-18,1659.3402099609375,1945.5999755859373,1952.949951171875,1872.0999755859373,1907.0,3727694.0,0.027840890015633946,0.027999142956273076,0.48240043803661314,High_Volatility,2
2020-05-19,1661.94140625,1948.6500244140625,1966.449951171875,1903.0,1903.0,3198693.0,0.0015676087841707265,0.027996445149810176,0.5095792342423355,High_Volatility,2
2020-05-20,1666.1629638671875,1953.5999755859373,1962.9000244140625,1931.699951171875,1950.0,2778505.0,0.0025401362534873684,0.025591694123228464,0.579015655447708,High_Volatility,2
2020-05-21,1698.231201171875,1991.199951171875,1998.0,1941.1500244140625,1946.0,3400908.0,0.019246759170697514,0.02561542315472879,0.5656468851675586,High_Volatility,2
2020-05-22,1723.092041015625,2020.3499755859373,2032.0,1961.25,1977.0999755859373,3663418.0,0.014639255141817298,0.022216164089862368,0.6058991487248927,Normal_Market,1
2020-05-26,1657.12255859375,1943.0,2024.0,1925.0,2015.0,4575317.0,-0.03828552442444766,0.022805242612710885,0.6987037652611187,Normal_Market,1
2020-05-27,1710.2567138671875,2005.300048828125,2010.0,1941.25,1959.0,3482160.0,0.032064107146382526,0.023651960886318615,0.7085641727341937,Normal_Market,1
2020-05-28,1709.4036865234375,2004.300048828125,2014.0,1971.300048828125,1988.5,3475681.0,-0.000498771521744934,0.02360911284543322,0.72505247800436,Normal_Market,1
2020-05-29,1682.1544189453125,1972.3499755859373,2002.6500244140625,1962.4000244140625,1982.0,7237735.0,-0.015940803095811806,0.023466470440064467,0.6637958988888334,Normal_Market,1
2020-06-01,1744.32861328125,2045.25,2060.0,1981.0999755859373,1990.0,3747773.0,0.03696105044560638,0.02131081364350363,0.6265235381338077,Normal_Market,1
2020-06-02,1745.9490966796875,2047.1500244140625,2081.0,2040.050048828125,2060.199951171875,2443886.0,0.0009290012134750558,0.01880218859157016,0.5950538407628645,Normal_Market,1
2020-06-03,1750.225830078125,2046.1500244140625,2063.75,2020.0,2051.85009765625,3699799.0,0.0024495178047119204,0.018797548275996414,0.5755158012154444,Normal_Market,1
2020-06-04,1789.06005859375,2091.550048828125,2100.0,2046.75,2046.75,4048593.0,0.022188124439856738,0.018740231101145872,0.5683565883210683,Normal_Market,1
2020-06-05,1752.0218505859375,2048.25,2098.0,2040.300048828125,2091.60009765625,3573289.0,-0.020702607399846307,0.019462144893425824,0.5484516469403019,Weak_Bear,0
2020-06-08,1772.1231689453125,2071.75,2095.0,2062.10009765625,2078.25,2957841.0,0.011473212136396738,0.019508399524292133,0.5622254973318147,Normal_Market,1
2020-06-09,1772.3798828125,2072.050048828125,2095.5,2060.25,2063.10009765625,2909439.0,0.0001448623163933238,0.019097951311051662,0.6291002612295407,Normal_Market,1
2020-06-10,1803.772216796875,2108.75,2132.0,2073.5,2077.050048828125,5168397.0,0.017711966993531947,0.019340159917917116,0.6039064670740212,Normal_Market,1
2020-06-11,1768.61669921875,2067.64990234375,2105.0,2061.800048828125,2100.0,2269513.0,-0.01948999837715315,0.02004491339055609,0.6358460757506187,Normal_Market,1
2020-06-12,1744.5380859375,2039.5,2049.199951171875,2011.0,2011.199951171875,2842642.0,-0.013614376304309617,0.019406199723198663,0.6190570362558773,Normal_Market,1
2020-06-15,1736.325927734375,2029.9000244140625,2059.0,2000.949951171875,2039.0999755859373,2399022.0,-0.004707353923266044,0.019400090568565,0.6053021301011582,Normal_Market,1
2020-06-16,1749.9268798828125,2045.800048828125,2073.949951171875,2031.0,2065.0,2146528.0,0.007833179203966978,0.018595738047052387,0.5454131266070544,Weak_Bear,0
2020-06-17,1751.6373291015625,2047.800048828125,2058.85009765625,2026.550048828125,2046.0,2703527.0,0.0009774403938891396,0.01859830719127684,0.5207676163561334,Weak_Bear,0
2020-06-18,1743.3399658203125,2038.0999755859373,2059.199951171875,2025.199951171875,2045.0,1944389.0,-0.004736918506701326,0.018674602225677805,0.5319297104194665,Weak_Bear,0
2020-06-19,1748.900146484375,2044.5999755859373,2090.0,2032.0,2042.0,5681758.0,0.0031893840404479956,0.018254089009857807,0.5215376289164665,Weak_Bear,0
2020-06-22,1734.657958984375,2027.949951171875,2052.25,2019.1500244140625,2050.0,3196138.0,-0.00814351095380117,0.01810977763323873,0.5146939906745357,Weak_Bear,0
2020-06-23,1740.9454345703125,2035.300048828125,2044.0,2010.0,2027.0,4205944.0,0.003624619800908002,0.01564368058894166,0.5622274606489679,Weak_Bear,0
2020-06-24,1746.8468017578125,2042.199951171875,2064.25,2031.5999755859373,2034.0,2560937.0,0.0033897485069407374,0.014030650273701923,0.5706552453525955,Weak_Bear,0
2020-06-25,1724.5216064453125,2016.0999755859373,2060.0,2009.25,2035.0,3043931.0,-0.012780282329300285,0.014371321445406957,0.5950253534100778,Weak_Bear,0
2020-06-26,1812.411865234375,2118.85009765625,2132.0,2019.949951171875,2025.0,6300722.0,0.05096500876566412,0.017728509075878696,0.5717791682502826,Normal_Market,1
2020-06-29,1797.6988525390625,2101.64990234375,2127.60009765625,2091.300048828125,2108.0,3076341.0,-0.008117918988248207,0.01609179086493056,0.5554745845435844,Weak_Bear,0
2020-06-30,1781.018798828125,2082.14990234375,2111.89990234375,2075.050048828125,2100.0,3071725.0,-0.009278558356633937,0.0162759868519769,0.5217622487524445,Weak_Bear,0
2020-07-01,1789.4876708984375,2092.050048828125,2113.949951171875,2079.5,2079.699951171875,2503466.0,0.004755071690363266,0.016294062853703634,0.5357828543510921,Weak_Bear,0
2020-07-02,1845.172607421875,2157.14990234375,2165.0,2098.0,2102.0,3758699.0,0.031117809543488084,0.017005280918413013,0.5276207726537044,Weak_Bear,0
2020-07-03,1881.526123046875,2199.64990234375,2205.0,2160.25,2163.64990234375,4185208.0,0.01970195930655727,0.01660144557244226,0.4870836301379867,Weak_Bear,0
2020-07-06,1935.88525390625,2263.199951171875,2269.89990234375,2205.0,2205.0,5190366.0,0.02889097854849232,0.01746503096156939,0.51626495925927,Weak_Bear,0
2020-07-07,1941.61572265625,2269.89990234375,2302.699951171875,2232.14990234375,2275.0,5630055.0,0.002960128312583077,0.017438799842140914,0.5693935046902273,Normal_Market,1
2020-07-08,1897.9913330078125,2218.89990234375,2274.39990234375,2207.60009765625,2270.0,2793358.0,-0.02246808631563646,0.018161835107768854,0.5939594691548996,Normal_Market,1
2020-07-09,1885.546630859375,2204.35009765625,2244.5,2191.050048828125,2229.0,3443998.0,-0.006556775013675131,0.017549978126347947,0.6277634475782126,Normal_Market,1
2020-07-10,1900.9429931640625,2222.35009765625,2249.85009765625,2176.0,2205.25,9610320.0,0.008165463559853814,0.01711218417399138,0.6025401450272931,Normal_Market,1
2020-07-13,1898.9324951171875,2220.0,2244.949951171875,2210.0,2220.0,2963503.0,-0.0010576319511447219,0.01702876937136502,0.6047546794363662,Normal_Market,1
2020-07-14,1857.831787109375,2171.949951171875,2239.0,2165.0,2210.0,2976738.0,-0.021644112212254374,0.017984973224253676,0.6201324694657189,Normal_Market,1
2020-07-15,1910.8223876953125,2233.89990234375,2260.0,2181.10009765625,2185.0,5569321.0,0.028522819425103263,0.018844202991355297,0.5874518757059052,Normal_Market,1
2020-07-16,1915.8372802734373,2234.75,2333.0,2220.10009765625,2244.0,8582118.0,0.002624468192553131,0.018725293502641165,0.576233505057293,Normal_Market,1
2020-07-17,1886.6898193359373,2200.75,2243.89990234375,2190.050048828125,2237.0,4509135.0,-0.015213954356990023,0.019258012625475825,0.5501230533948223,Weak_Bear,0
2020-07-20,1892.8192138671875,2207.89990234375,2226.89990234375,2190.800048828125,2201.0,2952646.0,0.0032487558200784417,0.01904810889711859,0.5180480079114358,Weak_Bear,0
2020-07-21,1907.5216064453125,2225.050048828125,2238.64990234375,2201.14990234375,2230.0,2665286.0,0.007767457383363485,0.019060124387493684,0.5542505461425732,Normal_Market,1
2020-07-22,1878.2882080078125,2190.949951171875,2231.0,2184.199951171875,2231.0,2861534.0,-0.015325330176456986,0.01958264546240446,0.5830636103112655,Normal_Market,1
2020-07-23,1861.3565673828125,2171.199951171875,2190.949951171875,2163.0,2190.949951171875,2265766.0,-0.009014399682016005,0.01943221637189189,0.6086381737268592,Normal_Market,1
2020-07-24,1849.5255126953125,2157.39990234375,2163.0,2125.10009765625,2154.5,3665100.0,-0.0063561463154452325,0.01607893189587409,0.5850761916068655,Normal_Market,1
2020-07-27,1891.8765869140625,2206.800048828125,2215.0,2163.5,2165.0,4248480.0,0.022898345509725804,0.016625862860505956,0.5788391433881078,Normal_Market,1
2020-07-28,1980.134765625,2309.75,2320.0,2215.0,2215.0,8092319.0,0.04665112900144286,0.019036309174036953,0.5905568518563835,Normal_Market,1
2020-07-29,1951.244140625,2276.050048828125,2342.0,2246.050048828125,2292.0,6090431.0,-0.014590231686014143,0.019559555969854644,0.5910261845057285,Normal_Market,1
2020-07-30,1954.201416015625,2279.5,2358.0,2272.25,2285.89990234375,7098496.0,0.0015155845078811403,0.018533735721648202,0.5819297093693164,Normal_Market,1
2020-07-31,1955.8299560546875,2281.39990234375,2334.800048828125,2257.449951171875,2303.14990234375,4723290.0,0.0008333532182076553,0.018116269034150916,0.552162786720475,Weak_Bear,0
2020-08-03,1932.4693603515625,2254.14990234375,2303.85009765625,2230.699951171875,2290.449951171875,4012337.0,-0.01194408319128526,0.01721578893915156,0.528567232105285,Weak_Bear,0
2020-08-04,1928.654052734375,2249.699951171875,2269.64990234375,2225.050048828125,2259.949951171875,2927928.0,-0.001974317262392944,0.017207257083265485,0.5584256294476443,Weak_Bear,0
2020-08-05,1937.055908203125,2259.5,2300.0,2253.0,2260.0,3800641.0,0.004356331015838766,0.01640667139424243,0.613831434889833,Normal_Market,1
2020-08-06,1978.72021484375,2308.10009765625,2319.5,2265.35009765625,2275.0,4748047.0,0.021509088335645465,0.016905890756491147,0.6946722779539114,Normal_Market,1
2020-08-07,1967.789794921875,2295.35009765625,2328.0,2287.0,2308.0,3165491.0,-0.005523984563294171,0.016943593612208527,0.7009727656876847,Normal_Market,1
2020-08-10,1957.03076171875,2282.800048828125,2325.0,2276.050048828125,2318.0,2929353.0,-0.005467572415961297,0.017012173586602168,0.7142040439010358,Normal_Market,1
2020-08-11,1954.5443115234373,2279.89990234375,2312.0,2275.60009765625,2283.0,2774423.0,-0.0012705217740823782,0.016131507112990034,0.734126480526497,Normal_Market,1
2020-08-12,1935.212890625,2257.35009765625,2296.39990234375,2246.550048828125,2288.35009765625,3415751.0,-0.009890500197137886,0.015147199016849766,0.7277917856557737,Normal_Market,1
2020-08-13,1932.7266845703125,2254.449951171875,2300.0,2250.5,2273.0,2695682.0,-0.0012847196640388692,0.015146846796253229,0.72205375336864,Normal_Market,1
2020-08-14,1922.181640625,2242.14990234375,2281.300048828125,2233.10009765625,2277.0,2270405.0,-0.005456045093958473,0.014764815492498697,0.7211101325925146,Normal_Market,1
2020-08-17,1931.826171875,2253.39990234375,2270.0,2238.25,2263.0,2625630.0,0.005017492127780354,0.014784063274106772,0.6940028618799688,Normal_Market,1
2020-08-18,1945.842529296875,2269.75,2289.0,2248.300048828125,2262.800048828125,3493374.0,0.007255496185907262,0.014772390920947391,0.7122186524052161,Normal_Market,1
2020-08-19,1934.569580078125,2256.60009765625,2284.60009765625,2252.5,2276.35009765625,2843005.0,-0.005793351234245736,0.01436276106225609,0.7109925475817176,Normal_Market,1
2020-08-20,1931.3551025390625,2252.85009765625,2276.550048828125,2240.050048828125,2257.0,2895164.0,-0.0016615983070160656,0.014170294284531931,0.7259229125313339,Normal_Market,1
2020-08-21,1927.7110595703125,2248.60009765625,2271.0,2241.050048828125,2260.0,1975294.0,-0.0018867804082011164,0.014067424840428049,0.751095598148607,Normal_Market,1
2020-08-24,1927.2823486328125,2248.10009765625,2259.949951171875,2230.0,2250.60009765625,2167966.0,-0.00022239377388622028,0.01319696949709303,0.7653914510135126,Normal_Market,1
2020-08-25,1922.610107421875,2242.64990234375,2250.0,2233.550048828125,2245.0,1663419.0,-0.002424263997567344,0.007668000169413774,0.7781572140471443,Normal_Market,1
2020-08-26,1931.912109375,2253.5,2259.89990234375,2216.449951171875,2242.0,2618149.0,0.004838215464080031,0.007126601839406304,0.8044481427217567,Normal_Market,1
2020-08-27,1927.5396728515625,2248.39990234375,2287.35009765625,2241.75,2266.0,3579393.0,-0.0022632688631223363,0.0071211756983577375,0.779134632509566,Normal_Market,1
2020-08-28,1919.0955810546875,2238.550048828125,2279.949951171875,2235.10009765625,2268.39990234375,2941136.0,-0.004380761608077766,0.007158868186619692,0.7239512255848854,Normal_Market,1
2020-08-31,1935.1270751953125,2257.25,2276.199951171875,2228.0,2240.0,6018154.0,0.008353671541369678,0.0069499950825670466,0.7039649061956788,Normal_Market,1
2020-09-01,1925.782470703125,2246.35009765625,2278.0,2241.300048828125,2269.0,3610908.0,-0.0048289358419753015,0.007023576493261734,0.7265144005053467,Normal_Market,1
2020-09-02,1941.8990478515625,2265.14990234375,2268.75,2241.64990234375,2247.0,2084137.0,0.008368846115082373,0.007210912429177094,0.7423079400798296,Normal_Market,1
2020-09-03,1971.347412109375,2299.5,2324.0,2268.0,2268.0,4654146.0,0.01516472459801288,0.006304380739504871,0.7677796610567861,Normal_Market,1
2020-09-04,1962.174560546875,2288.800048828125,2324.25,2262.949951171875,2275.0,5231303.0,-0.004653087277338375,0.006268342773373587,0.7972358294367153,Normal_Market,1
2020-09-07,1994.9659423828125,2327.050048828125,2343.5,2283.35009765625,2289.0,4620401.0,0.01671175566907679,0.007170315085890868,0.8020788435320854,Normal_Market,1
2020-09-08,2013.097900390625,2348.199951171875,2390.449951171875,2327.050048828125,2335.949951171875,7453998.0,0.009088855916084215,0.007370211951639042,0.8317078600048071,Normal_Market,1
2020-09-09,1995.4801025390625,2327.64990234375,2359.0,2320.0,2325.0,3866535.0,-0.008751585229980097,0.007281414814753799,0.8538464340741121,Normal_Market,1
2020-09-10,1998.4803466796875,2331.14990234375,2348.5,2324.300048828125,2335.0,2308813.0,0.001503519948310883,0.007250717694945557,0.7921746984040876,Normal_Market,1
2020-09-11,2035.302001953125,2374.10009765625,2383.0,2330.14990234375,2330.949951171875,4145424.0,0.018424827311718905,0.007943643112777623,0.7365293567600141,Normal_Market,1
2020-09-14,2135.861328125,2491.39990234375,2505.75,2381.85009765625,2384.10009765625,7512131.0,0.04940757001927776,0.013097789167064843,0.7564144979960119,Normal_Market,1
2020-09-15,2135.861328125,2491.39990234375,2538.0,2464.60009765625,2491.39990234375,7318770.0,0.0,0.013135736128572191,0.7679023891647166,Normal_Market,1
2020-09-16,2145.806396484375,2503.0,2507.60009765625,2477.300048828125,2488.949951171875,3074003.0,0.004656233168520041,0.012900009744996669,0.7563161625115217,Normal_Market,1
2020-09-17,2109.75732421875,2460.949951171875,2495.75,2450.60009765625,2480.0,4828176.0,-0.01679977854697734,0.013744728306123437,0.726013874779618,Normal_Market,1
2020-09-18,2100.284423828125,2449.89990234375,2500.39990234375,2436.39990234375,2485.0,4183256.0,-0.004490042661249083,0.013820664614393801,0.7671372411757302,Normal_Market,1
2020-09-21,2113.48681640625,2465.300048828125,2504.89990234375,2452.14990234375,2465.0,4598809.0,0.0062860022330029075,0.013783036367690137,0.8124927362252775,Normal_Market,1
2020-09-22,2162.909912109375,2522.949951171875,2555.0,2458.0,2485.0,7499613.0,0.02338462455477419,0.014279127988203773,0.816230872096871,Normal_Market,1
2020-09-23,2115.329833984375,2467.449951171875,2519.85009765625,2409.0,2510.0,7502280.0,-0.02199817840706897,0.015594486995923548,0.858691615202201,Normal_Market,1
2020-09-24,1999.4237060546875,2332.25,2450.0,2302.60009765625,2450.0,8424708.0,-0.05479340671490929,0.02048015571474469,0.8084790767951979,Normal_Market,1
2020-09-25,2076.623291015625,2422.300048828125,2440.0,2352.10009765625,2368.0,8228267.0,0.038610918099630576,0.0219733264524936,0.7604696821355632,Normal_Market,1
2020-09-28,2080.052490234375,2426.300048828125,2444.0,2366.0,2440.0,4347166.0,0.0016513342759787442,0.021957463868658145,0.732762008166635,Normal_Market,1
2020-09-29,2133.2900390625,2488.39990234375,2511.050048828125,2426.300048828125,2434.85009765625,6995811.0,0.025594329507582003,0.02237462981314682,0.7386639168148698,Normal_Market,1
2020-09-30,2136.633544921875,2492.300048828125,2505.0,2460.0,2489.0,3917166.0,0.0015673001786686847,0.022378313506264756,0.7432390354144838,Normal_Market,1
2020-10-01,2163.33837890625,2523.449951171875,2540.0,2492.300048828125,2510.0,2610337.0,0.012498555986750315,0.022322624313047355,0.7757787671807799,Normal_Market,1
2020-10-05,2319.665283203125,2705.800048828125,2728.10009765625,2603.050048828125,2620.0,17412105.0,0.07226188275544376,0.026772952569998797,0.8488677091340535,High_Volatility,2
2020-10-06,2326.95263671875,2714.300048828125,2736.0,2650.10009765625,2736.0,9846367.0,0.0031415538993462278,0.026732234593812885,0.7812027348943984,High_Volatility,2
2020-10-07,2345.513427734375,2735.949951171875,2770.0,2703.0,2742.0,9656101.0,0.007976436959970856,0.026731143356491027,0.7604554176416096,High_Volatility,2
2020-10-08,2422.455078125,2825.699951171875,2885.0,2800.0,2800.0,19839329.0,0.03280375609059982,0.026973911305898695,0.7737693920618678,High_Volatility,2
2020-10-09,2411.52490234375,2812.949951171875,2829.85009765625,2780.0,2810.0,7739245.0,-0.00451202413615448,0.027107835680679607,0.7872117240663732,High_Volatility,2
2020-10-12,2426.1416015625,2830.0,2854.0,2800.75,2815.5,4623203.0,0.006061185271005964,0.02704129668324696,0.7640604970065282,High_Volatility,2
2020-10-13,2423.18408203125,2826.550048828125,2854.89990234375,2812.199951171875,2845.0,4209878.0,-0.0012190218119771945,0.025395456967212206,0.7652320473171274,Normal_Market,1
2020-10-14,2418.9228515625,2809.60009765625,2842.0,2787.550048828125,2842.0,4395936.0,-0.0017585252809922958,0.02542266462179153,0.7410602174713601,Normal_Market,1
2020-10-15,2359.517333984375,2740.60009765625,2827.75,2727.0,2811.0,6629355.0,-0.02455866566383136,0.02635904748774763,0.7582064394216764,High_Volatility,2
2020-10-16,2379.060302734375,2763.300048828125,2771.64990234375,2731.300048828125,2750.10009765625,5273773.0,0.008282612917701604,0.025854850429262066,0.8067157749927687,Normal_Market,1
2020-10-19,2334.507080078125,2711.550048828125,2774.0,2706.60009765625,2774.0,3331194.0,-0.018727235541294518,0.026359778742017195,0.8095902998123764,High_Volatility,2
2020-10-20,2358.13916015625,2739.0,2759.89990234375,2717.949951171875,2725.0,3406273.0,0.01012294213189291,0.026378778075685613,0.7904981664210378,High_Volatility,2
2020-10-21,2303.3828125,2675.39990234375,2749.0,2663.050048828125,2739.0,4570143.0,-0.02322015111806286,0.026800557683943543,0.7620248374494079,High_Volatility,2
2020-10-22,2299.72412109375,2671.14990234375,2686.64990234375,2638.10009765625,2661.0,5262294.0,-0.0015883991954767085,0.026159905327416154,0.7501357481902773,Normal_Market,1
2020-10-23,2313.1982421875,2686.800048828125,2702.0,2670.10009765625,2687.800048828125,3499091.0,0.005859016292502739,0.0221282033589631,0.7607261066129732,Normal_Market,1
2020-10-26,2314.4033203125,2688.199951171875,2709.949951171875,2670.5,2689.949951171875,2672752.0,0.0005209575655999998,0.020919639627398047,0.7248468086217569,Normal_Market,1
2020-10-27,2264.425048828125,2630.14990234375,2718.14990234375,2624.10009765625,2699.75,3537502.0,-0.02159445203251209,0.021780827775519207,0.7322240016809004,Normal_Market,1
2020-10-28,2257.581787109375,2622.199951171875,2655.949951171875,2606.0,2650.0,3569445.0,-0.003022074730312463,0.021254045225708732,0.7348090531269639,Normal_Market,1
2020-10-29,2266.57763671875,2632.64990234375,2655.0,2600.25,2608.0,3105968.0,0.003984728110733693,0.021252074420597476,0.7177190816629562,Normal_Market,1
2020-10-30,2294.30078125,2664.85009765625,2674.35009765625,2621.60009765625,2636.10009765625,3427003.0,0.012231279477099122,0.02124597994211326,0.7371168333813825,Normal_Market,1
2020-11-02,2242.427978515625,2604.60009765625,2664.85009765625,2600.050048828125,2660.0,2571196.0,-0.022609416846431585,0.01453479162367716,0.7368573904185206,Normal_Market,1
2020-11-03,2267.3955078125,2633.60009765625,2665.0,2601.050048828125,2604.0,2879269.0,0.011134149919678649,0.014779583841238028,0.7476920272812744,Normal_Market,1
2020-11-04,2284.226318359375,2653.14990234375,2721.85009765625,2610.0,2610.0,4893928.0,0.007422970756042702,0.014762021743848738,0.7140379209660435,Normal_Market,1
2020-11-05,2312.250732421875,2685.699951171875,2710.0,2667.0,2685.0,2816502.0,0.012268667879909767,0.012863043998859913,0.7066764335472812,Normal_Market,1
2020-11-06,2330.976318359375,2707.449951171875,2713.25,2681.300048828125,2699.0,3884421.0,0.008098423615974681,0.013053781501877313,0.7007728915238823,Normal_Market,1
2020-11-09,2347.463623046875,2726.60009765625,2744.0,2695.10009765625,2731.10009765625,3646592.0,0.007073132643022451,0.013087022014777945,0.6806385039471716,Normal_Market,1
2020-11-10,2281.170654296875,2649.60009765625,2713.14990234375,2638.35009765625,2697.199951171875,4760020.0,-0.02824025390602458,0.01438031808716993,0.7180660156282244,Normal_Market,1
2020-11-11,2314.058837890625,2687.800048828125,2692.800048828125,2643.39990234375,2667.949951171875,3242441.0,0.014417239469480592,0.014894535497344182,0.7570048247440189,Normal_Market,1
2020-11-12,2299.63818359375,2671.050048828125,2713.0,2661.75,2686.0,2437505.0,-0.006231757836382412,0.013976008434463581,0.7520112583567836,Normal_Market,1
2020-11-13,2287.412841796875,2656.85009765625,2664.89990234375,2636.0,2655.75,2548093.0,-0.0053162022982979895,0.013820793302893453,0.7443760716533366,Normal_Market,1
2020-11-14,2299.03564453125,2670.35009765625,2689.0,2660.050048828125,2677.949951171875,298819.0,0.005081200263457708,0.013308331517539832,0.8018567880517562,Normal_Market,1
2020-11-17,2295.33349609375,2666.050048828125,2695.0,2650.050048828125,2695.0,2827273.0,-0.0016103049321163354,0.013063390258063459,0.8090730755864134,Normal_Market,1
2020-11-18,2261.411865234375,2626.64990234375,2664.199951171875,2607.050048828125,2661.0,2893762.0,-0.014778519512351318,0.012438161665141102,0.7483533887614802,Normal_Market,1
2020-11-19,2270.236328125,2636.89990234375,2676.14990234375,2630.85009765625,2637.0,4167501.0,0.0039021918237394093,0.012481407422518387,0.6909421749816077,Normal_Market,1
2020-11-20,2290.33935546875,2660.25,2676.0,2627.550048828125,2655.0,2711471.0,0.008855037290480317,0.012580222715228144,0.689740092062654,Normal_Market,1
2020-11-23,2345.4404296875,2724.25,2730.0,2665.0,2690.0,3706418.0,0.02405803929761885,0.013722049044372618,0.6464861220877615,Normal_Market,1
2020-11-24,2343.54638671875,2722.050048828125,2743.0,2705.0,2734.39990234375,3120516.0,-0.0008075425599286534,0.012688342496190963,0.6636706422458626,Normal_Market,1
2020-11-25,2325.681640625,2701.300048828125,2732.949951171875,2688.199951171875,2729.0,3302249.0,-0.007622953910787711,0.012821295953403837,0.6941701407116685,Normal_Market,1
2020-11-26,2342.29833984375,2720.60009765625,2730.949951171875,2680.0,2686.0,2341099.0,0.007144872680976411,0.012872051207296242,0.6636823534082318,Normal_Market,1
2020-11-27,2307.0419921875,2679.64990234375,2717.699951171875,2669.050048828125,2705.0,6086808.0,-0.01505203118514864,0.013142720817962934,0.6781117803376193,Normal_Market,1
2020-12-01,2347.636474609375,2726.800048828125,2735.89990234375,2624.449951171875,2679.0,3605017.0,0.01759590096727459,0.012503899159908106,0.7037726792932765,Normal_Market,1
2020-12-02,2367.22265625,2749.550048828125,2754.699951171875,2702.449951171875,2719.0,2509032.0,0.008342936332970341,0.012416195557906939,0.6930423469977676,Normal_Market,1
2020-12-03,2332.697998046875,2709.449951171875,2773.89990234375,2700.800048828125,2773.89990234375,2852548.0,-0.014584457491555458,0.012897615701694991,0.660746220852921,Normal_Market,1
2020-12-04,2348.281982421875,2727.550048828125,2738.85009765625,2699.0,2710.800048828125,2686527.0,0.006680669502888259,0.012702665452935101,0.6778820911110304,Normal_Market,1
2020-12-07,2357.02001953125,2737.699951171875,2744.0,2706.14990234375,2715.0,1996400.0,0.0037210340047677537,0.012608568634336766,0.7598856649220662,Normal_Market,1
2020-12-08,2408.333251953125,2797.300048828125,2805.550048828125,2732.449951171875,2740.0,4277818.0,0.021770384636817797,0.01340680112042195,0.7246362712506993,Normal_Market,1
2020-12-09,2419.955810546875,2810.800048828125,2840.0,2793.14990234375,2815.0,3659996.0,0.0048259760497531,0.011461280965641992,0.7443938235597293,Normal_Market,1
2020-12-10,2397.14013671875,2784.300048828125,2827.300048828125,2780.25,2818.0,2127801.0,-0.00942813655054675,0.011453492785222789,0.788049795482143,Normal_Market,1
2020-12-11,2396.5380859375,2783.60009765625,2807.699951171875,2764.550048828125,2792.699951171875,1795408.0,-0.0002511537694555033,0.011309172841831205,0.7660096633356718,Normal_Market,1
2020-12-14,2408.67724609375,2797.699951171875,2804.0,2756.25,2802.0,2483658.0,0.005065289897740577,0.011187181321740776,0.7763590273159862,Normal_Market,1
2020-12-15,2377.553955078125,2761.550048828125,2794.699951171875,2755.0,2786.0,2365509.0,-0.012921320640238876,0.011693663156695662,0.7682393932322671,Normal_Market,1
2020-12-16,2422.883056640625,2814.199951171875,2819.800048828125,2760.449951171875,2779.0,2565149.0,0.019065435493349492,0.012280592908386413,0.7294468455883225,Normal_Market,1
2020-12-17,2443.545166015625,2838.199951171875,2853.699951171875,2805.0,2811.0,2863460.0,0.008527902045610158,0.011614569682773888,0.6958476773896318,Normal_Market,1
2020-12-18,2463.17578125,2861.0,2898.0,2846.199951171875,2868.0,6076692.0,0.00803366170897668,0.011650464518612704,0.6891693372986802,Normal_Market,1
2020-12-21,2428.00537109375,2820.14990234375,2886.5,2785.0,2861.0,2705195.0,-0.014278481634957374,0.012289687445709624,0.7086010420215207,Normal_Market,1
2020-12-22,2473.07666015625,2872.5,2883.64990234375,2818.64990234375,2834.0,2881737.0,0.018563092816469506,0.011847470129999295,0.6848233494651244,Normal_Market,1
2020-12-23,2504.28515625,2908.75,2919.0,2865.449951171875,2876.050048828125,2790988.0,0.012619299917608906,0.012016302473246938,0.6961740780764901,Normal_Market,1
2020-12-24,2504.80224609375,2909.35009765625,2921.35009765625,2883.199951171875,2909.0,1807144.0,0.00020648201442208247,0.011763479560394039,0.7208850064527923,Normal_Market,1
2020-12-28,2522.064453125,2929.39990234375,2949.699951171875,2902.0,2910.0,2108994.0,0.006891644663034935,0.011759805613600035,0.698872944661492,Normal_Market,1
2020-12-29,2523.011474609375,2930.5,2952.0,2920.0,2920.0,1994151.0,0.00037549456089491784,0.010937453694032002,0.71993722179868,Normal_Market,1
2020-12-30,2504.7587890625,2909.300048828125,2947.699951171875,2902.0,2934.39990234375,2637968.0,-0.007234483762980526,0.010785805143843644,0.7775405365014321,Normal_Market,1
2020-12-31,2464.68212890625,2862.75,2905.0,2845.0,2900.0,4040956.0,-0.01600020741767716,0.011534283849463528,0.7934339554448662,Normal_Market,1
2021-01-01,2521.073974609375,2928.25,2940.0,2879.0,2880.0,2681440.0,0.022879966970893006,0.011725656530849681,0.7675911219154046,Normal_Market,1
2021-01-04,2616.811279296875,3039.449951171875,3050.75,2940.949951171875,2950.0,5113293.0,0.03797480980395829,0.013979763850078394,0.7763179369598114,Normal_Market,1
2021-01-05,2662.91552734375,3093.0,3114.25,3039.60009765625,3039.60009765625,5801309.0,0.01761848414963385,0.014228793887373936,0.8156901987347561,Normal_Market,1
2021-01-06,2627.185791015625,3051.5,3113.5,3037.199951171875,3100.0,3726716.0,-0.01341752525051565,0.014378866275211802,0.7905958889225695,Normal_Market,1
2021-01-07,2611.086669921875,3032.800048828125,3080.85009765625,3000.25,3075.0,3717827.0,-0.006127895921485771,0.014571353635142628,0.7727445797870387,Normal_Market,1
2021-01-08,2686.93603515625,3120.89990234375,3128.0,3060.0,3090.0,5879039.0,0.029048964980026737,0.01524250415649907,0.7989622017374396,Normal_Market,1
2021-01-11,2734.761962890625,3176.449951171875,3230.0,3146.550048828125,3230.0,9508039.0,0.01779942920434796,0.015396973599675927,0.7839136886359577,Normal_Market,1
2021-01-12,2733.384765625,3174.85009765625,3210.0,3150.0,3176.449951171875,3611458.0,-0.0005035894473862657,0.015478885796393237,0.7810479755611497,Normal_Market,1
2021-01-13,2719.6943359375,3158.949951171875,3177.0,3126.25,3175.0,3572801.0,-0.005008599542834391,0.015052796930070505,0.796034021980233,Normal_Market,1
2021-01-14,2804.012451171875,3250.699951171875,3266.5,3120.39990234375,3155.0,6931542.0,0.031002791056411017,0.01578160520056347,0.820809060374759,Normal_Market,1
2021-01-15,2789.047119140625,3233.35009765625,3274.0,3210.0,3235.0,4131692.0,-0.005337113258892856,0.01603420484811106,0.8127641154385266,Normal_Market,1
2021-01-18,2779.041015625,3221.75,3256.75,3187.39990234375,3250.0,4160906.0,-0.0035876423338119245,0.016195204864370375,0.7688706543699397,Normal_Market,1
2021-01-19,2812.638671875,3260.699951171875,3279.0,3232.0,3233.0,2975735.0,0.012089658288992222,0.015500972196902675,0.7933370942994972,Normal_Market,1
2021-01-20,2854.12939453125,3308.800048828125,3327.949951171875,3267.10009765625,3270.0,3453446.0,0.014751529612081704,0.015380666082589893,0.7770210717856625,Normal_Market,1
2021-01-21,2823.982177734375,3273.85009765625,3309.14990234375,3262.10009765625,3305.0,2778546.0,-0.010562666449054348,0.015825926126974515,0.7835417360482908,Normal_Market,1
2021-01-22,2849.212890625,3303.10009765625,3325.0,3241.89990234375,3241.89990234375,3052459.0,0.00893444480264649,0.01577386292150566,0.8082954353074557,Normal_Market,1
2021-01-25,2839.034423828125,3291.300048828125,3339.800048828125,3278.64990234375,3308.949951171875,2272887.0,-0.0035723784734956743,0.01593567013364637,0.7753541012915995,Normal_Market,1
2021-01-27,2812.940673828125,3261.050048828125,3306.449951171875,3227.0,3300.0,2786662.0,-0.009191065025839107,0.016255522603914826,0.7914782444695689,Normal_Market,1
2021-01-28,2757.30419921875,3196.550048828125,3275.0,3183.800048828125,3230.0,3083938.0,-0.019778758623323345,0.01700082341632266,0.7864501736662914,Normal_Market,1
2021-01-29,2683.8115234375,3111.35009765625,3216.85009765625,3100.0,3210.050048828125,5445659.0,-0.026653814911707374,0.017838102863225472,0.7855432640839537,Normal_Market,1
2021-02-01,2707.96435546875,3139.35009765625,3165.0,3044.10009765625,3100.0,3985846.0,0.008999451645663292,0.01734521176754869,0.8030263754451724,Normal_Market,1
2021-02-02,2763.256103515625,3203.449951171875,3224.0,3150.0,3174.0,2881837.0,0.020418196397309574,0.015905038812629932,0.7354086580289323,Normal_Market,1
2021-02-03,2760.32275390625,3200.050048828125,3236.0,3162.64990234375,3213.0,2505866.0,-0.0010615554619215484,0.015536093784649036,0.7507185878590761,Normal_Market,1
2021-02-04,2750.31689453125,3188.449951171875,3237.85009765625,3176.0,3216.050048828125,2057261.0,-0.003624887474060867,0.015177719403774981,0.720607737477035,Normal_Market,1
2021-02-05,2724.007568359375,3157.949951171875,3205.85009765625,3129.0,3198.949951171875,2366135.0,-0.009565925375431661,0.015298399261792274,0.7295382653647694,Normal_Market,1
2021-02-08,2772.4423828125,3214.10009765625,3226.0,3155.14990234375,3189.5,2526592.0,0.017780719486875984,0.014442252936026936,0.7491768491476369,Normal_Market,1
2021-02-09,2740.35400390625,3176.89990234375,3245.800048828125,3164.0,3195.0,2658751.0,-0.011574047166923673,0.014206911105382808,0.746104986059984,Normal_Market,1
2021-02-10,2771.7529296875,3213.300048828125,3219.39990234375,3157.300048828125,3185.0,2127983.0,0.011457981609854784,0.01442592224815095,0.7685516066330909,Normal_Market,1
2021-02-11,2765.45556640625,3206.0,3219.300048828125,3185.050048828125,3215.0,1165882.0,-0.002271978578538003,0.014380877454524614,0.7678847056461218,Normal_Market,1
2021-02-12,2752.343994140625,3190.800048828125,3245.5,3182.0,3184.199951171875,2777404.0,-0.004741197951216303,0.012551956034385678,0.78314067665375,Normal_Market,1
2021-02-15,2708.395751953125,3139.85009765625,3209.0,3131.550048828125,3209.0,2630853.0,-0.015967568836257384,0.012969884122427295,0.7901760478435229,Normal_Market,1
2021-02-16,2681.611572265625,3108.800048828125,3167.64990234375,3100.0,3150.0,3435770.0,-0.009889315351416017,0.013102054136673215,0.7786740469107476,Normal_Market,1
2021-02-17,2650.8173828125,3073.10009765625,3132.85009765625,3045.550048828125,3105.10009765625,3678426.0,-0.01148346381392884,0.012854110291219922,0.7244957033821359,Normal_Market,1
2021-02-18,2637.2314453125,3057.35009765625,3097.89990234375,3031.0,3065.0,4189909.0,-0.005125188022414906,0.012169327422282635,0.6772841950364625,Normal_Market,1
2021-02-19,2649.739501953125,3071.85009765625,3087.14990234375,3016.14990234375,3058.0,3725028.0,0.0047428740707824435,0.012207734094410498,0.63387446767384,Normal_Market,1
2021-02-22,2551.92138671875,2958.449951171875,3096.0,2943.14990234375,3096.0,5366696.0,-0.03691612521241172,0.014000690762994655,0.6457116507243863,Normal_Market,1
2021-02-23,2570.68310546875,2980.199951171875,3028.0,2968.0,2970.0,3832829.0,0.007351997145226941,0.014285976454458045,0.6186225066454655,Normal_Market,1
2021-02-24,2542.993896484375,2948.10009765625,3003.35009765625,2921.14990234375,2972.0,3774549.0,-0.010771148308972966,0.014315558079823681,0.6233173595393938,Normal_Market,1
2021-02-25,2583.7080078125,2995.300048828125,3029.89990234375,2968.449951171875,2974.0,4224073.0,0.016010306349697245,0.014596323905759467,0.6723075168325305,Normal_Market,1
2021-02-26,2496.586669921875,2894.300048828125,2972.35009765625,2880.0,2960.0,5553153.0,-0.03371949834392718,0.01526545972848473,0.6749939830142406,Normal_Market,1
2021-03-01,2522.378173828125,2924.199951171875,2965.0,2901.800048828125,2926.0,3265871.0,0.010330706406862733,0.015325602732946673,0.6959332441575417,Normal_Market,1
2021-03-02,2593.23974609375,3006.35009765625,3025.0,2948.0,2960.0,3306469.0,0.028093159463904227,0.01603392852514119,0.6845518543351138,Normal_Market,1
2021-03-03,2638.74072265625,3059.10009765625,3064.0,2996.89990234375,3035.0,3509857.0,0.017545996906394468,0.016681972034866235,0.6661258170208124,Normal_Market,1
2021-03-04,2630.6328125,3049.699951171875,3081.449951171875,3016.050048828125,3023.0,3916760.0,-0.003072643737459857,0.01667980140379846,0.6279531889022772,Normal_Market,1
2021-03-05,2594.7060546875,3008.050048828125,3063.199951171875,2996.60009765625,3016.10009765625,3203686.0,-0.013657078115116073,0.01680096657740122,0.6114742424486751,Normal_Market,1
2021-03-08,2593.75732421875,3006.949951171875,3033.0,2996.0,3016.0,2003125.0,-0.0003656408274209655,0.01613666128619345,0.6659996033696669,Normal_Market,1
2021-03-09,2631.711181640625,3050.949951171875,3066.89990234375,2992.10009765625,3006.949951171875,1942397.0,0.014632771180051352,0.01648132184885937,0.6677030512037997,Normal_Market,1
2021-03-10,2648.962890625,3070.949951171875,3093.199951171875,3060.0,3075.0,3053778.0,0.006555320015633415,0.016307878399479375,0.6793281569009956,Normal_Market,1
2021-03-12,2637.748779296875,3057.949951171875,3117.0,3041.35009765625,3075.0,2938317.0,-0.004233396914623877,0.016314636201849482,0.7153430813880008,Normal_Market,1
2021-03-15,2644.82177734375,3066.14990234375,3099.0,3041.0,3041.0,3097083.0,0.0026814524955482977,0.016339007145291188,0.7646583848719609,Normal_Market,1
2021-03-16,2682.68994140625,3110.050048828125,3141.0,3060.0,3060.0,4894756.0,0.014317850974643775,0.01636638086366245,0.7864799676374149,Normal_Market,1
2021-03-17,2685.19189453125,3112.949951171875,3155.0,3085.300048828125,3105.0,3838390.0,0.0009326285108031129,0.016212518862095585,0.766545585202008,Normal_Market,1
2021-03-18,2619.24658203125,3036.5,3146.449951171875,2987.050048828125,3125.949951171875,3656306.0,-0.024558882601391163,0.01695477765460378,0.7494607610512115,Normal_Market,1
2021-03-19,2631.06396484375,3050.199951171875,3099.0,3005.0,3030.0,5776626.0,0.0045117488722026255,0.016952192295132222,0.749920973331634,Normal_Market,1
2021-03-22,2699.596923828125,3129.64990234375,3139.449951171875,3018.64990234375,3048.699951171875,2821646.0,0.02604762176066866,0.017907026224072805,0.7512579185597588,Normal_Market,1
2021-03-23,2710.767333984375,3142.60009765625,3169.0,3122.85009765625,3140.0,3305973.0,0.004137806669452626,0.015514785188484627,0.7630640823034244,Normal_Market,1
2021-03-24,2692.2216796875,3121.10009765625,3152.300048828125,3111.14990234375,3111.199951171875,2207104.0,-0.006841477711632349,0.015636054522995362,0.7513965691858624,Normal_Market,1
2021-03-25,2643.700927734375,3064.85009765625,3130.85009765625,3050.0,3112.199951171875,3179786.0,-0.018022569359428475,0.016037176710881746,0.7603584988829168,Normal_Market,1
2021-03-26,2645.383056640625,3066.800048828125,3118.0,3043.050048828125,3090.64990234375,3697370.0,0.0006362780633024645,0.015698510811766462,0.7656417561746642,Normal_Market,1
2021-03-30,2724.526123046875,3158.550048828125,3188.449951171875,3060.89990234375,3083.0,4694008.0,0.029917431506782943,0.014641029679222291,0.7672231689301393,Normal_Market,1
2021-03-31,2741.174072265625,3177.85009765625,3205.0,3132.0,3155.0,3530069.0,0.00611040176048383,0.014582555440075745,0.7986851055608483,Normal_Market,1
2021-04-01,2730.08935546875,3165.0,3215.0,3145.0,3191.10009765625,4285076.0,-0.004043784343733203,0.013553411166020556,0.7808421736961453,Normal_Market,1
2021-04-05,2793.834228515625,3238.89990234375,3263.0,3151.0,3171.0,5317862.0,0.023349006111900827,0.013945276470127037,0.7528867598089445,Normal_Market,1
2021-04-06,2816.08935546875,3264.699951171875,3275.0,3230.0,3275.0,2291562.0,0.00796580080735465,0.013912696161742724,0.7340052135606471,Normal_Market,1
2021-04-07,2821.8681640625,3271.39990234375,3277.550048828125,3234.800048828125,3259.0,2491268.0,0.0020520686186777937,0.01332385347300808,0.7169257403540609,Normal_Market,1
2021-04-08,2861.50439453125,3317.35009765625,3335.0,3266.050048828125,3270.0,2578118.0,0.014046095765043676,0.013447995692729791,0.7345996211808036,Normal_Market,1
2021-04-09,2865.730712890625,3322.25,3354.35009765625,3308.0,3354.0,2911129.0,0.001476956794982387,0.013273135520589079,0.7187475319117393,Normal_Market,1
2021-04-12,2800.43310546875,3246.550048828125,3338.10009765625,3213.199951171875,3322.25,3791828.0,-0.022785674567450953,0.014574483198753126,0.7111274121418376,Normal_Market,1
2021-04-13,2677.5146484375,3104.050048828125,3214.0,3073.050048828125,3214.0,8654596.0,-0.04389265960012112,0.01791018557545328,0.7201496463846361,Normal_Market,1
2021-04-15,2776.6259765625,3218.949951171875,3237.25,3087.449951171875,3160.300048828125,6062760.0,0.037016166534453054,0.019650699284820473,0.7167476089561754,Normal_Market,1
2021-04-16,2756.095947265625,3195.14990234375,3247.0,3182.60009765625,3229.0,3224657.0,-0.007393876406173838,0.01956992683330273,0.746086611780721,Normal_Market,1
2021-04-19,2727.328369140625,3161.800048828125,3189.0,3135.10009765625,3169.0,2679106.0,-0.010437799944352788,0.019752595030517506,0.7144699995552941,Normal_Market,1
2021-04-20,2712.44921875,3144.550048828125,3225.35009765625,3126.35009765625,3225.0,3141893.0,-0.005455577171777581,0.01889675752959891,0.7047443277214935,Normal_Market,1
2021-04-22,2690.23779296875,3118.800048828125,3148.0,3105.25,3148.0,1988980.0,-0.008188697369046372,0.019018076339266686,0.6713103072984833,Normal_Market,1
2021-04-23,2682.215576171875,3109.5,3119.0,3091.050048828125,3105.0,1615309.0,-0.002981973124398851,0.01811501596129685,0.6477088519707355,Normal_Market,1
2021-04-26,2674.7109375,3100.800048828125,3153.0,3088.050048828125,3102.050048828125,2490260.0,-0.002797925244542032,0.01809464906586017,0.6456216967678894,Normal_Market,1
2021-04-27,2701.623779296875,3132.0,3136.10009765625,3103.0,3106.0,1471417.0,0.010061962741301,0.01817810137799046,0.6300652876453474,Normal_Market,1
2021-04-28,2694.8095703125,3124.10009765625,3151.0,3112.0,3149.949951171875,1639037.0,-0.0025222642162812114,0.017677938422684124,0.6151088852843698,Normal_Market,1
2021-04-29,2687.17529296875,3115.25,3157.35009765625,3105.5,3145.60009765625,1621395.0,-0.002832956149426469,0.017699803343127957,0.6118865206843096,Normal_Market,1
2021-04-30,2618.513427734375,3035.64990234375,3132.050048828125,3020.0,3099.0,3072305.0,-0.025551688203607426,0.01725946421878563,0.6142067497272273,Normal_Market,1
2021-05-03,2619.677978515625,3037.0,3055.0,3004.0,3024.89990234375,1545831.0,0.00044473737232575417,0.017168354472472353,0.6361525382135338,Normal_Market,1
2021-05-04,2630.67626953125,3049.75,3090.0,3035.0,3062.800048828125,1990777.0,0.004198337011580788,0.01721868435779016,0.5987203679204549,Normal_Market,1
2021-05-05,2670.3115234375,3095.699951171875,3099.39990234375,3052.39990234375,3070.0,1939289.0,0.015066564580868302,0.016675262650486855,0.5908136592340093,Normal_Market,1
2021-05-06,2683.897216796875,3111.449951171875,3134.0,3074.0,3105.5,1791671.0,0.005087681058982163,0.016595820754626626,0.5827332532730745,Normal_Market,1
2021-05-07,2702.39990234375,3132.89990234375,3159.85009765625,3111.800048828125,3133.0,1912540.0,0.006893962045594781,0.016697187284603517,0.5581884986632124,Weak_Bear,0
2021-05-10,2713.26904296875,3145.5,3164.199951171875,3125.0,3145.949951171875,2137153.0,0.004022032644233509,0.016335848291504067,0.5452893587849407,Weak_Bear,0
2021-05-11,2693.515625,3122.60009765625,3128.10009765625,3091.14990234375,3125.0,2415625.0,-0.007280301973716763,0.01634019575785721,0.5260392324022447,Weak_Bear,0
2021-05-12,2663.32470703125,3087.60009765625,3120.0,3070.60009765625,3120.0,1978558.0,-0.0112087406096818,0.0157971874121054,0.542438693970557,Weak_Bear,0
2021-05-14,2632.185302734375,3051.5,3098.5,3040.0,3098.5,2043935.0,-0.01169192934480201,0.01267722982545224,0.4761301805120259,Weak_Bear,0
2021-05-17,2647.927734375,3069.75,3075.199951171875,3036.0,3055.0,2890462.0,0.005980745969621282,0.009241430348699661,0.5051102645467668,Weak_Bear,0
2021-05-18,2664.360107421875,3088.800048828125,3124.0,3078.0,3100.0,2098538.0,0.006205748304061398,0.009348877245346103,0.5538571870491211,Weak_Bear,0
2021-05-19,2658.494873046875,3082.0,3118.0,3067.10009765625,3084.0,1986041.0,-0.002201366984388331,0.00911997642259619,0.5317029005716319,Weak_Bear,0
2021-05-20,2639.517333984375,3060.0,3088.800048828125,3052.10009765625,3067.10009765625,2329027.0,-0.007138452383302907,0.009168575083374762,0.46849382803280043,Weak_Bear,0
2021-05-21,2657.200927734375,3080.5,3088.199951171875,3055.10009765625,3061.0,1685566.0,0.006699555832545556,0.009186074358227634,0.4508302879905444,Weak_Bear,0
2021-05-24,2658.0634765625,3081.5,3105.0,3072.0,3081.5,1652260.0,0.00032460805621514766,0.009170259943037124,0.44072697287426843,Weak_Bear,0
2021-05-25,2699.236572265625,3114.0,3128.25,3082.10009765625,3092.0,1841613.0,0.015489884295905254,0.009809324777402356,0.44847940346507364,Weak_Bear,0
2021-05-26,2737.8095703125,3158.5,3165.0,3103.800048828125,3120.0,1923753.0,0.014290336179943797,0.010068350974640516,0.4174059203421493,Weak_Bear,0
2021-05-27,2756.446044921875,3180.0,3217.75,3161.800048828125,3161.949951171875,5959785.0,0.006807074827796633,0.010126478406417344,0.41940484976380465,Weak_Bear,0
2021-05-28,2724.894287109375,3143.60009765625,3198.0,3135.64990234375,3189.5,1763701.0,-0.011446535610819208,0.010483035554273249,0.40115762867452615,Weak_Bear,0
2021-05-31,2738.372314453125,3159.14990234375,3170.35009765625,3128.60009765625,3150.0,1652799.0,0.004946256963989537,0.008483215061871623,0.3854609840284062,Weak_Bear,0
2021-06-01,2733.041748046875,3153.0,3169.949951171875,3132.0,3168.60009765625,1377441.0,-0.0019466185726882967,0.008527101521826345,0.4487365215026794,Weak_Bear,0
2021-06-02,2712.628173828125,3129.449951171875,3159.449951171875,3115.0,3150.85009765625,2240078.0,-0.007469177605259114,0.008775442468129379,0.44797592011305565,Weak_Bear,0
2021-06-03,2722.857177734375,3141.25,3154.550048828125,3122.64990234375,3154.550048828125,1281706.0,0.003770883162292904,0.008206229394840983,0.4634523129299522,Weak_Bear,0
2021-06-04,2725.024169921875,3143.75,3156.85009765625,3125.0,3128.0,1836060.0,0.0007958523147009178,0.008149819448834797,0.43086877881490887,Weak_Bear,0
2021-06-07,2759.21923828125,3183.199951171875,3190.449951171875,3133.60009765625,3145.0,2559821.0,0.012548537637504742,0.008464641474181734,0.4595871206057578,Weak_Bear,0
2021-06-08,2773.912109375,3200.14990234375,3231.0,3187.199951171875,3198.0,2574057.0,0.005325010383336659,0.008493483133742277,0.47150610799890835,Weak_Bear,0
2021-06-09,2773.998291015625,3200.25,3220.0,3186.199951171875,3202.0,1710925.0,3.1068626988428605e-05,0.008266292662641098,0.4689480996011892,Weak_Bear,0
2021-06-10,2788.34423828125,3216.800048828125,3224.0,3193.0,3210.0,1874324.0,0.0051715775428156086,0.00773463935083433,0.46133260766604717,Weak_Bear,0
2021-06-11,2837.75244140625,3273.800048828125,3309.0,3211.0,3211.550048828125,3452954.0,0.017719549274682,0.007725401607681139,0.45231175471858626,Weak_Bear,0
2021-06-14,2839.962158203125,3276.35009765625,3308.699951171875,3270.35009765625,3279.0,1847360.0,0.0007786855416394012,0.007735511845208372,0.46605294582257495,Weak_Bear,0
2021-06-15,2828.173828125,3262.75,3298.0,3251.550048828125,3298.0,1304985.0,-0.004150875758704986,0.007892381734330201,0.48174723919254014,Weak_Bear,0
2021-06-16,2838.2294921875,3274.35009765625,3294.699951171875,3253.0,3262.10009765625,1635552.0,0.0035555325356950718,0.007796430688532199,0.4652564901478785,Weak_Bear,0
2021-06-17,2875.8486328125,3317.75,3336.050048828125,3260.0,3265.5,2273413.0,0.01325443933570214,0.007691515582827592,0.45832943279491295,Weak_Bear,0
2021-06-18,2858.12255859375,3297.300048828125,3358.0,3275.0,3350.89990234375,3380431.0,-0.0061637716312678,0.008013560153989662,0.46350227504038516,Weak_Bear,0
2021-06-21,2837.1455078125,3273.10009765625,3286.0,3251.699951171875,3265.0,1130569.0,-0.007339451108622552,0.008358365825890819,0.46741690817153436,Weak_Bear,0
2021-06-22,2861.502685546875,3301.199951171875,3327.050048828125,3285.0,3304.0,1708688.0,0.00858509994193235,0.0079614749667387,0.46936825183262165,Weak_Bear,0
2021-06-23,2827.003662109375,3261.39990234375,3329.0,3256.39990234375,3329.0,1467104.0,-0.012056261072809993,0.008163981578244706,0.46136106062303767,Weak_Bear,0
2021-06-24,2924.259521484375,3373.60009765625,3383.0,3278.5,3284.0,4155204.0,0.03440245256082619,0.01094290224831602,0.48325322798894255,Weak_Bear,0
2021-06-25,2930.500244140625,3380.800048828125,3399.64990234375,3350.0,3375.25,2722861.0,0.002134120658717098,0.010406467283932545,0.46871393296812597,Weak_Bear,0
2021-06-28,2892.317626953125,3336.75,3391.5,3333.0,3391.5,1355238.0,-0.013029385431324925,0.011049094175716957,0.5029160722282526,Weak_Bear,0
2021-06-29,2895.871826171875,3340.85009765625,3366.300048828125,3326.5,3342.0,1497322.0,0.0012288412536813897,0.011000065563816512,0.5213932021023309,Weak_Bear,0
2021-06-30,2900.119140625,3345.75,3382.0,3338.5,3346.0,1693146.0,0.0014666790203694546,0.010732618868314276,0.5128371906874056,Weak_Bear,0
2021-07-01,2896.435546875,3341.5,3362.0,3332.35009765625,3358.0,990310.0,-0.0012701525597345054,0.010782562984854712,0.5073842991793944,Weak_Bear,0
2021-07-02,2882.5224609375,3325.449951171875,3339.699951171875,3295.199951171875,3331.0,1682274.0,-0.004803519951448898,0.010918722390049962,0.5137670940258353,Weak_Bear,0
2021-07-05,2878.665771484375,3321.0,3374.0,3302.0,3342.0,1972858.0,-0.0013379564271879252,0.010710364204164146,0.5342062048001327,Weak_Bear,0
2021-07-06,2827.783935546875,3262.300048828125,3328.0,3256.10009765625,3313.0,2159420.0,-0.017675492737478482,0.011555810422790082,0.5324065728532731,Weak_Bear,0
2021-07-07,2838.749267578125,3274.949951171875,3282.699951171875,3241.60009765625,3275.0,2640710.0,0.0038777121170430195,0.011570398063951753,0.5047732346638303,Weak_Bear,0
2021-07-08,2824.489990234375,3258.5,3298.0,3231.89990234375,3298.0,2485811.0,-0.00502308446420674,0.011611517660234326,0.4744111693611755,Weak_Bear,0
2021-07-09,2780.846435546875,3208.14990234375,3282.0,3201.0,3250.0,6365067.0,-0.01545183549539808,0.011421188194370373,0.4367635750782162,Weak_Bear,0
2021-07-12,2767.80029296875,3193.10009765625,3236.0,3188.35009765625,3235.0,1892226.0,-0.004691428628118222,0.01144306527327966,0.45336719608087866,Weak_Bear,0
2021-07-13,2762.98974609375,3187.550048828125,3214.0,3175.0,3214.0,1809339.0,-0.0017380397304027628,0.011423290318143988,0.47088253525593865,Weak_Bear,0
2021-07-14,2786.393798828125,3214.550048828125,3222.0,3185.0,3187.0,2044279.0,0.008470553597769603,0.011580588165307848,0.49175062597108815,Weak_Bear,0
2021-07-15,2782.39794921875,3202.949951171875,3231.85009765625,3194.0,3227.60009765625,2232968.0,-0.0014340577455547177,0.011094031154491082,0.5109062020797487,Weak_Bear,0
2021-07-16,2775.31787109375,3194.800048828125,3219.85009765625,3192.0,3213.0,1256526.0,-0.0025445957962224597,0.011044950473624457,0.5227978441786336,Weak_Bear,0
2021-07-19,2766.456787109375,3184.60009765625,3199.800048828125,3176.0,3180.0,1597058.0,-0.0031928176864594038,0.010966456910301303,0.5633733721999562,Weak_Bear,0
2021-07-20,2784.873779296875,3205.800048828125,3215.0,3156.14990234375,3184.60009765625,1811945.0,0.006657249183618541,0.010884045991887028,0.5813130500192119,Weak_Bear,0
2021-07-22,2794.038818359375,3216.35009765625,3224.949951171875,3190.0,3190.0,2859334.0,0.0032910069858942403,0.010623724341053829,0.5669375615948562,Weak_Bear,0
2021-07-23,2790.99853515625,3212.85009765625,3241.550048828125,3206.64990234375,3230.0,1776193.0,-0.0010881320556992424,0.006732625949224336,0.5628334267849777,Weak_Bear,0
2021-07-26,2777.706787109375,3197.550048828125,3224.25,3190.85009765625,3200.0,1259611.0,-0.004762362960584965,0.006669467290311003,0.5401509148996155,Weak_Bear,0
2021-07-27,2765.023681640625,3182.949951171875,3210.0,3161.14990234375,3200.0,1121367.0,-0.004566034661256935,0.006230465162610038,0.520703052267232,Weak_Bear,0
2021-07-28,2777.92431640625,3197.800048828125,3204.449951171875,3132.39990234375,3188.0,1660654.0,0.004665650732499582,0.00637654729701112,0.42005616917516875,Weak_Bear,0
2021-07-29,2776.187255859375,3195.800048828125,3225.449951171875,3190.300048828125,3200.25,1731997.0,-0.0006253088093927106,0.006332701794974115,0.4378163592296973,Weak_Bear,0
2021-07-30,2751.559814453125,3167.449951171875,3223.5,3162.35009765625,3219.0,2999943.0,-0.00887095830955631,0.006502158482883632,0.4443091968149744,Weak_Bear,0
2021-08-02,2796.688232421875,3219.39990234375,3224.89990234375,3167.0,3180.0,2608669.0,0.016401031055804705,0.007727370558810754,0.46329416185193484,Weak_Bear,0
2021-08-03,2853.587646484375,3284.89990234375,3290.0,3218.949951171875,3229.0,3804735.0,0.020345283182754414,0.009140516732838706,0.45444549512936927,Weak_Bear,0
2021-08-04,2844.07568359375,3273.949951171875,3305.199951171875,3261.199951171875,3300.0,2929598.0,-0.0033333347592613416,0.008231023519839835,0.39465035637679463,Weak_Bear,0
2021-08-05,2852.761962890625,3283.949951171875,3315.0,3262.5,3275.0,2534521.0,0.0030541660149840943,0.008214328111815314,0.3617595031222489,Weak_Bear,0
2021-08-06,2875.218017578125,3309.800048828125,3324.0,3265.0,3272.550048828125,2292362.0,0.007871688903460461,0.008282110055287362,0.3451356044489732,Weak_Bear,0
2021-08-09,2886.4248046875,3322.699951171875,3337.0,3310.0,3323.89990234375,1510489.0,0.003897717335124007,0.007345859715484847,0.2924982128522991,Weak_Bear,0
2021-08-10,2896.153564453125,3333.89990234375,3349.89990234375,3315.60009765625,3315.60009765625,2040777.0,0.003370522505843798,0.0071851182819140805,0.30419349642336185,Weak_Bear,0
2021-08-11,2905.1015625,3344.199951171875,3360.0,3327.10009765625,3350.0,1929707.0,0.003089614499970361,0.0071233792852659775,0.31200280862340907,Weak_Bear,0
2021-08-12,2911.66064453125,3351.75,3368.0,3326.0,3326.0,1310205.0,0.002257780628366568,0.006985030254358689,0.3212588422479156,Weak_Bear,0
2021-08-13,3008.64990234375,3463.39990234375,3480.0,3357.5,3360.75,4363584.0,0.03331063254046018,0.009786256992512114,0.40146038309672955,Weak_Bear,0
2021-08-16,3016.9462890625,3472.949951171875,3494.35009765625,3436.5,3460.0,2083489.0,0.002757511504507981,0.009671882792471134,0.46144525221943744,Weak_Bear,0
2021-08-17,3086.530029296875,3553.050048828125,3560.800048828125,3463.0,3482.10009765625,4336019.0,0.02306429533950971,0.010368736153308236,0.5155635478869192,Weak_Bear,0
2021-08-18,3093.044189453125,3560.550048828125,3595.0,3536.60009765625,3573.85009765625,2631309.0,0.0021105124830858024,0.010392753420610064,0.5271550380710481,Weak_Bear,0
2021-08-20,3092.132568359375,3559.5,3575.0,3500.0,3506.0,2836148.0,-0.0002947326445766896,0.010460164462499484,0.536679968699878,Weak_Bear,0
2021-08-23,3159.803466796875,3637.39990234375,3673.0,3561.89990234375,3580.0,3744176.0,0.021884863259082232,0.01098906280217057,0.535025048560384,Weak_Bear,0
2021-08-24,3138.781494140625,3613.199951171875,3667.35009765625,3594.39990234375,3657.0,2511141.0,-0.006652936765576767,0.011096666829050071,0.5515876868097337,Weak_Bear,0
2021-08-25,3178.567626953125,3659.0,3697.75,3607.050048828125,3610.0,2123263.0,0.012675661840995112,0.010885042762960975,0.5553235222256602,Weak_Bear,0
2021-08-26,3189.73046875,3671.85009765625,3687.60009765625,3647.89990234375,3660.0,1902533.0,0.0035119094847055887,0.010901383358745468,0.5599058999070495,Weak_Bear,0
2021-08-27,3231.6884765625,3720.14990234375,3729.5,3651.10009765625,3666.0,3944728.0,0.013154091928319733,0.010829872952375716,0.5948646892537157,Weak_Bear,0
2021-08-30,3215.313720703125,3701.300048828125,3740.35009765625,3687.60009765625,3715.0,2033114.0,-0.005066935126368577,0.010553775567636207,0.5957706532442865,Weak_Bear,0
2021-08-31,3289.283447265625,3786.449951171875,3804.10009765625,3703.449951171875,3709.39990234375,3207480.0,0.02300544612061195,0.010931310772131919,0.647886880915673,Normal_Market,1
2021-09-01,3227.171142578125,3714.949951171875,3816.699951171875,3707.0,3796.0,2643336.0,-0.018883232680702466,0.012094977832102014,0.6526568722131427,Normal_Market,1
2021-09-02,3332.979248046875,3836.75,3859.14990234375,3722.0,3734.0,3403717.0,0.03278664216866467,0.01323348509244664,0.6530139839323538,Normal_Market,1
2021-09-03,3337.583251953125,3842.050048828125,3856.89990234375,3804.550048828125,3825.0,1746812.0,0.001381347906365793,0.013271921723752082,0.6785792055523395,Normal_Market,1
2021-09-06,3346.2265625,3852.0,3877.60009765625,3814.0,3849.699951171875,1723693.0,0.002589691370789682,0.013326247890487556,0.6915551405629509,Normal_Market,1
2021-09-07,3314.86669921875,3815.89990234375,3869.949951171875,3808.25,3864.0,1585039.0,-0.009371709504876091,0.013845586395385094,0.6902351335875488,Normal_Market,1
2021-09-08,3278.598388671875,3774.14990234375,3815.0,3756.0,3810.0,4147175.0,-0.010941106788825872,0.014403487604195636,0.6807138835301582,Normal_Market,1
2021-09-09,3293.58349609375,3791.39990234375,3808.699951171875,3765.0,3789.699951171875,1441148.0,0.004570583415660634,0.014389814731463148,0.6907722319206178,Normal_Market,1
2021-09-13,3340.44970703125,3845.35009765625,3852.39990234375,3767.0,3767.0,1691473.0,0.014229549969838162,0.014457606808796387,0.6990036712823258,Normal_Market,1
2021-09-14,3375.675537109375,3885.89990234375,3896.5,3825.0,3849.949951171875,1991188.0,0.010545235871678882,0.013109712385671327,0.7179015104576656,Normal_Market,1
2021-09-15,3435.311767578125,3954.550048828125,3980.0,3866.0,3882.10009765625,2461369.0,0.01766645810983869,0.013346187042772887,0.769925187410379,Normal_Market,1
2021-09-16,3390.791259765625,3903.300048828125,3981.75,3892.10009765625,3930.0,2946666.0,-0.012959670278743451,0.013437557431651594,0.7728553034835232,Normal_Market,1
2021-09-17,3325.247802734375,3827.85009765625,3945.0,3805.0,3920.0,6477148.0,-0.01932984132906501,0.014478109509566102,0.8003592450172574,Normal_Market,1
2021-09-20,3321.46875,3823.5,3871.0,3807.85009765625,3809.0,2002008.0,-0.0011364725153016897,0.014491626971665216,0.7820398290302576,Normal_Market,1
2021-09-21,3355.738525390625,3862.949951171875,3871.550048828125,3821.64990234375,3858.0,1568129.0,0.010317657027670402,0.0139475674888862,0.7458265240422278,Normal_Market,1
2021-09-22,3355.04345703125,3862.14990234375,3896.85009765625,3852.449951171875,3862.5,1744067.0,-0.00020712828312330345,0.013783740417003388,0.754350246110797,Normal_Market,1
2021-09-23,3361.2119140625,3869.25,3879.0,3835.0,3870.0,2003869.0,0.0018385624836907422,0.013612977120924309,0.749103327894806,Normal_Market,1
2021-09-24,3362.992431640625,3871.300048828125,3944.39990234375,3855.0,3890.0,2320754.0,0.00052972488008729,0.013622079082023944,0.7268906255942827,Normal_Market,1
2021-09-27,3333.15283203125,3836.949951171875,3904.0,3802.89990234375,3900.0,1673362.0,-0.008872930943474633,0.013625881813415223,0.7248649302963006,Normal_Market,1
2021-09-28,3282.94189453125,3779.14990234375,3850.0,3751.25,3850.0,2253075.0,-0.015064096976735719,0.014061083034574137,0.696461781672696,Normal_Market,1
2021-09-29,3294.01806640625,3791.89990234375,3806.0,3722.14990234375,3759.800048828125,2489161.0,0.0033738555938047643,0.013106813765244228,0.7368288270354674,Normal_Market,1
2021-09-30,3279.814208984375,3775.550048828125,3805.0,3750.10009765625,3805.0,2252412.0,-0.004312015640330458,0.01237765478310485,0.7575469215679671,Normal_Market,1
2021-10-01,3240.41845703125,3730.199951171875,3810.0,3725.0,3781.75,1578374.0,-0.012011580364890362,0.010153789116350068,0.7726257864990935,Normal_Market,1
2021-10-04,3277.860107421875,3773.300048828125,3783.64990234375,3707.449951171875,3724.800048828125,1356860.0,0.011554572622983983,0.010545512809803472,0.7661731968321738,Normal_Market,1
2021-10-05,3329.98193359375,3833.300048828125,3840.0,3741.60009765625,3754.0,1877966.0,0.01590117468828467,0.011175271418100232,0.725614438297797,Normal_Market,1
2021-10-06,3310.52294921875,3810.89990234375,3857.449951171875,3795.0,3836.0,1678154.0,-0.005843570554750599,0.011049746814830078,0.7174088291048817,Normal_Market,1
2021-10-07,3381.75634765625,3892.89990234375,3899.0,3820.050048828125,3830.0,1647233.0,0.021517264652797685,0.01172253565919626,0.7047749475764893,Normal_Market,1
2021-10-08,3418.8935546875,3935.64990234375,3989.89990234375,3900.0,3925.0,2934339.0,0.01098163297807897,0.011894000178503944,0.70270412796758,Normal_Market,1
2021-10-11,3201.675537109375,3685.60009765625,3757.5,3660.0,3755.0,11845402.0,-0.06353459506813441,0.018525614298247083,0.6564715160511465,Normal_Market,1
2021-10-12,3173.22607421875,3652.85009765625,3707.0,3630.60009765625,3706.0,5752877.0,-0.008885804498575345,0.018344333117689227,0.6452015302274658,Normal_Market,1
2021-10-13,3175.267333984375,3655.199951171875,3675.449951171875,3645.0,3650.0,3545655.0,0.0006432758706382824,0.01772309092979878,0.6621188391022198,Normal_Market,1
2021-10-14,3143.28076171875,3611.449951171875,3670.0,3608.199951171875,3625.0,6442299.0,-0.010073662750621937,0.017655995877674423,0.6283568398596859,Normal_Market,1
2021-10-18,3174.3525390625,3647.14990234375,3652.699951171875,3601.449951171875,3603.449951171875,3590107.0,0.00988514221260961,0.017496599283701154,0.5976322426029151,Normal_Market,1
2021-10-19,3163.038330078125,3634.14990234375,3690.10009765625,3625.199951171875,3669.0,3135441.0,-0.003564257228882539,0.017497473584123298,0.6500743944077872,Normal_Market,1
2021-10-20,3141.017578125,3608.85009765625,3630.0,3578.300048828125,3612.0,2933693.0,-0.006961898546636092,0.017267200805568775,0.6372181927626112,Normal_Market,1
2021-10-21,3074.565673828125,3532.5,3607.449951171875,3511.25,3604.10009765625,4871211.0,-0.021156170777160366,0.017708701490633003,0.6430288942066266,Normal_Market,1
2021-10-22,3045.277587890625,3498.85009765625,3561.60009765625,3485.0,3560.0,2691670.0,-0.009525926275314678,0.017686963384069443,0.6172758541523428,Normal_Market,1
2021-10-25,3040.142333984375,3492.949951171875,3514.550048828125,3450.0,3503.0,2595594.0,-0.0016863007584826395,0.01765892793071319,0.6061643625775041,Normal_Market,1
2021-10-26,3031.134521484375,3482.60009765625,3529.0,3475.0,3494.5,3878763.0,-0.002962957490281193,0.017638061945498905,0.6418264248721031,Normal_Market,1
2021-10-27,3037.357421875,3489.75,3511.25,3483.0,3483.0,2510813.0,0.002052993803645986,0.017517764619066505,0.6325402629453187,Normal_Market,1
2021-10-28,2978.0859375,3421.64990234375,3518.0,3415.0,3518.0,2424942.0,-0.01951416186587973,0.01777495458223734,0.6266072094661476,Normal_Market,1
2021-10-29,2957.28369140625,3397.75,3461.0,3385.949951171875,3400.050048828125,3960501.0,-0.006985106048085665,0.01778054875492997,0.6098189821758638,Normal_Market,1
2021-11-01,3025.737548828125,3476.39990234375,3487.0,3412.949951171875,3437.949951171875,2020718.0,0.023147545032895955,0.01876267525494812,0.653405426833909,Normal_Market,1
2021-11-02,3032.526611328125,3484.199951171875,3513.60009765625,3469.75,3494.0,3087414.0,0.0022437711104947855,0.01848951794933667,0.670813950060848,Normal_Market,1
2021-11-03,3039.533203125,3492.25,3519.89990234375,3466.050048828125,3504.199951171875,1537639.0,0.0023104799050077673,0.017973124064147573,0.7127847695927295,Normal_Market,1
2021-11-04,3053.806884765625,3508.64990234375,3513.25,3505.0,3512.949951171875,328991.0,0.004696011093397567,0.018082613838164924,0.7076989996684309,Normal_Market,1
2021-11-08,3048.672119140625,3502.75,3548.0,3481.199951171875,3548.0,2526082.0,-0.0016814310199559923,0.01708503264637294,0.718786494216462,Normal_Market,1
2021-11-09,3051.2392578125,3505.699951171875,3535.0,3496.0,3508.0,1782692.0,0.00084205141502669,0.016731730791185912,0.6889707715735914,Normal_Market,1
2021-11-10,3032.614013671875,3484.300048828125,3519.699951171875,3480.199951171875,3498.0,1516489.0,-0.006104157218394524,0.009707801601370664,0.7047262042420621,Normal_Market,1
2021-11-11,3036.008544921875,3488.199951171875,3510.050048828125,3436.0,3480.0,1284514.0,0.0011193416751016372,0.009627769776561565,0.6861901223454784,Normal_Market,1
2021-11-12,3068.951904296875,3526.050048828125,3534.14990234375,3485.699951171875,3506.0,1747259.0,0.010850878344891957,0.010045886543305488,0.6862340893006552,Normal_Market,1
2021-11-15,3092.669189453125,3553.300048828125,3569.60009765625,3528.0,3528.0,1809157.0,0.007728138431574383,0.010049204723758965,0.6552791894713429,Normal_Market,1
2021-11-16,3095.366943359375,3556.39990234375,3575.550048828125,3542.0,3569.0,2013204.0,0.0008723060052624465,0.009744007896468298,0.6858057516937881,Normal_Market,1
2021-11-17,3065.33935546875,3521.89990234375,3562.85009765625,3506.39990234375,3550.60009765625,1632914.0,-0.009700816878930762,0.009916993115943185,0.7066379125512315,Normal_Market,1
2021-11-18,3025.12841796875,3475.699951171875,3520.85009765625,3451.60009765625,3515.14990234375,2136598.0,-0.013117939920179289,0.010186631896766985,0.7212516840403366,Normal_Market,1
2021-11-22,3010.071044921875,3458.39990234375,3515.949951171875,3440.300048828125,3478.39990234375,3167936.0,-0.004977432679365568,0.00916185917661588,0.7166904489156876,Normal_Market,1
2021-11-23,3015.163330078125,3464.25,3480.949951171875,3407.800048828125,3445.0,2153461.0,0.0016917491581605049,0.008954729486990644,0.704324991303678,Normal_Market,1
2021-11-24,2996.929443359375,3443.300048828125,3493.050048828125,3424.0,3472.199951171875,2161746.0,-0.006047396018933893,0.009038897035808003,0.6784696215285129,Normal_Market,1
2021-11-25,2999.19189453125,3445.89990234375,3463.0,3434.050048828125,3443.89990234375,1849619.0,0.0007549230686387798,0.009027629418525189,0.687511249232339,Normal_Market,1
2021-11-26,3000.0185546875,3446.85009765625,3490.0,3411.89990234375,3425.0,1941251.0,0.0002756276308153449,0.00901000011083561,0.6788845381644424,Normal_Market,1
2021-11-29,3048.01904296875,3502.0,3529.35009765625,3406.449951171875,3447.14990234375,2981745.0,0.016000063801688835,0.008570879084205117,0.6910282345473705,Normal_Market,1
2021-11-30,3071.649658203125,3529.14990234375,3563.75,3491.0,3491.0,5588446.0,0.007752778083485623,0.008463363869078951,0.6831590660977055,Normal_Market,1
2021-12-01,3113.9931640625,3577.800048828125,3590.0,3535.0,3535.0,2102118.0,0.013785265434256955,0.00742320475348399,0.707682936032546,Normal_Market,1
2021-12-02,3170.65380859375,3642.89990234375,3648.0,3574.10009765625,3589.199951171875,3152938.0,0.018195494192200012,0.008314745048529864,0.7279776071680201,Normal_Market,1
2021-12-03,3168.52197265625,3640.449951171875,3665.949951171875,3630.85009765625,3646.449951171875,2486263.0,-0.0006723647759089291,0.008340547021081826,0.7243389151309112,Normal_Market,1
2021-12-06,3077.9599609375,3536.39990234375,3658.0,3522.0,3640.449951171875,1849642.0,-0.028581784346229266,0.01076511741482084,0.7438701592673741,Normal_Market,1
2021-12-07,3119.82421875,3584.5,3598.0,3524.300048828125,3562.5,1484458.0,0.013601300323526244,0.01114173138884586,0.7385366987628487,Normal_Market,1
2021-12-08,3156.72802734375,3626.89990234375,3646.449951171875,3601.0,3601.0,1428660.0,0.011828810216921726,0.011390529194006545,0.7241731962784157,Normal_Market,1
2021-12-09,3134.838134765625,3601.75,3634.75,3566.0,3610.0,1567957.0,-0.006934361271707101,0.011422175999098809,0.7256355302684669,Normal_Market,1
2021-12-10,3165.3447265625,3636.800048828125,3642.0,3575.10009765625,3585.0,1510718.0,0.009731472722165124,0.01155979712579699,0.7079394246104003,Normal_Market,1
2021-12-13,3141.7138671875,3609.64990234375,3662.0,3601.699951171875,3650.0,1883864.0,-0.007465493150460967,0.011559900008004957,0.7129160595142924,Normal_Market,1
2021-12-14,3154.030029296875,3623.800048828125,3635.0,3576.699951171875,3605.0,1747007.0,0.003920204904083402,0.011478416087897758,0.6780923710851152,Normal_Market,1
2021-12-15,3107.509033203125,3570.35009765625,3623.0,3558.14990234375,3620.0,1603233.0,-0.014749699800455263,0.012010053745865511,0.6522677284199571,Normal_Market,1
2021-12-16,3117.30078125,3581.60009765625,3608.449951171875,3570.0,3582.0,2072320.0,0.003150995843375526,0.011790611289167674,0.6634213147162876,Normal_Market,1
2021-12-17,3119.6943359375,3584.35009765625,3651.35009765625,3573.699951171875,3602.5,4333992.0,0.000767829239288309,0.011320750400208836,0.6455332689983886,Normal_Market,1
2021-12-20,3095.802001953125,3556.89990234375,3606.0,3510.14990234375,3589.0,2312310.0,-0.007658549656338387,0.011418209388109817,0.664754144054896,Normal_Market,1
2021-12-21,3140.5390625,3608.300048828125,3641.199951171875,3566.39990234375,3582.64990234375,2340989.0,0.014450879132015038,0.011782048526920335,0.6651747937111183,Normal_Market,1
2021-12-22,3160.078857421875,3630.75,3636.800048828125,3606.25,3624.0,1224328.0,0.006221796491943765,0.011653933432431339,0.6543634456270043,Normal_Market,1
2021-12-23,3187.886962890625,3662.699951171875,3670.5,3630.0,3648.0,1792861.0,0.008799813777886856,0.011721226090708291,0.6499864291907552,Normal_Market,1
2021-12-24,3195.02392578125,3670.89990234375,3705.0,3644.800048828125,3685.0,2209923.0,0.00223877539376538,0.011704351740703202,0.5955631372196487,Weak_Bear,0
2021-12-27,3216.95751953125,3696.10009765625,3700.0,3653.10009765625,3671.0,1534135.0,0.006864923161612024,0.011352284062568316,0.5639773902997698,Weak_Bear,0
2021-12-28,3226.052734375,3706.550048828125,3725.0,3693.85009765625,3710.0,1456218.0,0.0028272722871003353,0.011291589935726246,0.520586124191437,Weak_Bear,0
2021-12-29,3215.738525390625,3694.699951171875,3719.949951171875,3685.0,3692.25,1456923.0,-0.003197160689430989,0.011035178594664252,0.5473927077272287,Weak_Bear,0
2021-12-30,3249.72607421875,3733.75,3740.0,3680.0,3681.35009765625,1966475.0,0.010569126985844335,0.0105553103470326,0.5262272000631493,Weak_Bear,0
2021-12-31,3253.73046875,3738.35009765625,3760.0,3731.300048828125,3742.800048828125,1207141.0,0.001232225252158381,0.010545301930374647,0.4978877666780384,Weak_Bear,0
2022-01-03,3322.8369140625,3817.75,3830.0,3745.0,3750.0,2346158.0,0.02123914257072701,0.008841718375310567,0.516788806841688,Weak_Bear,0
2022-01-04,3381.1513671875,3884.75,3889.14990234375,3811.699951171875,3831.10009765625,2488606.0,0.017549598320100834,0.009110381371101966,0.4986193224190797,Weak_Bear,0
2022-01-05,3360.43701171875,3860.949951171875,3870.0,3812.39990234375,3865.0,1733031.0,-0.0061264206239842744,0.00918983421837781,0.49959929427866817,Weak_Bear,0
2022-01-06,3313.87255859375,3807.449951171875,3835.0,3772.0,3812.0,1810293.0,-0.01385666595226076,0.00970632928616111,0.4837018379986527,Weak_Bear,0
2022-01-07,3353.95263671875,3853.5,3864.89990234375,3796.39990234375,3820.0,2460591.0,0.012094634726088627,0.009808666664495045,0.46054604740742777,Weak_Bear,0
2022-01-10,3376.886474609375,3879.85009765625,3978.0,3861.0,3978.0,3937092.0,0.006837853832384999,0.009527173994651968,0.47049374916151976,Weak_Bear,0
2022-01-11,3408.263671875,3915.89990234375,3925.0,3856.0,3856.0,1906106.0,0.009291753661708313,0.00961028147575648,0.44722176657657986,Weak_Bear,0
2022-01-12,3359.523193359375,3859.89990234375,3929.0,3836.550048828125,3925.0,3203744.0,-0.014300677179946986,0.009564769083829281,0.48887913649937903,Weak_Bear,0
2022-01-13,3392.59716796875,3897.89990234375,3923.0,3857.0,3918.0,6684507.0,0.009844841873617893,0.009652061763087838,0.4947379162488032,Weak_Bear,0
2022-01-14,3453.740478515625,3968.14990234375,3977.0,3860.050048828125,3877.85009765625,3348123.0,0.01802256723084028,0.010082718762996865,0.5064869704737972,Weak_Bear,0
2022-01-17,3498.12890625,4019.14990234375,4043.0,3962.300048828125,3992.699951171875,3442604.0,0.012852276542055785,0.009749239826010048,0.5482026170897971,Weak_Bear,0
2022-01-18,3473.279541015625,3990.60009765625,4041.699951171875,3980.0,4033.949951171875,2389041.0,-0.007103616218938513,0.00997474148634514,0.5344821327938549,Weak_Bear,0
2022-01-19,3413.162841796875,3914.64990234375,4012.0,3910.5,4012.0,3102539.0,-0.01730833885059857,0.011152944607948467,0.5582925294412497,Weak_Bear,0
2022-01-20,3336.348876953125,3826.550048828125,3920.0,3811.0,3910.0,6176776.0,-0.022505215368895493,0.012542069400305458,0.5852023980430227,Weak_Bear,0
2022-01-21,3342.408447265625,3833.5,3851.550048828125,3771.10009765625,3807.0,3112358.0,0.001816228019305255,0.012542628434794253,0.5703160506929951,Weak_Bear,0
2022-01-24,3288.220703125,3771.35009765625,3849.64990234375,3740.10009765625,3840.0,3258414.0,-0.016212185014358504,0.013150454924998486,0.5479826909563459,Weak_Bear,0
2022-01-25,3286.956298828125,3769.89990234375,3809.39990234375,3722.199951171875,3769.5,3330501.0,-0.00038452537436839407,0.013148869793343752,0.5065696188191716,Weak_Bear,0
2022-01-27,3181.76220703125,3649.25,3733.39990234375,3625.10009765625,3731.0,5718297.0,-0.032003495706462215,0.015071951969579748,0.5246426201986812,Weak_Bear,0
2022-01-28,3217.335205078125,3690.050048828125,3729.800048828125,3646.0,3646.0,3143862.0,0.011180281784812118,0.01509601036106171,0.5096073632094968,Weak_Bear,0
2022-01-31,3257.616943359375,3736.25,3758.0,3721.39990234375,3749.0,2739393.0,0.012520218041834896,0.015368486344957626,0.5018064351868172,Weak_Bear,0
2022-02-01,3313.766845703125,3800.64990234375,3808.0,3736.39990234375,3770.0,2105169.0,0.01723649628548607,0.015103488376070687,0.508474677714984,Weak_Bear,0
2022-02-02,3362.2001953125,3856.199951171875,3864.0,3800.64990234375,3827.89990234375,1984212.0,0.014615798836957072,0.014937117367871644,0.4955155612792506,Weak_Bear,0
2022-02-03,3334.64892578125,3824.60009765625,3882.5,3816.050048828125,3851.0,1960538.0,-0.008194416730348597,0.014987560243929067,0.5238167299210454,Weak_Bear,0
2022-02-04,3326.191162109375,3814.89990234375,3824.699951171875,3769.0,3815.300048828125,2307366.0,-0.0025363280693464496,0.014657888724444006,0.5726002688643125,Weak_Bear,0
2022-02-07,3294.890380859375,3779.0,3831.800048828125,3756.14990234375,3791.0,1919149.0,-0.009410397576232521,0.014534474871766404,0.5564865245494444,Weak_Bear,0
2022-02-08,3263.89453125,3743.449951171875,3799.699951171875,3721.0,3791.550048828125,2946443.0,-0.009407247594467982,0.014539857946948146,0.5461953469773355,Weak_Bear,0
2022-02-09,3278.8037109375,3760.550048828125,3777.949951171875,3746.10009765625,3750.0,1638721.0,0.004567910986324142,0.014391235690005744,0.5062688143747681,Weak_Bear,0
2022-02-10,3287.348388671875,3770.35009765625,3789.800048828125,3758.0,3789.800048828125,2112459.0,0.0026060351541847826,0.01411438250770669,0.5232229883890455,Weak_Bear,0
2022-02-11,3221.607177734375,3694.949951171875,3752.5,3690.0,3752.5,3851488.0,-0.019998248790436324,0.014481349188593166,0.5033053682551876,Weak_Bear,0
2022-02-14,3255.4365234375,3733.75,3793.25,3710.0,3724.0,5951745.0,0.010500766802647776,0.01401082556872999,0.50538210648394,Weak_Bear,0
2022-02-15,3328.7197265625,3817.800048828125,3835.0,3748.0,3786.0,3931683.0,0.022511021977359436,0.014728917275141208,0.5254760216692289,Weak_Bear,0
2022-02-16,3324.62158203125,3813.10009765625,3854.10009765625,3806.0,3844.0,3256906.0,-0.0012311473683253027,0.014688177858437155,0.5375882137926431,Weak_Bear,0
2022-02-17,3299.42431640625,3784.199951171875,3835.0,3779.0,3825.0,3134372.0,-0.0075789875639336035,0.01431368161540171,0.5325447919630079,Weak_Bear,0
2022-02-18,3307.8818359375,3793.89990234375,3815.949951171875,3757.60009765625,3769.0,3688883.0,0.0025633318785933668,0.013458317335758797,0.5531819861091364,Weak_Bear,0
2022-02-21,3242.92529296875,3719.39990234375,3827.800048828125,3705.550048828125,3810.0,7465922.0,-0.01963689943910596,0.014116107910425673,0.5428846939465455,Weak_Bear,0
2022-02-22,3126.962890625,3586.39990234375,3667.89990234375,3570.0,3650.0,5408531.0,-0.03575857963647133,0.015773833849545664,0.5037687503987894,Weak_Bear,0
2022-02-23,3107.25830078125,3563.800048828125,3622.89990234375,3555.64990234375,3611.0,2426203.0,-0.006301510613645811,0.015789682798479282,0.44487382731392194,Weak_Bear,0
2022-02-24,2965.880126953125,3401.64990234375,3483.85009765625,3391.10009765625,3474.0,5039136.0,-0.045499330967296414,0.017322450717789997,0.44896156985674035,Weak_Bear,0
2022-02-25,3069.723388671875,3520.75,3530.0,3462.0,3468.0,2549723.0,0.035012629396262485,0.019103651663351952,0.42365247803077904,Weak_Bear,0
2022-02-28,3098.888671875,3554.199951171875,3563.75,3455.89990234375,3490.0,3288942.0,0.009500948297411105,0.01899305642830383,0.41862619728127315,Weak_Bear,0
2022-03-02,3091.869140625,3546.14990234375,3571.949951171875,3506.0,3552.5,2761341.0,-0.0022651769693142754,0.01842830195333603,0.461883038569693,Weak_Bear,0
2022-03-03,3090.34375,3544.39990234375,3578.60009765625,3530.10009765625,3562.85009765625,1928039.0,-0.0004933554932702311,0.01795904981924907,0.47700455226840427,Weak_Bear,0
2022-03-04,3072.8623046875,3524.35009765625,3561.199951171875,3487.050048828125,3501.5,2370257.0,-0.005656796371762862,0.01793719745219198,0.499676744618704,Weak_Bear,0
2022-03-07,3038.466064453125,3484.89990234375,3548.0,3431.550048828125,3450.0,3054130.0,-0.011193550775739358,0.018006233139250937,0.5466996836333046,Weak_Bear,0
2022-03-08,3138.777099609375,3599.949951171875,3609.0,3460.0,3460.0,3300992.0,0.03301370922972757,0.019790253200008948,0.5746779096715691,Normal_Market,1
2022-03-09,3167.24462890625,3632.60009765625,3654.0,3597.050048828125,3605.0,2719654.0,0.0090696243770918,0.01986903720645947,0.5628851128701986,Normal_Market,1
2022-03-10,3157.087158203125,3620.949951171875,3684.0,3615.0,3684.0,2005441.0,-0.0032070369968968393,0.019823919640691808,0.5095434173751109,Weak_Bear,0
2022-03-11,3138.080078125,3599.14990234375,3639.85009765625,3592.85009765625,3603.25,1623423.0,-0.006020448320135374,0.01981909608585223,0.5378040847508431,Weak_Bear,0
2022-03-14,3176.312744140625,3643.0,3648.35009765625,3580.0,3580.0,1765688.0,0.0121834577396982,0.01959749533322412,0.5328390865626315,Weak_Bear,0
2022-03-15,3133.502685546875,3593.89990234375,3659.0,3585.39990234375,3659.0,3651133.0,-0.013477910408136617,0.01962096962143428,0.5186658120080825,Weak_Bear,0
2022-03-16,3187.560302734375,3655.89990234375,3668.0,3616.25,3640.5,3090475.0,0.017251498598306103,0.019311878013056897,0.5439029175902147,Normal_Market,1
2022-03-17,3202.251220703125,3672.75,3710.0,3660.300048828125,3696.60009765625,3600452.0,0.004608828249036634,0.0193679658703407,0.5492068636828117,Normal_Market,1
2022-03-21,3162.100830078125,3626.699951171875,3713.949951171875,3615.0,3696.0,2413831.0,-0.012538176382109079,0.0194786990095793,0.5585878867970167,Weak_Bear,0
2022-03-22,3226.838623046875,3700.949951171875,3711.0,3625.0,3640.0,2907611.0,0.020473032470362584,0.020098547840980113,0.6171479200977495,Normal_Market,1
2022-03-23,3236.822021484375,3712.39990234375,3729.800048828125,3690.0,3708.0,1596195.0,0.00309386356237229,0.0196291909721908,0.6463566264578541,Normal_Market,1
2022-03-24,3269.474609375,3749.85009765625,3758.199951171875,3695.0,3700.0,1879046.0,0.010087853973401506,0.017815662685490747,0.6076144060615791,Normal_Market,1
2022-03-25,3232.505859375,3707.449951171875,3779.5,3672.0,3759.89990234375,1690133.0,-0.011307244868638655,0.0179784947247615,0.5519836055867322,Weak_Bear,0
2022-03-28,3232.72412109375,3707.699951171875,3713.0,3661.199951171875,3695.0,1760990.0,6.752090429062996e-05,0.014091835979218561,0.5562316160522078,Weak_Bear,0
2022-03-29,3230.67529296875,3705.35009765625,3722.0,3691.0,3694.75,2689063.0,-0.0006337775969286197,0.012136101192799446,0.5523166071553822,Weak_Bear,0
2022-03-30,3253.518798828125,3731.550048828125,3738.0,3706.199951171875,3738.0,1583455.0,0.007070814547377013,0.012075680724185951,0.5256162627502095,Weak_Bear,0
2022-03-31,3260.843017578125,3739.949951171875,3754.64990234375,3720.199951171875,3740.0,2168110.0,0.002251168412685356,0.012023873479394947,0.567941209664,Weak_Bear,0
2022-04-01,3277.234130859375,3758.75,3763.0,3728.050048828125,3748.0,1387014.0,0.005026648996253602,0.012009282400408099,0.5538345451902668,Weak_Bear,0
2022-04-04,3287.348388671875,3770.35009765625,3780.0,3737.10009765625,3762.0,1472994.0,0.0030862176483703596,0.011835133082522537,0.5798731177383167,Weak_Bear,0
2022-04-05,3326.103759765625,3814.800048828125,3835.60009765625,3772.0,3772.0,2314947.0,0.011789249727014006,0.01144840140768031,0.6214337440107377,Normal_Market,1
2022-04-06,3274.27001953125,3755.35009765625,3809.300048828125,3731.14990234375,3809.300048828125,2051729.0,-0.015583921602622341,0.01018687851698749,0.6397387703325536,Normal_Market,1
2022-04-07,3212.19091796875,3684.14990234375,3745.5,3679.0,3745.5,2494829.0,-0.01895967687215583,0.011076169165092999,0.6130326011292092,Weak_Bear,0
2022-04-08,3213.498779296875,3685.64990234375,3705.0,3642.5,3690.0,2296773.0,0.00040715554010462007,0.011037401837708438,0.5427201729838732,Weak_Bear,0
2022-04-11,3222.87158203125,3696.39990234375,3712.35009765625,3656.10009765625,3690.0,2291660.0,0.002916697151017944,0.010920907879511067,0.5266589920466727,Weak_Bear,0
2022-04-12,3218.25048828125,3691.10009765625,3739.0,3648.35009765625,3683.0,4483476.0,-0.0014338435871178445,0.010633314772379441,0.4976167495393323,Weak_Bear,0
2022-04-13,3192.8349609375,3661.949951171875,3709.85009765625,3655.550048828125,3707.0,1621672.0,-0.007897311733905288,0.010309715322211982,0.4612716241981127,Weak_Bear,0
2022-04-18,3076.087890625,3528.050048828125,3610.0,3522.5,3610.0,3820792.0,-0.03656533198265277,0.012608565352382833,0.48224817739170167,Weak_Bear,0
2022-04-19,3027.13134765625,3471.89990234375,3563.550048828125,3439.14990234375,3550.0,3170014.0,-0.015915196414886257,0.012899752395133256,0.4757059964879323,Weak_Bear,0
2022-04-20,3101.1552734375,3556.800048828125,3569.14990234375,3480.0,3500.0,2640370.0,0.024453489881951285,0.014022273709341804,0.49786422047614254,Weak_Bear,0
2022-04-21,3163.800537109375,3628.64990234375,3644.0,3567.39990234375,3580.0,2280996.0,0.020200621429198984,0.014000557658094204,0.5449055252144133,Weak_Bear,0
2022-04-22,3149.76318359375,3612.550048828125,3617.0,3571.5,3581.10009765625,1581465.0,-0.004436864255813799,0.013988973615821926,0.5740107461912158,Weak_Bear,0
2022-04-25,3093.656982421875,3548.199951171875,3584.0,3533.10009765625,3558.0,1960694.0,-0.01781283160083802,0.01418662454637862,0.5397885680236905,Weak_Bear,0
2022-04-26,3092.000244140625,3546.300048828125,3587.89990234375,3518.14990234375,3575.14990234375,1943469.0,-0.0005355274649593289,0.01404497543190868,0.4775703985685497,Weak_Bear,0
2022-04-27,3104.991455078125,3561.199951171875,3568.449951171875,3506.300048828125,3546.0,1727648.0,0.004201555598877693,0.014109218619479816,0.4997088955422825,Weak_Bear,0
2022-04-28,3125.13232421875,3584.300048828125,3604.39990234375,3538.050048828125,3588.0,1703660.0,0.006486610166892781,0.01423263816408158,0.49469971032306637,Weak_Bear,0
2022-04-29,3092.348876953125,3546.699951171875,3623.25,3536.85009765625,3597.0,2051115.0,-0.010490258928098517,0.014213674849821875,0.4677332255085097,Weak_Bear,0
2022-05-02,3088.599853515625,3542.39990234375,3547.949951171875,3492.75,3519.89990234375,1324161.0,-0.0012123546167255306,0.014174548769303824,0.4774521154260067,Weak_Bear,0
2022-05-04,3033.9755859375,3479.75,3545.449951171875,3465.300048828125,3538.5,2305825.0,-0.017685770306551163,0.014437590759528999,0.5073661755745227,Weak_Bear,0
2022-05-05,3063.31494140625,3513.39990234375,3533.0,3485.35009765625,3512.10009765625,1612262.0,0.009670267488221862,0.014674773139274327,0.5340185840146991,Weak_Bear,0
2022-05-06,2992.8662109375,3432.60009765625,3474.5,3424.5,3459.0,2010812.0,-0.022997547368214688,0.014837846540041917,0.5477810583245701,Weak_Bear,0
2022-05-09,3003.76416015625,3445.10009765625,3456.0,3346.85009765625,3398.0,2481830.0,0.0036413085152029456,0.014749446690757806,0.5680392141286239,Weak_Bear,0
2022-05-10,2998.2275390625,3438.75,3464.800048828125,3422.0,3434.0,1622685.0,-0.0018432276299155115,0.014338712441293307,0.5090039196384646,Weak_Bear,0
2022-05-11,2974.90478515625,3412.0,3448.449951171875,3382.14990234375,3435.0,1841769.0,-0.007778847203018691,0.014342881757726494,0.4356993145897006,Weak_Bear,0
2022-05-12,2971.984130859375,3408.64990234375,3449.699951171875,3350.10009765625,3378.0,2807195.0,-0.0009817639581098936,0.01427381088956045,0.44972983251408666,Weak_Bear,0
2022-05-13,2977.43359375,3414.89990234375,3439.89990234375,3382.14990234375,3435.0,2187823.0,0.0018336110324550514,0.014322700458291725,0.4561560387143804,Weak_Bear,0
2022-05-16,2944.213623046875,3376.800048828125,3430.0,3366.60009765625,3415.0,1195813.0,-0.01115724991242717,0.014390373446100854,0.436880729319395,Weak_Bear,0
2022-05-17,3009.43212890625,3451.60009765625,3467.0,3350.39990234375,3370.0,1754076.0,0.022151417733025314,0.013336291666791823,0.46140182990654677,Weak_Bear,0
2022-05-18,3006.99072265625,3448.800048828125,3495.0,3443.050048828125,3465.0,1866781.0,-0.0008112514738410903,0.012867253258315588,0.45200824982383997,Weak_Bear,0
2022-05-19,2844.0771484375,3261.949951171875,3405.0,3230.0,3397.0,4642963.0,-0.05417827630503591,0.016437736066049324,0.5458250509265207,Weak_Bear,0
2022-05-20,2871.1494140625,3293.0,3313.89990234375,3270.050048828125,3310.0,3065125.0,0.009518822525568016,0.015763342704412056,0.5840286217032327,Normal_Market,1
2022-05-23,2896.216552734375,3321.75,3338.89990234375,3267.0,3304.800048828125,2293690.0,0.008730698078302623,0.01604823699961011,0.6345576278269139,Normal_Market,1
2022-05-24,2866.78955078125,3288.0,3324.85009765625,3275.60009765625,3315.14990234375,1711510.0,-0.010160497814067915,0.01579233462259062,0.6091709433986642,Normal_Market,1
2022-05-25,2780.461181640625,3167.64990234375,3292.85009765625,3154.050048828125,3292.85009765625,3548046.0,-0.030113256523172094,0.016833005088390293,0.6092128498214178,Normal_Market,1
2022-05-26,2832.513427734375,3226.949951171875,3241.5,3180.550048828125,3191.0,2813186.0,0.018720723899132485,0.017555515333607077,0.6160556902981309,Normal_Market,1
2022-05-27,2862.664306640625,3261.300048828125,3278.89990234375,3229.199951171875,3253.199951171875,3103153.0,0.010644566981052872,0.017715523449545346,0.6356629706125955,Normal_Market,1
2022-05-30,2962.68603515625,3375.25,3386.60009765625,3286.35009765625,3297.0,2094624.0,0.03494008301413509,0.019674195025923887,0.6289619123908069,High_Volatility,2
2022-05-31,2953.1181640625,3364.35009765625,3383.39990234375,3325.0,3354.14990234375,4840965.0,-0.0032294583294396606,0.019675366217384044,0.6337040392837909,High_Volatility,2
2022-06-01,2945.086669921875,3355.199951171875,3388.0,3340.050048828125,3388.0,1493835.0,-0.002719665687056838,0.019331159446921677,0.6132629719785996,Normal_Market,1
2022-06-02,3004.599365234375,3423.0,3432.0,3346.300048828125,3355.0,2657939.0,0.020207451251028408,0.0197843356814149,0.6025796370293978,High_Volatility,2
2022-06-03,3019.65283203125,3440.14990234375,3477.300048828125,3431.199951171875,3459.39990234375,1913622.0,0.005010141109345723,0.019108573734518255,0.6098893239274309,Normal_Market,1
2022-06-06,3011.577880859375,3430.949951171875,3453.0,3377.14990234375,3418.0,1084210.0,-0.00267413229965352,0.0191082222211218,0.6441380397853318,Normal_Market,1
2022-06-07,2951.669677734375,3362.699951171875,3418.85009765625,3356.0,3401.050048828125,2308256.0,-0.019892629543388995,0.019634042847837964,0.6196661014498356,High_Volatility,2
2022-06-08,2988.05322265625,3404.14990234375,3413.949951171875,3346.5,3380.14990234375,2185707.0,0.01232642839282816,0.019761260775128076,0.588506242818178,High_Volatility,2
2022-06-09,3008.197998046875,3427.10009765625,3437.0,3353.10009765625,3385.0,1279197.0,0.006741772615655561,0.019808078165264514,0.581387692531525,High_Volatility,2
2022-06-10,2949.21240234375,3359.89990234375,3393.0,3352.0,3382.0,1527582.0,-0.019608282347578943,0.020322458129392786,0.6100041740554739,High_Volatility,2
2022-06-13,2826.06201171875,3219.60009765625,3293.0,3192.449951171875,3290.0,3030921.0,-0.04175704351681553,0.02224552237410707,0.5837020116626518,High_Volatility,2
2022-06-14,2818.117919921875,3210.550048828125,3238.89990234375,3174.699951171875,3190.0,2611493.0,-0.0028110111398594873,0.021518923421909707,0.5850198504071809,High_Volatility,2
2022-06-15,2814.38720703125,3206.300048828125,3234.0,3201.0,3218.5,1404536.0,-0.0013238313642774946,0.02151641464032852,0.5171972925768836,High_Volatility,2
2022-06-16,2757.94677734375,3142.0,3244.85009765625,3133.050048828125,3240.0,2032028.0,-0.020054251791115862,0.018374937594149113,0.5003743214504169,Weak_Bear,0
2022-06-17,2711.337158203125,3088.89990234375,3118.75,3023.85009765625,3092.0,5240434.0,-0.016900115521995662,0.018499751376429657,0.5520815019172649,Weak_Bear,0
2022-06-20,2731.964599609375,3112.39990234375,3138.75,3069.0,3094.0,1502769.0,0.0076078481585521995,0.018464919481447697,0.5945994916377753,Normal_Market,1
2022-06-21,2819.346435546875,3211.949951171875,3237.75,3125.39990234375,3130.0,2964461.0,0.03198498104623826,0.019922340632922718,0.5687899969962068,High_Volatility,2
2022-06-22,2829.001953125,3222.949951171875,3250.550048828125,3183.0,3199.89990234375,3336315.0,0.003424736121955929,0.01868441112656231,0.5470016867023912,Weak_Bear,0
2022-06-23,2904.358642578125,3308.800048828125,3318.0,3222.949951171875,3222.949951171875,3692578.0,0.026637199514791376,0.01915674988990031,0.5746281694715362,Normal_Market,1
2022-06-24,2890.577392578125,3293.10009765625,3345.0,3277.5,3339.0,2132118.0,-0.0047450234960537685,0.01907595810499046,0.5979850718868474,Normal_Market,1
2022-06-27,2909.537353515625,3314.699951171875,3362.89990234375,3306.5,3350.0,2037686.0,0.0065592296494747515,0.0173709615159279,0.5398709466100355,Weak_Bear,0
2022-06-28,2912.565673828125,3318.14990234375,3330.0,3272.60009765625,3307.0,1400046.0,0.0010408253768734443,0.017365263941314123,0.5210219808247766,Weak_Bear,0
2022-06-29,2888.295166015625,3290.5,3333.0,3271.0,3271.0,2133994.0,-0.008333033665332001,0.0174473927715931,0.4613704789417073,Weak_Bear,0
2022-06-30,2867.755615234375,3267.10009765625,3310.89990234375,3255.0,3272.0,2719603.0,-0.0071113060129460726,0.016770111593637605,0.46844161211456525,Weak_Bear,0
2022-07-01,2909.888427734375,3315.10009765625,3333.0,3252.050048828125,3260.0,1502879.0,0.014691911778039302,0.01712499147291066,0.4752791146804709,Weak_Bear,0
2022-07-04,2839.622802734375,3235.050048828125,3317.949951171875,3225.050048828125,3312.0,2622535.0,-0.024147188713592227,0.017846559122702516,0.533910562707386,Weak_Bear,0
2022-07-05,2823.164794921875,3216.300048828125,3272.0,3206.949951171875,3255.0,2170627.0,-0.005795842953737362,0.017408267834702663,0.5133900159005311,Weak_Bear,0
2022-07-06,2862.18115234375,3260.75,3268.5,3202.25,3218.5,2182144.0,0.013820077911163686,0.01747638942244254,0.4998921039989585,Weak_Bear,0
2022-07-07,2885.96923828125,3287.85009765625,3319.39990234375,3265.050048828125,3271.0,1989921.0,0.008311174126075294,0.01752119081808881,0.5137434751972558,Weak_Bear,0
2022-07-08,2866.306640625,3265.449951171875,3305.0,3250.0,3300.0,2136916.0,-0.006813169522194906,0.01706931974511644,0.5278140795451394,Weak_Bear,0
2022-07-11,2733.193603515625,3113.800048828125,3225.0,3106.0,3206.14990234375,6974600.0,-0.046440612885838894,0.0176751560001597,0.49066554085672937,Weak_Bear,0
2022-07-12,2707.650634765625,3084.699951171875,3136.199951171875,3080.25,3114.89990234375,3734815.0,-0.009345466313525952,0.017760467051345912,0.49191412940650403,Weak_Bear,0
2022-07-13,2667.31689453125,3038.75,3110.0,3035.0,3104.0,3863530.0,-0.014896212870485925,0.017997161226095917,0.4911351182268365,Weak_Bear,0
2022-07-14,2639.154052734375,2998.75,3057.0,2967.0,3056.0,4764908.0,-0.010558491139398107,0.017631933195557416,0.498715771433165,Weak_Bear,0
2022-07-15,2635.502197265625,2994.60009765625,3028.89990234375,2953.0,3018.550048828125,4574806.0,-0.0013837219790054922,0.017282040457295315,0.5373992899620373,Weak_Bear,0
2022-07-18,2696.1396484375,3063.5,3076.949951171875,3014.300048828125,3023.0,3202795.0,0.02300793041826621,0.018025705225663144,0.6072501078866236,Normal_Market,1
2022-07-19,2705.60009765625,3074.25,3078.949951171875,3030.050048828125,3030.050048828125,1865074.0,0.0035088869466508577,0.01637325438287799,0.5993943701162733,Normal_Market,1
2022-07-20,2785.292724609375,3164.800048828125,3171.949951171875,3098.050048828125,3107.800048828125,3402251.0,0.029454695474826265,0.01779407153346624,0.6078298360375772,Normal_Market,1
2022-07-21,2796.293701171875,3177.300048828125,3184.0,3144.050048828125,3167.0,2420640.0,0.003949666211131575,0.01665094902730903,0.6441347014333146,Normal_Market,1
2022-07-22,2790.74951171875,3171.0,3197.0,3143.5,3185.0,2075886.0,-0.001982692108057682,0.01663634695608587,0.6548735312472137,Normal_Market,1
2022-07-25,2787.00830078125,3166.75,3186.449951171875,3149.10009765625,3165.0,1797504.0,-0.0013405756847004735,0.016525260818570378,0.6462341161211475,Normal_Market,1
2022-07-26,2742.256591796875,3115.89990234375,3168.89990234375,3096.5,3164.699951171875,2639367.0,-0.016057257157013227,0.0167986878974595,0.6508771653802565,Normal_Market,1
2022-07-27,2806.458740234375,3188.85009765625,3194.10009765625,3110.0,3115.0,1389808.0,0.023412159398049415,0.017729600669389983,0.6041749623505859,Normal_Market,1
2022-07-28,2869.516845703125,3260.5,3264.0,3201.64990234375,3216.0,2106333.0,0.022468923046944145,0.018437714510366045,0.5761244736235863,Normal_Market,1
2022-07-29,2905.951904296875,3301.89990234375,3317.300048828125,3275.0,3290.0,2430257.0,0.012697279909092973,0.018360394292546593,0.6025127800480053,Normal_Market,1
2022-08-01,2903.2236328125,3298.800048828125,3327.0,3271.0,3327.0,1306913.0,-0.0009388563796740579,0.01745897739987254,0.6542666779198697,Normal_Market,1
2022-08-02,2897.062744140625,3291.800048828125,3312.89990234375,3271.64990234375,3290.0,1269114.0,-0.0021220854646690768,0.017400129402653182,0.6346943265535957,Normal_Market,1
2022-08-03,2939.043212890625,3339.5,3349.0,3277.050048828125,3280.0,2895824.0,0.014490700567292292,0.017425874248485143,0.617180993663495,Normal_Market,1
2022-08-04,2952.640869140625,3354.949951171875,3387.89990234375,3307.35009765625,3350.0,2150567.0,0.004626558803341396,0.017369138331261007,0.6399782848652046,Normal_Market,1
2022-08-05,2961.529541015625,3365.050048828125,3377.0,3355.0,3361.199951171875,1106933.0,0.0030104141576781096,0.01726661965321746,0.6650074360511778,Normal_Market,1
2022-08-08,2969.802490234375,3374.449951171875,3378.89990234375,3336.0,3365.0,1068836.0,0.002793471786850077,0.01301694767926808,0.6237571612695466,Normal_Market,1
2022-08-10,2952.0244140625,3354.25,3385.0,3335.0,3385.0,1878359.0,-0.0059862823303350465,0.012853070347587396,0.6329286232250941,Normal_Market,1
2022-08-11,3012.090576171875,3422.5,3428.699951171875,3375.050048828125,3400.0,1449248.0,0.020347447610270075,0.012477672371321283,0.6041351169738304,Normal_Market,1
2022-08-12,2993.65234375,3401.550048828125,3419.0,3381.25,3419.0,1472354.0,-0.006121407027974701,0.012200963172787503,0.5935836449743118,Weak_Bear,0
2022-08-16,2985.864013671875,3392.699951171875,3414.85009765625,3387.5,3411.0,839942.0,-0.002601614744739855,0.01224477344470112,0.5717555556750323,Weak_Bear,0
2022-08-17,2993.2568359375,3401.10009765625,3417.949951171875,3371.10009765625,3385.10009765625,1622326.0,0.0024759407098831065,0.011617620437617215,0.6017541838318892,Normal_Market,1
2022-08-18,2975.787109375,3381.25,3392.0,3362.0,3390.0,1430659.0,-0.005836360700076204,0.01187863303510661,0.6174706582526865,Normal_Market,1
2022-08-19,2979.747314453125,3385.75,3421.5,3371.25,3387.0,1398410.0,0.0013308092724941822,0.010381288028854565,0.6449663002250081,Normal_Market,1
2022-08-22,2952.288818359375,3354.550048828125,3384.10009765625,3347.39990234375,3365.0,1536532.0,-0.009215041812627445,0.0107572120570087,0.6742260705316168,Normal_Market,1
2022-08-23,2890.7265625,3284.60009765625,3341.89990234375,3270.0,3319.949951171875,1849256.0,-0.020852382557065008,0.011956846677851862,0.6831962478696968,Normal_Market,1
2022-08-24,2864.984130859375,3255.35009765625,3308.0,3250.199951171875,3292.0,1691923.0,-0.00890517698026827,0.012179953430487596,0.6154586139118049,Normal_Market,1
2022-08-25,2832.2890625,3218.199951171875,3278.14990234375,3214.75,3276.0,1946930.0,-0.011411954435352478,0.01186882895416831,0.5792563893445627,Weak_Bear,0
2022-08-26,2835.8095703125,3222.199951171875,3257.0,3216.800048828125,3234.300048828125,1457962.0,0.0012429902932973302,0.01071148470916795,0.5607567938577864,Weak_Bear,0
2022-08-29,2756.909912109375,3132.550048828125,3142.699951171875,3081.0,3125.0,2539173.0,-0.027822622163740873,0.011193437848369977,0.5129258455139953,Weak_Bear,0
2022-08-30,2826.083984375,3211.14990234375,3226.5,3142.10009765625,3155.0,3431525.0,0.025091161652321947,0.012331643127180127,0.4930521311231711,Weak_Bear,0
2022-09-01,2756.16162109375,3131.699951171875,3190.0,3121.0,3190.0,3546935.0,-0.02474178533541127,0.013395628897746368,0.4883800750138595,Weak_Bear,0
2022-09-02,2755.017578125,3130.39990234375,3163.0,3120.300048828125,3163.0,2052900.0,-0.00041508558859326694,0.013403668638147596,0.5198185478120786,Weak_Bear,0
2022-09-05,2757.65771484375,3133.39990234375,3147.949951171875,3112.25,3123.64990234375,2147912.0,0.0009583012245413247,0.0128342829132293,0.5213720347738273,Weak_Bear,0
2022-09-06,2752.0693359375,3127.050048828125,3140.85009765625,3106.35009765625,3135.5,1936453.0,-0.002026494759001185,0.012709042337259738,0.5453716834651727,Weak_Bear,0
2022-09-07,2771.915283203125,3149.60009765625,3161.89990234375,3102.0,3102.0,1291534.0,0.007211281709537554,0.012855035778621252,0.542706031210732,Weak_Bear,0
2022-09-08,2789.560546875,3169.64990234375,3183.5,3160.10009765625,3170.0,1346113.0,0.0063657297821471115,0.012967375191790155,0.47162202273126724,Weak_Bear,0
2022-09-09,2831.80517578125,3217.64990234375,3233.5,3168.5,3195.0,1561185.0,0.01514382935820291,0.013562309166884348,0.4577803475153982,Weak_Bear,0
2022-09-12,2854.071533203125,3242.949951171875,3269.800048828125,3225.0,3239.89990234375,1785928.0,0.007862955266946248,0.012742668341498486,0.4391308396750585,Weak_Bear,0
2022-09-13,2842.10107421875,3229.35009765625,3263.449951171875,3225.0,3263.449951171875,1972678.0,-0.004194169222850763,0.01272201393294838,0.407637689672806,Weak_Bear,0
2022-09-14,2746.21630859375,3120.39990234375,3141.39990234375,3113.800048828125,3135.0,5090269.0,-0.0337372820744446,0.014512012200545451,0.4362814610038602,Weak_Bear,0
2022-09-15,2732.09130859375,3104.35009765625,3137.75,3100.0,3130.0,2138023.0,-0.0051434404332239,0.014430804466250793,0.44049297998585524,Weak_Bear,0
2022-09-16,2647.9111328125,3008.699951171875,3094.35009765625,3000.0,3076.0,5322221.0,-0.030811626066984843,0.01559065638331494,0.45416912559834793,Weak_Bear,0
2022-09-19,2665.600830078125,3028.800048828125,3042.0,2987.800048828125,3036.0,2072220.0,0.006680623471995384,0.015762641953874567,0.4691956012891882,Weak_Bear,0
2022-09-20,2675.72216796875,3040.300048828125,3079.949951171875,3030.0,3050.0,1544295.0,0.0037970193347847125,0.015866646237517296,0.47219372331274545,Weak_Bear,0
2022-09-21,2641.310546875,3001.199951171875,3041.39990234375,2998.14990234375,3028.0,2253818.0,-0.01286068542754315,0.015537946488843844,0.44941369062724973,Weak_Bear,0
2022-09-22,2646.76708984375,3007.39990234375,3029.949951171875,2979.300048828125,2990.0,2017983.0,0.0020658468104803873,0.01556363697689983,0.37659712129018447,Weak_Bear,0
2022-09-23,2624.45703125,2982.050048828125,3022.5,2979.0,3004.0,2652374.0,-0.008429173341076623,0.015501398931507423,0.33003565843757654,Weak_Bear,0
2022-09-26,2635.326171875,2994.39990234375,3025.85009765625,2926.10009765625,2959.85009765625,2925489.0,0.004141481645757006,0.015563352405410758,0.3178036668913118,Weak_Bear,0
2022-09-27,2655.611572265625,3017.449951171875,3025.0,2976.0,3009.39990234375,2227447.0,0.007697491341723373,0.014646573478196494,0.2543156175457368,Weak_Bear,0
2022-09-28,2671.629638671875,3035.64990234375,3049.949951171875,2980.0,2980.0,2739767.0,0.006031780616388982,0.013371630705512085,0.2887784647907145,Weak_Bear,0
2022-09-29,2637.87841796875,2997.300048828125,3055.85009765625,2990.0,3054.0,2493902.0,-0.01263319593950285,0.012572307273167868,0.32628008372071576,Weak_Bear,0
2022-09-30,2644.2587890625,3004.550048828125,3019.699951171875,2950.10009765625,2990.85009765625,2817353.0,0.002418751012286169,0.01260838793668571,0.33656998421867307,Weak_Bear,0
2022-10-03,2627.009033203125,2984.949951171875,3020.699951171875,2974.0,2995.0,1763331.0,-0.006523474907496052,0.012627814323523327,0.34490026684214886,Weak_Bear,0
2022-10-04,2720.473876953125,3091.14990234375,3098.0,3023.0,3029.949951171875,2145875.0,0.03557842495731278,0.01521306775637666,0.3651583824755855,Weak_Bear,0
2022-10-06,2729.978759765625,3101.949951171875,3124.0,3092.449951171875,3111.0,1790816.0,0.0034938335166612156,0.015136837616657193,0.36172150132522596,Weak_Bear,0
2022-10-07,2697.371826171875,3064.89990234375,3105.0,3058.10009765625,3097.39990234375,1939879.0,-0.011944024647484563,0.015243331870478233,0.34044080673971344,Weak_Bear,0
2022-10-10,2744.588134765625,3118.550048828125,3127.0,3005.0,3010.0,3064063.0,0.0175045606006643,0.01538800631231582,0.3304302542213172,Weak_Bear,0
2022-10-11,2701.464599609375,3069.550048828125,3145.0,3053.35009765625,3100.0,4730645.0,-0.01571220636349957,0.015539260742100124,0.35108004391331,Weak_Bear,0
2022-10-12,2728.923095703125,3100.75,3109.89990234375,3062.050048828125,3084.89990234375,1665247.0,0.010164299801566967,0.01579275913241889,0.32442572259066343,Weak_Bear,0
2022-10-13,2731.167724609375,3103.300048828125,3110.0,3052.35009765625,3100.75,2054781.0,0.0008225328554638534,0.013905050109756548,0.34768124720668486,Weak_Bear,0
2022-10-14,2727.51513671875,3099.14990234375,3150.0,3071.0,3145.0,2245977.0,-0.001337372237418144,0.013859560068045718,0.3567646500042917,Weak_Bear,0
2022-10-17,2745.69189453125,3111.75,3128.39990234375,3071.449951171875,3072.64990234375,1517005.0,0.006664218859062654,0.011863147910046595,0.36940813320883936,Weak_Bear,0
2022-10-18,2774.765869140625,3144.699951171875,3155.35009765625,3128.550048828125,3150.0,1793722.0,0.010588942869840245,0.011978004266218697,0.3814601953165514,Weak_Bear,0
2022-10-19,2754.603271484375,3121.85009765625,3159.0,3112.0,3159.0,1194289.0,-0.0072664140353199125,0.01214861474949001,0.3997215432211724,Weak_Bear,0
2022-10-20,2785.88330078125,3157.300048828125,3160.0,3105.0,3105.0,1587601.0,0.01135554786443671,0.011842478525549361,0.40021373000843274,Weak_Bear,0
2022-10-21,2768.323974609375,3137.39990234375,3160.39990234375,3127.0,3157.800048828125,1021913.0,-0.006302965442576469,0.012013942928365653,0.3495836375513228,Weak_Bear,0
2022-10-24,2789.765625,3161.699951171875,3178.0,3155.0,3170.10009765625,260949.0,0.007745354440912511,0.011794983992195309,0.31766689993388286,Weak_Bear,0
2022-10-25,2790.11865234375,3162.10009765625,3184.25,3151.14990234375,3180.5,2069643.0,0.0001265437284718729,0.011810917846257344,0.3302890491394329,Weak_Bear,0
2022-10-27,2785.97119140625,3157.39990234375,3174.0,3134.35009765625,3160.699951171875,2438421.0,-0.0014864819221992454,0.011794066127092395,0.32303355645556014,Weak_Bear,0
2022-10-28,2791.13330078125,3163.25,3178.5,3145.0,3150.0,1355739.0,0.0018528940252229287,0.011764520199158081,0.34527786086789847,Weak_Bear,0
2022-10-31,2817.515625,3193.14990234375,3199.0,3177.800048828125,3199.0,1919414.0,0.009452190696648266,0.011321628486091381,0.398149059767673,Weak_Bear,0
2022-11-01,2876.23681640625,3259.699951171875,3262.60009765625,3203.449951171875,3214.5,2991060.0,0.020841478529954882,0.011971812029257855,0.39667988906698753,Weak_Bear,0
2022-11-02,2860.3544921875,3241.699951171875,3270.0,3222.050048828125,3270.0,1405955.0,-0.005521911175100813,0.011926246656695498,0.4192663025419497,Weak_Bear,0
2022-11-03,2829.515869140625,3206.75,3228.050048828125,3195.0,3228.050048828125,1422652.0,-0.010781398994811564,0.009859514870165734,0.47365943730785803,Weak_Bear,0
2022-11-04,2838.9130859375,3217.39990234375,3220.050048828125,3166.14990234375,3217.0,1464013.0,0.0033211394568815056,0.0098582252573995,0.469535164426725,Weak_Bear,0
2022-11-07,2853.295654296875,3233.699951171875,3242.800048828125,3195.10009765625,3229.0,1474498.0,0.00506622355950892,0.009310034505550418,0.42982301077928076,Weak_Bear,0
2022-11-09,2837.722412109375,3216.050048828125,3249.800048828125,3201.64990234375,3249.800048828125,1162267.0,-0.005457984055752374,0.008810830000343014,0.3904509310177947,Weak_Bear,0
2022-11-10,2828.5458984375,3205.64990234375,3225.0,3170.0,3170.0,1573092.0,-0.0032337601566369,0.007907981504592602,0.37355182260436237,Weak_Bear,0
2022-11-11,2925.8701171875,3315.949951171875,3341.60009765625,3255.050048828125,3269.60009765625,3265394.0,0.03440786264198947,0.01057897878876312,0.3619885083709974,Weak_Bear,0
2022-11-14,2943.1201171875,3335.5,3349.0,3309.0,3324.0,1342074.0,0.005895682073742137,0.01057113768006715,0.39608292358056657,Weak_Bear,0
2022-11-15,2940.561767578125,3332.60009765625,3339.949951171875,3292.0,3321.0,1400708.0,-0.0008692644226222512,0.01055968463498138,0.43671975572171756,Weak_Bear,0
2022-11-16,2960.63525390625,3355.35009765625,3367.89990234375,3321.449951171875,3338.89990234375,1748235.0,0.006826412065017662,0.010562046012800625,0.41365888239931303,Weak_Bear,0
2022-11-17,2955.031982421875,3349.0,3360.0,3317.75,3340.0,1417986.0,-0.0018925909488451964,0.010510157983840248,0.4310911019154887,Weak_Bear,0
2022-11-18,2950.13525390625,3343.449951171875,3362.75,3321.0,3350.0,1164540.0,-0.0016570813936205298,0.010288555513610083,0.44617382371963893,Weak_Bear,0
2022-11-21,2897.2373046875,3283.5,3333.699951171875,3273.0,3322.5,1304194.0,-0.01793068610963111,0.011156776476201526,0.43126039665273386,Weak_Bear,0
2022-11-22,2924.98779296875,3314.949951171875,3318.949951171875,3255.25,3280.0,1149739.0,0.009578258652251925,0.011098226009827334,0.40448749133688994,Weak_Bear,0
2022-11-23,2919.119873046875,3308.300048828125,3330.0,3291.0,3330.0,1150011.0,-0.0020061348413079605,0.011084378447896096,0.3610431083697742,Weak_Bear,0
2022-11-24,2982.517578125,3380.14990234375,3392.949951171875,3308.300048828125,3316.25,1296591.0,0.021718088956707682,0.011881623659828706,0.38935169102413825,Weak_Bear,0
2022-11-25,2990.900146484375,3389.64990234375,3403.35009765625,3348.0,3383.0,1588981.0,0.0028105679647476567,0.011827221725764451,0.3818335446616459,Weak_Bear,0
2022-11-28,2995.841064453125,3395.25,3417.0,3365.550048828125,3366.0,2195437.0,0.0016519835924839743,0.011828887721016056,0.4492663761097316,Weak_Bear,0
2022-11-29,2997.69384765625,3397.35009765625,3429.0,3383.0,3383.0,1576028.0,0.000618451768055639,0.01176404509388471,0.485570996815812,Weak_Bear,0
2022-11-30,2991.915283203125,3390.800048828125,3414.89990234375,3375.0,3383.0,3410702.0,-0.0019276699845925949,0.01104348432823171,0.47460972801062457,Weak_Bear,0
2022-12-01,3066.783447265625,3475.64990234375,3480.0,3420.0,3425.0,2180856.0,0.02502349063251108,0.012013547391578214,0.5094288459761649,Weak_Bear,0
2022-12-02,3034.57666015625,3439.14990234375,3468.89990234375,3413.0,3458.10009765625,2411749.0,-0.010501813272173144,0.01199613343519375,0.5197078601749142,Weak_Bear,0
2022-12-05,3022.885986328125,3425.89990234375,3439.14990234375,3407.0,3433.0,1475065.0,-0.0038524892060307625,0.012110728249214534,0.5086548154763376,Weak_Bear,0
2022-12-06,2987.106201171875,3385.35009765625,3407.949951171875,3368.0,3400.050048828125,1166999.0,-0.011836299919373183,0.012556189537876407,0.4905718426677958,Weak_Bear,0
2022-12-07,2982.9150390625,3380.60009765625,3393.699951171875,3354.0,3368.300048828125,1167505.0,-0.001403084399118737,0.012455501684115381,0.4639943470873836,Weak_Bear,0
2022-12-08,2956.39990234375,3350.550048828125,3380.60009765625,3339.449951171875,3360.0,1285619.0,-0.008889001654932671,0.012656781390848111,0.4768936212432215,Weak_Bear,0
2022-12-09,2905.399169921875,3292.75,3374.10009765625,3276.35009765625,3374.10009765625,1797896.0,-0.017250958634331903,0.010907182601141869,0.46187251296919896,Weak_Bear,0
2022-12-12,2899.840087890625,3286.449951171875,3296.0,3236.10009765625,3255.5,1527610.0,-0.0019133625729642612,0.010813286379997279,0.5092849777495826,Weak_Bear,0
2022-12-13,2940.119873046875,3332.10009765625,3336.449951171875,3267.800048828125,3277.199951171875,1378016.0,0.013890347031359829,0.01129307021941668,0.5208883173115555,Weak_Bear,0
2022-12-14,2969.459228515625,3365.35009765625,3377.0,3340.89990234375,3348.800048828125,1213311.0,0.009978965734599665,0.011413946099863662,0.5201887826761717,Weak_Bear,0
2022-12-15,2916.29638671875,3305.10009765625,3364.75,3298.949951171875,3358.800048828125,1415694.0,-0.017903206511931113,0.012109478446153022,0.5248061798706308,Weak_Bear,0
2022-12-16,2859.074951171875,3240.25,3292.0,3225.199951171875,3275.0,2703680.0,-0.019621268883186938,0.012837162114378423,0.5153747791956287,Weak_Bear,0
2022-12-19,2825.369384765625,3202.050048828125,3245.5,3194.5,3227.0,2120965.0,-0.011788976148538799,0.012491950293160818,0.51287068120348,Weak_Bear,0
2022-12-20,2862.339599609375,3243.949951171875,3249.0,3163.64990234375,3198.89990234375,1529971.0,0.013085090764801688,0.01267420477667785,0.5031009188768361,Weak_Bear,0
2022-12-21,2884.046142578125,3268.550048828125,3283.050048828125,3240.0,3249.0,1432566.0,0.007583496721252914,0.0128149838110479,0.5156061970472374,Weak_Bear,0
2022-12-22,2876.23681640625,3259.699951171875,3294.0,3245.10009765625,3294.0,1384101.0,-0.0027077674162639953,0.011698770072764209,0.54752451640141,Weak_Bear,0
2022-12-23,2848.5751953125,3228.35009765625,3266.85009765625,3217.0,3217.0,1360281.0,-0.009617296091881666,0.011773730716226165,0.5548095992484678,Weak_Bear,0
2022-12-26,2870.237060546875,3252.89990234375,3272.0,3225.050048828125,3228.35009765625,870157.0,0.007604456175150709,0.011954573451384646,0.5837917005662433,Weak_Bear,0
2022-12-27,2876.060546875,3259.5,3273.800048828125,3231.5,3269.199951171875,835883.0,0.002028921725028221,0.011975419325666843,0.59255546124165,Weak_Bear,0
2022-12-28,2873.943115234375,3257.10009765625,3266.10009765625,3226.0,3249.800048828125,910795.0,-0.0007362263784487233,0.011978765868843768,0.5515843975747137,Weak_Bear,0
2022-12-29,2884.222412109375,3268.75,3271.5,3228.0,3231.10009765625,1037927.0,0.003576722455121306,0.01027688807353321,0.5754184933760724,Weak_Bear,0
2022-12-30,2873.590087890625,3256.699951171875,3299.0,3246.199951171875,3286.050048828125,1163131.0,-0.003686374592372088,0.010127430472407516,0.5807478413367448,Weak_Bear,0
2023-01-02,2877.781005859375,3261.449951171875,3266.85009765625,3235.199951171875,3261.0,709547.0,0.001458425815989095,0.010164433368822102,0.5845627193871543,Weak_Bear,0
2023-01-03,2921.81103515625,3311.35009765625,3320.0,3245.300048828125,3252.0,1245178.0,0.01529999301796292,0.010639611848984333,0.5720584396099895,Weak_Bear,0
2023-01-04,2924.723388671875,3314.64990234375,3327.35009765625,3286.199951171875,3306.699951171875,1231668.0,0.000996763131011047,0.010648955317455296,0.5366879859460444,Weak_Bear,0
2023-01-05,2921.590576171875,3311.10009765625,3337.300048828125,3281.949951171875,3330.199951171875,1826057.0,-0.001071148304873537,0.010483650960275249,0.5452510450690038,Weak_Bear,0
2023-01-06,2833.751708984375,3211.550048828125,3301.550048828125,3200.0,3300.0,2488376.0,-0.030065426656254557,0.011859982285986998,0.5467102848968359,Weak_Bear,0
2023-01-09,2929.3994140625,3319.949951171875,3327.0,3221.14990234375,3229.0,2885060.0,0.03375302951732695,0.014195489728439481,0.5640802610979814,Normal_Market,1
2023-01-10,2899.796142578125,3286.39990234375,3298.0,3230.10009765625,3285.0,3864655.0,-0.010105577048409753,0.014026390367107164,0.5602856623514336,Weak_Bear,0
2023-01-11,2937.1201171875,3328.699951171875,3349.5,3271.14990234375,3290.10009765625,2720512.0,0.012871240864604783,0.014155483138390434,0.5335048726608038,Weak_Bear,0
2023-01-12,2942.10498046875,3334.35009765625,3350.0,3315.550048828125,3329.0,2250391.0,0.0016971942182681943,0.013549231959491415,0.527284076148522,Weak_Bear,0
2023-01-13,2977.576171875,3374.550048828125,3379.0,3305.0,3342.89990234375,1742837.0,0.012056398953037561,0.012906147526337352,0.529188090368432,Weak_Bear,0
2023-01-16,3008.7099609375,3334.050048828125,3353.0,3298.050048828125,3317.0,1843607.0,0.010456084837250357,0.012600050993718503,0.528434927773174,Weak_Bear,0
2023-01-17,3048.732177734375,3378.39990234375,3381.800048828125,3321.0,3330.0,1688475.0,0.013302118621099757,0.012609080829693425,0.5423248333024699,Weak_Bear,0
2023-01-18,3059.2001953125,3390.0,3408.949951171875,3372.25,3380.0,2421189.0,0.003433564172863557,0.012567829256763658,0.5540541227651363,Weak_Bear,0
2023-01-19,3043.949462890625,3373.10009765625,3387.0,3361.0,3380.0,1585044.0,-0.0049852024869909695,0.01263267686133925,0.5535335272456754,Weak_Bear,0
2023-01-20,3034.92529296875,3363.10009765625,3394.64990234375,3355.60009765625,3365.0,1529349.0,-0.0029646254091568736,0.012370223438982735,0.5663608448294071,Weak_Bear,0
2023-01-23,3081.67041015625,3414.89990234375,3419.0,3355.60009765625,3388.0,1067916.0,0.015402394680290143,0.012634887520464804,0.5767817252705569,Weak_Bear,0
2023-01-24,3100.982177734375,3436.300048828125,3451.949951171875,3417.300048828125,3425.0,1387863.0,0.006266655744390892,0.012642051242353451,0.5983681483645151,Normal_Market,1
2023-01-25,3095.071533203125,3429.75,3435.0,3405.0,3425.300048828125,874110.0,-0.001906055627694192,0.01266705811605901,0.5824671625271522,Weak_Bear,0
2023-01-27,3078.19677734375,3411.050048828125,3446.0,3382.300048828125,3426.0,1785879.0,-0.005452137593056294,0.012834812830945737,0.6042735689604453,Normal_Market,1
2023-01-30,3098.5908203125,3433.64990234375,3458.449951171875,3385.550048828125,3420.0,1953798.0,0.006625321395582917,0.012744589864243322,0.6251599941836942,Normal_Market,1
2023-01-31,3030.954345703125,3358.699951171875,3449.0,3351.0,3449.0,2820375.0,-0.021828140122920003,0.013978859217940212,0.6439321659566891,Normal_Market,1
2023-02-01,3075.759521484375,3408.35009765625,3419.0,3355.0,3363.0,2205161.0,0.014782530738138178,0.013954747682355283,0.6387539335358868,Normal_Market,1
2023-02-02,3122.730712890625,3460.39990234375,3469.0,3420.10009765625,3427.0,1813847.0,0.015271412175806631,0.014227410521429859,0.6585863778326346,Normal_Market,1
2023-02-03,3142.493408203125,3482.300048828125,3504.0,3452.89990234375,3504.0,1804469.0,0.006328658193586634,0.014201841375267726,0.6425054160453311,Normal_Market,1
2023-02-06,3122.324951171875,3459.949951171875,3473.14990234375,3436.85009765625,3473.14990234375,1138714.0,-0.006417979104937022,0.0120617741380226,0.6950097234070929,Normal_Market,1
2023-02-07,3133.695068359375,3472.550048828125,3493.0,3461.39990234375,3468.89990234375,1455647.0,0.003641554727746188,0.009973016332813368,0.6728501086268779,Normal_Market,1
2023-02-08,3176.605224609375,3520.10009765625,3539.89990234375,3478.050048828125,3478.050048828125,1986946.0,0.013693149880235511,0.009689543940500882,0.7144773202163099,Normal_Market,1
2023-02-09,3195.330322265625,3540.85009765625,3547.60009765625,3505.300048828125,3515.0,1655427.0,0.0058946883015822404,0.00950035568922251,0.7017225310147108,Normal_Market,1
2023-02-10,3192.351806640625,3537.550048828125,3542.35009765625,3508.14990234375,3520.0,1187821.0,-0.0009321463900758831,0.009555788557158574,0.723754891307076,Normal_Market,1
2023-02-13,3142.58349609375,3482.39990234375,3549.0,3473.39990234375,3549.0,1087939.0,-0.015589857747930091,0.010318523689712414,0.7356304334743218,Normal_Market,1
2023-02-14,3158.556640625,3500.10009765625,3524.85009765625,3495.0,3505.0,1579818.0,0.0050828067260917376,0.010176322220261033,0.7655854347515724,Normal_Market,1
2023-02-15,3177.101318359375,3520.64990234375,3526.0,3460.14990234375,3487.0,1429449.0,0.005871250651596771,0.009892183997806192,0.7651763352280192,Normal_Market,1
2023-02-16,3210.851318359375,3558.050048828125,3575.0,3527.0,3527.199951171875,1618931.0,0.010622890684968134,0.010071771698389584,0.7587090232657602,Normal_Market,1
2023-02-17,3159.50439453125,3501.14990234375,3538.89990234375,3490.0,3526.14990234375,1061369.0,-0.015991685299947656,0.010776621029726676,0.7318907435803206,Normal_Market,1
2023-02-20,3147.006103515625,3487.300048828125,3522.0,3475.050048828125,3502.0,1296082.0,-0.003955775797387151,0.010802513792437352,0.7427401924576693,Normal_Market,1
2023-02-21,3114.24755859375,3451.0,3508.89990234375,3444.75,3494.0,1139541.0,-0.010409431645295952,0.010641434934974747,0.7103944898144712,Normal_Market,1
2023-02-22,3069.62353515625,3401.550048828125,3447.0,3395.0,3414.949951171875,1218430.0,-0.014328990421573984,0.011050812795036431,0.716579011088456,Normal_Market,1
2023-02-23,3080.678466796875,3413.800048828125,3452.39990234375,3408.0,3421.0,1441570.0,0.0036013965602013087,0.01108119503155171,0.7006551574493987,Normal_Market,1
2023-02-24,3068.630615234375,3400.449951171875,3433.949951171875,3382.300048828125,3422.5,977592.0,-0.0039107786457918126,0.011047868067781118,0.6631147345211019,Normal_Market,1
2023-02-27,3006.72509765625,3331.85009765625,3390.0,3316.0,3390.0,1128022.0,-0.02017366224230177,0.011789829290347114,0.6259251851793414,Normal_Market,1
2023-02-28,2989.578857421875,3312.85009765625,3392.0,3299.89990234375,3328.5,4116217.0,-0.005702629830622197,0.010834666325378774,0.6417421091959463,Normal_Market,1
2023-03-01,3055.320068359375,3385.699951171875,3389.0,3315.0,3323.0,1669307.0,0.021990124386346954,0.011475265469980154,0.6527021666723649,Normal_Market,1
2023-03-02,2997.339599609375,3321.449951171875,3369.89990234375,3318.0,3361.0,1556538.0,-0.018976888657407986,0.011588710774371243,0.6533115783838631,Normal_Market,1
2023-03-03,3016.019775390625,3342.14990234375,3358.0,3331.10009765625,3354.0,1043190.0,0.006232252022321472,0.011585091004607181,0.598170340582509,Normal_Market,1
2023-03-06,3042.822021484375,3371.85009765625,3404.949951171875,3359.0,3361.89990234375,1334132.0,0.008886628102522609,0.011780879174838256,0.6143467700767019,Normal_Market,1
2023-03-08,3059.56103515625,3390.39990234375,3396.0,3330.85009765625,3364.0,1844590.0,0.005501147800852646,0.011828532908986323,0.5992027015094105,Normal_Market,1
2023-03-09,3011.236572265625,3336.85009765625,3385.0,3330.85009765625,3385.0,1648500.0,-0.015794573906304565,0.011720945091586187,0.57242624119346,Weak_Bear,0
2023-03-10,3005.957275390625,3331.0,3337.25,3290.0,3312.89990234375,1024404.0,-0.001753198976003345,0.011552624899144279,0.5461220202006085,Weak_Bear,0
2023-03-13,2961.694091796875,3281.949951171875,3369.800048828125,3272.0,3333.0,1901233.0,-0.014725153932202195,0.011831851359427738,0.5389321188582079,Weak_Bear,0
2023-03-14,2901.232177734375,3214.949951171875,3304.39990234375,3209.39990234375,3280.0,2670334.0,-0.020414638442897926,0.012132898984451648,0.4744963347933791,Weak_Bear,0
2023-03-15,2886.747802734375,3198.89990234375,3260.35009765625,3192.0,3250.0,1780522.0,-0.004992490815164952,0.011947281386357015,0.4863560739943141,Weak_Bear,0
2023-03-16,2874.204833984375,3185.0,3219.800048828125,3172.0,3208.0,1901060.0,-0.004345017163646658,0.01169990004920245,0.472993464616927,Weak_Bear,0
2023-03-17,2869.06103515625,3179.300048828125,3221.39990234375,3144.0,3150.5,6739966.0,-0.0017896423968484232,0.011147530312197345,0.4846919810649323,Weak_Bear,0
2023-03-20,2836.573974609375,3143.300048828125,3169.64990234375,3095.050048828125,3169.64990234375,2289468.0,-0.011323237863814173,0.01096481866731588,0.4591948389122144,Weak_Bear,0
2023-03-21,2803.003662109375,3106.10009765625,3156.75,3097.449951171875,3143.300048828125,1815297.0,-0.011834809456934048,0.01105442888026648,0.41906532044930134,Weak_Bear,0
2023-03-22,2825.293701171875,3130.800048828125,3143.5,3106.10009765625,3130.050048828125,1123939.0,0.007952197624217838,0.011400918351550896,0.4066164217643963,Weak_Bear,0
2023-03-23,2819.7431640625,3124.64990234375,3146.35009765625,3101.0,3114.89990234375,1372218.0,-0.0019645876487364156,0.011190011088362607,0.4025167756051985,Weak_Bear,0
2023-03-24,2815.998291015625,3120.5,3170.0,3106.0,3148.89990234375,1329577.0,-0.0013280901234563602,0.011063238458404246,0.4189110741947042,Weak_Bear,0
2023-03-27,2817.622802734375,3122.300048828125,3152.75,3106.0,3135.0,1524217.0,0.0005768866138637918,0.011119547418144408,0.43423345327137824,Weak_Bear,0
2023-03-28,2811.847412109375,3115.89990234375,3149.550048828125,3110.14990234375,3127.0,1303530.0,-0.0020497387440914228,0.010468617025621935,0.4092783185691806,Weak_Bear,0
2023-03-29,2832.60302734375,3138.89990234375,3150.0,3104.10009765625,3129.0,1740616.0,0.007381487041220547,0.01071599792676852,0.429705428104295,Weak_Bear,0
2023-03-31,2893.064697265625,3205.89990234375,3213.0,3152.0,3189.949951171875,2382581.0,0.021344914673261606,0.010638642964658359,0.4394889348252294,Weak_Bear,0
2023-04-03,2887.7412109375,3200.0,3224.949951171875,3173.75,3224.949951171875,1521830.0,-0.001840085475156017,0.009922204674416457,0.450352253231659,Weak_Bear,0
2023-04-05,2923.656982421875,3239.800048828125,3264.35009765625,3185.5,3185.5,2655065.0,0.012437323451402804,0.010277685370416793,0.42179547278051727,Weak_Bear,0
2023-04-06,2906.42041015625,3220.699951171875,3257.35009765625,3215.0,3225.0,1703464.0,-0.005895552169511542,0.010019424069382528,0.39969859287859544,Weak_Bear,0
2023-04-10,2944.953857421875,3263.39990234375,3272.0,3215.0,3220.0,2203187.0,0.013258043169175782,0.010474751402925649,0.4128549060950111,Weak_Bear,0
2023-04-11,2900.194580078125,3213.800048828125,3272.949951171875,3192.14990234375,3264.0,2348779.0,-0.015198634515426357,0.010433778707437459,0.4214183870898735,Weak_Bear,0
2023-04-12,2925.326171875,3241.64990234375,3260.949951171875,3199.0,3227.949951171875,2417727.0,0.008665484712476745,0.010694398148717626,0.45495950548123104,Weak_Bear,0
2023-04-13,2877.6787109375,3188.85009765625,3230.0,3180.0,3210.0,4174070.0,-0.016287913941220533,0.010802778010025672,0.4668535402011251,Weak_Bear,0
2023-04-17,2833.14404296875,3139.5,3163.39990234375,3070.25,3134.10009765625,5505048.0,-0.015475900002137943,0.01039352373596587,0.4450630558180603,Weak_Bear,0
2023-04-18,2825.248046875,3130.75,3156.85009765625,3110.60009765625,3154.949951171875,2617302.0,-0.002787008346203268,0.010362099794550888,0.49253544276843225,Weak_Bear,0
2023-04-19,2788.114013671875,3089.60009765625,3140.0,3071.5,3130.75,3298034.0,-0.01314363644785066,0.010691988557244911,0.5084870115935886,Weak_Bear,0
2023-04-20,2801.83056640625,3104.800048828125,3113.0,3078.0,3090.0,2419999.0,0.004919652735545954,0.01078610975645157,0.50384066962339,Weak_Bear,0
2023-04-21,2852.41064453125,3160.85009765625,3164.449951171875,3100.800048828125,3110.0,1929184.0,0.018052511358628065,0.011312226873653594,0.44049935487388453,Weak_Bear,0
2023-04-24,2865.000244140625,3174.800048828125,3180.949951171875,3126.14990234375,3151.10009765625,1640676.0,0.004413670112160206,0.010970197836705423,0.4329862217382698,Weak_Bear,0
2023-04-25,2866.082275390625,3176.0,3191.199951171875,3147.5,3183.0,2024090.0,0.00037767230638574567,0.010853185309966805,0.44707719305238797,Weak_Bear,0
2023-04-26,2886.0712890625,3198.14990234375,3208.39990234375,3181.0,3181.0,2000029.0,0.0069743335156526864,0.010918383969169972,0.46002032668400983,Weak_Bear,0
2023-04-27,2876.866455078125,3187.949951171875,3199.199951171875,3170.64990234375,3185.0,2434446.0,-0.003189399381525737,0.010949133647519217,0.48501427176036643,Weak_Bear,0
2023-04-28,2905.112060546875,3219.25,3227.25,3196.25,3200.39990234375,2931312.0,0.009818184441231947,0.011118397391329807,0.5247962672380685,Weak_Bear,0
2023-05-02,2905.247802734375,3219.39990234375,3235.0,3210.0,3235.0,2321159.0,4.672528448845803e-05,0.01109214004943892,0.5144383865453779,Weak_Bear,0
2023-05-03,2869.602294921875,3179.89990234375,3216.0,3173.14990234375,3216.0,2468285.0,-0.012269351956466834,0.01142706802848866,0.5184513475057893,Weak_Bear,0
2023-05-04,2906.42041015625,3220.699951171875,3224.449951171875,3178.0,3180.14990234375,1953253.0,0.012830389528029507,0.010756826429100393,0.5235362211947187,Weak_Bear,0
2023-05-05,2915.4453125,3230.699951171875,3244.0,3210.050048828125,3220.0,1710027.0,0.003105160668502416,0.010762234917780765,0.5297833203154283,Weak_Bear,0
2023-05-08,2933.403076171875,3250.60009765625,3254.85009765625,3231.300048828125,3245.0,928235.0,0.0061595268465097774,0.010484719414337196,0.48483105027104106,Weak_Bear,0
2023-05-09,2962.867431640625,3283.25,3298.0,3246.0,3252.60009765625,1107375.0,0.010044427821082502,0.01060068083549531,0.4804808292046453,Weak_Bear,0
2023-05-10,2966.0703125,3286.800048828125,3306.5,3266.050048828125,3290.0,1559987.0,0.0010810071436782032,0.010202758817231128,0.4882600596295926,Weak_Bear,0
2023-05-11,2961.87451171875,3282.14990234375,3309.699951171875,3272.0,3309.0,1719623.0,-0.0014145992303579158,0.009536953464547082,0.476182024969518,Weak_Bear,0
2023-05-12,2954.790283203125,3274.300048828125,3290.0,3260.0,3279.14990234375,1027479.0,-0.0023918057593581565,0.009394487995185528,0.5295733101991513,Weak_Bear,0
2023-05-15,2937.4189453125,3255.050048828125,3292.0,3248.35009765625,3284.0,1150390.0,-0.005879042580238081,0.008673655303022627,0.5432079349842124,Weak_Bear,0
2023-05-16,2940.216064453125,3258.14990234375,3285.0,3250.449951171875,3256.199951171875,986306.0,0.0009522370464345453,0.007754034386139993,0.5110944360451307,Weak_Bear,0
2023-05-17,2895.591796875,3208.699951171875,3280.0,3198.25,3255.949951171875,1588815.0,-0.01517720691265767,0.008596180728962318,0.5310425766827417,Weak_Bear,0
2023-05-18,2887.60546875,3199.85009765625,3228.949951171875,3195.0,3225.949951171875,1369364.0,-0.0027580987532908052,0.007970883954572352,0.5365690279833807,Weak_Bear,0
2023-05-19,2908.361083984375,3222.85009765625,3234.5,3203.050048828125,3210.0,1152449.0,0.007187829313593852,0.00803372176802975,0.5237394205025344,Weak_Bear,0
2023-05-22,2976.80908203125,3298.699951171875,3308.449951171875,3217.050048828125,3230.0,1333243.0,0.023534903703601673,0.008681363190993562,0.48069429730902785,Weak_Bear,0
2023-05-23,2975.3203125,3297.050048828125,3327.949951171875,3290.10009765625,3306.0,1687418.0,-0.0005001226112337775,0.008684124601022643,0.4689326743442313,Weak_Bear,0
2023-05-24,2981.005859375,3303.35009765625,3317.199951171875,3276.0,3276.0,1016555.0,0.0019109024501038352,0.008676495148538774,0.49757791100660254,Weak_Bear,0
2023-05-25,2972.116943359375,3293.5,3306.0,3267.10009765625,3294.0,1374917.0,-0.002981851239127975,0.008661876761766685,0.5017419989734543,Weak_Bear,0
2023-05-26,3004.0625,3328.89990234375,3338.64990234375,3291.0,3293.5,1791115.0,0.010748418467180887,0.008823445596389038,0.5087836341280142,Weak_Bear,0
2023-05-29,2996.346923828125,3320.35009765625,3372.0,3312.0,3360.800048828125,1210372.0,-0.002568380708415696,0.008694520428055264,0.5290653178676791,Weak_Bear,0
2023-05-30,2992.6015625,3316.199951171875,3326.949951171875,3301.35009765625,3315.0,1344224.0,-0.001249975861720265,0.0087113981689368,0.4916613246909839,Weak_Bear,0
2023-05-31,2968.50732421875,3289.5,3327.699951171875,3265.14990234375,3309.0,5815424.0,-0.00805126836234149,0.00840572822375307,0.5136513010240017,Weak_Bear,0
2023-06-01,2999.640380859375,3324.0,3340.0,3297.5,3314.0,1177314.0,0.010487781649256567,0.008257916975048735,0.5378833713093685,Weak_Bear,0
2023-06-02,2983.035888671875,3305.60009765625,3335.89990234375,3297.449951171875,3326.25,2030661.0,-0.005535494285732634,0.008400484406052821,0.5366425886124019,Weak_Bear,0
2023-06-05,2967.965576171875,3288.89990234375,3327.0,3285.050048828125,3315.0,1861468.0,-0.005052005092271883,0.008424747361765246,0.5254220511125587,Weak_Bear,0
2023-06-06,2916.888671875,3232.300048828125,3288.85009765625,3220.60009765625,3280.0,2022849.0,-0.0172093991611435,0.00900422834278628,0.5243948827563507,Weak_Bear,0
2023-06-07,2955.331787109375,3274.89990234375,3278.85009765625,3241.0,3253.0,1567196.0,0.0131794934805185,0.009524605400637133,0.534776077487084,Weak_Bear,0
2023-06-08,2920.634033203125,3236.449951171875,3270.0,3233.0,3261.0,1759366.0,-0.011740730451178183,0.009871005699005887,0.5235665966183415,Weak_Bear,0
2023-06-09,2896.13330078125,3209.300048828125,3250.0,3205.35009765625,3245.0,1775689.0,-0.008388840280343035,0.010016564164410728,0.5354966801459994,Weak_Bear,0
2023-06-12,2930.06396484375,3246.89990234375,3254.39990234375,3211.0,3215.0,2324605.0,0.011715850252247417,0.010329081924441213,0.5593970622414282,Weak_Bear,0
2023-06-13,2927.17626953125,3243.699951171875,3265.0,3239.0,3260.0,1371928.0,-0.000985540024773468,0.01032802940443089,0.5339889722164735,Weak_Bear,0
2023-06-14,2933.80908203125,3251.050048828125,3255.85009765625,3225.85009765625,3243.699951171875,1658544.0,0.0022659422901998294,0.009712333077828122,0.5720926033033983,Weak_Bear,0
2023-06-15,2924.03564453125,3216.300048828125,3247.449951171875,3210.0,3245.300048828125,2273810.0,-0.003331313397268887,0.009723915212439661,0.606112924327584,Weak_Bear,0
2023-06-16,2886.398193359375,3174.89990234375,3199.39990234375,3156.0,3197.0,4156189.0,-0.012871748414649886,0.010045648831008253,0.6291833322960653,Normal_Market,1
2023-06-19,2918.67236328125,3210.39990234375,3214.89990234375,3175.0,3190.0,1468186.0,0.011181468307500664,0.00880402770993093,0.6110176139937149,Weak_Bear,0
2023-06-20,2934.400146484375,3227.699951171875,3232.5,3201.050048828125,3214.0,1528452.0,0.00538867719480618,0.008917564161221485,0.5674688598822911,Weak_Bear,0
2023-06-21,2962.128173828125,3258.199951171875,3261.39990234375,3223.949951171875,3250.0,1645987.0,0.009449300013486539,0.009186943470211503,0.6034585391188998,Weak_Bear,0
2023-06-22,2944.21875,3238.5,3267.64990234375,3230.10009765625,3260.0,1529603.0,-0.006046133987841484,0.009259683196180783,0.5867085164314192,Weak_Bear,0
2023-06-23,2924.081787109375,3216.35009765625,3249.39990234375,3209.14990234375,3237.300048828125,1119505.0,-0.00683949278246565,0.008972842968587413,0.5861686372642647,Weak_Bear,0
2023-06-26,2899.8076171875,3189.64990234375,3213.89990234375,3173.0,3205.0,1978803.0,-0.00830146749960492,0.009105749924174643,0.5948413419511569,Weak_Bear,0
2023-06-27,2906.808349609375,3197.35009765625,3209.64990234375,3182.300048828125,3202.0,863542.0,0.0024142058184759563,0.009149849342734367,0.5608429515194261,Weak_Bear,0
2023-06-28,2923.2626953125,3215.449951171875,3230.949951171875,3193.39990234375,3208.0,1575872.0,0.00566062282893065,0.009140017689430388,0.5834633635575655,Weak_Bear,0
2023-06-30,3002.17578125,3302.25,3310.0,3214.10009765625,3220.0,2672406.0,0.026994866408700968,0.010800574968753371,0.6093288868841998,Normal_Market,1
2023-07-03,2974.947021484375,3272.300048828125,3318.800048828125,3268.75,3314.300048828125,1687264.0,-0.00906967537866421,0.010925771843000127,0.6393867082000608,Normal_Market,1
2023-07-04,3008.17626953125,3308.85009765625,3315.0,3277.300048828125,3290.0,1656681.0,0.011169694050650714,0.011137258667779287,0.6096055492084909,Normal_Market,1
2023-07-05,3018.267333984375,3319.949951171875,3329.0,3305.0,3320.0,1453008.0,0.0033545455947292524,0.010312437334697307,0.5588832686517127,Weak_Bear,0
2023-07-06,3020.94921875,3322.89990234375,3328.449951171875,3302.0,3306.550048828125,1848238.0,0.0008885511019611769,0.009956171852729494,0.5947264018501142,Weak_Bear,0
2023-07-07,3026.722412109375,3329.25,3356.89990234375,3302.0,3302.0,1789326.0,0.0019110527656482912,0.00948293770016418,0.5840052468800028,Weak_Bear,0
2023-07-10,2974.629150390625,3271.949951171875,3324.75,3265.199951171875,3324.75,1407431.0,-0.01721111308732315,0.01016394276061197,0.6063478485645545,Weak_Bear,0
2023-07-11,2975.0380859375,3272.39990234375,3295.0,3260.800048828125,3295.0,1110172.0,0.0001374744636053471,0.009870157483128347,0.6193753399695449,Normal_Market,1
2023-07-12,2963.673828125,3259.89990234375,3289.14990234375,3250.10009765625,3280.949951171875,1515240.0,-0.0038198696904812035,0.009917498791156717,0.6028569067793681,Weak_Bear,0
2023-07-13,3036.99560546875,3340.550048828125,3367.449951171875,3272.75,3284.0,4585146.0,0.0247401642677183,0.011286968137290337,0.6089412880744919,Normal_Market,1
2023-07-14,3195.2744140625,3514.64990234375,3524.85009765625,3352.0,3365.0,6306101.0,0.05211690405766012,0.01585022428279421,0.5672999433058205,Normal_Market,1
2023-07-17,3174.41015625,3491.699951171875,3549.89990234375,3477.050048828125,3510.0,2743228.0,-0.006529723306604174,0.015543550319825378,0.5686016398190327,Weak_Bear,0
2023-07-18,3179.0927734375,3496.85009765625,3524.0,3465.0,3476.0,2600090.0,0.0014751141021522862,0.015487858737509309,0.5380216089308868,Weak_Bear,0
2023-07-19,3154.72802734375,3470.050048828125,3516.85009765625,3445.64990234375,3500.0,2405370.0,-0.007664056329946267,0.015717062585158766,0.47515010676441494,Weak_Bear,0
2023-07-20,3156.779052734375,3463.300048828125,3478.89990234375,3436.050048828125,3453.10009765625,1715404.0,0.0006501433318015781,0.015671969890407617,0.504663514219968,Weak_Bear,0
2023-07-21,3070.186767578125,3368.300048828125,3434.89990234375,3359.050048828125,3404.050048828125,3770223.0,-0.027430581523038344,0.0170152004365294,0.48283539987603136,Weak_Bear,0
2023-07-24,3094.295654296875,3394.75,3413.449951171875,3372.10009765625,3381.0,1680132.0,0.007852579840857077,0.016919809545984963,0.4824504149272145,Weak_Bear,0
2023-07-25,3098.30615234375,3399.14990234375,3406.800048828125,3380.199951171875,3397.5,1272980.0,0.0012960940048847291,0.016718296940786352,0.5046586439180978,Weak_Bear,0
2023-07-26,3088.4169921875,3388.300048828125,3420.85009765625,3385.0,3400.35009765625,1066803.0,-0.0031917956683426008,0.016783390121333515,0.5133935000995372,Weak_Bear,0
2023-07-27,3096.255126953125,3396.89990234375,3411.64990234375,3385.050048828125,3394.949951171875,1701769.0,0.0025379133664438225,0.016773488969210958,0.5209418982895274,Weak_Bear,0
2023-07-28,3058.428466796875,3355.39990234375,3393.699951171875,3331.0,3385.0,2599831.0,-0.012216906748725664,0.016100650368098247,0.5028565257424559,Weak_Bear,0
2023-07-31,3118.632568359375,3421.449951171875,3426.64990234375,3360.89990234375,3364.39990234375,2743678.0,0.019684652499181166,0.016429914655522244,0.5296486027148848,Weak_Bear,0
2023-08-01,3146.5244140625,3452.050048828125,3460.0,3415.0,3415.0,1956167.0,0.008943613937116623,0.01637545201387061,0.50416444087918,Weak_Bear,0
2023-08-02,3136.133544921875,3440.64990234375,3446.39990234375,3413.60009765625,3434.949951171875,1914899.0,-0.0033023322794464294,0.016422107237083736,0.4617224271838542,Weak_Bear,0
2023-08-03,3099.03564453125,3399.949951171875,3433.25,3368.0,3420.0,2026351.0,-0.011829183884944916,0.016712828717038164,0.46756198724616727,Weak_Bear,0
2023-08-04,3138.776611328125,3443.550048828125,3471.0,3401.25,3401.25,2248493.0,0.012823655922449495,0.01690713782428898,0.46006061040277413,Weak_Bear,0
2023-08-07,3175.69189453125,3484.050048828125,3488.0,3441.25,3453.949951171875,1853889.0,0.011761041888070256,0.01641265892437798,0.47879074055803905,Weak_Bear,0
2023-08-08,3163.43310546875,3470.60009765625,3489.949951171875,3456.60009765625,3484.050048828125,1634225.0,-0.00386019471335064,0.016478715658969405,0.5025747083401922,Weak_Bear,0
2023-08-09,3156.049560546875,3462.5,3467.0,3425.050048828125,3464.89990234375,1794589.0,-0.0023340290993069113,0.016448715059174616,0.5083300051249756,Weak_Bear,0
2023-08-10,3137.454833984375,3442.10009765625,3464.89990234375,3430.050048828125,3450.0,1096701.0,-0.005891772675229445,0.015756495168926705,0.5181838895818661,Weak_Bear,0
2023-08-11,3143.5625,3448.800048828125,3466.64990234375,3414.0,3438.10009765625,1679974.0,0.0019466944828872013,0.010397091341074315,0.5230161321632415,Weak_Bear,0
2023-08-14,3144.51904296875,3449.85009765625,3455.0,3411.0,3440.699951171875,1190425.0,0.0003042862894406806,0.010309557423537348,0.565053389704447,Weak_Bear,0
2023-08-16,3152.312744140625,3458.39990234375,3466.0,3435.199951171875,3450.0,1328445.0,0.0024785034103393944,0.010321710786820284,0.5624384215862328,Weak_Bear,0
2023-08-17,3131.667236328125,3435.75,3460.800048828125,3413.199951171875,3455.0,1843241.0,-0.0065493209234632754,0.010283199944545504,0.5364657886902067,Weak_Bear,0
2023-08-18,3069.09326171875,3367.10009765625,3410.0,3356.5,3410.0,2526749.0,-0.019981042009668548,0.011177099849174406,0.5242220047255677,Weak_Bear,0
2023-08-21,3100.585205078125,3401.64990234375,3409.75,3372.0,3375.0,1375579.0,0.010260992636548005,0.009616464777034248,0.5374103045629905,Weak_Bear,0
2023-08-22,3082.810302734375,3382.14990234375,3411.0,3365.050048828125,3400.0,1222012.0,-0.005732757259706456,0.009552091757170141,0.5353637741214948,Weak_Bear,0
2023-08-23,3097.48583984375,3398.25,3402.0,3376.0,3388.0,1330046.0,0.004760441178089492,0.009610784868245598,0.5346302786842545,Weak_Bear,0
2023-08-24,3087.9150390625,3387.75,3413.050048828125,3378.10009765625,3408.0,1152881.0,-0.003089861027979035,0.009609012898666284,0.5441139586660343,Weak_Bear,0
2023-08-25,3082.0361328125,3381.300048828125,3385.800048828125,3350.25,3375.0,1158046.0,-0.0019038432649963744,0.009599462486430354,0.5531825154365129,Weak_Bear,0
2023-08-28,3076.794921875,3375.550048828125,3394.0,3360.10009765625,3394.0,1037485.0,-0.0017005676480233989,0.00918486509900717,0.5590336766359911,Weak_Bear,0
2023-08-29,3077.342041015625,3376.14990234375,3389.550048828125,3365.0,3381.050048828125,944517.0,0.00017782112702247055,0.007979040265230152,0.5912221880847782,Weak_Bear,0
2023-08-30,3090.83203125,3390.949951171875,3408.10009765625,3383.050048828125,3398.0,1188200.0,0.0043836499337990276,0.007752845945453125,0.6152679012280206,Weak_Bear,0
2023-08-31,3059.704833984375,3356.800048828125,3417.39990234375,3343.64990234375,3401.0,3417652.0,-0.010070814897384261,0.008008405518958645,0.5788336428108838,Weak_Bear,0
2023-09-01,3080.1220703125,3379.199951171875,3389.0,3356.800048828125,3366.0,1277950.0,0.0066729431222740665,0.007781657022028911,0.5629851571950785,Weak_Bear,0
2023-09-04,3115.943603515625,3418.5,3432.85009765625,3370.050048828125,3378.0,1828332.0,0.011629906992449479,0.007679792461045525,0.5489134489411932,Weak_Bear,0
2023-09-05,3125.83349609375,3429.35009765625,3447.0,3405.14990234375,3420.0,1501842.0,0.003173963921223155,0.007192408905379434,0.5389792516031366,Weak_Bear,0
2023-09-06,3126.334716796875,3429.89990234375,3443.89990234375,3398.10009765625,3434.0,1314818.0,0.00016034785721985578,0.00715748420636888,0.5590367859410522,Weak_Bear,0
2023-09-07,3149.441162109375,3455.25,3460.0,3422.300048828125,3430.800048828125,1885092.0,0.007390905774853795,0.007358506045413086,0.5493729156780838,Weak_Bear,0
2023-09-08,3137.2724609375,3441.89990234375,3465.0,3435.050048828125,3455.25,1518917.0,-0.003863765203260705,0.0072878232877714305,0.5650744506554388,Weak_Bear,0
2023-09-11,3172.59326171875,3480.64990234375,3485.699951171875,3445.0,3462.0,1783604.0,0.011258442236379729,0.007702852682867004,0.5399045617902942,Weak_Bear,0
2023-09-12,3263.87939453125,3580.800048828125,3589.89990234375,3483.0,3492.0,4476016.0,0.028773348892207506,0.009965326792109912,0.5416286741569608,Weak_Bear,0
2023-09-13,3252.075439453125,3567.85009765625,3588.85009765625,3545.0,3571.10009765625,1754929.0,-0.0036165414377452576,0.010039990732562981,0.5419166619550103,Weak_Bear,0
2023-09-14,3244.965576171875,3560.050048828125,3597.699951171875,3545.60009765625,3570.050048828125,2604721.0,-0.002186254105607577,0.009899869114373712,0.5172287886574718,Weak_Bear,0
2023-09-15,3279.83056640625,3598.300048828125,3607.35009765625,3562.449951171875,3567.85009765625,2952897.0,0.010744332849134786,0.00864199539174112,0.5869564283773412,Weak_Bear,0
2023-09-18,3286.985595703125,3606.14990234375,3619.300048828125,3575.25,3580.050048828125,1395753.0,0.0021815240610782993,0.008489985282614382,0.5915834331396436,Weak_Bear,0
2023-09-20,3286.89453125,3606.050048828125,3625.0,3580.0,3580.0,1649396.0,-2.770454888634255e-05,0.008275787486062489,0.5705837270439998,Weak_Bear,0
2023-09-21,3267.9814453125,3585.300048828125,3605.0,3528.0,3588.550048828125,2004073.0,-0.005754089690948261,0.008505074063074554,0.5948461467285467,Weak_Bear,0
2023-09-22,3284.707275390625,3603.64990234375,3633.75,3565.050048828125,3584.0,1989083.0,0.005118092118336914,0.008407614435081395,0.5783245960497966,Weak_Bear,0
2023-09-25,3260.55224609375,3577.14990234375,3620.0,3558.64990234375,3602.5,1238778.0,-0.007353784453746348,0.008663671643557516,0.5619341983468664,Weak_Bear,0
2023-09-26,3268.345947265625,3585.699951171875,3594.949951171875,3536.0,3567.60009765625,1726062.0,0.002390300962425096,0.008598513583430775,0.5651035477757903,Weak_Bear,0
2023-09-27,3271.626708984375,3589.300048828125,3614.0,3555.699951171875,3590.0,1541134.0,0.001003798793544064,0.008585920581880251,0.587255938130301,Weak_Bear,0
2023-09-28,3223.72802734375,3536.75,3602.800048828125,3527.35009765625,3600.0,1755753.0,-0.014640631679979865,0.009446929521116067,0.600925241879077,Weak_Bear,0
2023-09-29,3216.299072265625,3528.60009765625,3568.449951171875,3505.550048828125,3537.199951171875,2243791.0,-0.002304460864909319,0.009070296631496921,0.5773621680860951,Weak_Bear,0
2023-10-03,3202.8544921875,3513.85009765625,3534.199951171875,3480.10009765625,3534.199951171875,1948148.0,-0.004180139898698698,0.00913429453776883,0.5713514995397497,Weak_Bear,0
2023-10-04,3224.639404296875,3537.75,3548.0,3477.300048828125,3486.300048828125,1788138.0,0.006801717706037991,0.008927714880505382,0.5539453287445416,Weak_Bear,0
2023-10-05,3271.6728515625,3589.35009765625,3624.0,3551.199951171875,3554.0,2990768.0,0.014585645515263534,0.009376660174815763,0.5332101977899313,Weak_Bear,0
2023-10-06,3300.8857421875,3621.39990234375,3634.949951171875,3575.050048828125,3591.0,2075691.0,0.008929037819612073,0.00947465608642968,0.5573899054528786,Weak_Bear,0
2023-10-09,3316.335693359375,3638.35009765625,3679.0,3631.0,3645.050048828125,4233074.0,0.004680547095106791,0.009424219785031232,0.56001022062314,Weak_Bear,0
2023-10-10,3307.72265625,3628.89990234375,3648.0,3601.35009765625,3640.050048828125,1848148.0,-0.002597154783401945,0.009382469856917404,0.5563851410895235,Weak_Bear,0
2023-10-11,3290.40380859375,3609.89990234375,3650.0,3605.0,3650.0,2426417.0,-0.005235882646788981,0.00931437001811733,0.5582862304065586,Weak_Bear,0
2023-10-12,3229.014892578125,3542.550048828125,3588.64990234375,3538.10009765625,3575.0,4241281.0,-0.018656955068946823,0.008055914801321371,0.5811824329107153,Weak_Bear,0
2023-10-13,3254.81005859375,3570.85009765625,3577.0,3525.0,3530.0,2890357.0,0.007988555913729378,0.008236005605215277,0.593556940881676,Weak_Bear,0
2023-10-16,3212.15185546875,3524.050048828125,3574.64990234375,3519.10009765625,3566.0,1671104.0,-0.013106203544003603,0.008740281288121397,0.5647234074899447,Weak_Bear,0
2023-10-17,3196.65673828125,3507.050048828125,3534.14990234375,3503.35009765625,3530.0,1672065.0,-0.004823905557615249,0.008374404834750958,0.5527605509130327,Weak_Bear,0
2023-10-18,3178.609130859375,3487.25,3522.699951171875,3484.0,3511.0,1408245.0,-0.005645775852548551,0.008388479889230678,0.5459506273621095,Weak_Bear,0
2023-10-19,3157.956298828125,3455.64990234375,3476.85009765625,3451.89990234375,3469.5,1514545.0,-0.006497443120874191,0.00844751263883621,0.5351031902631277,Weak_Bear,0
2023-10-20,3193.504638671875,3494.550048828125,3499.5,3444.050048828125,3450.39990234375,1481211.0,0.011256754837595917,0.008890669048096248,0.5645223368016037,Weak_Bear,0
2023-10-23,3116.375,3410.14990234375,3478.949951171875,3401.300048828125,3473.0,1106272.0,-0.02415203589744963,0.0101330307929582,0.5495887232262623,Weak_Bear,0
2023-10-25,3098.052978515625,3390.10009765625,3425.0,3377.199951171875,3390.5,1518537.0,-0.005879273670330143,0.010101769612650073,0.5530748399731039,Weak_Bear,0
2023-10-26,3049.299072265625,3336.75,3373.699951171875,3330.0,3368.050048828125,1984471.0,-0.015736950461499033,0.0104468323553283,0.5388494547907267,Weak_Bear,0
2023-10-27,3062.275634765625,3350.949951171875,3362.0,3337.0,3350.0,1108851.0,0.004255588642657626,0.010544003631280848,0.5686473901390178,Weak_Bear,0
2023-10-30,3087.497802734375,3378.550048828125,3382.85009765625,3333.75,3350.0,910972.0,0.008236413366062179,0.010483755872342055,0.5815956730663078,Weak_Bear,0
2023-10-31,3078.5419921875,3368.75,3399.0,3350.050048828125,3399.0,999811.0,-0.002900669447908122,0.010485203149259242,0.5659302563579264,Weak_Bear,0
2023-11-01,3043.724365234375,3330.64990234375,3371.60009765625,3311.0,3355.0,1563475.0,-0.011309778148708927,0.010677862440165331,0.5457919661317504,Weak_Bear,0
2023-11-02,3070.6376953125,3360.10009765625,3375.949951171875,3343.199951171875,3343.199951171875,1245384.0,0.008842236302843531,0.010780574978199873,0.5346674639105894,Weak_Bear,0
2023-11-03,3062.229248046875,3350.89990234375,3387.89990234375,3344.300048828125,3382.0,1402598.0,-0.002738339100852194,0.010013660816370002,0.5228471904853901,Weak_Bear,0
2023-11-06,3089.051025390625,3380.25,3392.300048828125,3359.0,3375.0,1099852.0,0.008758905741905965,0.010002832523707674,0.549111817707277,Weak_Bear,0
2023-11-07,3080.095458984375,3370.449951171875,3404.14990234375,3366.0,3378.0,1191144.0,-0.002899131912240782,0.00982808906670804,0.5496064187458559,Weak_Bear,0
2023-11-08,3090.239013671875,3381.550048828125,3401.949951171875,3369.550048828125,3371.449951171875,992899.0,0.0032932598429415982,0.009948571050257923,0.5518236581269086,Weak_Bear,0
2023-11-09,3059.077392578125,3347.449951171875,3391.5,3342.050048828125,3390.10009765625,2112352.0,-0.010083887024882054,0.010055490020213812,0.5320163038431426,Weak_Bear,0
2023-11-10,3046.282958984375,3333.449951171875,3347.449951171875,3322.35009765625,3338.0,1338557.0,-0.004182448480967382,0.00941444865899613,0.5163764908592837,Weak_Bear,0
2023-11-13,3044.546630859375,3331.550048828125,3356.0,3327.0,3356.0,1030990.0,-0.0005699825486923382,0.009083789430477694,0.5439924417599282,Weak_Bear,0
2023-11-15,3111.02978515625,3404.300048828125,3413.0,3356.050048828125,3383.10009765625,2059802.0,0.02183679948370809,0.01036701694171154,0.536598046780346,Weak_Bear,0
2023-11-16,3196.5205078125,3497.85009765625,3529.35009765625,3414.199951171875,3430.050048828125,3951984.0,0.02747987919117789,0.01218642375890489,0.5009534690971875,Weak_Bear,0
2023-11-17,3200.723876953125,3502.449951171875,3524.5,3492.550048828125,3497.85009765625,2021292.0,0.0013149826914458096,0.012113828137862244,0.5136837404967012,Weak_Bear,0
2023-11-20,3216.39697265625,3519.60009765625,3533.89990234375,3491.25,3491.25,1475621.0,0.0048967347092885305,0.012039269460183445,0.5025349936620362,Weak_Bear,0
2023-11-21,3207.806884765625,3510.199951171875,3539.050048828125,3501.0,3519.60009765625,1807236.0,-0.0026707175649188786,0.011814619212957374,0.512233448838849,Weak_Bear,0
2023-11-22,3226.037841796875,3530.14990234375,3532.64990234375,3481.10009765625,3500.0,1798051.0,0.005683308779537821,0.010360125205729619,0.5064804095721602,Weak_Bear,0
2023-11-23,3206.024658203125,3508.25,3544.0,3500.0,3530.0,2729804.0,-0.0062036419208904015,0.010372994718705989,0.44309690820836467,Weak_Bear,0
2023-11-24,3159.281005859375,3457.10009765625,3504.550048828125,3453.0,3494.25,1989733.0,-0.014579941618399261,0.01027299214826723,0.4335961308243771,Weak_Bear,0
2023-11-28,3171.20703125,3470.14990234375,3481.25,3433.0,3457.10009765625,1689195.0,0.00377491757412729,0.010267562381098508,0.43488833814003613,Weak_Bear,0
2023-11-29,3211.050537109375,3513.75,3518.0,3475.800048828125,3481.0,1441634.0,0.012564145281826589,0.010454276341713385,0.47255576397828997,Weak_Bear,0
2023-11-30,3187.153564453125,3487.60009765625,3516.64990234375,3481.0,3499.449951171875,3266235.0,-0.0074421041899148666,0.010614763246024108,0.48072485707923474,Weak_Bear,0
2023-12-01,3209.13134765625,3511.64990234375,3516.949951171875,3490.050048828125,3500.0,1172141.0,0.006895740276918971,0.010205123811857206,0.4565248737794845,Weak_Bear,0
2023-12-04,3209.86279296875,3512.449951171875,3547.800048828125,3498.0,3544.64990234375,1625213.0,0.0002279262620503708,0.010113552727376584,0.462739102917498,Weak_Bear,0
2023-12-05,3227.363037109375,3531.60009765625,3538.0,3502.800048828125,3538.0,1377656.0,0.005452022491104547,0.0100658841156059,0.43858516017522503,Weak_Bear,0
2023-12-06,3293.616943359375,3604.10009765625,3612.85009765625,3525.14990234375,3532.60009765625,1896572.0,0.020528804937092193,0.010760261463476606,0.4405413074250117,Weak_Bear,0
2023-12-07,3303.4873046875,3614.89990234375,3630.550048828125,3591.699951171875,3605.0,1967653.0,0.0029968152028201356,0.010662795065038125,0.31086505179419766,Weak_Bear,0
2023-12-08,3314.270263671875,3626.699951171875,3645.0,3602.050048828125,3633.0,1641155.0,0.0032641139468205793,0.010662835521751917,0.3490674069912459,Weak_Bear,0
2023-12-11,3329.074951171875,3642.89990234375,3653.0,3615.0,3622.89990234375,1102503.0,0.0044669523974179,0.010167879728337966,0.38330455273305925,Weak_Bear,0
2023-12-12,3355.759765625,3672.10009765625,3698.39990234375,3631.0,3638.949951171875,2236866.0,0.008015684490290997,0.0099975484831962,0.41149889014630936,Weak_Bear,0
2023-12-13,3283.976318359375,3593.550048828125,3650.0,3563.0,3643.550048828125,3850968.0,-0.021391116253596132,0.011558897175355574,0.4620163845726636,Weak_Bear,0
2023-12-14,3351.326904296875,3667.25,3678.0,3627.60009765625,3630.0,3290396.0,0.02050885250328105,0.011453505540289,0.47493067267251204,Weak_Bear,0
2023-12-15,3528.386474609375,3861.0,3895.949951171875,3666.699951171875,3666.699951171875,8531230.0,0.05283267653939827,0.015051404397786418,0.5629558910076693,Normal_Market,1
2023-12-18,3526.7412109375,3859.199951171875,3929.0,3830.14990234375,3858.10009765625,2521612.0,-0.0004662934980945721,0.015079954380474487,0.5577487528961083,Weak_Bear,0
2023-12-19,3487.445556640625,3816.199951171875,3855.10009765625,3790.0,3845.0,2004435.0,-0.011142199539622366,0.015504427766083394,0.5248021838228487,Weak_Bear,0
2023-12-20,3454.409912109375,3780.050048828125,3898.800048828125,3766.550048828125,3827.25,2586083.0,-0.009472734124363669,0.015735171062970194,0.5303597365729215,Weak_Bear,0
2023-12-21,3461.218017578125,3787.5,3806.699951171875,3743.35009765625,3756.25,1517562.0,0.001970844700533103,0.015734001383872227,0.5162871800978063,Weak_Bear,0
2023-12-22,3494.57373046875,3824.0,3845.949951171875,3762.0,3800.0,2413058.0,0.009636986956968574,0.015610615753997775,0.5147726683035848,Weak_Bear,0
2023-12-26,3468.57470703125,3795.550048828125,3834.0,3790.14990234375,3819.85009765625,1285231.0,-0.007439826840915598,0.015229940994576533,0.5333490050252733,Weak_Bear,0
2023-12-27,3482.87646484375,3811.199951171875,3818.199951171875,3768.0,3799.0,1293976.0,0.0041232376467224,0.015228919311142383,0.5172461915145614,Weak_Bear,0
2023-12-28,3472.5498046875,3799.89990234375,3838.0,3792.10009765625,3824.0,1682889.0,-0.0029649803145439524,0.015208442366300267,0.5566371351873479,Weak_Bear,0
2023-12-29,3466.609375,3793.39990234375,3822.60009765625,3765.39990234375,3792.0,1574996.0,-0.001710682357811355,0.01503389269213463,0.5732040934860021,Weak_Bear,0
2024-01-01,3482.78515625,3811.10009765625,3832.0,3773.0,3790.0,825907.0,0.0046661678603463486,0.01502202335448402,0.5460380314266956,Weak_Bear,0
2024-01-02,3457.288330078125,3783.199951171875,3811.10009765625,3767.25,3811.10009765625,1344068.0,-0.007320815102855205,0.015220732236793318,0.5461283161369758,Weak_Bear,0
2024-01-03,3373.716552734375,3691.75,3771.85009765625,3687.050048828125,3767.0,1803075.0,-0.024172637444404788,0.016446474701458814,0.5195521135334912,Weak_Bear,0
2024-01-04,3350.916015625,3666.800048828125,3719.0,3651.0,3701.75,3598144.0,-0.006758284744133425,0.015984063274669672,0.5420041437621304,Weak_Bear,0
2024-01-05,3415.890869140625,3737.89990234375,3747.75,3674.85009765625,3675.0,1963127.0,0.019390176659950242,0.016504664637877448,0.5324542101455649,Weak_Bear,0
2024-01-08,3361.42529296875,3678.300048828125,3739.75,3672.39990234375,3737.89990234375,1067805.0,-0.015944764706601222,0.0169675053595667,0.5075338571279768,Weak_Bear,0
2024-01-09,3372.02587890625,3689.89990234375,3752.35009765625,3682.75,3709.949951171875,1370944.0,0.0031535985522788135,0.016955272138115204,0.5104669830761589,Weak_Bear,0
2024-01-10,3393.181640625,3713.050048828125,3729.25,3688.0,3690.0,1292227.0,0.006273902537667464,0.016920565124928504,0.4895232380209336,Weak_Bear,0
2024-01-11,3413.74365234375,3735.550048828125,3773.0,3707.0,3724.0,1777909.0,0.006059802833002115,0.016130166184403553,0.5573377775612918,Weak_Bear,0
2024-01-12,3548.308349609375,3882.800048828125,3905.25,3821.60009765625,3848.0,6813450.0,0.03941851262710894,0.017742068592574784,0.5669060096707232,High_Volatility,2
2024-01-15,3567.49951171875,3903.800048828125,3965.0,3885.0,3960.0,2801505.0,0.005408538440997646,0.013360430945807989,0.5377885238629821,Weak_Bear,0
2024-01-16,3528.659912109375,3861.300048828125,3899.0,3855.550048828125,3899.0,1432672.0,-0.01088706515075677,0.013606588206650483,0.5446764946460948,Weak_Bear,0
2024-01-17,3549.95361328125,3884.60009765625,3909.949951171875,3812.550048828125,3819.0,3458696.0,0.0060345008309814485,0.013399195968093637,0.5238830063698793,Weak_Bear,0
2024-01-18,3566.40234375,3902.60009765625,3908.800048828125,3862.0,3898.0,2239110.0,0.004633505747007938,0.013190029970857206,0.5226796297418838,Weak_Bear,0
2024-01-19,3628.471435546875,3943.050048828125,3963.550048828125,3915.050048828125,3945.0,2941975.0,0.017403838887008583,0.013651396236671349,0.5302324617147739,Weak_Bear,0
2024-01-23,3550.436767578125,3858.25,3933.89990234375,3842.75,3900.0,2618854.0,-0.021506209806220755,0.014536009008020163,0.5262843019215362,Weak_Bear,0
2024-01-24,3535.299072265625,3841.800048828125,3883.64990234375,3805.60009765625,3880.0,2657709.0,-0.004263614958794459,0.014457315930512731,0.5324664108116396,Weak_Bear,0
2024-01-25,3506.3125,3810.300048828125,3861.0,3778.699951171875,3839.89990234375,2205154.0,-0.008199185322968705,0.014581569994042934,0.5243314271078432,Weak_Bear,0
2024-01-29,3497.75439453125,3801.0,3820.0,3780.85009765625,3800.800048828125,1646747.0,-0.002440770886437016,0.014575605410777327,0.5745284368060486,Weak_Bear,0
2024-01-30,3497.34033203125,3800.550048828125,3847.800048828125,3787.0,3807.449951171875,1411621.0,-0.00011837952391613449,0.014567460035096182,0.5906294060424998,Normal_Market,1
2024-01-31,3511.511474609375,3815.949951171875,3834.0,3796.449951171875,3811.199951171875,2459358.0,0.004051976997587303,0.014558952207236983,0.5778952404064015,Weak_Bear,0
2024-02-01,3546.663818359375,3854.14990234375,3904.89990234375,3805.050048828125,3820.0,2363107.0,0.010010601988396095,0.014584040942619971,0.5693941467838999,Weak_Bear,0
2024-02-02,3649.86669921875,3966.300048828125,3984.39990234375,3872.0,3875.050048828125,2826510.0,0.02909858000218213,0.01453663031784779,0.5387048586570888,Weak_Bear,0
2024-02-05,3656.307861328125,3973.300048828125,4022.0,3962.10009765625,3983.0,1691523.0,0.0017647663983875184,0.014326794913162898,0.5498952734606333,Weak_Bear,0
2024-02-06,3806.027587890625,4136.0,4149.89990234375,3990.0,3997.0,4474396.0,0.04094833702217726,0.016197511257859006,0.5719212615960114,Normal_Market,1
2024-02-07,3757.623779296875,4083.39990234375,4155.0,4073.949951171875,4153.0,2124267.0,-0.012717671502895267,0.015986873517272553,0.5875017054452091,Normal_Market,1
2024-02-08,3804.279052734375,4134.10009765625,4158.0,4086.050048828125,4090.0,2345173.0,0.012416164091400894,0.016043095182174574,0.6146841526557746,Normal_Market,1
2024-02-09,3803.91162109375,4133.7001953125,4184.75,4100.0,4136.5498046875,2100596.0,-9.658377724974798e-05,0.016104038382531678,0.6019497355835294,Normal_Market,1
2024-02-12,3791.9482421875,4120.7001953125,4159.60009765625,4105.5498046875,4130.0,1013716.0,-0.0031450202049673193,0.01622880643536266,0.6682645140905339,Normal_Market,1
2024-02-13,3818.450439453125,4149.5,4170.0,4081.5,4125.4501953125,1257415.0,0.0069890714674776255,0.01413504603133576,0.6801609227914914,Normal_Market,1
2024-02-14,3772.9921875,4100.10009765625,4114.89990234375,4049.5,4107.0,1391283.0,-0.011904895107041291,0.014553341935291815,0.6658722404493889,Normal_Market,1
2024-02-15,3775.8447265625,4103.2001953125,4146.2998046875,4083.0,4128.0,1091582.0,0.0007560416032534878,0.014201273098477886,0.7129437819610458,Normal_Market,1
2024-02-16,3798.94189453125,4128.2998046875,4147.9501953125,4100.10009765625,4113.25,1307556.0,0.0061170862790689284,0.014202065181710046,0.6831917419460604,Normal_Market,1
2024-02-19,3776.396484375,4103.7998046875,4128.2998046875,4055.0,4123.0498046875,772291.0,-0.005934655170352854,0.014353074449282271,0.6762280248423268,Normal_Market,1
2024-02-20,3709.08251953125,4030.64990234375,4098.0,4010.0,4082.10009765625,1193648.0,-0.017824919899768088,0.014646075757800865,0.6797766380793706,Normal_Market,1
2024-02-21,3673.055419921875,3991.5,4063.35009765625,3980.60009765625,4013.0,1885939.0,-0.00971321059039909,0.013902318584233781,0.6612491694396035,Normal_Market,1
2024-02-22,3761.029052734375,4087.10009765625,4094.949951171875,3971.0,3971.0,2982052.0,0.023951076897819057,0.014666280936434881,0.6643624770150595,Normal_Market,1
2024-02-23,3728.821044921875,4052.10009765625,4130.0,4046.39990234375,4130.0,2538072.0,-0.008563615797938073,0.014681407917340432,0.6767146591345049,Normal_Market,1
2024-02-26,3681.843994140625,4001.050048828125,4050.0,3982.75,4036.0,1379284.0,-0.012598365600093864,0.01505705049539828,0.7169999806576864,Normal_Market,1
2024-02-27,3776.948486328125,4104.39990234375,4124.0,3999.0,3999.0,2960475.0,0.025830668637468523,0.015898246041623376,0.7131861756717404,Normal_Market,1
2024-02-28,3790.337890625,4118.9501953125,4154.89990234375,4089.0,4095.60009765625,1939225.0,0.0035450322781320764,0.01589851555596738,0.6986750801375566,Normal_Market,1
2024-02-29,3768.390625,4095.10009765625,4138.10009765625,4064.550048828125,4099.0,3772719.0,-0.005790319031789837,0.015973727788837776,0.712691283614521,Normal_Market,1
2024-03-01,3767.700927734375,4094.35009765625,4140.0,4086.800048828125,4107.2001953125,2043265.0,-0.00018302170190354072,0.014767180483308169,0.685895934365635,Normal_Market,1
2024-03-04,3755.1396484375,4080.699951171875,4117.89990234375,4075.89990234375,4105.0,1749271.0,-0.0033339374695083857,0.014809813113328104,0.6940733115494202,Normal_Market,1
2024-03-05,3692.0126953125,4012.10009765625,4064.0,3980.0,4062.0,2070859.0,-0.016810813720673945,0.012079459837386891,0.6555787347077288,Normal_Market,1
2024-03-06,3740.048095703125,4064.300048828125,4072.0,3958.449951171875,3994.050048828125,1744204.0,0.013010627090099813,0.012185920009843204,0.6459392074327513,Normal_Market,1
2024-03-07,3780.813720703125,4108.60009765625,4124.0,4037.699951171875,4065.0,2688905.0,0.010899759563743228,0.012107994340136978,0.6582281047242666,Normal_Market,1
2024-03-11,3793.46728515625,4122.35009765625,4153.0,4089.0,4089.0,2304068.0,0.0033467833614324594,0.012134593042214306,0.6504890865535138,Normal_Market,1
2024-03-12,3857.79052734375,4192.25,4229.9501953125,4121.0498046875,4122.35009765625,4039801.0,0.01695631920675722,0.012686229659626081,0.722119136400514,Normal_Market,1
2024-03-13,3817.990966796875,4149.0,4241.0,4131.89990234375,4205.0,2837260.0,-0.010316672267397187,0.012840969228217912,0.7392355276535767,Normal_Market,1
2024-03-14,3871.915283203125,4207.60009765625,4225.0,4086.0,4153.4501953125,2919608.0,0.01412374122285831,0.012882164185426554,0.7205025019330827,Normal_Market,1
2024-03-15,3882.6357421875,4219.25,4239.0,4177.0,4192.60009765625,3373143.0,0.002768774159621179,0.01288494917676493,0.7626939973955444,Normal_Market,1
2024-03-18,3821.21142578125,4152.5,4254.75,4117.85009765625,4215.25,1526904.0,-0.01582026244152468,0.013392629611872216,0.761566341521379,Normal_Market,1
2024-03-19,3659.989013671875,3977.300048828125,4058.0,3966.60009765625,4051.25,8931209.0,-0.04219143987208529,0.01640668385455864,0.7610594504200636,Normal_Market,1
2024-03-20,3654.09912109375,3970.89990234375,4018.0,3960.199951171875,3986.0,1817913.0,-0.0016092650978249967,0.015948407145366314,0.7504144072570638,Normal_Market,1
2024-03-21,3655.98583984375,3972.949951171875,4008.39990234375,3948.0,3990.050048828125,3829582.0,0.0005163293844736572,0.01580498772730055,0.7175591554513083,Normal_Market,1
2024-03-22,3598.885986328125,3910.89990234375,3938.0,3855.0,3897.0,5852485.0,-0.015618182349980136,0.015094728321204754,0.7109038690552841,Normal_Market,1
2024-03-26,3568.151123046875,3877.5,3946.699951171875,3871.449951171875,3875.0,3440925.0,-0.00854010474297029,0.015094198693537909,0.7012325720295474,Normal_Market,1
2024-03-27,3534.470947265625,3840.89990234375,3895.0,3829.39990234375,3888.5,1968575.0,-0.009439111354815677,0.014994649973781795,0.7410778011385687,Normal_Market,1
2024-03-28,3567.046630859375,3876.300048828125,3915.0,3840.5,3850.10009765625,4311783.0,0.009216565669878163,0.013787197103431383,0.7558428215070121,Normal_Market,1
2024-04-01,3604.269775390625,3916.75,3933.300048828125,3888.050048828125,3897.699951171875,1569676.0,0.010435283971121478,0.014036953604271481,0.7416124024567897,Normal_Market,1
2024-04-02,3573.9482421875,3883.800048828125,3909.85009765625,3873.0,3890.0,2142666.0,-0.008412670275170786,0.014082277018739141,0.7699134101578808,Normal_Market,1
2024-04-03,3632.3828125,3947.300048828125,3981.0,3851.0,3851.0,3973090.0,0.016350144532796707,0.014700246574868348,0.7902896074888963,Normal_Market,1
2024-04-04,3683.91455078125,4003.300048828125,4028.64990234375,3935.25,3975.89990234375,3394637.0,0.014186758648872422,0.015115413091866587,0.7573199503493816,Normal_Market,1
2024-04-05,3661.783203125,3979.25,4002.0,3960.5,3978.0,1636819.0,-0.0060075627029830825,0.014702307598408218,0.7153244932988767,Normal_Market,1
2024-04-08,3655.617919921875,3972.550048828125,4032.64990234375,3960.0,3983.0,2302538.0,-0.0016836832933919688,0.014365039624421693,0.6997540226052769,Normal_Market,1
2024-04-09,3631.692626953125,3946.550048828125,4015.85009765625,3925.050048828125,3984.0,1876992.0,-0.006544801314810611,0.014129467335293211,0.7014650131814537,Normal_Market,1
2024-04-10,3666.752197265625,3984.64990234375,3990.199951171875,3918.0,3956.39990234375,2101965.0,0.00965378238573944,0.014322132044046261,0.6806718656204541,Normal_Market,1
2024-04-12,3682.166259765625,4001.39990234375,4013.35009765625,3945.5,3971.0,4354821.0,0.004203737168684274,0.013723954008169207,0.7067125816744881,Normal_Market,1
2024-04-15,3626.768798828125,3941.199951171875,4064.199951171875,3919.050048828125,4001.39990234375,4200329.0,-0.015044801627459914,0.0139099314175873,0.6944465067036903,Normal_Market,1
2024-04-16,3563.825927734375,3872.800048828125,3928.699951171875,3862.85009765625,3902.0,3051420.0,-0.01735508232950722,0.01371270360230496,0.6889651494361316,Normal_Market,1
2024-04-18,3553.887451171875,3862.0,3936.0,3850.0,3876.800048828125,3476284.0,-0.0027887098764158846,0.013623341515354215,0.7316631911753543,Normal_Market,1
2024-04-19,3520.943603515625,3826.199951171875,3852.550048828125,3800.89990234375,3838.0,2957749.0,-0.009269806123260005,0.013409488659511202,0.7167055829099961,Normal_Market,1
2024-04-22,3556.2802734375,3864.60009765625,3878.0,3812.0,3837.0,1728883.0,0.010036136303515741,0.010306397367490113,0.6915304234696522,Normal_Market,1
2024-04-23,3565.57421875,3874.699951171875,3895.0,3860.60009765625,3877.050048828125,1807586.0,0.0026133894400612867,0.010344757996451145,0.6592150926641309,Normal_Market,1
2024-04-24,3525.406494140625,3831.050048828125,3898.0,3824.449951171875,3890.0,1317312.0,-0.011265429393714,0.010576266847267703,0.6453741710103782,Normal_Market,1
2024-04-25,3544.869384765625,3852.199951171875,3873.64990234375,3811.0,3811.199951171875,2856271.0,0.005520750772243677,0.010167194708466942,0.6380763965495969,Normal_Market,1
2024-04-26,3516.48095703125,3821.35009765625,3876.800048828125,3802.550048828125,3855.14990234375,2039178.0,-0.008008314172696096,0.010146304436705245,0.6074256121358338,Weak_Bear,0
2024-04-29,3561.433349609375,3870.199951171875,3877.800048828125,3819.199951171875,3838.0,1110693.0,0.012783345943689017,0.010351348146611294,0.6397534185073869,Normal_Market,1
2024-04-30,3515.837158203125,3820.64990234375,3881.75,3810.0,3872.0,2203078.0,-0.01280276420482529,0.010537051019115362,0.6506625814447834,Normal_Market,1
2024-05-02,3555.08349609375,3863.300048828125,3871.10009765625,3778.050048828125,3778.050048828125,2491044.0,0.011162729138081806,0.010578576038153433,0.6265317568255016,Normal_Market,1
2024-05-03,3536.771484375,3843.39990234375,3893.60009765625,3797.60009765625,3890.14990234375,2962234.0,-0.005150937168949987,0.01047699204040918,0.6365900394006208,Normal_Market,1
2024-05-06,3608.2265625,3921.050048828125,3939.949951171875,3853.0,3853.0,2053831.0,0.02020347609131079,0.01083201179145841,0.5777904931604255,Weak_Bear,0
2024-05-07,3661.50732421875,3978.949951171875,3988.0,3913.5,3930.800048828125,2062112.0,0.014766467902124658,0.010873451371340635,0.5789146252300188,Weak_Bear,0
2024-05-08,3659.666748046875,3976.949951171875,3984.300048828125,3938.60009765625,3961.0,1247685.0,-0.0005026826410261531,0.010789356393840007,0.5456232812798524,Weak_Bear,0
2024-05-09,3644.2529296875,3960.199951171875,3971.0,3910.050048828125,3962.0,1726486.0,-0.004211809276787659,0.01082519521109972,0.559098428486433,Weak_Bear,0
2024-05-10,3583.242431640625,3893.89990234375,3973.60009765625,3885.050048828125,3962.60009765625,1672489.0,-0.016741565205274256,0.011371058265791495,0.5702720646518945,Weak_Bear,0
2024-05-13,3632.8427734375,3947.800048828125,3955.0,3870.0,3884.5,931326.0,0.013842307000747622,0.011606178744958619,0.5633628631689418,Weak_Bear,0
2024-05-14,3589.960693359375,3901.199951171875,3945.800048828125,3892.89990234375,3936.0,1058317.0,-0.011804001095689798,0.011821909788673446,0.5143755280862137,Weak_Bear,0
2024-05-15,3570.81982421875,3880.39990234375,3926.949951171875,3875.5,3904.5,1115021.0,-0.0053317768007965505,0.011415792797894161,0.5635683292682089,Weak_Bear,0
2024-05-16,3615.82080078125,3900.949951171875,3909.5,3843.5,3891.10009765625,2599399.0,0.012602421510400807,0.011077924377463088,0.5601091770287752,Weak_Bear,0
2024-05-17,3553.857666015625,3834.10009765625,3920.0,3830.0,3919.0,2765804.0,-0.017136671914779855,0.011764671411223842,0.5991003444856793,Weak_Bear,0
2024-05-21,3540.97314453125,3820.199951171875,3844.75,3810.050048828125,3830.60009765625,1908117.0,-0.003625502959104243,0.011595433995509623,0.587351809850853,Weak_Bear,0
2024-05-22,3551.910888671875,3832.0,3841.25,3817.550048828125,3835.0,1311168.0,0.003088909091987224,0.0113921945905557,0.5785772606433147,Weak_Bear,0
2024-05-23,3608.869140625,3893.449951171875,3905.0,3825.5,3840.949951171875,2095742.0,0.016035946209906893,0.011936609378235366,0.5442897896271147,Weak_Bear,0
2024-05-24,3568.13134765625,3849.5,3883.800048828125,3844.300048828125,3878.25,1309452.0,-0.011288243319815927,0.011937811147307447,0.5542462441038627,Weak_Bear,0
2024-05-27,3565.86083984375,3847.050048828125,3908.35009765625,3841.35009765625,3855.0,1841538.0,-0.000636329661460322,0.011885413175364814,0.5563417010467716,Weak_Bear,0
2024-05-28,3559.233154296875,3839.89990234375,3870.0,3830.0,3858.0,1801993.0,-0.0018586495223872346,0.011736073514551632,0.5158724525734012,Weak_Bear,0
2024-05-29,3525.63232421875,3803.64990234375,3848.89990234375,3800.0,3848.89990234375,1568095.0,-0.009440468949768133,0.011579825235016859,0.5198289380141554,Weak_Bear,0
2024-05-30,3463.0205078125,3736.10009765625,3794.39990234375,3715.449951171875,3777.0,2919230.0,-0.017759031756133026,0.011906705197082779,0.5288700116783257,Weak_Bear,0
2024-05-31,3402.632080078125,3670.949951171875,3749.800048828125,3653.75,3740.0,10956800.0,-0.017438079733613998,0.012123868013908913,0.5308756533373062,Weak_Bear,0
2024-06-03,3432.200927734375,3702.85009765625,3751.550048828125,3696.0,3732.800048828125,2156773.0,0.00868999261758896,0.012334903537693622,0.5660750552348253,Weak_Bear,0
2024-06-04,3443.46240234375,3715.0,3745.0,3591.5,3700.0,3395997.0,0.003281123351017934,0.011310937261250554,0.5742483670528907,Weak_Bear,0
2024-06-05,3472.6142578125,3746.449951171875,3783.800048828125,3700.0,3716.0,2799670.0,0.008465855601881511,0.010891325817991189,0.5708062523442368,Weak_Bear,0
2024-06-06,3550.427734375,3830.39990234375,3839.89990234375,3741.5,3781.0,4328036.0,0.022407751274832632,0.012243176694275083,0.5506187605356162,Weak_Bear,0
2024-06-07,3609.33251953125,3893.949951171875,3915.0,3837.300048828125,3837.300048828125,4552445.0,0.016590898213738603,0.012863504384950571,0.5265848152739968,Weak_Bear,0
2024-06-10,3576.6591796875,3858.699951171875,3905.89990234375,3841.89990234375,3895.0,1734661.0,-0.009052460438860654,0.012457992017722975,0.5015949174832107,Weak_Bear,0
2024-06-11,3570.54150390625,3852.10009765625,3879.949951171875,3841.0,3845.0,1419898.0,-0.0017104441530222392,0.012025153990912977,0.45583572575338255,Weak_Bear,0
2024-06-12,3551.5859375,3831.64990234375,3893.5,3827.449951171875,3874.39990234375,2177001.0,-0.0053088772068640155,0.011797774274097996,0.4485962957465663,Weak_Bear,0
2024-06-13,3594.687255859375,3878.14990234375,3890.0,3852.0,3856.800048828125,1932323.0,0.012135794858370907,0.0120625928014849,0.45209511110671335,Weak_Bear,0
2024-06-14,3551.957275390625,3832.050048828125,3889.0,3828.0,3889.0,1860730.0,-0.011886981377614902,0.012001773167970107,0.4620689152096339,Weak_Bear,0
2024-06-18,3536.245849609375,3815.10009765625,3842.0,3795.050048828125,3826.050048828125,1774045.0,-0.004423314967808012,0.011414522273285278,0.48990103063591567,Weak_Bear,0
2024-06-19,3523.825439453125,3801.699951171875,3833.85009765625,3792.949951171875,3827.64990234375,1509050.0,-0.00351231523046458,0.011412755432675375,0.4993876191704258,Weak_Bear,0
2024-06-20,3510.431640625,3787.25,3809.949951171875,3780.050048828125,3796.0,2846526.0,-0.0038009257434169497,0.01141284491277859,0.4972562068842057,Weak_Bear,0
2024-06-21,3532.2138671875,3810.75,3877.800048828125,3798.050048828125,3827.0,4642195.0,0.006204999496478347,0.010860344371312086,0.4681771334169481,Weak_Bear,0
2024-06-24,3537.821533203125,3816.800048828125,3857.0,3791.300048828125,3808.75,1702154.0,0.0015875782799330551,0.010597890031507622,0.44070461384627285,Weak_Bear,0
2024-06-25,3557.88916015625,3838.449951171875,3847.64990234375,3792.89990234375,3817.0,1338808.0,0.005672311835061894,0.01068318685207799,0.44787277506267575,Weak_Bear,0
2024-06-26,3574.017822265625,3855.85009765625,3866.949951171875,3841.0,3844.5,1639845.0,0.004533210952717415,0.010722014220749764,0.44046596562987944,Weak_Bear,0
2024-06-27,3646.59423828125,3934.14990234375,3942.0,3818.10009765625,3831.0,4526556.0,0.020306674343783193,0.011350137242051042,0.4345212629399076,Weak_Bear,0
2024-06-28,3618.786865234375,3904.14990234375,3960.0,3897.85009765625,3917.800048828125,2731571.0,-0.007625573680492992,0.010637243070106137,0.4504744518075964,Weak_Bear,0
2024-07-01,3687.424560546875,3978.199951171875,4001.699951171875,3884.0,3884.0,2658723.0,0.018967045551065986,0.01019549332551651,0.4587425911691541,Weak_Bear,0
2024-07-02,3723.759033203125,4017.39990234375,4023.39990234375,3982.550048828125,3993.60009765625,2307449.0,0.009853617900419165,0.010226481531314119,0.4918621758795685,Weak_Bear,0
2024-07-03,3675.421142578125,3965.25,4026.10009765625,3955.0,4020.0,1821198.0,-0.012980939473793085,0.010920811355394232,0.49138494572431524,Weak_Bear,0
2024-07-04,3727.0498046875,4020.949951171875,4047.35009765625,3982.10009765625,3999.85009765625,2518001.0,0.014047005800581491,0.011128522652028669,0.5271320755599639,Weak_Bear,0
2024-07-05,3718.56884765625,4011.800048828125,4026.75,3988.0,4010.0,1668616.0,-0.00227551481082533,0.010268438556540728,0.5329150546397087,Weak_Bear,0
2024-07-08,3701.327880859375,3993.199951171875,4031.25,3978.050048828125,4022.0,1758882.0,-0.0046364522221342686,0.009807451960029016,0.5202072934158759,Weak_Bear,0
2024-07-09,3694.19091796875,3985.5,4006.949951171875,3975.10009765625,3985.0,1305801.0,-0.001928216877929767,0.009537127142804809,0.5256783415111697,Weak_Bear,0
2024-07-10,3623.421630859375,3909.14990234375,4003.300048828125,3902.0,3983.699951171875,2669716.0,-0.019156911129078136,0.010600339167872707,0.5105044531114848,Weak_Bear,0
2024-07-11,3636.907958984375,3923.699951171875,3980.0,3895.60009765625,3931.0,4872189.0,0.0037219869777620485,0.010518965651436786,0.5002855112147795,Weak_Bear,0
2024-07-12,3878.1357421875,4183.9501953125,4199.9501953125,3971.300048828125,3980.0,13509164.0,0.06632771187052233,0.017878480350015685,0.46199929261979444,High_Volatility,2
2024-07-15,3864.464599609375,4169.2001953125,4240.0,4157.0498046875,4235.7001953125,4848030.0,-0.0035251841314903887,0.01758399052348619,0.44721354832540466,High_Volatility,2
2024-07-16,3873.0380859375,4178.4501953125,4194.5498046875,4144.89990234375,4172.0,2029521.0,0.002218544408193468,0.017471581566765156,0.4201200535430178,High_Volatility,2
2024-07-18,4000.116455078125,4315.5498046875,4325.0,4160.0,4160.0,5613364.0,0.03281103008050201,0.01843436521275799,0.4788648848239698,High_Volatility,2
2024-07-19,3997.190185546875,4302.39990234375,4358.75,4285.25,4317.39990234375,3903354.0,-0.0007315460847483468,0.018356566148226516,0.4881349779794373,High_Volatility,2
2024-07-22,3983.2080078125,4287.35009765625,4319.9501953125,4265.0,4299.9501953125,1896386.0,-0.0034980016174691597,0.0184971735384946,0.5222835387447409,High_Volatility,2
2024-07-23,3997.143798828125,4302.35009765625,4361.7001953125,4266.2998046875,4283.0,2365208.0,0.0034986350168737523,0.018477102520977753,0.5406759016072787,High_Volatility,2
2024-07-24,4000.76806640625,4306.25,4339.10009765625,4268.10009765625,4287.5,1809793.0,0.0009067143341672246,0.018516038755079973,0.5429820567453951,High_Volatility,2
2024-07-25,4015.864990234375,4322.5,4343.0,4274.2001953125,4295.0,2810342.0,0.003773506381159919,0.018520075061773097,0.5501870297987861,High_Volatility,2
2024-07-26,4076.578369140625,4387.85009765625,4422.4501953125,4337.0498046875,4350.0,3552210.0,0.015118381482915888,0.018344692217744967,0.5676810445275967,High_Volatility,2
2024-07-29,4070.30712890625,4381.10009765625,4431.0,4371.0,4415.0,1746803.0,-0.0015383588064559195,0.01816077019010237,0.5490207980032134,High_Volatility,2
2024-07-30,4055.67431640625,4365.35009765625,4398.0,4327.2998046875,4391.10009765625,1797906.0,-0.003595014340829872,0.018016251462346027,0.5468067533894836,High_Volatility,2
2024-07-31,4074.255859375,4385.35009765625,4414.0,4345.0,4350.0,2330091.0,0.0045816161553167145,0.01797880482049075,0.5409904833107747,High_Volatility,2
2024-08-01,4085.17236328125,4397.10009765625,4419.2998046875,4365.0498046875,4399.39990234375,2202244.0,0.00267938594998407,0.01750498330325496,0.5417866299464216,High_Volatility,2
2024-08-02,3979.212646484375,4283.0498046875,4398.0,4270.0,4365.0,2811282.0,-0.025937636744356896,0.01871194186683648,0.583684684303874,High_Volatility,2
2024-08-05,3860.293212890625,4155.0498046875,4239.0,4110.5,4239.0,2787771.0,-0.02988516678012043,0.02012124316949568,0.6052407030912765,High_Volatility,2
2024-08-06,3875.298095703125,4171.2001953125,4258.25,4160.7998046875,4170.9501953125,2203067.0,0.0038869800776775154,0.02006211769776352,0.6147492022102086,High_Volatility,2
2024-08-07,3902.472900390625,4200.4501953125,4244.9501953125,4180.2998046875,4228.0,1237666.0,0.007012313379874291,0.020058179525479457,0.6128595605445548,High_Volatility,2
2024-08-08,3876.5517578125,4172.5498046875,4232.0,4160.0,4181.0,2441283.0,-0.006642235126227414,0.019520784609475258,0.5914157842353055,High_Volatility,2
2024-08-09,3928.76513671875,4228.75,4253.64990234375,4205.5498046875,4217.0,1302536.0,0.01346902664230476,0.019646330657763264,0.5774630317404499,High_Volatility,2
2024-08-12,3898.013427734375,4195.64990234375,4239.0,4186.35009765625,4230.0,936912.0,-0.007827321795585429,0.013220165827887173,0.5654828540163496,Weak_Bear,0
2024-08-13,3899.221435546875,4196.9501953125,4234.0,4183.0,4213.0,1495593.0,0.0003099034507949572,0.01318894692688583,0.5714586093674247,Weak_Bear,0
2024-08-14,3990.547119140625,4295.25,4306.2001953125,4188.14990234375,4209.0,3226545.0,0.02342151762943967,0.014148995477083095,0.5723885400337619,Normal_Market,1
2024-08-16,4102.77783203125,4416.0498046875,4427.0,4325.10009765625,4350.0,3457058.0,0.028124141762995603,0.013634135634827495,0.5345077296393138,Weak_Bear,0
2024-08-19,4171.4814453125,4490.0,4494.25,4390.35009765625,4421.0,2055210.0,0.01674563334745227,0.014047104694102343,0.5494839152766169,Weak_Bear,0
2024-08-20,4202.41943359375,4523.2998046875,4565.0,4500.0,4505.0,2212298.0,0.007416547019768016,0.014024848936666768,0.5671075991699228,Weak_Bear,0
2024-08-21,4228.61962890625,4551.5,4560.0,4492.5498046875,4518.0,1896990.0,0.00623455029335207,0.014045596547023628,0.579720114522655,Weak_Bear,0
2024-08-22,4182.63134765625,4502.0,4560.9501953125,4497.2001953125,4560.0,1829872.0,-0.010875483085693194,0.01437733311228842,0.5843541323416848,Weak_Bear,0
2024-08-23,4147.2333984375,4463.89990234375,4506.0,4455.0,4500.0,1809253.0,-0.008463081318076271,0.014571439898307961,0.5933983365728916,Normal_Market,1
2024-08-26,4183.0498046875,4502.4501953125,4552.14990234375,4485.0,4489.0,1844164.0,0.008636216679652975,0.014327596402473976,0.5996220409355211,Normal_Market,1
2024-08-27,4178.125,4497.14990234375,4510.0,4486.7998046875,4505.0,930697.0,-0.0011773239424454074,0.014323942749557554,0.6022182458304084,Normal_Market,1
2024-08-28,4186.3935546875,4506.0498046875,4562.5,4457.2998046875,4498.75,1848058.0,0.0019790108451758215,0.014275667775371866,0.6251620501138097,Normal_Market,1
2024-08-29,4191.7353515625,4511.7998046875,4556.0,4460.0,4460.0,2133641.0,0.0012759901345200664,0.014259486027722049,0.6433470770682836,Normal_Market,1
2024-08-30,4230.7099609375,4553.75,4592.25,4487.7998046875,4500.0,3637222.0,0.00929796518772874,0.014364245548420867,0.6229397029875562,Normal_Market,1
2024-09-02,4200.32958984375,4521.0498046875,4588.0,4512.0,4576.0,1216500.0,-0.007180915584914738,0.013002247784345283,0.6126807153534269,Normal_Market,1
2024-09-03,4192.24658203125,4512.35009765625,4555.89990234375,4495.89990234375,4521.0498046875,1717263.0,-0.001924374656704142,0.010582248528954855,0.5956664090151306,Weak_Bear,0
2024-09-04,4161.49462890625,4479.25,4487.0,4436.7001953125,4476.9501953125,1265505.0,-0.007335435195250373,0.010891937062772089,0.6054356059856915,Weak_Bear,0
2024-09-05,4158.4287109375,4475.9501953125,4499.0,4454.14990234375,4481.0,1688793.0,-0.0007367348133657803,0.01090291467205001,0.6136321418118238,Normal_Market,1
2024-09-06,4140.5908203125,4456.75,4518.9501953125,4440.0,4473.9501953125,1649179.0,-0.004289574708370658,0.010802945311727976,0.6218322634928205,Normal_Market,1
2024-09-09,4133.9013671875,4449.5498046875,4490.25,4430.5,4455.0,1184938.0,-0.0016155793738863444,0.010584012688544848,0.6245790030594219,Normal_Market,1
2024-09-10,4188.06591796875,4507.85009765625,4539.9501953125,4440.4501953125,4442.4501953125,1385591.0,0.013102526153907945,0.010533264344122191,0.6178742214738954,Normal_Market,1
2024-09-11,4161.58740234375,4479.35009765625,4549.35009765625,4471.25,4521.4501953125,1325919.0,-0.006322373177412244,0.010746113075175985,0.6194936557096173,Normal_Market,1
2024-09-12,4197.21728515625,4517.7001953125,4532.60009765625,4431.2998046875,4510.25,2742216.0,0.008561608676639576,0.009750394417218236,0.6385230203810203,Normal_Market,1
2024-09-13,4201.76953125,4522.60009765625,4547.0,4505.0,4530.0,1458786.0,0.0010845867117361685,0.007674678832322665,0.6413926687215911,Normal_Market,1
2024-09-16,4193.08251953125,4513.25,4546.0498046875,4494.4501953125,4527.0,1155120.0,-0.0020674650654067817,0.006771474984450011,0.6516597360143948,Normal_Market,1
2024-09-17,4186.021484375,4505.64990234375,4535.7998046875,4466.0,4513.25,1699364.0,-0.0016839723815020857,0.0065694312365439265,0.6470151397563061,Normal_Market,1
2024-09-18,4037.83642578125,4346.14990234375,4497.0498046875,4321.0,4497.0498046875,2961779.0,-0.035399975644385684,0.010086563715033211,0.6193295028718994,Weak_Bear,0
2024-09-19,3991.383544921875,4296.14990234375,4422.2001953125,4281.7998046875,4390.0498046875,2927551.0,-0.011504398881236777,0.010115785724748553,0.6610094150372956,Normal_Market,1
2024-09-20,3980.931884765625,4284.89990234375,4330.7001953125,4227.5,4316.89990234375,5447908.0,-0.002618555705965031,0.010011900651514093,0.6785855284283441,Normal_Market,1
2024-09-23,3965.6953125,4268.5,4309.39990234375,4253.0,4300.0,1702319.0,-0.003827388336869797,0.009698261767181552,0.6549977861323447,Normal_Market,1
2024-09-24,3968.29638671875,4271.2998046875,4291.0,4240.0,4251.64990234375,3012026.0,0.0006558936110274693,0.009721241649714822,0.6509522069938152,Normal_Market,1
2024-09-25,3971.50244140625,4274.75,4289.60009765625,4240.0,4252.35009765625,2713073.0,0.0008079171450574574,0.009696163478015647,0.6537217328019382,Normal_Market,1
2024-09-26,3987.99267578125,4292.5,4316.7998046875,4260.0,4260.0,3964251.0,0.004152140057393838,0.009777444943856304,0.6675943570941102,Normal_Market,1
2024-09-27,4003.0439453125,4308.7001953125,4378.0,4300.0498046875,4335.0,3012477.0,0.003774146733682704,0.009502509264158151,0.6921280714496414,Normal_Market,1
2024-09-30,3965.6953125,4268.5,4298.75,4260.0498046875,4286.89990234375,2503416.0,-0.009330058156427401,0.009567557620952967,0.7060002844595664,Normal_Market,1
2024-10-01,3983.71875,4287.89990234375,4295.75,4242.9501953125,4255.5498046875,1823365.0,0.004544836675472563,0.009707964420580042,0.7294496354378052,Normal_Market,1
2024-10-03,3932.480712890625,4232.75,4279.0,4210.0,4262.60009765625,3350119.0,-0.012861861071235214,0.009928905451239818,0.7317177559090781,Normal_Market,1
2024-10-04,3950.59814453125,4252.25,4298.0,4224.0498046875,4225.0,2965463.0,0.004607125365227116,0.010057814999220416,0.7239812552805233,Normal_Market,1
2024-10-07,3969.737060546875,4272.85009765625,4297.25,4229.39990234375,4273.89990234375,1472619.0,0.0048445615867356295,0.010179473835037828,0.7140933825099582,Normal_Market,1
2024-10-08,3951.527587890625,4253.25,4279.39990234375,4203.9501953125,4272.60009765625,1541867.0,-0.004587072740213527,0.010194399857730763,0.6812974820862915,Normal_Market,1
2024-10-09,3951.248291015625,4252.9501953125,4295.0,4246.7001953125,4260.0,1082504.0,-7.068073518101681e-05,0.00955920807013302,0.6643909399533888,Normal_Market,1
2024-10-10,3927.510986328125,4227.39990234375,4293.85009765625,4198.60009765625,4253.25,2378875.0,-0.006007545701816275,0.009553467461093038,0.6699528732700877,Normal_Market,1
2024-10-11,3854.8583984375,4149.2001953125,4241.9501953125,4112.4501953125,4143.0,5759183.0,-0.01849837928997078,0.00976659370992143,0.6542353587913573,Normal_Market,1
2024-10-14,3843.198486328125,4136.64990234375,4165.39990234375,4122.2001953125,4140.0,2137590.0,-0.0030247316254472523,0.00969252687844829,0.6570236575972345,Normal_Market,1
2024-10-15,3824.75634765625,4116.7998046875,4169.9501953125,4095.0,4131.0498046875,2759474.0,-0.0047986433012714436,0.009677090760271902,0.6560237070367664,Normal_Market,1
2024-10-16,3804.45654296875,4094.949951171875,4115.0,4067.199951171875,4085.0,2359151.0,-0.005307476566432601,0.009654673287770161,0.6710601579952115,Normal_Market,1
2024-10-17,3817.509765625,4109.0,4129.9501953125,4092.949951171875,4112.7998046875,2522659.0,0.0034310347637889205,0.006573561189527086,0.6657710911411939,Normal_Market,1
2024-10-18,3839.908203125,4123.0498046875,4146.14990234375,4080.0,4090.0,2361000.0,0.005867290164307759,0.006507596300658758,0.6712073368750006,Normal_Market,1
2024-10-21,3799.675048828125,4079.85009765625,4139.9501953125,4070.0,4132.60009765625,1595450.0,-0.010477634403898595,0.006783897908222774,0.6921738269266625,Normal_Market,1
2024-10-22,3739.743896484375,4015.5,4089.800048828125,4006.35009765625,4066.0,1928049.0,-0.01577270465858227,0.007420892356151626,0.6585079450822462,Normal_Market,1
2024-10-23,3787.00927734375,4066.25,4113.5498046875,3995.14990234375,3999.60009765625,1966476.0,0.012638667825304317,0.008169300104222206,0.6891527065490889,Normal_Market,1
2024-10-24,3769.919189453125,4047.89990234375,4079.0,4004.0,4004.0,2676744.0,-0.004512819124280587,0.008149255627007699,0.7110166858073645,Normal_Market,1
2024-10-25,3778.906982421875,4057.550048828125,4092.0,4032.699951171875,4057.050048828125,1759676.0,0.002384081068340871,0.008081812692512066,0.7076107121776571,Normal_Market,1
2024-10-28,3809.919189453125,4090.85009765625,4134.0,4051.0,4068.949951171875,1532534.0,0.008206660596703719,0.008324609248669453,0.7013504525859715,Normal_Market,1
2024-10-29,3795.390869140625,4075.25,4103.5,4060.10009765625,4095.85009765625,1445885.0,-0.0038132883113947136,0.00817419998522823,0.6641768599087395,Normal_Market,1
2024-10-30,3804.1455078125,4084.64990234375,4107.0,4060.050048828125,4075.0,1935002.0,0.0023066500852537697,0.008092482204919165,0.6311088875544284,Normal_Market,1
2024-10-31,3695.925048828125,3968.449951171875,4078.300048828125,3960.0,4070.0,3740372.0,-0.028448033536604966,0.009747225479395612,0.6240083490132122,Weak_Bear,0
2024-11-01,3710.593505859375,3984.199951171875,3998.949951171875,3976.050048828125,3989.85009765625,154895.0,0.003968818857920553,0.009721840472902206,0.6271408563759393,Normal_Market,1
2024-11-04,3691.920166015625,3964.14990234375,3991.89990234375,3913.25,3966.300048828125,2269192.0,-0.0050324401781717265,0.009547208687689449,0.6349543842401814,Normal_Market,1
2024-11-05,3698.6259765625,3971.35009765625,3986.0,3941.10009765625,3941.10009765625,967590.0,0.0018163476579484694,0.00961867078014353,0.5860546448910744,Weak_Bear,0
2024-11-06,3855.368408203125,4139.64990234375,4149.7998046875,3975.25,4003.60009765625,3792017.0,0.042378556965173564,0.014030479512594712,0.5801664314675729,Normal_Market,1
2024-11-07,3865.845947265625,4150.89990234375,4205.7998046875,4085.050048828125,4169.7001953125,3724349.0,0.0027176492498632854,0.014006621847613079,0.6041870466013233,Normal_Market,1
2024-11-08,3862.213623046875,4147.0,4169.75,4117.64990234375,4155.0,1648039.0,-0.0009395936279662509,0.013367933397656857,0.6153858964411241,Normal_Market,1
2024-11-11,3910.36376953125,4198.7001953125,4234.2998046875,4117.64990234375,4128.2001953125,1406487.0,0.012466981680415046,0.013618967348326004,0.6238770175481908,Normal_Market,1
2024-11-12,3909.15283203125,4197.39990234375,4218.0,4164.35009765625,4216.0,1587640.0,-0.00030967387470071106,0.013556015441237055,0.5923629167181846,Normal_Market,1
2024-11-13,3865.333984375,4150.35009765625,4196.75,4131.0498046875,4178.10009765625,1098813.0,-0.011209295092584282,0.013767224607020827,0.5731927263494413,Weak_Bear,0
2024-11-14,3861.189208984375,4145.89990234375,4160.0,4116.4501953125,4135.0,1825432.0,-0.001072294246080574,0.013760188488820315,0.544672905187133,Weak_Bear,0
2024-11-18,3743.4697265625,4019.5,4213.0,3990.199951171875,4213.0,3313944.0,-0.030487882372601804,0.01534578905206786,0.5423273769158878,Weak_Bear,0
2024-11-19,3762.142578125,4039.550048828125,4132.14990234375,4014.10009765625,4019.89990234375,1776233.0,0.004988113415210327,0.015240837750320509,0.5275629740014918,Weak_Bear,0
2024-11-21,3793.15576171875,4072.85009765625,4092.449951171875,4024.0,4044.89990234375,2384347.0,0.008243489700277884,0.014907206500206154,0.5020887234203649,Weak_Bear,0
2024-11-22,3953.111328125,4244.60009765625,4254.9501953125,4054.0,4071.0,3096553.0,0.04216952228024806,0.017394936656555456,0.5076314454763581,High_Volatility,2
2024-11-25,4018.77001953125,4315.10009765625,4328.10009765625,4252.2001953125,4280.0,4052167.0,0.01660937068458246,0.017600098335903255,0.5167569347172188,High_Volatility,2
2024-11-26,4053.78759765625,4352.7001953125,4366.60009765625,4310.0,4321.0498046875,2060669.0,0.008713506360108703,0.0176387320462886,0.5190467308003432,High_Volatility,2
2024-11-27,4035.02099609375,4332.5498046875,4377.39990234375,4324.0498046875,4358.9501953125,1558993.0,-0.004629399323573424,0.017698156623245545,0.529709869868466,High_Volatility,2
2024-11-28,3953.390869140625,4244.89990234375,4339.9501953125,4233.0,4319.0,2558544.0,-0.020230409465564092,0.01839871669603836,0.5142867138967193,High_Volatility,2
2024-11-29,3977.55908203125,4270.85009765625,4298.7001953125,4195.64990234375,4220.0,2017425.0,0.006113286970756526,0.01841954490261449,0.5022181308954773,High_Volatility,2
2024-12-02,3982.960205078125,4276.64990234375,4288.2001953125,4230.0498046875,4270.0,1670944.0,0.001357898886096942,0.016939357696499496,0.4661955886542445,High_Volatility,2
2024-12-03,4007.268310546875,4302.75,4325.0,4265.4501953125,4314.35009765625,2010905.0,0.00610302494053494,0.016946656564735416,0.46454083074119046,High_Volatility,2
2024-12-04,4055.37109375,4354.39990234375,4386.9501953125,4289.0498046875,4313.5498046875,3302642.0,0.01200388381195272,0.016897456868242892,0.45281437372604627,High_Volatility,2
2024-12-05,4157.49072265625,4464.0498046875,4489.0,4360.0,4400.7998046875,3746747.0,0.02518132781082194,0.01747521665440722,0.3821812596684377,High_Volatility,2
2024-12-06,4140.21484375,4445.5,4465.0,4412.75,4453.0,1842087.0,-0.004155361986042494,0.015346051276711223,0.41565178235451017,Weak_Bear,0
2024-12-09,4146.40771484375,4452.14990234375,4469.39990234375,4415.5498046875,4430.4501953125,2066639.0,0.001495784959830937,0.015352522005869408,0.42134916218236496,Weak_Bear,0
2024-12-10,4128.15380859375,4432.5498046875,4493.7998046875,4412.10009765625,4426.14990234375,2087828.0,-0.004402342341939147,0.015426005914174095,0.45897960294746265,Weak_Bear,0
2024-12-11,4123.404296875,4427.4501953125,4448.64990234375,4407.0,4431.85009765625,1635256.0,-0.0011505171413096482,0.015307015544559594,0.4559164804266032,Weak_Bear,0
2024-12-12,4149.01611328125,4454.9501953125,4485.0,4426.0,4430.0498046875,1914642.0,0.006211327961621604,0.015307490885735383,0.4626145420073297,Weak_Bear,0
2024-12-13,4166.66455078125,4473.89990234375,4494.89990234375,4394.39990234375,4434.9501953125,1967048.0,0.004253644000925094,0.014933031844155283,0.450921892216237,Weak_Bear,0
2024-12-16,4111.99560546875,4415.2001953125,4475.0,4397.0,4459.0,1646224.0,-0.013120553537781077,0.015379081375289576,0.4420518375021648,Weak_Bear,0
2024-12-17,4031.249755859375,4328.5,4432.9501953125,4318.0,4410.0,3225027.0,-0.019636657564027327,0.014277665967756151,0.4516781079025485,Weak_Bear,0
2024-12-18,4049.2705078125,4347.85009765625,4362.0,4289.60009765625,4311.7001953125,1575404.0,0.004470264321115858,0.01427587872852073,0.45878164060291476,Weak_Bear,0
2024-12-19,3978.536376953125,4271.89990234375,4364.0,4262.0,4282.0,3015763.0,-0.017468363924539876,0.01499250974441184,0.4336344342488514,Weak_Bear,0
2024-12-20,3883.913330078125,4170.2998046875,4382.0,4152.5,4329.0,4116989.0,-0.02378338110042999,0.01291603850318188,0.46143565214600546,Weak_Bear,0
2024-12-23,3872.737548828125,4158.2998046875,4217.0,4114.89990234375,4200.0498046875,2195338.0,-0.002877453820468001,0.012251263539108527,0.4692265888793416,Weak_Bear,0
2024-12-24,3892.481689453125,4179.5,4218.0,4158.2998046875,4158.2998046875,1181886.0,0.005098238746122696,0.012114229543970803,0.48302243442748205,Weak_Bear,0
2024-12-26,3882.7958984375,4169.10009765625,4199.9501953125,4143.14990234375,4179.5,1208464.0,-0.0024883330965612682,0.012098833120847944,0.49993887301535506,Weak_Bear,0
2024-12-27,3878.837890625,4164.85009765625,4180.9501953125,4147.25,4163.0,858100.0,-0.0010193705556588162,0.011299040998564502,0.46962049922094584,Weak_Bear,0
2024-12-30,3873.202880859375,4158.7998046875,4199.2998046875,4112.0,4151.0,1527169.0,-0.001452757223818102,0.011178212616410612,0.46838236153426716,Weak_Bear,0
2024-12-31,3813.5986328125,4094.800048828125,4139.9501953125,4032.050048828125,4135.0,1555429.0,-0.015388878372839088,0.011590705115480564,0.4628738128997609,Weak_Bear,0
2025-01-01,3830.03662109375,4112.4501953125,4134.0,4085.449951171875,4094.39990234375,763161.0,0.004310361384078698,0.011530655289320145,0.47920550164987413,Weak_Bear,0
2025-01-02,3888.989501953125,4175.75,4183.0,4096.9501953125,4120.0,1720835.0,0.01539224991601773,0.011772625937953772,0.4846131705525867,Weak_Bear,0
2025-01-03,3818.34814453125,4099.89990234375,4179.9501953125,4092.300048828125,4179.9501953125,1791953.0,-0.01816445053050353,0.01041133262049607,0.4716842368354844,Weak_Bear,0
2025-01-06,3813.784912109375,4095.0,4149.64990234375,4066.39990234375,4105.5,2085593.0,-0.001195080241284563,0.010432928472806443,0.5041182338572109,Weak_Bear,0
2025-01-07,3751.6650390625,4028.300048828125,4140.35009765625,4011.550048828125,4114.9501953125,2669054.0,-0.01628824762760861,0.010690448826800045,0.5381005857669767,Weak_Bear,0
2025-01-08,3826.264404296875,4108.39990234375,4126.0,4017.75,4034.89990234375,2181277.0,0.019884335210538007,0.012047389971657685,0.5718817929688088,Weak_Bear,0
2025-01-09,3761.49072265625,4038.85009765625,4137.75,4025.300048828125,4101.0,2392472.0,-0.0169286998483128,0.012382183634415811,0.5786766968225577,Weak_Bear,0
2025-01-10,3972.7158203125,4265.64990234375,4297.0,4170.0,4200.0,7894300.0,0.056154624118569973,0.018286525295372898,0.5104040674456183,High_Volatility,2
2025-01-13,3996.418212890625,4291.10009765625,4322.9501953125,4227.39990234375,4245.0,4003771.0,0.005966294507383285,0.018321389322638937,0.5080283441234084,High_Volatility,2
2025-01-14,3942.35400390625,4233.0498046875,4313.89990234375,4219.0498046875,4302.0,3441709.0,-0.013528165998740738,0.018334718433438958,0.5087918510037741,High_Volatility,2
2025-01-15,3957.768310546875,4249.60009765625,4256.4501953125,4207.4501953125,4218.0,1653474.0,0.0039099245337561594,0.01788963501605065,0.5320513140459995,High_Volatility,2
2025-01-16,3917.441162109375,4206.2998046875,4294.0,4191.85009765625,4260.0,2637705.0,-0.010189365640741022,0.017963801584908304,0.5417099940706704,High_Volatility,2
2025-01-17,3911.75,4124.2998046875,4160.60009765625,4100.0498046875,4159.89990234375,1761466.0,-0.001452775389308103,0.01756723075201716,0.5238162662774427,High_Volatility,2
2025-01-20,3867.647216796875,4077.800048828125,4145.7998046875,4068.10009765625,4145.7998046875,1287799.0,-0.011274438091167682,0.01691269860060847,0.5238248578634022,High_Volatility,2
2025-01-21,3827.85888671875,4035.85009765625,4111.0,4030.0,4095.300048828125,1971591.0,-0.010287476558184405,0.01705782720496807,0.47473557741609423,High_Volatility,2
2025-01-22,3942.38623046875,4156.60009765625,4163.14990234375,4044.199951171875,4050.0,2409223.0,0.029919426796888304,0.018337466013205725,0.4560876236619627,High_Volatility,2
2025-01-23,3931.810791015625,4145.4501953125,4191.35009765625,4140.0498046875,4168.0,1822998.0,-0.0026824970550558547,0.018339346478893126,0.4255420652517401,High_Volatility,2
2025-01-24,3938.355224609375,4152.35009765625,4178.0,4104.0,4104.0,1910099.0,0.0016644833491745725,0.018335273113315204,0.4043479977135855,High_Volatility,2
2025-01-27,3855.64892578125,4065.14990234375,4156.35009765625,4041.050048828125,4102.0,1551782.0,-0.021000213061362016,0.01897805147553939,0.39344434665475536,High_Volatility,2
2025-01-28,3832.07958984375,4040.300048828125,4102.0,4028.300048828125,4070.800048828125,2468272.0,-0.00611293621156761,0.018694924482508587,0.3950164026166929,High_Volatility,2
2025-01-29,3888.51318359375,4099.7998046875,4107.85009765625,4054.0,4054.0,1217089.0,0.01472662360655752,0.0189527649872535,0.43041744870133575,High_Volatility,2
2025-01-30,3888.75048828125,4100.0498046875,4129.89990234375,4058.5,4099.89990234375,1531251.0,6.102710118138788e-05,0.01864439014913501,0.4672036850650232,High_Volatility,2
2025-01-31,3900.463623046875,4112.39990234375,4128.4501953125,4085.25,4110.0,1492943.0,0.003012056134977792,0.018143602899605645,0.4588026382341503,High_Volatility,2
2025-02-01,3863.236328125,4073.14990234375,4135.89990234375,4056.0,4113.0,437172.0,-0.009544325628858097,0.01829744658693843,0.4720872435571614,High_Volatility,2
2025-02-03,3858.968505859375,4068.64990234375,4077.0,3998.699951171875,4030.89990234375,1265713.0,-0.0011047272036024403,0.017860884394915878,0.44590417300692126,High_Volatility,2
2025-02-04,3895.389404296875,4107.0498046875,4118.85009765625,4066.050048828125,4083.699951171875,2547132.0,0.009437987996584907,0.01744469551632486,0.4342309049951881,High_Volatility,2
2025-02-05,3880.261474609375,4091.10009765625,4150.0,4076.0,4150.0,1693912.0,-0.0038835474755907207,0.01697514954800211,0.4073128956130835,High_Volatility,2
2025-02-06,3872.341796875,4082.75,4139.5,4051.550048828125,4105.39990234375,2284536.0,-0.002041016510407223,0.011128673827192513,0.4114739993681196,Weak_Bear,0
2025-02-07,3821.740966796875,4029.39990234375,4090.0,4008.0,4090.0,1548940.0,-0.013067242700259607,0.01129437174230779,0.42334849093115595,Weak_Bear,0
2025-02-10,3828.902099609375,4036.949951171875,4052.0,4014.35009765625,4040.0,1339511.0,0.0018737881176971172,0.011000560746876662,0.43059452739709436,Weak_Bear,0
2025-02-11,3759.284912109375,3963.550048828125,4040.0,3955.0,4018.39990234375,1810908.0,-0.018182023381350554,0.011535288739196244,0.4278199510935431,Weak_Bear,0
2025-02-12,3746.57568359375,3950.14990234375,4021.75,3940.14990234375,3971.10009765625,1678002.0,-0.0033807569292463313,0.011396243542549131,0.4194881149694199,Weak_Bear,0
2025-02-13,3708.636962890625,3910.14990234375,3984.449951171875,3902.25,3968.0,2277310.0,-0.010126238973166557,0.01153189961602523,0.3959177270395611,Weak_Bear,0
2025-02-14,3732.064208984375,3934.85009765625,3948.0,3900.0,3925.0,1681975.0,0.0063169424044919875,0.01150626517573981,0.4193751550984022,Weak_Bear,0
2025-02-17,3703.278076171875,3904.5,3934.0,3856.199951171875,3856.5,1799806.0,-0.0077131933430303334,0.011419452849498815,0.3846777379832422,Weak_Bear,0
2025-02-18,3673.591064453125,3873.199951171875,3924.39990234375,3864.5,3898.39990234375,2149879.0,-0.008016414405865424,0.008748150183160167,0.3713660667530178,Weak_Bear,0
2025-02-19,3589.0830078125,3784.10009765625,3874.949951171875,3768.14990234375,3872.199951171875,4366672.0,-0.023004209003651188,0.009770128914404617,0.4049419153113306,Weak_Bear,0
2025-02-20,3584.625,3779.39990234375,3788.0,3751.300048828125,3761.5,2888572.0,-0.00124210217562426,0.009694868951174333,0.4276859775537797,Weak_Bear,0
2025-02-21,3590.88525390625,3786.0,3817.0,3775.0,3776.10009765625,1833931.0,0.0017464180789483752,0.00898393850811553,0.45327517476160734,Weak_Bear,0
2025-02-24,3486.1748046875,3675.60009765625,3763.199951171875,3670.0,3743.14990234375,2508516.0,-0.029160065503302746,0.010657349308045428,0.5268992760904263,Weak_Bear,0
2025-02-25,3442.498291015625,3629.550048828125,3658.0,3621.25,3625.0,4101954.0,-0.012528492149374681,0.009751341723600933,0.5627569226827244,Weak_Bear,0
2025-02-27,3426.3740234375,3612.550048828125,3638.0,3600.699951171875,3611.699951171875,3823856.0,-0.004683885427105849,0.009652640502010371,0.5823937552228369,Weak_Bear,0
2025-02-28,3303.73779296875,3483.25,3600.0,3457.0,3584.949951171875,7085018.0,-0.03579183989543433,0.011426686280780531,0.5945870667304817,Weak_Bear,0
2025-03-03,3313.032470703125,3493.050048828125,3523.25,3476.14990234375,3485.0,4990439.0,0.002813382391955166,0.011681706548732962,0.624435282267924,Normal_Market,1
2025-03-04,3350.02294921875,3532.050048828125,3551.0,3464.300048828125,3474.0,2797737.0,0.011165142159857755,0.01234349432080156,0.6261990849245584,Normal_Market,1
2025-03-05,3364.249755859375,3547.050048828125,3600.35009765625,3520.85009765625,3520.85009765625,2501894.0,0.004246778859811284,0.012030852537295949,0.6339910506931893,Normal_Market,1
2025-03-06,3415.988525390625,3601.60009765625,3609.449951171875,3536.10009765625,3557.0,2786513.0,0.015378991836482614,0.013041664349342775,0.5975147501689775,Normal_Market,1
2025-03-07,3425.093505859375,3611.199951171875,3625.0,3574.39990234375,3600.0,2051315.0,0.0026654013621749684,0.013163871777550313,0.5947522306986964,Normal_Market,1
2025-03-10,3404.654052734375,3589.64990234375,3622.10009765625,3582.60009765625,3606.5,1004626.0,-0.005967560619887791,0.013059554577159696,0.5948926743752734,Weak_Bear,0
2025-03-11,3391.043701171875,3575.300048828125,3588.75,3537.64990234375,3558.0,1995450.0,-0.003997572543844585,0.012946327382753788,0.5946109955259953,Weak_Bear,0
2025-03-12,3325.5048828125,3506.199951171875,3569.25,3486.85009765625,3565.0,3174167.0,-0.019327034427992218,0.013005554974808958,0.6020411297119753,Weak_Bear,0
2025-03-13,3330.104736328125,3511.050048828125,3524.300048828125,3484.10009765625,3502.300048828125,1693004.0,0.001383204559223028,0.013099919838324823,0.5642407274930038,Weak_Bear,0
2025-03-17,3317.44287109375,3497.699951171875,3530.449951171875,3477.35009765625,3489.0,2690906.0,-0.0038022423427848118,0.013066077898118455,0.5323587839430489,Weak_Bear,0
2025-03-18,3317.44287109375,3497.699951171875,3497.699951171875,3497.699951171875,3497.699951171875,0.0,0.0,0.012840405758284249,0.5371600269493022,Weak_Bear,0
2025-03-19,3316.8740234375,3497.10009765625,3547.0,3462.75,3547.0,3051244.0,-0.00017147172637288488,0.012891646227159322,0.5208611683277783,Weak_Bear,0
2025-03-20,3379.519775390625,3563.14990234375,3578.949951171875,3512.0,3512.0,2845192.0,0.0188869856106868,0.013964821425164177,0.5448344815238721,Weak_Bear,0
2025-03-21,3393.699462890625,3578.10009765625,3616.25,3465.0,3475.0,4161925.0,0.00419576994437354,0.013333986089688516,0.5215957009291577,Weak_Bear,0
2025-03-24,3441.928955078125,3628.949951171875,3649.75,3566.60009765625,3600.0,1834751.0,0.014211480042614077,0.013860839310693323,0.5347104769829334,Weak_Bear,0
2025-03-25,3469.24462890625,3657.75,3710.0,3638.0,3645.0,3135390.0,0.007936152716872424,0.014015645953103695,0.5560081457541133,Weak_Bear,0
2025-03-26,3448.42578125,3635.800048828125,3680.5,3625.85009765625,3647.75,1734499.0,-0.006000974241707979,0.012495449697378225,0.5522044241676924,Weak_Bear,0
2025-03-27,3463.031982421875,3651.199951171875,3663.0,3610.5,3614.85009765625,2528474.0,0.0042356141898987065,0.012202787277284462,0.5580034397980222,Weak_Bear,0
2025-03-28,3420.303466796875,3606.14990234375,3660.949951171875,3591.89990234375,3651.0,2051919.0,-0.012338469826986054,0.012486346268273711,0.5732952215859506,Weak_Bear,0
2025-04-01,3367.806396484375,3550.800048828125,3584.0,3525.0,3572.699951171875,2618493.0,-0.015348658626967882,0.009990696227180067,0.5552541656286468,Weak_Bear,0
2025-04-02,3361.3095703125,3543.949951171875,3564.10009765625,3530.050048828125,3544.0,1764313.0,-0.0019290972838156284,0.01000187120163536,0.549258918675118,Weak_Bear,0
2025-04-03,3227.765625,3403.14990234375,3502.0,3396.14990234375,3491.0,4537821.0,-0.03972973703224969,0.013185878834634802,0.5277406143229924,Weak_Bear,0
2025-04-04,3129.362548828125,3299.39990234375,3399.64990234375,3295.5,3362.60009765625,5317367.0,-0.030486437865783755,0.014566257629006688,0.565062788481643,Weak_Bear,0
2025-04-07,3105.319091796875,3274.050048828125,3291.39990234375,3056.050048828125,3100.0,6623955.0,-0.007683180410097856,0.01388933053798754,0.5505269228518785,Weak_Bear,0
2025-04-08,3123.24462890625,3292.949951171875,3349.0,3255.300048828125,3302.050048828125,5557558.0,0.005772526616259155,0.013992612756590963,0.5717122640105201,Weak_Bear,0
2025-04-09,3079.28369140625,3246.60009765625,3270.0,3212.050048828125,3260.550048828125,2990265.0,-0.014075406419699843,0.014153646625858678,0.5813699663808364,Weak_Bear,0
2025-04-11,3064.961669921875,3231.5,3298.949951171875,3206.0,3289.550048828125,7108961.0,-0.004651088668558012,0.014152175247792385,0.5791708960994146,Weak_Bear,0
2025-04-15,3080.801025390625,3248.199951171875,3314.39990234375,3238.60009765625,3314.39990234375,3512160.0,0.005167880441765416,0.013899789212639927,0.5916379718331197,Normal_Market,1
2025-04-16,3105.08154296875,3273.800048828125,3278.10009765625,3229.0,3248.199951171875,2384391.0,0.007881235230063677,0.014099889972105258,0.6213558657653803,Normal_Market,1
2025-04-17,3128.88818359375,3298.89990234375,3303.60009765625,3218.0,3245.5,2932346.0,0.007666993699057212,0.014314124667253545,0.6540900164122605,Normal_Market,1
2025-04-21,3150.418701171875,3321.60009765625,3354.0,3284.10009765625,3290.10009765625,2432946.0,0.006881203902082467,0.01446742939144058,0.661147882544748,Normal_Market,1
2025-04-22,3143.58935546875,3314.39990234375,3333.89990234375,3295.0,3322.60009765625,2710498.0,-0.0021677581143689784,0.01445755482912995,0.6503766942320246,Normal_Market,1
2025-04-23,3237.10791015625,3413.0,3420.89990234375,3337.300048828125,3365.0,3543923.0,0.029748972945467633,0.015474599954646841,0.647226475977923,Normal_Market,1
2025-04-24,3226.29541015625,3401.60009765625,3412.5,3387.699951171875,3401.10009765625,2252175.0,-0.0033401728642027395,0.015406480712682928,0.64869014439971,Normal_Market,1
2025-04-25,3270.30419921875,3448.0,3477.800048828125,3405.0,3420.0,2742991.0,0.013640656997484513,0.01537455898861837,0.6451054964098923,Normal_Market,1
2025-04-28,3266.0361328125,3443.5,3457.800048828125,3405.0,3435.0,1593296.0,-0.001305097674788036,0.01518395863012551,0.6716406191687527,Normal_Market,1
2025-04-29,3293.541748046875,3472.5,3495.0,3430.39990234375,3455.0,1578332.0,0.008421711859840642,0.015370429212923604,0.666280166363133,Normal_Market,1
2025-04-30,3275.71044921875,3453.699951171875,3509.89990234375,3366.0,3472.0,2809332.0,-0.00541401937251873,0.015309711103506958,0.6950787515880541,Normal_Market,1
2025-05-02,3254.180419921875,3431.0,3491.5,3420.0,3472.0,1721761.0,-0.006572628939780056,0.015171618542153181,0.708967943459223,Normal_Market,1
2025-05-05,3276.27978515625,3454.300048828125,3504.5,3446.39990234375,3450.0,1284443.0,0.006791069449955556,0.014981784975356863,0.7027587242943094,Normal_Market,1
2025-05-06,3281.68603515625,3460.0,3473.0,3437.0,3460.0,1324763.0,0.001650118535203804,0.01499485802172395,0.7427369906857306,Normal_Market,1
2025-05-07,3267.5537109375,3445.10009765625,3459.5,3420.60009765625,3420.60009765625,1477128.0,-0.004306421780558067,0.011979491879845015,0.7529091783713255,Normal_Market,1
2025-05-08,3271.157958984375,3448.89990234375,3477.0,3428.699951171875,3448.0,2543591.0,0.001103041714298536,0.009474425314122665,0.7450872604935322,Normal_Market,1
2025-05-09,3263.001220703125,3440.300048828125,3446.199951171875,3398.10009765625,3399.0,2531757.0,-0.002493532377073726,0.009256313848968831,0.7514685713772985,Normal_Market,1
2025-05-12,3433.8193359375,3620.39990234375,3630.5,3502.199951171875,3505.0,2228678.0,0.05235000040777371,0.014494804627869853,0.7183044159871247,Normal_Market,1
2025-05-13,3333.851318359375,3515.0,3623.0,3510.5,3620.39990234375,3062887.0,-0.029112777289091674,0.0158543469405415,0.7076893708521396,Normal_Market,1
2025-05-14,3365.814697265625,3548.699951171875,3561.0,3508.60009765625,3521.0,2119499.0,0.009587523813743282,0.015760254447406852,0.6561800281405198,Normal_Market,1
2025-05-15,3395.40673828125,3579.89990234375,3600.0,3514.10009765625,3564.0,3548330.0,0.008791940043421098,0.01578541271172697,0.6635383907876354,Normal_Market,1
2025-05-16,3377.765380859375,3561.300048828125,3593.89990234375,3546.10009765625,3593.89990234375,1666727.0,-0.005195653652618093,0.015929526667608343,0.6711062088875684,Normal_Market,1
2025-05-19,3337.45556640625,3518.800048828125,3550.0,3503.699951171875,3550.0,2537377.0,-0.0119338704462858,0.016312184959622597,0.6887665675284604,Normal_Market,1
2025-05-20,3318.01220703125,3498.300048828125,3558.0,3494.0,3531.800048828125,2038374.0,-0.005825803216890857,0.016414805102257537,0.7354512182320283,Normal_Market,1
2025-05-21,3344.0947265625,3525.800048828125,3537.0,3498.300048828125,3508.0,1440153.0,0.007860887152849605,0.016410784659710555,0.728225758716487,Normal_Market,1
2025-05-22,3297.809814453125,3477.0,3497.800048828125,3451.300048828125,3495.0,2034383.0,-0.013840789778390206,0.015575696750327482,0.7397870896812736,Normal_Market,1
2025-05-23,3333.47216796875,3514.60009765625,3535.0,3465.60009765625,3477.0,1274331.0,0.010813950931715333,0.015687225738187583,0.6996879365865036,Normal_Market,1
2025-05-26,3355.002197265625,3537.300048828125,3545.0,3510.10009765625,3521.0,967470.0,0.006458739780027756,0.015481576295968674,0.6709867423583817,Normal_Market,1
2025-05-27,3318.391357421875,3498.699951171875,3540.0,3483.10009765625,3532.0,2467680.0,-0.01091231471430576,0.01571690445369338,0.6694955320704248,Normal_Market,1
2025-05-28,3317.44287109375,3497.699951171875,3529.0,3493.0,3520.0,1222933.0,-0.0002858271451326999,0.01561819483461995,0.6524461753964763,Normal_Market,1
2025-05-29,3317.822509765625,3498.10009765625,3532.5,3486.5,3504.699951171875,3188072.0,0.00011443713927472565,0.015557272653308531,0.6737391915765483,Normal_Market,1
2025-05-30,3284.910400390625,3463.39990234375,3506.699951171875,3453.10009765625,3490.0,3404365.0,-0.00991979205582183,0.015657894253701444,0.6945943780766332,Normal_Market,1
2025-06-02,3272.011474609375,3449.800048828125,3460.0,3418.60009765625,3450.0,1877585.0,-0.0039267207348231414,0.015617659932762798,0.6680692704257015,Normal_Market,1
2025-06-03,3229.7099609375,3405.199951171875,3473.5,3400.5,3446.0,2848125.0,-0.01292829013593999,0.015877044895554224,0.6855980598996807,Normal_Market,1
2025-06-04,3235.1640625,3380.89990234375,3394.800048828125,3370.0,3389.0,2544807.0,0.001688727975101667,0.015861562521328934,0.7081686469171891,Normal_Market,1
2025-06-05,3225.786865234375,3371.10009765625,3409.0,3363.699951171875,3409.0,3584683.0,-0.002898522944885462,0.01586710369860059,0.6890471984328683,Normal_Market,1
2025-06-06,3238.322021484375,3384.199951171875,3390.89990234375,3358.699951171875,3371.10009765625,2070390.0,0.0038859220319533705,0.015890724705104057,0.727310740758434,Normal_Market,1
2025-06-09,3274.39697265625,3421.89990234375,3434.0,3390.89990234375,3400.0,1718678.0,0.011140013541747429,0.01045014774233561,0.7249430565284145,Normal_Market,1
2025-06-10,3313.62939453125,3462.89990234375,3485.800048828125,3423.199951171875,3440.0,2419874.0,0.011981571630630405,0.00881776911418139,0.7291390306712371,Normal_Market,1
2025-06-11,3322.24169921875,3471.89990234375,3489.0,3449.10009765625,3470.0,2847013.0,0.002599054891809338,0.00854081834467189,0.7407695925226249,Normal_Market,1
2025-06-12,3286.166748046875,3434.199951171875,3474.699951171875,3423.199951171875,3471.89990234375,4060134.0,-0.01085861729456894,0.008531786962584387,0.776777294342904,Normal_Market,1
2025-06-13,3297.171142578125,3445.699951171875,3450.5,3393.199951171875,3393.199951171875,2178493.0,0.003348702416817506,0.008556107091730384,0.7922771012618766,Normal_Market,1
2025-06-16,3345.590087890625,3496.300048828125,3509.0,3426.199951171875,3440.0,1934088.0,0.014684996082623858,0.008858913992716669,0.7891223251486128,Normal_Market,1
2025-06-17,3363.770751953125,3515.300048828125,3520.0,3488.10009765625,3510.0,2111940.0,0.005434217457872315,0.008816244173789171,0.7805794232217027,Normal_Market,1
2025-06-18,3302.625244140625,3451.39990234375,3538.0,3443.10009765625,3519.10009765625,2696327.0,-0.01817766795700826,0.009594766633645653,0.7909410839430073,Normal_Market,1
2025-06-19,3276.406494140625,3424.0,3451.0,3413.0,3450.0,2672768.0,-0.007938760247326315,0.009250011210253317,0.7604512928044572,Normal_Market,1
2025-06-20,3287.60205078125,3435.699951171875,3446.300048828125,3410.89990234375,3425.0,2351248.0,0.003417023089365312,0.008925058757311557,0.7507197306296972,Normal_Market,1
2025-06-23,3247.317138671875,3393.60009765625,3425.0,3370.0,3415.0,3123421.0,-0.012253585284083268,0.009118818113982624,0.7374183123592734,Normal_Market,1
2025-06-24,3244.254638671875,3390.39990234375,3442.10009765625,3382.0,3434.60009765625,3403048.0,-0.0009430862060034739,0.008850968182647872,0.7325934036545868,Normal_Market,1
2025-06-25,3296.309814453125,3444.800048828125,3450.0,3400.0,3407.300048828125,1757699.0,0.016045342175286192,0.009646788790779286,0.6982837223167961,Normal_Market,1
2025-06-26,3293.439208984375,3441.800048828125,3451.39990234375,3415.300048828125,3444.800048828125,2879106.0,-0.0008708542674488173,0.009647209824419406,0.7122707253153301,Normal_Market,1
2025-06-27,3292.76904296875,3441.10009765625,3466.39990234375,3431.0,3455.0,1778433.0,-0.00020348516341117673,0.009379511521044968,0.7319942545595529,Normal_Market,1
2025-06-30,3312.768310546875,3462.0,3464.89990234375,3430.0,3439.89990234375,1468351.0,0.0060736927847493405,0.009416596690565614,0.7117857810442344,Normal_Market,1
2025-07-01,3281.860595703125,3429.699951171875,3485.0,3413.5,3455.0,2375183.0,-0.00932987518183781,0.009174543216449855,0.729299018398505,Normal_Market,1
2025-07-02,3275.73681640625,3423.300048828125,3489.89990234375,3420.0,3487.199951171875,3090585.0,-0.0018659474155887645,0.009191676631737724,0.7380147040472251,Normal_Market,1
2025-07-03,3254.20654296875,3400.800048828125,3435.300048828125,3397.60009765625,3430.0,2531870.0,-0.006572650565108695,0.009302660691503898,0.7127799062494701,Normal_Market,1
2025-07-04,3272.387451171875,3419.800048828125,3427.0,3390.10009765625,3408.0,1109320.0,0.005586894366741424,0.009343127229215147,0.6993885674585718,Normal_Market,1
2025-07-07,3264.636474609375,3411.699951171875,3426.10009765625,3408.39990234375,3418.300048828125,1639174.0,-0.0023685998917164497,0.009021125457645112,0.6952814813996494,Normal_Market,1
2025-07-08,3259.37353515625,3406.199951171875,3425.0,3393.39990234375,3405.0,2325242.0,-0.0016121058176178371,0.00856255121942068,0.6947039939079442,Normal_Market,1
2025-07-09,3237.939453125,3383.800048828125,3414.0,3367.0,3410.0,2034938.0,-0.006576135505813485,0.0086170210248876,0.6524475742100375,Normal_Market,1
2025-07-10,3236.217041015625,3382.0,3399.0,3356.0,3380.0,3035012.0,-0.0005319469787221642,0.008315002006067296,0.6545973644382324,Normal_Market,1
2025-07-11,3125.217041015625,3266.0,3335.0,3261.10009765625,3299.89990234375,7635550.0,-0.03429930644119117,0.011128051644563604,0.6089498210533784,Weak_Bear,0
2025-07-14,3083.78369140625,3222.699951171875,3272.0,3200.0,3266.0,3924009.0,-0.013257751082756841,0.01058243435506342,0.5820262735956894,Weak_Bear,0
2025-07-15,3112.107421875,3252.300048828125,3259.39990234375,3206.0,3206.0,2590889.0,0.00918473320540647,0.010789838216693411,0.575838950627054,Weak_Bear,0
2025-07-16,3104.234619140625,3233.10009765625,3244.89990234375,3220.60009765625,3227.0,2540733.0,-0.0025297336072133136,0.01024802429145002,0.5811218033186443,Weak_Bear,0
2025-07-17,3081.287109375,3209.199951171875,3242.0,3204.10009765625,3224.10009765625,2947640.0,-0.007392324544070017,0.01023500316048856,0.49049749643675467,Weak_Bear,0
2025-07-18,3062.75634765625,3189.89990234375,3228.800048828125,3187.0,3225.0,3432645.0,-0.006013967884514582,0.010139880858723634,0.4859529373133912,Weak_Bear,0
2025-07-21,3032.31982421875,3158.199951171875,3197.60009765625,3152.0,3190.0,3844346.0,-0.00993762480021998,0.01004729263475922,0.4987311094921071,Weak_Bear,0
2025-07-22,3033.663818359375,3159.60009765625,3180.10009765625,3154.60009765625,3159.60009765625,3198036.0,0.00044322308283262224,0.01006967936025786,0.42125149899963615,Weak_Bear,0
2025-07-23,3052.38671875,3179.10009765625,3182.0,3157.60009765625,3159.60009765625,1922875.0,0.00617171232926883,0.009282521730476972,0.39521036828099926,Weak_Bear,0
2025-07-24,3022.5263671875,3148.0,3173.699951171875,3140.0,3165.10009765625,2934778.0,-0.009782623996846707,0.009348422847034838,0.45394532744332405,Weak_Bear,0
2025-07-25,3010.812744140625,3135.800048828125,3156.89990234375,3125.60009765625,3140.0,2568917.0,-0.0038754411455390603,0.0093008980809259,0.4891838628530223,Weak_Bear,0
2025-07-28,2956.564697265625,3079.300048828125,3118.0,3069.89990234375,3110.0,3374473.0,-0.018017741880684168,0.009428908174140403,0.5160837281450366,Weak_Bear,0
2025-07-29,2934.193115234375,3056.0,3074.0,3041.199951171875,3060.0,4785312.0,-0.0075667486836802356,0.009400684041790714,0.5374717314280096,Weak_Bear,0
2025-07-30,2931.88916015625,3053.60009765625,3069.0,3047.199951171875,3060.0,2880121.0,-0.000785209080534921,0.009425991070632507,0.5749806929707449,Weak_Bear,0
2025-07-31,2915.758544921875,3036.800048828125,3059.800048828125,3015.0,3041.699951171875,2968371.0,-0.0055017820774354576,0.009422538424215808,0.5737818729154347,Weak_Bear,0
2025-08-01,2883.3056640625,3003.0,3036.800048828125,3000.0,3029.89990234375,2053847.0,-0.011130167453644368,0.009130466257618451,0.5643702180317035,Weak_Bear,0
2025-08-04,2951.85986328125,3074.39990234375,3079.39990234375,2991.60009765625,3009.10009765625,2519252.0,0.023776251013969407,0.011325955279389987,0.5449388860795086,Weak_Bear,0
2025-08-05,2941.7783203125,3063.89990234375,3077.5,3042.0,3074.39990234375,1927996.0,-0.0034153189635308667,0.01130504499956117,0.5274897975293763,Weak_Bear,0
2025-08-06,2911.437744140625,3032.300048828125,3066.800048828125,3026.0,3063.0,1487081.0,-0.010313685420270557,0.011362314140820486,0.5131261741772887,Weak_Bear,0
2025-08-07,2925.552001953125,3047.0,3051.60009765625,3010.89990234375,3016.0,2543076.0,0.004847865231157877,0.011541869792178487,0.538899984776826,Weak_Bear,0
2025-08-08,2915.37451171875,3036.39990234375,3059.800048828125,3025.0,3048.10009765625,2762140.0,-0.003478827321332978,0.009249714816997635,0.557771669519537,Weak_Bear,0
2025-08-11,2919.599365234375,3040.800048828125,3049.89990234375,3021.300048828125,3036.39990234375,1884215.0,0.0014491632202457971,0.009008643826445607,0.514740073189416,Weak_Bear,0
2025-08-12,2914.414306640625,3035.39990234375,3096.39990234375,3026.89990234375,3041.0,3358232.0,-0.0017759486645639866,0.008570764802580788,0.5168918408789078,Weak_Bear,0
2025-08-13,2915.182373046875,3036.199951171875,3044.39990234375,3028.60009765625,3036.10009765625,2148166.0,0.00026354056954080995,0.008605660490224397,0.5629059453846383,Weak_Bear,0
2025-08-14,2901.83642578125,3022.300048828125,3055.89990234375,3019.10009765625,3034.0,3342174.0,-0.0045780831377887354,0.008554669926926366,0.5317373346554463,Weak_Bear,0
2025-08-18,2891.178955078125,3011.199951171875,3049.0,3003.39990234375,3046.5,2945609.0,-0.003672664182046592,0.008526667988625105,0.499075260578989,Weak_Bear,0
2025-08-19,2895.979736328125,3016.199951171875,3025.0,3011.10009765625,3011.199951171875,2650784.0,0.001660492596477825,0.008412467334174794,0.5210783433668452,Weak_Bear,0
2025-08-20,2975.095458984375,3098.60009765625,3103.39990234375,3010.89990234375,3010.89990234375,4952358.0,0.027319156161141667,0.01070254806842198,0.5144294664647279,Weak_Bear,0
2025-08-21,2978.93603515625,3102.60009765625,3130.0,3083.10009765625,3130.0,3230726.0,0.0012909085522876396,0.010587350521833537,0.511606023827041,Weak_Bear,0
2025-08-22,2932.273193359375,3054.0,3095.699951171875,3050.0,3086.0,1593791.0,-0.01566426443742941,0.010915925346570137,0.5235668524634941,Weak_Bear,0
2025-08-25,3015.42138671875,3140.60009765625,3152.0,3077.10009765625,3087.300048828125,3448370.0,0.02835622326994569,0.012763266346039736,0.5335373525635785,Weak_Bear,0
2025-08-26,3031.359375,3157.199951171875,3162.0,3120.0,3129.0,5522097.0,0.005285492883829734,0.012061521269907428,0.5318515252426835,Weak_Bear,0
2025-08-28,2970.390380859375,3093.699951171875,3146.5,3086.5,3145.0,3116051.0,-0.020112756885060867,0.012848514349839388,0.5517476381381765,Weak_Bear,0
2025-08-29,2961.74951171875,3084.699951171875,3115.0,3077.199951171875,3093.0,2271789.0,-0.0029090011859400633,0.012870115264601273,0.5894147390755069,Weak_Bear,0
2025-09-01,2988.53759765625,3112.60009765625,3131.10009765625,3090.0,3090.0,1246862.0,0.009044683161593348,0.012918977813174193,0.5712360042871528,Weak_Bear,0
2025-09-02,2987.4814453125,3111.5,3155.0,3103.10009765625,3121.10009765625,2185229.0,-0.000353401056281899,0.012593347377883661,0.5482769140100674,Weak_Bear,0
2025-09-03,2974.039306640625,3097.5,3141.89990234375,3088.0,3129.89990234375,1799774.0,-0.004499488588612488,0.0115459978769775,0.5736968609289613,Weak_Bear,0
2025-09-04,2972.310791015625,3095.699951171875,3118.0,3090.800048828125,3116.0,1481391.0,-0.0005812013382406889,0.01151357294216424,0.5834729566344652,Weak_Bear,0
2025-09-05,2926.80029296875,3048.300048828125,3103.39990234375,3028.60009765625,3097.10009765625,2802055.0,-0.015311487003458413,0.011812776443135276,0.5533228331491022,Weak_Bear,0
2025-09-08,2898.66796875,3019.0,3064.89990234375,3016.0,3050.0,2626187.0,-0.009611972598996266,0.011963191546109643,0.5493897180757459,Weak_Bear,0
2025-09-09,2927.8564453125,3049.39990234375,3060.0,3030.800048828125,3032.10009765625,2489301.0,0.010069617105917361,0.01216127033979323,0.5654805646001936,Weak_Bear,0
2025-09-10,2986.041015625,3110.0,3122.699951171875,3053.39990234375,3056.39990234375,2079428.0,0.019872753804461185,0.01292782375842653,0.5311771851662873,Weak_Bear,0
2025-09-11,2999.675048828125,3124.199951171875,3139.0,3110.10009765625,3139.0,2263446.0,0.004565922950080958,0.012928645043201337,0.5367304808353139,Weak_Bear,0
2025-09-12,3008.50830078125,3133.39990234375,3148.699951171875,3121.0,3144.0,1447167.0,0.0029447362828769474,0.01292881296868984,0.5239503402420508,Weak_Bear,0
2025-09-15,2987.865234375,3111.89990234375,3134.0,3096.0,3134.0,1732539.0,-0.006861562057478565,0.012996666087206317,0.5709113424243423,Weak_Bear,0
2025-09-16,3020.31787109375,3145.699951171875,3150.0,3109.10009765625,3128.0,2573429.0,0.010861479408571295,0.01309572553923029,0.5653979612332423,Weak_Bear,0
2025-09-17,3046.338134765625,3172.800048828125,3182.39990234375,3142.39990234375,3152.0,2418271.0,0.00861507456579469,0.0131708531822003,0.5911375325602585,Normal_Market,1
2025-09-18,3050.08251953125,3176.699951171875,3203.0,3161.39990234375,3185.0,2633138.0,0.0012291428593869114,0.011817920130712388,0.5902068091785531,Weak_Bear,0
2025-09-19,3042.88134765625,3169.199951171875,3180.5,3144.0,3170.0,4901694.0,-0.002360976081429711,0.01184643330767734,0.6191190116682045,Normal_Market,1
2025-09-22,2951.283935546875,3073.800048828125,3106.89990234375,3065.0,3095.0,3634901.0,-0.03010219645269019,0.013277149831786727,0.6380476915369608,Normal_Market,1
2025-09-23,2940.338134765625,3062.39990234375,3080.699951171875,3052.0,3070.0,3177741.0,-0.0037088267412744846,0.011547949225558008,0.6440418406133832,Normal_Market,1
2025-09-24,2914.414306640625,3035.39990234375,3057.0,3033.0,3050.0,1625714.0,-0.008816614599009842,0.011561875748921417,0.61255527879903,Normal_Market,1
2025-09-25,2839.523681640625,2957.39990234375,3029.60009765625,2951.0,3022.0,4974361.0,-0.02569662962103858,0.01208057155415364,0.6201493758876284,Weak_Bear,0
2025-09-26,2783.547119140625,2899.10009765625,2954.800048828125,2891.300048828125,2941.0,3934636.0,-0.01971336349892938,0.012702290137553744,0.6636652828224319,Normal_Market,1
2025-09-29,2780.666748046875,2896.10009765625,2929.300048828125,2894.0,2916.0,3110035.0,-0.0010347843849826122,0.012394620256529432,0.6545212536201518,Normal_Market,1
2025-09-30,2773.273193359375,2888.39990234375,2915.300048828125,2885.10009765625,2911.0,2253458.0,-0.0026589143386899217,0.012374277957492592,0.6888128816440849,Normal_Market,1
2025-10-01,2798.04541015625,2914.199951171875,2924.800048828125,2866.60009765625,2891.0,1952902.0,0.00893248341208941,0.012685754787636052,0.7242539555363399,Normal_Market,1
2025-10-03,2786.2353515625,2901.89990234375,2924.0,2891.10009765625,2924.0,2899519.0,-0.00422082449086858,0.012675809682499106,0.7460070165263668,Normal_Market,1
2025-10-06,2869.28759765625,2988.39990234375,2993.60009765625,2895.60009765625,2902.0,2112774.0,0.02980805122839847,0.014307563198299223,0.7650996579876117,Normal_Market,1
2025-10-07,2855.173583984375,2973.699951171875,3004.5,2955.5,2995.0,3062943.0,-0.004918995810459625,0.014195108027991626,0.8129018262823466,Normal_Market,1
2025-10-08,2906.541015625,3027.199951171875,3043.0,2968.0,2975.0,4121889.0,0.017991001292797737,0.01461454589243106,0.7816015632921913,Normal_Market,1
2025-10-09,2939.666015625,3061.699951171875,3066.0,3020.0,3034.0,3211304.0,0.011396708259723942,0.014114216562951871,0.722592197005225,Normal_Market,1
2025-10-10,2907.59765625,3028.300048828125,3070.0,3006.89990234375,3050.0,8817365.0,-0.010908844475715718,0.014234717557637682,0.6943433868646669,Normal_Market,1
2025-10-13,2887.33837890625,3007.199951171875,3035.5,2998.199951171875,3027.0,2866865.0,-0.006967703148405668,0.014245799229540041,0.6902602521119153,Normal_Market,1
2025-10-14,2842.307861328125,2960.300048828125,3027.199951171875,2955.5,3021.0,3611416.0,-0.015595857384468781,0.014535013371447778,0.6831636998143095,Normal_Market,1
2025-10-15,2862.06396484375,2969.800048828125,2979.699951171875,2951.0,2971.0,4282226.0,0.006950726128025275,0.014372709543783226,0.6820746304278505,Normal_Market,1
2025-10-16,2862.931396484375,2970.699951171875,2975.0,2943.10009765625,2969.89990234375,3251495.0,0.00030307905458437645,0.014150131238645931,0.7155726278366414,Normal_Market,1
2025-10-17,2854.739501953125,2962.199951171875,2988.800048828125,2955.39990234375,2970.0,4374683.0,-0.002861365990575071,0.014115234106905442,0.7037187842608594,Normal_Market,1
2025-10-20,2905.81689453125,3015.199951171875,3023.0,2978.5,2985.5,3133039.0,0.017892137809134345,0.014884810480552978,0.7238598286480483,Normal_Market,1
2025-10-21,2897.62548828125,3006.699951171875,3031.800048828125,2996.0,3031.10009765625,310644.0,-0.0028189684853908714,0.01336538523240407,0.7538979748783716,Normal_Market,1
2025-10-23,2961.712646484375,3073.199951171875,3098.0,3036.10009765625,3055.0,5564758.0,0.022117129512530198,0.014288555823070032,0.7463068216934263,Normal_Market,1
2025-10-24,2952.07568359375,3063.199951171875,3090.0,3058.300048828125,3080.0,2684318.0,-0.003253848040276397,0.014151986247855469,0.691982413595702,Normal_Market,1
2025-10-27,2972.98828125,3084.89990234375,3094.199951171875,3060.199951171875,3066.5,1946312.0,0.007084031677260905,0.012759126845529583,0.663327902081248,Normal_Market,1
2025-10-28,2946.968017578125,3057.89990234375,3090.199951171875,3040.199951171875,3076.0,3470737.0,-0.008752225441310713,0.011971455248997028,0.6715608694088053,Normal_Market,1
2025-10-29,2946.678955078125,3057.60009765625,3076.0,3046.10009765625,3057.89990234375,2895420.0,-9.808810217004638e-05,0.011956975424955274,0.6803334480388167,Normal_Market,1
2025-10-30,2925.18798828125,3035.300048828125,3063.800048828125,3032.800048828125,3049.10009765625,2241536.0,-0.007293284108823239,0.012115673961819133,0.6566862440648712,Normal_Market,1
2025-10-31,2947.064208984375,3058.0,3067.39990234375,3025.10009765625,3035.0,1868085.0,0.007478569169149019,0.01208086986682978,0.6890046291996501,Normal_Market,1
2025-11-03,2907.359130859375,3016.800048828125,3058.0,3010.0,3046.89990234375,2194877.0,-0.013472756380385476,0.01252736517328381,0.683911173595956,Normal_Market,1
2025-11-04,2881.723876953125,2990.199951171875,3029.300048828125,2976.0,3019.60009765625,2670720.0,-0.008817367498274109,0.010922337060646634,0.6999461511694433,Normal_Market,1
2025-11-06,2901.6728515625,3010.89990234375,3024.0,2990.0,2990.10009765625,2542721.0,0.006922583655192938,0.010947019529678866,0.7117328856456516,Normal_Market,1
2025-11-07,2883.26611328125,2991.800048828125,3004.0,2960.5,3001.0,1830520.0,-0.00634349191754624,0.010275036138461488,0.720135425415078,Normal_Market,1
2025-11-10,2915.4541015625,3025.199951171875,3047.89990234375,2992.0,2993.0,1556656.0,0.011163724407185827,0.010261137879832164,0.6926835184651308,Normal_Market,1
2025-11-11,2936.46337890625,3047.0,3055.699951171875,3018.0,3045.0,2806868.0,0.0072061766750126655,0.010079210946077534,0.6778812406856113,Normal_Market,1
2025-11-12,3018.18701171875,3131.800048828125,3136.39990234375,3057.10009765625,3060.0,4460315.0,0.02783063238573047,0.011602939373329941,0.6359607966485862,Normal_Market,1
2025-11-13,2993.03369140625,3105.699951171875,3131.89990234375,3102.0,3131.800048828125,1740435.0,-0.00833391708825093,0.011117501247543416,0.6118027278208042,Weak_Bear,0
2025-11-14,2993.322998046875,3106.0,3113.10009765625,3077.300048828125,3090.0,2210794.0,9.666000134100905e-05,0.011083382718894818,0.5663557166036368,Weak_Bear,0
2025-11-17,2989.660888671875,3102.199951171875,3123.5,3086.60009765625,3106.0,2232853.0,-0.0012234260644071737,0.01110311465810847,0.5952956407066147,Weak_Bear,0
2025-11-18,2975.10888671875,3087.10009765625,3105.0,3078.0,3102.0,2548350.0,-0.0048674423270759215,0.01116040685997644,0.6125661073498279,Normal_Market,1
2025-11-19,3033.51025390625,3147.699951171875,3155.0,3083.5,3097.0,3151053.0,0.019629993190572126,0.011295567748329233,0.6286022714515106,Normal_Market,1
2025-11-20,3030.715576171875,3144.800048828125,3164.5,3138.10009765625,3148.0,2700767.0,-0.0009212685965956924,0.011258987153018289,0.6330976637049921,Normal_Market,1
2025-11-21,3036.30517578125,3150.60009765625,3170.0,3135.199951171875,3144.800048828125,4177037.0,0.0018443167855544118,0.010248952830423303,0.6537600212772988,Normal_Market,1
2025-11-24,3027.24609375,3141.199951171875,3178.89990234375,3131.0,3158.0,6703764.0,-0.002983587454748915,0.010242817356150761,0.6118440324118148,Weak_Bear,0
2025-11-25,3006.044189453125,3119.199951171875,3149.800048828125,3115.0,3145.300048828125,2737920.0,-0.007003693667537614,0.010308849103199673,0.5978289974448531,Weak_Bear,0
2025-11-26,3048.15869140625,3162.89990234375,3178.0,3117.0,3118.800048828125,2508527.0,0.01400994107168696,0.010476766887879145,0.5765494624395996,Weak_Bear,0
2025-11-27,3022.81298828125,3136.60009765625,3180.0,3125.0,3180.0,2836233.0,-0.008315086480391476,0.01071118557797108,0.5617206278283846,Weak_Bear,0
2025-11-28,3023.680419921875,3137.5,3147.300048828125,3125.0,3140.0,1616690.0,0.0002869617286904713,0.010522429206454503,0.5055098532528849,Weak_Bear,0
2025-12-01,3019.72900390625,3133.39990234375,3154.0,3122.199951171875,3137.89990234375,1747647.0,-0.0013068232970623317,0.010452054760040064,0.5422967313201836,Weak_Bear,0
2025-12-02,3021.94580078125,3135.699951171875,3144.0,3120.39990234375,3131.0,2512003.0,0.0007341045743285424,0.009863561526926029,0.5656151057051605,Weak_Bear,0
2025-12-03,3064.638427734375,3180.0,3211.89990234375,3139.0,3140.0,3952112.0,0.014127529005347528,0.009875920606055712,0.59159079381135,Weak_Bear,0
2025-12-04,3112.053466796875,3229.199951171875,3250.0,3187.39990234375,3194.0,5025905.0,0.015471658461697624,0.010227569243620801,0.5070520757502959,Weak_Bear,0
2025-12-05,3120.72705078125,3238.199951171875,3271.60009765625,3222.39990234375,3230.0,5244013.0,0.0027870934985261275,0.009962822298170953,0.5151999685020963,Weak_Bear,0
2025-12-08,3119.0888671875,3236.5,3259.89990234375,3208.60009765625,3243.0,2544725.0,-0.0005249365186679178,0.009863533537612107,0.47562955199678214,Weak_Bear,0
2025-12-09,3091.91162109375,3208.300048828125,3233.699951171875,3181.199951171875,3230.0,2734893.0,-0.008713200312966962,0.01017979247084672,0.441914064839929,Weak_Bear,0
2025-12-10,3073.5048828125,3189.199951171875,3225.0,3178.10009765625,3225.0,1386849.0,-0.0059531903032657985,0.008430999966942437,0.41434208159763913,Weak_Bear,0
2025-12-11,3076.106689453125,3191.89990234375,3208.39990234375,3153.10009765625,3205.0,1914362.0,0.0008465275767657321,0.008144434164505769,0.4064429224255057,Weak_Bear,0
2025-12-12,3103.669189453125,3220.5,3223.0,3185.699951171875,3197.699951171875,1146554.0,0.008960189870690138,0.00830920352512369,0.36941598830442496,Weak_Bear,0
2025-12-15,3113.01708984375,3230.199951171875,3238.199951171875,3197.300048828125,3211.10009765625,1562190.0,0.0030118868410302646,0.00828082746614806,0.4019887438813863,Weak_Bear,0
2025-12-16,3088.828125,3205.10009765625,3220.0,3191.10009765625,3220.0,1734623.0,-0.007770264070398714,0.008432613201797818,0.4432154259697248,Weak_Bear,0
2025-12-17,3101.0673828125,3217.800048828125,3236.89990234375,3200.5,3200.5,1376350.0,0.003962427599463858,0.007359345838436646,0.46979023736625586,Weak_Bear,0
2025-12-18,3161.78173828125,3280.800048828125,3287.800048828125,3221.0,3228.0,2307422.0,0.019578534734606468,0.008411362564007568,0.49535172909689584,Weak_Bear,0
2025-12-19,3162.938232421875,3282.0,3317.89990234375,3278.800048828125,3299.0,3902511.0,0.0003657729205728266,0.008420706162586142,0.5422628018760447,Weak_Bear,0
2025-12-22,3204.28173828125,3324.89990234375,3328.60009765625,3291.0,3310.0,2632816.0,0.013071234030301637,0.008674166719594435,0.5562796495406691,Weak_Bear,0
2025-12-23,3189.92236328125,3310.0,3319.89990234375,3293.5,3319.89990234375,2365420.0,-0.004481308503072601,0.008540179992599387,0.5459904217525459,Weak_Bear,0
2025-12-24,3198.595947265625,3319.0,3327.10009765625,3296.10009765625,3304.10009765625,1367708.0,0.0027190580197862246,0.008138320753844696,0.5198404796234584,Weak_Bear,0
2025-12-26,3161.010986328125,3280.0,3320.0,3271.800048828125,3313.10009765625,1176664.0,-0.011750455999179898,0.00840908055730068,0.5221091957703596,Weak_Bear,0
2025-12-29,3133.54443359375,3251.5,3288.0,3242.89990234375,3280.0,2079473.0,-0.008689167121902486,0.008753053316213528,0.5141169089234701,Weak_Bear,0
2025-12-30,3129.015380859375,3246.800048828125,3267.5,3239.5,3250.0,2807593.0,-0.0014453449856400846,0.008755714061472275,0.525549826235248,Weak_Bear,0
2025-12-31,3089.88818359375,3206.199951171875,3246.0,3198.5,3240.0,3362634.0,-0.01250463564512072,0.009323764917296865,0.561833366394437,Weak_Bear,0
